signguCode,signguNm,date,표시점수,KTCI_원점수,날씨등급,코멘트,등급_기온,등급_습도,등급_바람,등급_강수,등급_대기질,AT_day,AT_night,HM_mean,WS_max,RN_day,RN_hr1,PM25,PM10,O3,NO2,SO2,CO
11110,종로구,2023-01-01,78.1,78.1,좋음,"실외 활동에 좋은 날씨예요 · 쌀쌀해요, 옷 챙기세요",해로움,적합,주의,적합,해로움,3.879,-6.809,54.5,8.114,0.0,0.0,36.97,52.234,0.032,0.025,0.004,0.675
11110,종로구,2023-01-02,82.3,82.3,좋음,"실외 활동에 좋은 날씨예요 · 쌀쌀해요, 옷 챙기세요",해로움,적합,적합,적합,적합,-0.432,-9.947,45.9,6.182,0.0,0.0,11.671,25.534,0.027,0.022,0.003,0.475
11110,종로구,2023-01-03,81.1,81.1,좋음,"실외 활동에 좋은 날씨예요 · 쌀쌀해요, 옷 챙기세요",해로움,적합,적합,적합,주의,0.489,-11.014,49.0,6.25,0.0,0.0,16.983,30.736,0.021,0.032,0.003,0.597
11110,종로구,2023-01-04,81.6,81.6,좋음,"실외 활동에 좋은 날씨예요 · 쌀쌀해요, 옷 챙기세요",해로움,적합,적합,적합,주의,3.357,-7.16,51.4,6.039,0.0,0.0,23.117,36.247,0.02,0.043,0.004,0.716
11110,종로구,2023-01-05,81.2,81.2,좋음,"실외 활동에 좋은 날씨예요 · 쌀쌀해요, 옷 챙기세요",해로움,적합,적합,적합,해로움,3.314,-6.276,58.1,4.314,0.0,0.0,36.083,50.298,0.009,0.054,0.004,0.946
11110,종로구,2023-01-06,70.8,70.8,좋음,"실외 활동에 좋은 날씨예요 · 쌀쌀해요, 옷 챙기세요",해로움,주의,적합,적합,해로움,5.386,-6.396,71.9,5.882,3.55,0.0,61.521,77.725,0.019,0.049,0.004,0.911
11110,종로구,2023-01-07,55.0,68.6,주의,"⚠️ 미세먼지 매우 나쁨, 마스크 착용 — 실외 활동에 주의하세요",해로움,해로움,적합,적합,위험,4.311,-3.223,80.9,6.671,0.057,0.0,89.602,120.404,0.03,0.031,0.003,0.963
11110,종로구,2023-01-08,75.0,75.0,좋음,실외 활동에 좋은 날씨예요 · 미세먼지 주의,해로움,주의,적합,적합,해로움,5.586,-4.468,69.3,4.154,0.0,0.0,58.944,131.286,0.019,0.038,0.003,0.866
11110,종로구,2023-01-09,79.4,79.4,좋음,실외 활동에 좋은 날씨예요 · 미세먼지 주의,해로움,주의,적합,적합,해로움,7.254,-3.053,60.1,6.768,0.0,0.0,40.406,93.473,0.026,0.033,0.004,0.688
11110,종로구,2023-01-10,82.7,82.7,좋음,실외 활동에 좋은 날씨예요,해로움,적합,적합,적합,주의,8.139,-4.371,59.9,3.921,0.0,0.0,33.452,62.129,0.021,0.046,0.004,0.777
11110,종로구,2023-01-11,80.8,80.8,좋음,실외 활동에 좋은 날씨예요 · 미세먼지 주의,해로움,주의,적합,적합,해로움,8.571,-2.907,61.9,4.15,0.0,0.0,48.582,75.299,0.009,0.062,0.004,1.022
11110,종로구,2023-01-12,82.1,82.1,좋음,실외 활동에 좋은 날씨예요 · 미세먼지 주의,해로움,적합,적합,적합,해로움,12.639,-1.945,46.6,4.4,0.0,0.0,44.727,65.947,0.011,0.057,0.004,0.929
11110,종로구,2023-01-13,60.6,60.6,무난,"실외 활동하기 무난해요 — 비 많음, 우산 필수",주의,위험,적합,주의,주의,9.6,3.291,99.1,6.693,31.868,0.0,13.506,21.878,0.013,0.038,0.004,0.753
11110,종로구,2023-01-14,75.7,75.7,좋음,실외 활동에 좋은 날씨예요,주의,해로움,적합,적합,적합,7.918,2.692,92.9,6.75,2.129,0.0,8.097,12.915,0.02,0.025,0.003,0.62
11110,종로구,2023-01-15,70.7,70.7,좋음,실외 활동에 좋은 날씨예요,해로움,해로움,적합,적합,적합,3.733,-5.376,93.9,6.378,3.168,0.0,10.498,14.572,0.024,0.015,0.002,0.423
11110,종로구,2023-01-16,81.5,81.5,좋음,"실외 활동에 좋은 날씨예요 · 쌀쌀해요, 옷 챙기세요",해로움,주의,적합,적합,적합,-1.169,-9.592,63.1,6.348,0.018,0.0,12.798,22.665,0.025,0.019,0.003,0.426
11110,종로구,2023-01-17,82.0,82.0,좋음,"실외 활동에 좋은 날씨예요 · 쌀쌀해요, 옷 챙기세요",해로움,주의,적합,적합,주의,-0.311,-7.57,65.1,4.379,0.0,0.0,17.754,33.358,0.018,0.035,0.003,0.568
11110,종로구,2023-01-18,81.5,81.5,좋음,"실외 활동에 좋은 날씨예요 · 쌀쌀해요, 옷 챙기세요",해로움,주의,적합,적합,주의,2.546,-6.145,60.5,6.154,0.0,0.0,24.488,54.329,0.025,0.033,0.003,0.616
11110,종로구,2023-01-19,74.6,74.6,좋음,"실외 활동에 좋은 날씨예요 · 쌀쌀해요, 옷 챙기세요",해로움,주의,주의,적합,주의,4.621,-8.042,69.3,8.05,1.143,0.0,25.078,62.989,0.026,0.036,0.003,0.665
11110,종로구,2023-01-20,73.7,73.7,좋음,"실외 활동에 좋은 날씨예요 · 쌀쌀해요, 옷 챙기세요",해로움,적합,주의,적합,해로움,2.757,-11.87,52.4,10.939,0.0,0.0,16.669,65.149,0.028,0.016,0.003,0.402
11110,종로구,2023-01-21,83.0,83.0,좋음,"실외 활동에 좋은 날씨예요 · 쌀쌀해요, 옷 챙기세요",해로움,적합,적합,적합,적합,1.007,-11.507,55.4,4.646,0.0,0.0,10.952,24.885,0.022,0.025,0.003,0.466
11110,종로구,2023-01-22,84.1,84.1,좋음,실외 활동에 좋은 날씨예요,해로움,주의,적합,적합,주의,2.754,-4.588,62.8,5.55,0.018,0.0,12.579,27.652,0.021,0.026,0.003,0.459
11110,종로구,2023-01-23,75.1,75.1,좋음,"실외 활동에 좋은 날씨예요 · 쌀쌀해요, 옷 챙기세요",해로움,주의,주의,적합,주의,4.768,-9.887,66.6,8.889,0.0,0.0,29.523,54.603,0.031,0.025,0.003,0.601
11110,종로구,2023-01-24,55.0,72.2,주의,"⚠️ 한파, 한랭질환 주의 — 실외 활동에 주의하세요",위험,적합,주의,적합,주의,-6.663,-24.201,51.9,11.504,0.0,0.0,9.889,28.064,0.03,0.008,0.002,0.346
11110,종로구,2023-01-25,55.0,78.2,주의,"⚠️ 한파, 한랭질환 주의 — 실외 활동에 주의하세요",위험,적합,적합,적합,적합,-5.978,-20.227,45.1,5.914,0.0,0.0,9.052,22.62,0.027,0.025,0.003,0.449
11110,종로구,2023-01-26,74.3,74.3,좋음,"실외 활동에 좋은 날씨예요 · 쌀쌀해요, 옷 챙기세요",해로움,해로움,적합,적합,주의,-3.368,-11.377,80.1,5.0,0.082,0.0,19.78,30.948,0.009,0.035,0.003,0.546
11110,종로구,2023-01-27,55.0,75.8,주의,"⚠️ 한파, 한랭질환 주의 — 실외 활동에 주의하세요",위험,적합,주의,적합,주의,-3.543,-14.196,56.5,11.175,0.0,0.0,19.453,40.183,0.028,0.019,0.003,0.496
11110,종로구,2023-01-28,55.0,77.7,주의,"⚠️ 한파, 한랭질환 주의 — 실외 활동에 주의하세요",위험,적합,적합,적합,주의,-0.661,-14.605,54.9,7.686,0.0,0.0,12.504,38.421,0.025,0.02,0.003,0.431
11110,종로구,2023-01-29,77.0,77.0,좋음,"실외 활동에 좋은 날씨예요 · 쌀쌀해요, 옷 챙기세요",해로움,적합,주의,적합,주의,4.782,-11.548,58.3,9.604,0.0,0.0,14.876,46.043,0.028,0.024,0.003,0.528
11110,종로구,2023-01-30,81.3,81.3,좋음,"실외 활동에 좋은 날씨예요 · 쌀쌀해요, 옷 챙기세요",해로움,적합,적합,적합,주의,4.186,-6.438,55.9,7.346,0.0,0.0,16.241,43.708,0.028,0.028,0.003,0.533
11110,종로구,2023-01-31,77.9,77.9,좋음,"실외 활동에 좋은 날씨예요 · 쌀쌀해요, 옷 챙기세요",해로움,주의,주의,적합,주의,8.171,-6.176,69.1,8.529,0.0,0.0,16.213,38.51,0.031,0.036,0.003,0.557
11110,종로구,2023-02-01,75.1,75.1,좋음,실외 활동에 좋은 날씨예요,해로움,주의,주의,적합,해로움,5.9,-5.475,68.4,9.432,0.0,0.0,35.435,64.952,0.034,0.024,0.003,0.562
11110,종로구,2023-02-02,81.6,81.6,좋음,"실외 활동에 좋은 날씨예요 · 쌀쌀해요, 옷 챙기세요",해로움,적합,적합,적합,주의,1.339,-7.676,50.3,6.186,0.0,0.0,16.018,43.416,0.026,0.022,0.003,0.445
11110,종로구,2023-02-03,83.2,83.2,좋음,실외 활동에 좋은 날씨예요,해로움,적합,적합,적합,주의,3.482,-5.956,47.4,5.864,0.0,0.0,19.102,40.677,0.024,0.028,0.003,0.515
11110,종로구,2023-02-04,81.2,81.2,좋음,"실외 활동에 좋은 날씨예요 · 쌀쌀해요, 옷 챙기세요",해로움,적합,적합,적합,주의,5.639,-6.543,49.8,6.607,0.0,0.0,25.967,41.372,0.029,0.034,0.003,0.606
11110,종로구,2023-02-05,75.3,75.3,좋음,실외 활동에 좋은 날씨예요 · 미세먼지 주의,해로움,주의,적합,적합,해로움,7.2,-4.395,71.0,6.111,0.0,0.0,49.941,66.644,0.04,0.041,0.003,0.801
11110,종로구,2023-02-06,76.1,76.1,좋음,실외 활동에 좋은 날씨예요 · 미세먼지 주의,해로움,주의,적합,적합,해로움,8.339,-2.562,72.3,4.329,0.0,0.0,59.373,79.51,0.03,0.049,0.003,0.874
11110,종로구,2023-02-07,75.9,75.9,좋음,실외 활동에 좋은 날씨예요 · 미세먼지 주의,해로움,주의,적합,적합,해로움,8.95,-1.749,72.9,4.618,0.0,0.0,60.476,80.347,0.024,0.049,0.003,0.868
11110,종로구,2023-02-08,78.6,78.6,좋음,실외 활동에 좋은 날씨예요 · 미세먼지 주의,해로움,주의,적합,적합,해로움,8.054,-3.434,62.1,6.779,0.0,0.0,48.205,67.561,0.033,0.034,0.003,0.732
11110,종로구,2023-02-09,81.8,81.8,좋음,실외 활동에 좋은 날씨예요,해로움,적합,적합,적합,주의,9.636,-5.195,49.9,7.318,0.0,0.0,23.23,37.578,0.03,0.032,0.003,0.535
11110,종로구,2023-02-10,78.9,78.9,좋음,실외 활동에 좋은 날씨예요,해로움,주의,적합,적합,주의,6.811,-0.579,79.6,6.282,0.396,0.0,16.82,22.843,0.031,0.025,0.003,0.434
11110,종로구,2023-02-11,78.6,78.6,좋음,실외 활동에 좋은 날씨예요,해로움,주의,적합,적합,해로움,8.254,-2.21,73.0,4.261,0.0,0.0,35.286,45.659,0.02,0.041,0.003,0.692
11110,종로구,2023-02-12,76.3,76.3,좋음,실외 활동에 좋은 날씨예요 · 미세먼지 주의,해로움,주의,적합,적합,해로움,7.796,-2.152,70.0,5.711,0.0,0.0,56.733,69.831,0.028,0.036,0.003,0.793
11110,종로구,2023-02-13,83.9,83.9,좋음,실외 활동에 좋은 날씨예요,주의,주의,적합,적합,주의,8.654,0.895,66.5,5.811,0.0,0.0,23.172,34.228,0.03,0.028,0.003,0.591
11110,종로구,2023-02-14,82.6,82.6,좋음,실외 활동에 좋은 날씨예요,해로움,적합,적합,적합,주의,6.354,-4.473,54.9,6.532,0.0,0.0,23.948,38.808,0.03,0.022,0.003,0.512
11110,종로구,2023-02-15,85.0,85.0,아주좋음,실외 활동하기 아주 좋은 날씨예요,해로움,적합,적합,적합,주의,8.143,-2.948,46.4,6.525,0.0,0.0,9.967,18.532,0.031,0.024,0.003,0.387
11110,종로구,2023-02-16,80.7,80.7,좋음,실외 활동에 좋은 날씨예요,해로움,주의,적합,적합,주의,5.243,-2.941,68.3,7.504,0.0,0.0,18.715,28.658,0.032,0.028,0.003,0.433
11110,종로구,2023-02-17,80.7,80.7,좋음,실외 활동에 좋은 날씨예요,해로움,주의,적합,적합,주의,9.489,-2.191,67.8,4.446,0.0,0.0,32.621,46.823,0.025,0.044,0.003,0.613
11110,종로구,2023-02-18,83.5,83.5,좋음,실외 활동에 좋은 날씨예요 · 미세먼지 주의,주의,적합,적합,적합,해로움,8.143,2.352,58.3,3.321,0.0,0.0,63.853,84.016,0.011,0.054,0.003,0.864
11110,종로구,2023-02-19,79.2,79.2,좋음,실외 활동에 좋은 날씨예요,해로움,적합,주의,적합,주의,6.607,-2.629,56.1,9.868,0.246,0.0,33.166,47.975,0.039,0.02,0.003,0.474
11110,종로구,2023-02-20,78.8,78.8,좋음,"실외 활동에 좋은 날씨예요 · 쌀쌀해요, 옷 챙기세요",해로움,적합,주의,적합,주의,2.982,-6.787,46.4,10.464,0.0,0.0,9.426,38.882,0.034,0.018,0.003,0.355
11110,종로구,2023-02-21,83.1,83.1,좋음,"실외 활동에 좋은 날씨예요 · 쌀쌀해요, 옷 챙기세요",해로움,적합,적합,적합,주의,4.382,-7.42,42.4,5.929,0.0,0.0,15.581,32.036,0.031,0.025,0.003,0.412
11110,종로구,2023-02-22,81.6,81.6,좋음,실외 활동에 좋은 날씨예요,해로움,적합,적합,적합,주의,7.768,-5.904,50.6,6.289,0.0,0.0,26.501,43.361,0.028,0.041,0.004,0.568
11110,종로구,2023-02-23,81.4,81.4,좋음,실외 활동에 좋은 날씨예요,해로움,주의,적합,적합,주의,9.1,-3.03,65.5,6.275,0.0,0.0,24.513,41.69,0.034,0.031,0.003,0.496
11110,종로구,2023-02-24,80.5,80.5,좋음,실외 활동에 좋은 날씨예요,해로움,적합,주의,적합,주의,8.743,-2.738,57.9,9.136,0.0,0.0,29.521,51.425,0.038,0.025,0.003,0.486
11110,종로구,2023-02-25,82.3,82.3,좋음,실외 활동에 좋은 날씨예요,해로움,적합,적합,적합,주의,5.757,-5.448,44.0,7.579,0.0,0.0,18.375,38.14,0.036,0.017,0.003,0.419
11110,종로구,2023-02-26,83.7,83.7,좋음,실외 활동에 좋은 날씨예요,해로움,적합,적합,적합,주의,8.818,-4.736,46.6,5.768,0.0,0.0,21.115,36.974,0.038,0.024,0.003,0.504
11110,종로구,2023-02-27,82.2,82.2,좋음,실외 활동에 좋은 날씨예요,해로움,적합,적합,적합,주의,11.968,-2.828,47.4,6.154,0.0,0.0,31.071,49.052,0.03,0.046,0.004,0.657
11110,종로구,2023-02-28,81.7,81.7,좋음,실외 활동에 좋은 날씨예요,해로움,주의,적합,적합,주의,8.771,-2.298,63.4,7.1,0.0,0.0,24.758,37.591,0.035,0.04,0.003,0.602
11110,종로구,2023-03-01,84.4,84.4,좋음,실외 활동에 좋은 날씨예요,주의,적합,주의,적합,주의,9.414,0.968,54.4,10.482,0.0,0.0,18.272,35.579,0.042,0.021,0.003,0.396
11110,종로구,2023-03-02,79.5,79.5,좋음,실외 활동에 좋은 날씨예요,해로움,주의,주의,적합,주의,6.625,-3.829,37.8,8.993,0.0,0.0,10.994,52.585,0.037,0.018,0.003,0.353
11110,종로구,2023-03-03,81.5,81.5,좋음,실외 활동에 좋은 날씨예요,해로움,주의,적합,적합,주의,10.225,-3.334,65.0,7.586,0.0,0.0,16.698,40.52,0.035,0.03,0.003,0.471
11110,종로구,2023-03-04,83.5,83.5,좋음,실외 활동에 좋은 날씨예요 · 미세먼지 주의,주의,주의,적합,적합,해로움,13.796,2.423,68.4,5.286,0.0,0.0,41.031,69.724,0.039,0.035,0.003,0.602
11110,종로구,2023-03-05,84.2,84.2,좋음,실외 활동에 좋은 날씨예요 · 미세먼지 주의,주의,적합,적합,적합,해로움,15.243,1.247,54.0,5.986,0.0,0.0,48.529,73.034,0.054,0.037,0.003,0.671
11110,종로구,2023-03-06,84.4,84.4,좋음,실외 활동에 좋은 날씨예요,주의,적합,적합,적합,주의,16.061,0.737,41.9,7.039,0.0,0.0,32.719,56.192,0.052,0.046,0.004,0.628
11110,종로구,2023-03-07,88.5,88.5,아주좋음,실외 활동하기 아주 좋은 날씨예요,주의,주의,적합,적합,주의,18.832,5.298,60.9,6.521,0.0,0.0,32.954,63.513,0.049,0.04,0.004,0.602
11110,종로구,2023-03-08,87.2,87.2,아주좋음,실외 활동하기 아주 좋은 날씨예요,주의,주의,적합,적합,주의,18.136,6.72,66.3,7.371,0.829,0.0,30.516,64.127,0.049,0.038,0.004,0.599
11110,종로구,2023-03-09,77.1,77.1,좋음,실외 활동에 좋은 날씨예요 · 미세먼지 주의,주의,해로움,적합,적합,해로움,13.511,5.946,85.9,7.257,3.579,0.0,42.593,64.168,0.039,0.035,0.003,0.6
11110,종로구,2023-03-10,85.6,85.6,아주좋음,실외 활동하기 아주 좋은 날씨예요 · 미세먼지 주의,주의,주의,적합,적합,해로움,22.264,4.189,62.1,6.121,0.0,0.0,54.161,94.804,0.046,0.041,0.004,0.756
11110,종로구,2023-03-11,89.0,89.0,아주좋음,실외 활동하기 아주 좋은 날씨예요 · 미세먼지 주의,적합,적합,주의,적합,해로움,23.046,9.105,52.0,8.118,0.0,0.0,51.863,99.708,0.066,0.038,0.004,0.726
11110,종로구,2023-03-12,74.1,74.1,좋음,"실외 활동에 좋은 날씨예요 · 비 소식, 우산 챙기세요",해로움,주의,주의,적합,주의,12.296,-2.193,68.0,12.025,5.254,0.0,24.366,54.633,0.061,0.014,0.003,0.48
11110,종로구,2023-03-13,80.7,80.7,좋음,실외 활동에 좋은 날씨예요,해로움,주의,주의,적합,주의,7.386,-4.306,38.9,9.671,0.0,0.0,8.14,34.256,0.037,0.017,0.003,0.338
11110,종로구,2023-03-14,83.9,83.9,좋음,실외 활동에 좋은 날씨예요,주의,적합,주의,적합,주의,15.471,0.872,45.9,9.711,0.0,0.0,10.068,41.644,0.043,0.023,0.003,0.399
11110,종로구,2023-03-15,81.8,81.8,좋음,실외 활동에 좋은 날씨예요,주의,주의,주의,적합,주의,15.189,1.604,66.6,10.007,0.0,0.0,12.574,48.416,0.036,0.026,0.003,0.467
11110,종로구,2023-03-16,80.5,80.5,좋음,실외 활동에 좋은 날씨예요,해로움,주의,적합,적합,해로움,9.5,-1.355,36.8,7.818,0.0,0.0,10.74,59.482,0.036,0.018,0.003,0.381
11110,종로구,2023-03-17,84.0,84.0,좋음,실외 활동에 좋은 날씨예요,해로움,주의,적합,적합,주의,12.732,-0.377,34.3,4.982,0.0,0.0,15.297,43.153,0.03,0.026,0.003,0.464
11110,종로구,2023-03-18,84.7,84.7,좋음,실외 활동에 좋은 날씨예요,주의,적합,적합,적합,주의,14.268,1.289,46.4,7.982,0.0,0.0,28.828,60.909,0.045,0.023,0.003,0.562
11110,종로구,2023-03-19,82.4,82.4,좋음,실외 활동에 좋은 날씨예요 · 미세먼지 주의,주의,적합,적합,적합,해로움,15.029,0.663,59.6,6.55,0.0,0.0,60.276,94.575,0.057,0.028,0.003,0.749
11110,종로구,2023-03-20,83.5,83.5,좋음,실외 활동에 좋은 날씨예요 · 미세먼지 주의,주의,적합,적합,적합,해로움,16.664,1.495,50.4,6.039,0.0,0.0,60.179,86.071,0.044,0.045,0.003,0.786
11110,종로구,2023-03-21,86.6,86.6,아주좋음,실외 활동하기 아주 좋은 날씨예요 · 미세먼지 주의,주의,주의,적합,적합,해로움,21.436,4.114,35.1,4.754,0.0,0.0,37.539,65.016,0.053,0.051,0.004,0.707
11110,종로구,2023-03-22,91.0,91.0,아주좋음,실외 활동하기 아주 좋은 날씨예요 · 미세먼지 주의,주의,적합,적합,적합,해로움,24.757,7.806,44.8,5.818,0.0,0.0,36.877,68.721,0.055,0.046,0.004,0.732
11110,종로구,2023-03-23,87.7,87.7,아주좋음,실외 활동하기 아주 좋은 날씨예요 · 미세먼지 주의,적합,적합,적합,적합,위험,23.643,12.043,48.9,7.836,0.0,0.0,29.111,113.105,0.047,0.023,0.003,0.528
11110,종로구,2023-03-24,84.6,84.6,좋음,실외 활동에 좋은 날씨예요 · 미세먼지 주의,주의,주의,적합,적합,위험,18.007,6.758,36.8,5.743,0.0,0.0,25.799,138.101,0.034,0.024,0.003,0.475
11110,종로구,2023-03-25,87.0,87.0,아주좋음,실외 활동하기 아주 좋은 날씨예요 · 미세먼지 주의,주의,적합,적합,적합,해로움,18.257,6.704,59.9,6.511,0.0,0.0,26.458,100.257,0.043,0.021,0.003,0.459
11110,종로구,2023-03-26,81.6,81.6,좋음,실외 활동에 좋은 날씨예요,주의,주의,주의,적합,주의,14.521,2.272,34.0,9.636,0.0,0.0,15.373,59.064,0.046,0.012,0.003,0.37
11110,종로구,2023-03-27,84.4,84.4,좋음,실외 활동에 좋은 날씨예요,주의,적합,주의,적합,주의,14.039,0.096,44.8,8.293,0.0,0.0,20.27,47.9,0.05,0.023,0.003,0.434
11110,종로구,2023-03-28,85.9,85.9,아주좋음,실외 활동하기 아주 좋은 날씨예요,주의,적합,적합,적합,주의,15.521,1.96,53.3,6.586,0.0,0.0,28.636,66.71,0.052,0.033,0.003,0.505
11110,종로구,2023-03-29,86.7,86.7,아주좋음,실외 활동하기 아주 좋은 날씨예요 · 미세먼지 주의,주의,적합,적합,적합,해로움,19.804,3.92,50.3,6.764,0.0,0.0,38.374,80.649,0.052,0.038,0.004,0.585
11110,종로구,2023-03-30,87.8,87.8,아주좋음,실외 활동하기 아주 좋은 날씨예요 · 미세먼지 주의,주의,적합,적합,적합,해로움,21.271,5.225,42.5,6.9,0.0,0.0,39.399,80.54,0.064,0.04,0.004,0.622
11110,종로구,2023-03-31,88.8,88.8,아주좋음,실외 활동하기 아주 좋은 날씨예요 · 미세먼지 주의,주의,적합,적합,적합,해로움,23.554,6.613,42.5,6.129,0.0,0.0,47.766,99.122,0.069,0.042,0.004,0.628
11110,종로구,2023-04-01,90.0,90.0,아주좋음,실외 활동하기 아주 좋은 날씨예요 · 미세먼지 주의,주의,적합,적합,적합,해로움,25.407,8.528,40.4,6.425,0.0,0.0,49.21,89.14,0.08,0.041,0.004,0.647
11110,종로구,2023-04-02,87.7,87.7,아주좋음,실외 활동하기 아주 좋은 날씨예요,적합,주의,적합,적합,주의,24.707,11.729,29.6,7.604,0.0,0.0,30.048,47.454,0.062,0.024,0.003,0.468
11110,종로구,2023-04-03,87.2,87.2,아주좋음,실외 활동하기 아주 좋은 날씨예요,적합,주의,적합,적합,주의,25.529,10.698,29.4,7.504,0.0,0.0,31.725,49.147,0.065,0.029,0.003,0.462
11110,종로구,2023-04-04,86.8,86.8,아주좋음,"실외 활동하기 아주 좋은 날씨예요 · 비 소식, 우산 챙기세요",적합,적합,주의,적합,주의,21.689,12.143,40.4,9.525,7.211,0.111,20.443,37.224,0.05,0.022,0.003,0.391
11110,종로구,2023-04-05,60.0,60.0,무난,"실외 활동하기 무난해요 — 비 많음, 우산 필수",주의,위험,주의,주의,주의,14.986,7.302,97.8,8.843,45.207,0.321,11.866,18.096,0.043,0.017,0.002,0.437
11110,종로구,2023-04-06,74.9,74.9,좋음,실외 활동에 좋은 날씨예요 · 미세먼지 주의,주의,해로움,적합,적합,해로움,10.136,6.194,94.6,6.329,2.489,0.054,52.58,62.249,0.043,0.021,0.002,0.696
11110,종로구,2023-04-07,81.6,81.6,좋음,실외 활동에 좋은 날씨예요 · 미세먼지 주의,주의,주의,주의,적합,해로움,15.764,2.581,65.0,10.454,0.0,0.0,41.766,73.442,0.046,0.021,0.003,0.503
11110,종로구,2023-04-08,83.7,83.7,좋음,실외 활동에 좋은 날씨예요,주의,적합,주의,적합,주의,15.104,0.915,51.1,10.143,0.0,0.0,7.601,39.671,0.043,0.017,0.003,0.341
11110,종로구,2023-04-09,84.3,84.3,좋음,실외 활동에 좋은 날씨예요,주의,적합,주의,적합,주의,18.082,2.222,56.8,8.889,0.0,0.0,15.734,59.392,0.057,0.019,0.003,0.445
11110,종로구,2023-04-10,87.4,87.4,아주좋음,실외 활동하기 아주 좋은 날씨예요,주의,적합,주의,적합,주의,19.411,4.888,50.8,9.782,0.0,0.0,17.79,46.164,0.059,0.025,0.003,0.443
11110,종로구,2023-04-11,81.1,81.1,좋음,실외 활동에 좋은 날씨예요,적합,주의,주의,적합,해로움,17.707,9.244,73.4,13.264,1.729,0.093,19.215,68.374,0.051,0.019,0.003,0.359
11110,종로구,2023-04-12,55.0,78.6,주의,"⚠️ 미세먼지 매우 나쁨, 마스크 착용 — 실외 활동에 주의하세요",주의,적합,주의,적합,위험,15.786,3.169,45.1,9.825,0.0,0.0,29.49,263.464,0.04,0.023,0.003,0.362
11110,종로구,2023-04-13,55.0,82.8,주의,"⚠️ 미세먼지 매우 나쁨, 마스크 착용 — 실외 활동에 주의하세요",주의,적합,적합,적합,위험,17.907,4.923,45.0,5.711,0.0,0.0,26.712,189.158,0.035,0.034,0.003,0.481
11110,종로구,2023-04-14,89.1,89.1,아주좋음,실외 활동하기 아주 좋은 날씨예요 · 미세먼지 주의,적합,적합,적합,적합,해로움,21.936,11.043,58.6,6.707,0.0,0.0,19.777,92.58,0.052,0.032,0.003,0.49
11110,종로구,2023-04-15,82.3,82.3,좋음,실외 활동에 좋은 날씨예요,주의,해로움,적합,적합,주의,17.004,8.379,81.8,6.707,2.896,0.129,20.507,59.384,0.041,0.023,0.003,0.463
11110,종로구,2023-04-16,80.9,80.9,좋음,실외 활동에 좋은 날씨예요 · 미세먼지 주의,주의,주의,주의,적합,위험,16.496,6.161,71.4,9.539,0.036,0.0,30.234,106.532,0.047,0.015,0.002,0.434
11110,종로구,2023-04-17,86.7,86.7,아주좋음,실외 활동하기 아주 좋은 날씨예요 · 미세먼지 주의,주의,적합,적합,적합,해로움,18.679,5.757,59.0,6.004,0.0,0.0,28.409,100.273,0.052,0.025,0.003,0.459
11110,종로구,2023-04-18,86.6,86.6,아주좋음,실외 활동하기 아주 좋은 날씨예요,적합,주의,적합,적합,주의,18.332,9.875,78.6,6.461,1.5,0.021,17.283,43.33,0.043,0.022,0.002,0.483
11110,종로구,2023-04-19,86.1,86.1,아주좋음,실외 활동하기 아주 좋은 날씨예요,주의,주의,적합,적합,주의,28.703,11.105,66.1,6.95,0.0,0.0,17.65,36.698,0.06,0.023,0.003,0.485
11110,종로구,2023-04-20,83.0,83.0,좋음,실외 활동에 좋은 날씨예요,적합,해로움,적합,적합,주의,18.65,14.068,92.1,6.825,0.161,0.018,12.865,24.241,0.05,0.019,0.002,0.422
11110,종로구,2023-04-21,91.6,91.6,아주좋음,실외 활동하기 아주 좋은 날씨예요,적합,적합,적합,적합,주의,23.093,11.377,50.4,7.489,0.0,0.0,14.267,55.817,0.047,0.015,0.003,0.371
11110,종로구,2023-04-22,84.9,84.9,좋음,실외 활동에 좋은 날씨예요,적합,주의,적합,적합,주의,22.214,12.475,22.9,7.4,0.0,0.0,11.99,54.172,0.046,0.015,0.003,0.31
11110,종로구,2023-04-23,89.7,89.7,아주좋음,실외 활동하기 아주 좋은 날씨예요,적합,주의,적합,적합,주의,22.236,10.27,34.1,6.911,0.0,0.0,14.684,53.049,0.052,0.017,0.003,0.365
11110,종로구,2023-04-24,91.7,91.7,아주좋음,실외 활동하기 아주 좋은 날씨예요,적합,적합,적합,적합,주의,20.861,10.805,40.5,7.764,0.0,0.0,15.352,50.941,0.051,0.018,0.003,0.35
11110,종로구,2023-04-25,90.3,90.3,아주좋음,실외 활동하기 아주 좋은 날씨예요,주의,주의,적합,적합,주의,13.343,8.311,68.6,6.375,0.425,0.014,15.005,33.241,0.042,0.023,0.003,0.387
11110,종로구,2023-04-26,86.7,86.7,아주좋음,실외 활동하기 아주 좋은 날씨예요,주의,주의,주의,적합,주의,13.521,5.399,69.9,8.336,0.0,0.0,13.169,27.965,0.04,0.016,0.002,0.362
11110,종로구,2023-04-27,89.1,89.1,아주좋음,실외 활동하기 아주 좋은 날씨예요,주의,주의,적합,적합,주의,20.593,4.526,61.6,6.014,0.0,0.0,21.076,38.118,0.057,0.029,0.003,0.49
11110,종로구,2023-04-28,89.3,89.3,아주좋음,실외 활동하기 아주 좋은 날씨예요,주의,주의,적합,적합,주의,21.804,7.761,62.0,7.793,1.8,0.061,16.545,35.942,0.055,0.029,0.003,0.49
11110,종로구,2023-04-29,71.0,71.0,좋음,"실외 활동에 좋은 날씨예요 · 비 소식, 우산 챙기세요",적합,해로움,주의,주의,주의,15.618,9.751,88.1,9.557,24.361,0.175,12.242,26.967,0.043,0.015,0.002,0.404
11110,종로구,2023-04-30,85.2,85.2,아주좋음,실외 활동하기 아주 좋은 날씨예요,주의,주의,주의,적합,주의,18.539,6.526,72.9,8.868,0.468,0.004,13.088,38.878,0.058,0.012,0.003,0.361
11110,종로구,2023-05-01,91.4,91.4,아주좋음,실외 활동하기 아주 좋은 날씨예요,주의,적합,주의,적합,주의,20.9,8.682,57.0,8.711,0.0,0.0,16.577,42.85,0.052,0.016,0.003,0.373
11110,종로구,2023-05-02,92.8,92.8,아주좋음,실외 활동하기 아주 좋은 날씨예요,주의,적합,적합,적합,주의,24.246,8.531,40.5,6.118,0.0,0.0,12.65,32.441,0.054,0.03,0.003,0.427
11110,종로구,2023-05-03,92.0,92.0,아주좋음,실외 활동하기 아주 좋은 날씨예요,주의,적합,적합,적합,주의,26.286,11.832,52.5,7.186,0.0,0.0,17.134,40.783,0.061,0.028,0.003,0.44
11110,종로구,2023-05-04,91.1,91.1,아주좋음,실외 활동하기 아주 좋은 날씨예요,주의,주의,적합,적합,주의,26.018,15.121,65.5,6.525,0.0,0.0,21.725,43.192,0.055,0.021,0.003,0.387
11110,종로구,2023-05-05,69.1,69.1,무난,"실외 활동하기 무난해요 — 비 소식, 우산 챙기세요",적합,위험,주의,주의,주의,21.396,15.343,95.3,8.596,25.382,0.332,4.677,11.406,0.042,0.013,0.002,0.352
11110,종로구,2023-05-06,63.4,63.4,무난,"실외 활동하기 무난해요 — 비 많음, 우산 필수",적합,해로움,주의,주의,주의,15.486,11.171,85.6,11.65,46.571,0.332,8.061,14.072,0.043,0.009,0.002,0.322
11110,종로구,2023-05-07,92.8,92.8,아주좋음,실외 활동하기 아주 좋은 날씨예요,적합,적합,적합,적합,주의,18.404,10.22,47.1,6.971,0.071,0.0,24.061,32.195,0.044,0.014,0.002,0.351
11110,종로구,2023-05-08,91.2,91.2,아주좋음,실외 활동하기 아주 좋은 날씨예요,주의,적합,적합,적합,주의,22.5,6.968,55.3,7.039,0.0,0.0,22.568,36.203,0.052,0.028,0.003,0.431
11110,종로구,2023-05-09,91.2,91.2,아주좋음,실외 활동하기 아주 좋은 날씨예요,주의,적합,적합,적합,주의,24.336,8.957,55.4,7.439,0.0,0.0,28.58,51.014,0.075,0.032,0.003,0.497
11110,종로구,2023-05-10,91.9,91.9,아주좋음,실외 활동하기 아주 좋은 날씨예요,주의,적합,적합,적합,주의,26.311,10.109,53.3,5.518,0.0,0.0,31.565,55.53,0.068,0.032,0.004,0.502
11110,종로구,2023-05-11,90.1,90.1,아주좋음,실외 활동하기 아주 좋은 날씨예요,주의,적합,적합,적합,주의,26.993,12.117,50.1,6.818,0.0,0.0,25.901,50.299,0.082,0.03,0.004,0.498
11110,종로구,2023-05-12,93.1,93.1,아주좋음,실외 활동하기 아주 좋은 날씨예요,적합,적합,적합,적합,주의,24.939,12.554,50.9,5.496,0.0,0.0,30.584,53.02,0.061,0.034,0.005,0.515
11110,종로구,2023-05-13,91.9,91.9,아주좋음,실외 활동하기 아주 좋은 날씨예요,적합,주의,적합,적합,주의,24.093,11.677,62.0,7.039,0.0,0.0,24.288,40.594,0.065,0.019,0.003,0.41
11110,종로구,2023-05-14,92.7,92.7,아주좋음,실외 활동하기 아주 좋은 날씨예요,적합,적합,적합,적합,주의,23.904,12.205,56.5,7.211,0.0,0.0,13.112,23.64,0.064,0.016,0.003,0.359
11110,종로구,2023-05-15,88.2,88.2,아주좋음,실외 활동하기 아주 좋은 날씨예요,주의,적합,적합,적합,주의,28.177,12.479,54.6,6.754,0.0,0.0,20.632,37.421,0.08,0.025,0.003,0.433
11110,종로구,2023-05-16,78.2,78.2,좋음,실외 활동에 좋은 날씨예요,주의,주의,적합,적합,해로움,31.577,16.571,51.9,7.575,0.0,0.0,31.293,57.416,0.096,0.025,0.003,0.513
11110,종로구,2023-05-17,82.3,82.3,좋음,실외 활동에 좋은 날씨예요,주의,주의,주의,적합,주의,29.156,17.439,63.6,10.418,0.0,0.0,14.575,35.878,0.063,0.016,0.003,0.395
11110,종로구,2023-05-18,86.7,86.7,아주좋음,실외 활동하기 아주 좋은 날씨예요,주의,주의,적합,적합,주의,26.638,18.293,74.8,7.754,0.814,0.046,18.218,35.014,0.039,0.017,0.003,0.377
11110,종로구,2023-05-19,89.5,89.5,아주좋음,실외 활동하기 아주 좋은 날씨예요,주의,주의,적합,적합,주의,27.597,16.611,61.4,6.929,0.0,0.0,12.311,23.072,0.051,0.016,0.002,0.349
11110,종로구,2023-05-20,88.0,88.0,아주좋음,실외 활동하기 아주 좋은 날씨예요,주의,주의,주의,적합,주의,26.743,16.021,66.9,9.121,0.0,0.0,14.172,24.69,0.061,0.015,0.003,0.37
11110,종로구,2023-05-21,85.5,85.5,아주좋음,실외 활동하기 아주 좋은 날씨예요,적합,주의,적합,적합,해로움,22.004,15.025,74.0,7.7,0.079,0.007,22.193,78.475,0.05,0.01,0.003,0.356
11110,종로구,2023-05-22,87.0,87.0,아주좋음,실외 활동하기 아주 좋은 날씨예요 · 미세먼지 주의,주의,주의,적합,적합,위험,26.046,15.368,61.3,6.089,0.536,0.0,30.188,127.451,0.049,0.02,0.003,0.414
11110,종로구,2023-05-23,90.0,90.0,아주좋음,실외 활동하기 아주 좋은 날씨예요,주의,적합,적합,적합,해로움,26.871,13.711,48.0,6.636,0.0,0.0,16.103,62.411,0.05,0.021,0.003,0.353
11110,종로구,2023-05-24,93.3,93.3,아주좋음,실외 활동하기 아주 좋은 날씨예요,적합,적합,적합,적합,주의,25.864,14.393,49.8,5.696,0.0,0.0,17.088,39.854,0.063,0.029,0.004,0.448
11110,종로구,2023-05-25,89.6,89.6,아주좋음,실외 활동하기 아주 좋은 날씨예요,주의,적합,주의,적합,주의,27.467,14.932,46.6,8.046,0.0,0.0,13.573,34.126,0.062,0.02,0.003,0.36
11110,종로구,2023-05-26,89.9,89.9,아주좋음,실외 활동하기 아주 좋은 날씨예요,주의,적합,적합,적합,주의,27.209,15.321,57.4,7.286,0.304,0.018,13.725,33.25,0.07,0.02,0.003,0.37
11110,종로구,2023-05-27,72.6,72.6,좋음,"실외 활동에 좋은 날씨예요 · 비 소식, 우산 챙기세요",적합,해로움,적합,주의,주의,20.9,17.675,87.4,4.486,29.975,0.207,15.328,28.771,0.044,0.022,0.003,0.457
11110,종로구,2023-05-28,64.7,64.7,무난,"실외 활동하기 무난해요 — 비 많음, 우산 필수",적합,위험,적합,주의,적합,20.314,17.986,98.9,7.121,41.993,0.175,5.146,9.925,0.021,0.013,0.002,0.35
11110,종로구,2023-05-29,80.1,80.1,좋음,실외 활동에 좋은 날씨예요,주의,해로움,적합,적합,주의,28.994,18.75,83.4,4.504,3.779,0.05,7.142,14.915,0.036,0.017,0.002,0.41
11110,종로구,2023-05-30,84.4,84.4,좋음,실외 활동에 좋은 날씨예요,주의,주의,적합,적합,주의,28.916,19.7,69.5,6.967,0.0,0.0,19.408,36.854,0.041,0.019,0.003,0.442
11110,종로구,2023-05-31,87.5,87.5,아주좋음,실외 활동하기 아주 좋은 날씨예요,주의,주의,적합,적합,주의,28.291,18.504,60.8,6.429,0.0,0.0,13.352,28.356,0.062,0.018,0.003,0.371
11110,종로구,2023-06-01,93.3,93.3,아주좋음,실외 활동하기 아주 좋은 날씨예요,주의,주의,적합,적합,주의,26.561,19.261,66.9,4.861,0.0,0.0,21.911,39.202,0.063,0.023,0.003,0.455
11110,종로구,2023-06-02,90.2,90.2,아주좋음,실외 활동하기 아주 좋은 날씨예요,적합,주의,적합,적합,주의,25.486,17.518,77.4,6.304,0.0,0.0,17.101,32.024,0.054,0.018,0.003,0.394
11110,종로구,2023-06-03,87.3,87.3,아주좋음,실외 활동하기 아주 좋은 날씨예요,주의,주의,주의,적합,주의,28.242,16.314,60.1,9.293,0.0,0.0,13.911,34.264,0.064,0.017,0.003,0.381
11110,종로구,2023-06-04,88.5,88.5,아주좋음,실외 활동하기 아주 좋은 날씨예요,주의,주의,적합,적합,주의,28.324,15.754,61.0,7.4,0.0,0.0,17.957,36.738,0.076,0.013,0.003,0.403
11110,종로구,2023-06-05,89.1,89.1,아주좋음,실외 활동하기 아주 좋은 날씨예요,주의,주의,주의,적합,주의,26.289,16.875,66.9,9.354,0.0,0.0,14.67,30.482,0.061,0.017,0.003,0.365
11110,종로구,2023-06-06,89.6,89.6,아주좋음,실외 활동하기 아주 좋은 날씨예요,적합,주의,적합,적합,주의,25.704,16.529,72.9,7.789,0.036,0.0,10.33,20.91,0.062,0.012,0.003,0.31
11110,종로구,2023-06-07,91.7,91.7,아주좋음,실외 활동하기 아주 좋은 날씨예요,적합,주의,적합,적합,주의,25.375,18.418,75.3,5.486,0.0,0.0,19.33,34.953,0.057,0.018,0.003,0.416
11110,종로구,2023-06-08,84.3,84.3,좋음,"실외 활동에 좋은 날씨예요 · 비 소식, 우산 챙기세요",적합,해로움,적합,적합,주의,24.414,17.571,80.5,7.729,8.193,0.054,11.0,21.054,0.046,0.017,0.003,0.405
11110,종로구,2023-06-09,85.7,85.7,아주좋음,실외 활동하기 아주 좋은 날씨예요,주의,주의,적합,적합,주의,28.703,17.529,64.0,6.125,2.846,0.021,13.89,26.255,0.072,0.022,0.003,0.431
11110,종로구,2023-06-10,81.4,81.4,좋음,실외 활동에 좋은 날씨예요,주의,주의,주의,적합,주의,28.824,18.65,70.0,9.686,2.529,0.061,20.256,34.378,0.081,0.019,0.003,0.456
11110,종로구,2023-06-11,78.1,78.1,좋음,"실외 활동에 좋은 날씨예요 · 비 소식, 우산 챙기세요",주의,주의,적합,주의,주의,27.668,17.65,76.1,5.682,17.025,0.575,13.277,21.991,0.063,0.012,0.002,0.394
11110,종로구,2023-06-12,88.4,88.4,아주좋음,실외 활동하기 아주 좋은 날씨예요,주의,주의,적합,적합,주의,27.921,17.621,70.5,6.421,0.018,0.0,18.014,30.91,0.064,0.023,0.003,0.458
11110,종로구,2023-06-13,89.2,89.2,아주좋음,실외 활동하기 아주 좋은 날씨예요,주의,주의,적합,적합,주의,26.825,18.454,70.0,7.436,0.0,0.0,15.127,27.45,0.066,0.019,0.003,0.404
11110,종로구,2023-06-14,86.6,86.6,아주좋음,실외 활동하기 아주 좋은 날씨예요,주의,해로움,적합,적합,주의,26.029,17.114,80.3,5.975,3.325,1.093,18.956,30.665,0.067,0.022,0.003,0.435
11110,종로구,2023-06-15,87.0,87.0,아주좋음,실외 활동하기 아주 좋은 날씨예요,주의,주의,적합,적합,주의,28.535,17.654,70.8,6.554,0.036,0.0,20.042,31.896,0.066,0.022,0.003,0.445
11110,종로구,2023-06-16,85.8,85.8,아주좋음,실외 활동하기 아주 좋은 날씨예요,주의,주의,적합,적합,주의,29.641,18.189,64.4,6.161,0.0,0.0,16.219,26.689,0.063,0.021,0.003,0.414
11110,종로구,2023-06-17,83.1,83.1,좋음,실외 활동에 좋은 날씨예요,주의,주의,적합,적합,주의,31.037,18.061,57.1,6.232,0.0,0.0,12.779,22.578,0.071,0.023,0.003,0.398
11110,종로구,2023-06-18,78.3,78.3,좋음,실외 활동에 좋은 날씨예요 · 더위 주의,해로움,주의,적합,적합,주의,33.217,20.193,60.5,5.679,0.0,0.0,16.332,27.216,0.072,0.016,0.003,0.405
11110,종로구,2023-06-19,73.6,73.6,좋음,실외 활동에 좋은 날씨예요 · 더위 주의,해로움,해로움,적합,적합,해로움,34.342,22.05,57.8,6.268,0.0,0.0,28.945,46.3,0.091,0.024,0.003,0.511
11110,종로구,2023-06-20,81.9,81.9,좋음,"실외 활동에 좋은 날씨예요 · 비 소식, 우산 챙기세요",주의,주의,적합,적합,주의,26.411,19.661,64.5,7.636,8.693,0.229,20.629,36.01,0.08,0.024,0.003,0.461
11110,종로구,2023-06-21,73.7,73.7,좋음,"실외 활동에 좋은 날씨예요 · 비 소식, 우산 챙기세요",적합,해로움,적합,주의,적합,22.2,18.346,92.6,5.771,27.425,0.3,4.941,11.219,0.027,0.014,0.003,0.352
11110,종로구,2023-06-22,87.6,87.6,아주좋음,실외 활동하기 아주 좋은 날씨예요,주의,주의,적합,적합,주의,27.068,18.475,77.1,7.368,0.196,0.0,9.589,20.324,0.041,0.015,0.003,0.37
11110,종로구,2023-06-23,84.5,84.5,좋음,실외 활동에 좋은 날씨예요,주의,주의,적합,적합,주의,30.209,19.357,76.6,4.621,0.0,0.0,22.81,35.303,0.074,0.022,0.003,0.516
11110,종로구,2023-06-24,78.8,78.8,좋음,실외 활동에 좋은 날씨예요,주의,해로움,적합,적합,해로움,31.972,21.311,70.5,5.389,0.0,0.0,25.232,37.392,0.09,0.02,0.003,0.48
11110,종로구,2023-06-25,75.8,75.8,좋음,실외 활동에 좋은 날씨예요 · 더위 주의,해로움,해로움,적합,적합,주의,33.391,22.182,64.9,5.6,0.0,0.0,21.788,31.339,0.07,0.014,0.003,0.43
11110,종로구,2023-06-26,67.4,67.4,무난,"실외 활동하기 무난해요 — 비 많음, 우산 필수",주의,해로움,주의,주의,주의,27.372,21.318,88.6,9.032,30.332,0.396,9.645,17.122,0.047,0.014,0.003,0.385
11110,종로구,2023-06-27,78.5,78.5,좋음,실외 활동에 좋은 날씨예요,주의,주의,주의,적합,주의,30.006,21.311,73.1,8.793,2.071,0.089,10.315,21.381,0.063,0.015,0.003,0.37
11110,종로구,2023-06-28,80.3,80.3,좋음,실외 활동에 좋은 날씨예요,주의,해로움,적합,적합,주의,30.69,23.589,77.4,6.093,0.0,0.0,20.679,31.492,0.058,0.017,0.003,0.427
11110,종로구,2023-06-29,59.6,59.6,주의,"가벼운 실외 활동은 괜찮아요 — 비 많음, 우산 필수",적합,위험,주의,해로움,주의,25.618,22.643,95.4,8.225,57.171,1.207,21.032,32.884,0.045,0.017,0.002,0.414
11110,종로구,2023-06-30,80.8,80.8,좋음,실외 활동에 좋은 날씨예요,주의,해로움,적합,적합,주의,30.035,22.864,89.8,4.911,0.679,0.014,23.684,35.687,0.058,0.023,0.003,0.497
11110,종로구,2023-07-01,73.9,73.9,좋음,실외 활동에 좋은 날씨예요 · 더위 주의,해로움,해로움,적합,적합,주의,33.916,22.804,76.9,6.279,0.0,0.0,17.794,27.47,0.07,0.018,0.003,0.447
11110,종로구,2023-07-02,80.2,80.2,좋음,실외 활동에 좋은 날씨예요,주의,해로움,적합,적합,주의,31.361,22.621,79.5,4.975,0.0,0.0,12.713,19.665,0.052,0.014,0.003,0.385
11110,종로구,2023-07-03,55.0,71.9,주의,"⚠️ 폭염, 온열질환 주의 — 실외 활동에 주의하세요",해로움,위험,적합,적합,주의,35.362,23.318,72.0,5.525,0.0,0.0,20.884,32.898,0.079,0.021,0.003,0.449
11110,종로구,2023-07-04,54.1,54.1,주의,"가벼운 실외 활동은 괜찮아요 — 비 많음, 우산 필수",주의,해로움,주의,해로움,주의,29.673,23.679,86.8,8.307,61.457,1.018,22.246,31.636,0.062,0.019,0.003,0.441
11110,종로구,2023-07-05,71.9,71.9,좋음,"실외 활동에 좋은 날씨예요 · 비 소식, 우산 챙기세요",주의,해로움,주의,주의,주의,27.78,21.907,82.6,10.132,16.225,0.493,14.708,27.447,0.064,0.014,0.003,0.436
11110,종로구,2023-07-06,73.7,73.7,좋음,실외 활동에 좋은 날씨예요,주의,해로움,주의,적합,주의,32.77,22.332,70.9,8.582,0.0,0.0,26.19,46.917,0.084,0.018,0.003,0.556
11110,종로구,2023-07-07,76.6,76.6,좋음,실외 활동에 좋은 날씨예요,주의,해로움,주의,적합,주의,31.911,22.625,64.9,8.293,0.0,0.0,19.988,41.745,0.068,0.021,0.003,0.481
11110,종로구,2023-07-08,82.9,82.9,좋음,실외 활동에 좋은 날씨예요,주의,해로움,적합,적합,주의,30.116,21.5,76.5,5.764,0.0,0.0,6.539,12.715,0.049,0.014,0.003,0.367
11110,종로구,2023-07-09,66.5,66.5,무난,"실외 활동하기 무난해요 — 비 많음, 우산 필수",주의,해로움,주의,주의,주의,27.742,20.793,86.4,8.732,32.786,0.879,8.936,16.333,0.052,0.012,0.002,0.371
11110,종로구,2023-07-10,70.5,70.5,좋음,"실외 활동에 좋은 날씨예요 · 비 소식, 우산 챙기세요",주의,해로움,적합,적합,주의,32.071,22.721,80.4,7.336,8.839,0.411,19.357,33.211,0.066,0.018,0.003,0.443
11110,종로구,2023-07-11,55.0,56.2,주의,"⚠️ 호우, 침수·안전 주의 — 실외 활동에 주의하세요",적합,해로움,적합,위험,주의,25.868,20.793,92.4,6.944,83.975,0.55,10.253,19.155,0.056,0.022,0.003,0.433
11110,종로구,2023-07-12,82.6,82.6,좋음,실외 활동에 좋은 날씨예요,주의,해로움,적합,적합,주의,29.904,21.771,86.4,4.568,0.436,0.018,15.127,25.108,0.053,0.023,0.003,0.42
11110,종로구,2023-07-13,53.1,53.1,주의,"⚠️ 호우, 침수·안전 주의 — 실외 활동에 주의하세요",주의,해로움,주의,위험,주의,26.525,23.768,95.0,8.061,86.521,1.25,15.228,23.782,0.034,0.023,0.003,0.436
11110,종로구,2023-07-14,54.3,54.3,주의,"가벼운 실외 활동은 괜찮아요 — 비 많음, 우산 필수",적합,위험,주의,해로움,주의,25.204,23.539,99.1,9.121,76.418,0.725,10.449,17.469,0.031,0.016,0.003,0.373
11110,종로구,2023-07-15,80.9,80.9,좋음,실외 활동에 좋은 날씨예요,주의,해로움,주의,적합,주의,26.043,23.482,93.5,8.854,3.261,0.021,13.849,23.427,0.041,0.014,0.003,0.407
11110,종로구,2023-07-16,80.3,80.3,좋음,"실외 활동에 좋은 날씨예요 · 비 소식, 우산 챙기세요",적합,해로움,적합,적합,주의,25.954,23.071,89.5,6.811,8.346,0.343,15.856,30.874,0.043,0.013,0.003,0.372
11110,종로구,2023-07-17,83.6,83.6,좋음,실외 활동에 좋은 날씨예요,주의,해로움,적합,적합,주의,28.622,23.067,86.1,5.989,0.514,0.054,14.462,26.548,0.036,0.02,0.003,0.378
11110,종로구,2023-07-18,81.4,81.4,좋음,"실외 활동에 좋은 날씨예요 · 비 소식, 우산 챙기세요",주의,해로움,적합,적합,적합,27.925,22.982,87.9,4.463,8.939,0.029,7.505,15.383,0.021,0.016,0.003,0.352
11110,종로구,2023-07-19,75.7,75.7,좋음,실외 활동에 좋은 날씨예요 · 더위 주의,해로움,해로움,적합,적합,주의,33.443,21.761,78.8,5.764,0.0,0.0,17.047,30.419,0.055,0.018,0.003,0.418
11110,종로구,2023-07-20,74.6,74.6,좋음,실외 활동에 좋은 날씨예요 · 더위 주의,해로움,해로움,적합,적합,해로움,33.62,22.979,74.0,5.418,0.0,0.0,39.42,56.738,0.087,0.026,0.003,0.576
11110,종로구,2023-07-21,55.0,71.2,주의,"⚠️ 폭염, 온열질환 주의 — 실외 활동에 주의하세요",해로움,위험,적합,적합,해로움,35.275,23.464,69.6,4.911,0.0,0.0,46.646,62.191,0.124,0.027,0.003,0.622
11110,종로구,2023-07-22,66.5,66.5,무난,"실외 활동하기 무난해요 — 비 소식, 우산 챙기세요",주의,해로움,주의,적합,해로움,32.775,23.796,73.9,9.025,8.386,0.361,20.913,30.365,0.093,0.013,0.003,0.368
11110,종로구,2023-07-23,66.3,66.3,무난,"실외 활동하기 무난해요 — 비 많음, 우산 필수",주의,해로움,주의,주의,적합,26.007,23.929,94.3,8.221,39.614,0.325,4.769,9.929,0.015,0.008,0.002,0.265
11110,종로구,2023-07-24,78.6,78.6,좋음,실외 활동에 좋은 날씨예요,주의,해로움,적합,적합,주의,31.252,23.986,83.1,5.407,1.104,0.014,13.866,22.225,0.053,0.017,0.003,0.378
11110,종로구,2023-07-25,73.9,73.9,좋음,실외 활동에 좋은 날씨예요,주의,해로움,적합,적합,주의,31.753,24.839,80.5,7.9,2.218,0.196,10.228,18.525,0.038,0.014,0.003,0.305
11110,종로구,2023-07-26,72.5,72.5,좋음,"실외 활동에 좋은 날씨예요 · 비 소식, 우산 챙기세요",주의,해로움,적합,적합,적합,32.148,24.668,80.9,7.175,8.875,0.036,5.739,13.271,0.024,0.014,0.003,0.294
11110,종로구,2023-07-27,73.9,73.9,좋음,실외 활동에 좋은 날씨예요 · 더위 주의,해로움,위험,적합,적합,주의,33.978,24.157,78.1,5.654,0.429,0.0,12.591,21.941,0.047,0.018,0.003,0.333
11110,종로구,2023-07-28,55.0,70.6,주의,"⚠️ 폭염, 온열질환 주의 — 실외 활동에 주의하세요",해로움,위험,적합,적합,주의,35.458,24.763,72.4,6.464,0.089,0.0,22.19,31.909,0.048,0.018,0.003,0.337
11110,종로구,2023-07-29,71.6,71.6,좋음,실외 활동에 좋은 날씨예요 · 더위 주의,해로움,위험,적합,적합,주의,34.814,25.507,72.1,6.782,0.0,0.0,20.978,28.732,0.051,0.014,0.003,0.312
11110,종로구,2023-07-30,55.0,58.4,주의,"⚠️ 폭염, 온열질환 주의 — 실외 활동에 주의하세요",해로움,해로움,주의,주의,주의,36.119,23.882,72.5,8.711,22.268,0.714,10.014,15.945,0.058,0.013,0.003,0.298
11110,종로구,2023-07-31,70.6,70.6,좋음,실외 활동에 좋은 날씨예요 · 더위 주의,해로움,위험,적합,적합,주의,34.632,24.961,76.3,6.214,2.743,0.011,21.447,29.715,0.058,0.019,0.003,0.361
11110,종로구,2023-08-01,55.0,71.0,주의,"⚠️ 폭염, 온열질환 주의 — 실외 활동에 주의하세요",해로움,위험,적합,적합,주의,35.54,25.139,71.6,5.05,0.0,0.0,22.134,30.749,0.09,0.019,0.003,0.373
11110,종로구,2023-08-02,71.7,71.7,좋음,실외 활동에 좋은 날씨예요 · 더위 주의,해로움,위험,적합,적합,주의,34.772,25.8,67.8,6.325,0.0,0.0,23.409,33.742,0.058,0.019,0.003,0.365
11110,종로구,2023-08-03,72.6,72.6,좋음,실외 활동에 좋은 날씨예요 · 더위 주의,해로움,위험,적합,적합,주의,34.72,24.55,67.0,6.118,0.0,0.0,14.475,22.54,0.047,0.018,0.003,0.305
11110,종로구,2023-08-04,55.0,71.5,주의,"⚠️ 폭염, 온열질환 주의 — 실외 활동에 주의하세요",해로움,위험,적합,적합,주의,35.326,25.796,67.6,5.946,0.0,0.0,12.642,21.222,0.048,0.017,0.003,0.297
11110,종로구,2023-08-05,55.0,70.0,주의,"⚠️ 폭염, 온열질환 주의 — 실외 활동에 주의하세요",해로움,위험,적합,적합,주의,36.047,25.789,69.0,6.104,0.0,0.0,12.63,20.622,0.049,0.012,0.003,0.258
11110,종로구,2023-08-06,55.0,67.0,주의,"⚠️ 폭염, 온열질환 주의 — 실외 활동에 주의하세요",해로움,위험,적합,적합,주의,35.036,26.604,76.5,7.338,3.443,0.175,14.942,22.105,0.056,0.013,0.003,0.297
11110,종로구,2023-08-07,55.0,68.0,주의,"⚠️ 폭염, 온열질환 주의 — 실외 활동에 주의하세요",해로움,위험,적합,적합,주의,36.319,26.937,68.4,7.456,0.643,0.0,5.747,11.422,0.036,0.012,0.003,0.275
11110,종로구,2023-08-08,55.0,69.5,주의,"⚠️ 폭염, 온열질환 주의 — 실외 활동에 주의하세요",해로움,위험,적합,적합,주의,36.472,25.881,60.5,6.604,0.0,0.0,3.865,9.377,0.035,0.011,0.003,0.259
11110,종로구,2023-08-09,76.2,76.2,좋음,실외 활동에 좋은 날씨예요,주의,해로움,주의,적합,적합,31.639,24.23,67.6,8.568,0.239,0.007,3.563,8.811,0.022,0.01,0.003,0.259
11110,종로구,2023-08-10,52.2,52.2,주의,"⚠️ 호우, 침수·안전 주의 — 실외 활동에 주의하세요",적합,해로움,주의,위험,주의,24.85,20.821,91.9,11.632,84.396,0.486,2.234,5.45,0.045,0.01,0.002,0.251
11110,종로구,2023-08-11,65.8,65.8,무난,"실외 활동하기 무난해요 — 비 많음, 우산 필수",적합,해로움,주의,주의,주의,25.886,21.461,93.1,9.907,35.811,0.486,10.093,18.403,0.037,0.016,0.003,0.398
11110,종로구,2023-08-12,86.6,86.6,아주좋음,실외 활동하기 아주 좋은 날씨예요,적합,해로움,적합,적합,주의,24.814,22.146,91.0,5.807,1.393,0.043,10.842,18.958,0.035,0.016,0.002,0.379
11110,종로구,2023-08-13,79.1,79.1,좋음,실외 활동에 좋은 날씨예요,주의,해로움,적합,적합,주의,32.029,22.446,76.9,4.689,0.018,0.0,18.655,29.345,0.064,0.014,0.003,0.447
11110,종로구,2023-08-14,73.9,73.9,좋음,실외 활동에 좋은 날씨예요 · 더위 주의,해로움,해로움,적합,적합,주의,33.984,24.089,75.4,5.793,0.0,0.0,27.54,40.547,0.072,0.019,0.003,0.53
11110,종로구,2023-08-15,75.0,75.0,좋음,실외 활동에 좋은 날씨예요 · 더위 주의,해로움,해로움,적합,적합,주의,33.45,24.261,71.4,5.8,0.0,0.0,16.093,25.991,0.053,0.012,0.003,0.384
11110,종로구,2023-08-16,76.5,76.5,좋음,실외 활동에 좋은 날씨예요,주의,해로움,적합,적합,주의,32.855,24.171,72.0,5.975,0.189,0.011,10.578,19.445,0.059,0.016,0.003,0.387
11110,종로구,2023-08-17,75.3,75.3,좋음,실외 활동에 좋은 날씨예요 · 더위 주의,해로움,해로움,적합,적합,주의,33.404,23.654,73.0,5.246,0.0,0.0,17.541,26.988,0.077,0.021,0.003,0.525
11110,종로구,2023-08-18,71.6,71.6,좋음,실외 활동에 좋은 날씨예요 · 더위 주의,해로움,위험,적합,적합,주의,34.529,25.104,72.1,5.596,1.093,0.004,26.221,37.257,0.089,0.024,0.003,0.522
11110,종로구,2023-08-19,72.4,72.4,좋음,실외 활동에 좋은 날씨예요 · 더위 주의,해로움,해로움,적합,적합,주의,34.668,25.454,68.9,5.889,0.0,0.0,18.775,27.909,0.081,0.02,0.003,0.459
11110,종로구,2023-08-20,76.1,76.1,좋음,실외 활동에 좋은 날씨예요 · 더위 주의,해로움,해로움,적합,적합,주의,33.181,24.993,71.8,5.121,0.0,0.0,17.751,26.683,0.064,0.014,0.003,0.415
11110,종로구,2023-08-21,72.1,72.1,좋음,실외 활동에 좋은 날씨예요 · 더위 주의,해로움,위험,적합,적합,주의,33.973,25.554,69.8,7.211,0.232,0.0,15.976,25.741,0.047,0.018,0.003,0.388
11110,종로구,2023-08-22,58.2,58.2,주의,"가벼운 실외 활동은 괜찮아요 — 비 많음, 우산 필수",주의,해로움,주의,주의,주의,32.837,24.871,80.3,9.204,30.896,1.036,12.921,20.697,0.031,0.015,0.003,0.313
11110,종로구,2023-08-23,63.0,63.0,무난,"실외 활동하기 무난해요 — 비 많음, 우산 필수",주의,해로움,적합,주의,주의,28.063,22.925,91.3,6.532,45.189,0.557,5.206,10.273,0.036,0.017,0.003,0.359
11110,종로구,2023-08-24,80.0,80.0,좋음,"실외 활동에 좋은 날씨예요 · 비 소식, 우산 챙기세요",주의,해로움,적합,적합,주의,28.329,21.871,84.8,6.121,6.561,0.154,3.094,7.775,0.04,0.014,0.002,0.341
11110,종로구,2023-08-25,78.4,78.4,좋음,실외 활동에 좋은 날씨예요,주의,해로움,적합,적합,주의,30.749,23.782,77.9,7.282,1.107,0.0,9.247,19.463,0.047,0.016,0.003,0.408
11110,종로구,2023-08-26,79.4,79.4,좋음,실외 활동에 좋은 날씨예요,주의,해로움,적합,적합,주의,31.31,22.446,72.3,5.868,0.0,0.0,24.223,39.228,0.085,0.017,0.003,0.548
11110,종로구,2023-08-27,83.7,83.7,좋음,실외 활동에 좋은 날씨예요,주의,해로움,적합,적합,주의,29.747,22.368,75.0,5.029,0.036,0.0,18.438,28.903,0.057,0.013,0.003,0.459
11110,종로구,2023-08-28,77.7,77.7,좋음,"실외 활동에 좋은 날씨예요 · 비 소식, 우산 챙기세요",적합,해로움,적합,주의,주의,25.693,20.4,87.5,7.575,14.139,0.104,7.996,14.816,0.033,0.014,0.002,0.362
11110,종로구,2023-08-29,66.6,66.6,무난,"실외 활동하기 무난해요 — 비 많음, 우산 필수",주의,해로움,적합,주의,적합,26.307,22.029,89.6,7.625,41.689,0.971,6.933,14.141,0.025,0.015,0.003,0.35
11110,종로구,2023-08-30,87.2,87.2,아주좋음,실외 활동하기 아주 좋은 날씨예요,적합,해로움,적합,적합,적합,25.339,20.879,88.0,3.85,4.214,0.082,9.985,19.935,0.028,0.022,0.003,0.476
11110,종로구,2023-08-31,85.8,85.8,아주좋음,실외 활동하기 아주 좋은 날씨예요,주의,주의,적합,적합,주의,29.44,20.375,76.9,5.039,0.0,0.0,12.441,23.535,0.053,0.02,0.003,0.436
11110,종로구,2023-09-01,83.1,83.1,좋음,실외 활동에 좋은 날씨예요,주의,주의,적합,적합,주의,30.347,19.239,70.6,5.954,0.0,0.0,14.039,27.557,0.061,0.019,0.003,0.442
11110,종로구,2023-09-02,82.9,82.9,좋음,실외 활동에 좋은 날씨예요,주의,주의,적합,적합,주의,31.518,19.418,63.9,4.521,0.0,0.0,17.087,29.368,0.062,0.02,0.003,0.452
11110,종로구,2023-09-03,84.1,84.1,좋음,실외 활동에 좋은 날씨예요,주의,해로움,적합,적합,주의,29.12,22.032,77.8,4.97,2.218,0.004,10.859,17.719,0.034,0.012,0.002,0.386
11110,종로구,2023-09-04,82.4,82.4,좋음,실외 활동에 좋은 날씨예요,주의,해로움,적합,적합,적합,31.045,23.721,79.9,4.725,1.136,0.007,9.158,18.31,0.029,0.017,0.003,0.4
11110,종로구,2023-09-05,75.8,75.8,좋음,실외 활동에 좋은 날씨예요 · 더위 주의,해로움,해로움,적합,적합,주의,33.78,24.246,69.5,6.196,3.0,0.0,9.031,18.341,0.046,0.018,0.003,0.362
11110,종로구,2023-09-06,79.4,79.4,좋음,실외 활동에 좋은 날씨예요,주의,해로움,적합,적합,주의,32.809,23.35,65.1,6.643,0.0,0.0,9.554,19.857,0.035,0.015,0.003,0.359
11110,종로구,2023-09-07,81.9,81.9,좋음,실외 활동에 좋은 날씨예요,주의,주의,적합,적합,주의,31.96,20.607,54.8,6.296,0.0,0.0,9.578,19.12,0.041,0.015,0.003,0.359
11110,종로구,2023-09-08,83.1,83.1,좋음,실외 활동에 좋은 날씨예요,주의,주의,적합,적합,주의,31.171,19.493,60.3,5.707,0.0,0.0,8.746,19.045,0.051,0.018,0.003,0.367
11110,종로구,2023-09-09,80.6,80.6,좋음,실외 활동에 좋은 날씨예요,주의,주의,적합,적합,주의,31.929,20.596,66.3,5.419,0.0,0.0,16.738,31.173,0.068,0.02,0.003,0.439
11110,종로구,2023-09-10,81.1,81.1,좋음,실외 활동에 좋은 날씨예요,주의,주의,적합,적합,주의,30.635,21.511,68.1,5.282,0.0,0.0,22.424,35.556,0.082,0.017,0.003,0.463
11110,종로구,2023-09-11,82.8,82.8,좋음,실외 활동에 좋은 날씨예요,주의,주의,적합,적합,주의,30.48,22.507,67.3,5.468,0.0,0.0,18.982,30.818,0.061,0.02,0.003,0.416
11110,종로구,2023-09-12,82.7,82.7,좋음,실외 활동에 좋은 날씨예요,주의,주의,적합,적합,주의,30.865,21.136,69.8,5.025,0.0,0.0,16.857,30.362,0.058,0.021,0.003,0.409
11110,종로구,2023-09-13,76.5,76.5,좋음,"실외 활동에 좋은 날씨예요 · 비 소식, 우산 챙기세요",적합,해로움,적합,주의,주의,24.671,19.289,84.5,5.596,19.336,0.104,13.834,22.498,0.035,0.021,0.003,0.408
11110,종로구,2023-09-14,87.0,87.0,아주좋음,실외 활동하기 아주 좋은 날씨예요,주의,주의,적합,적합,주의,27.869,18.971,72.4,7.064,0.0,0.0,3.324,9.441,0.035,0.014,0.003,0.328
11110,종로구,2023-09-15,86.0,86.0,아주좋음,실외 활동하기 아주 좋은 날씨예요,적합,해로움,적합,적합,주의,24.086,19.925,82.3,5.825,2.789,0.032,4.023,10.191,0.034,0.015,0.002,0.348
11110,종로구,2023-09-16,74.4,74.4,좋음,"실외 활동에 좋은 날씨예요 · 비 소식, 우산 챙기세요",주의,해로움,적합,주의,적합,26.582,21.664,87.8,4.4,26.329,1.0,5.419,11.528,0.022,0.016,0.002,0.383
11110,종로구,2023-09-17,81.6,81.6,좋음,실외 활동에 좋은 날씨예요,주의,해로움,적합,적합,주의,28.795,21.721,84.8,4.786,2.821,0.407,10.361,15.567,0.055,0.014,0.003,0.39
11110,종로구,2023-09-18,83.4,83.4,좋음,실외 활동에 좋은 날씨예요,주의,주의,적합,적합,주의,30.192,21.525,79.1,6.014,0.0,0.0,10.993,18.936,0.045,0.019,0.003,0.395
11110,종로구,2023-09-19,84.4,84.4,좋음,실외 활동에 좋은 날씨예요,주의,해로움,적합,적합,주의,28.486,20.579,81.1,5.282,0.0,0.0,17.692,29.362,0.061,0.021,0.003,0.422
11110,종로구,2023-09-20,67.6,67.6,무난,"실외 활동하기 무난해요 — 비 소식, 우산 챙기세요",적합,해로움,주의,주의,주의,23.596,18.746,90.4,8.925,29.832,0.343,14.665,22.081,0.041,0.018,0.003,0.411
11110,종로구,2023-09-21,88.7,88.7,아주좋음,실외 활동하기 아주 좋은 날씨예요,적합,주의,적합,적합,주의,23.504,16.886,70.9,7.75,0.054,0.0,4.603,11.992,0.036,0.015,0.003,0.328
11110,종로구,2023-09-22,90.8,90.8,아주좋음,실외 활동하기 아주 좋은 날씨예요,주의,주의,적합,적합,주의,26.625,15.046,68.4,5.086,0.0,0.0,9.509,21.037,0.038,0.022,0.003,0.421
11110,종로구,2023-09-23,89.8,89.8,아주좋음,실외 활동하기 아주 좋은 날씨예요,주의,주의,적합,적합,주의,27.17,16.254,63.9,6.514,0.0,0.0,9.481,18.833,0.039,0.018,0.003,0.392
11110,종로구,2023-09-24,90.9,90.9,아주좋음,실외 활동하기 아주 좋은 날씨예요,적합,주의,적합,적합,주의,25.671,17.386,56.4,7.204,0.0,0.0,4.63,11.728,0.04,0.009,0.002,0.289
11110,종로구,2023-09-25,90.4,90.4,아주좋음,실외 활동하기 아주 좋은 날씨예요,적합,주의,적합,적합,주의,25.814,17.375,66.4,5.436,1.693,0.036,4.464,13.514,0.034,0.018,0.002,0.347
11110,종로구,2023-09-26,74.0,74.0,좋음,"실외 활동에 좋은 날씨예요 · 비 소식, 우산 챙기세요",적합,위험,적합,주의,적합,20.921,18.343,95.8,5.143,23.189,0.218,3.185,6.812,0.022,0.019,0.002,0.401
11110,종로구,2023-09-27,84.6,84.6,좋음,"실외 활동에 좋은 날씨예요 · 비 소식, 우산 챙기세요",적합,해로움,적합,적합,적합,23.539,19.671,90.1,4.4,5.907,0.05,5.06,10.81,0.019,0.019,0.002,0.427
11110,종로구,2023-09-28,84.4,84.4,좋음,실외 활동에 좋은 날씨예요,주의,주의,적합,적합,주의,27.131,19.067,78.3,5.996,0.0,0.0,31.777,47.341,0.07,0.013,0.003,0.622
11110,종로구,2023-09-29,90.9,90.9,아주좋음,실외 활동하기 아주 좋은 날씨예요,주의,주의,적합,적합,주의,26.867,17.344,61.5,4.996,0.0,0.0,18.618,34.274,0.056,0.014,0.003,0.53
11110,종로구,2023-09-30,83.9,83.9,좋음,실외 활동에 좋은 날씨예요,적합,주의,적합,적합,주의,22.5,16.822,77.0,7.693,2.556,0.156,12.479,27.599,0.054,0.012,0.003,0.419
11110,종로구,2023-10-01,90.5,90.5,아주좋음,실외 활동하기 아주 좋은 날씨예요,적합,적합,적합,적합,주의,23.93,13.978,59.5,7.604,0.0,0.0,8.712,25.549,0.043,0.01,0.003,0.335
11110,종로구,2023-10-02,91.1,91.1,아주좋음,실외 활동하기 아주 좋은 날씨예요,적합,적합,적합,적합,주의,24.574,12.204,53.8,7.048,0.0,0.0,8.668,18.371,0.042,0.018,0.003,0.38
11110,종로구,2023-10-03,92.9,92.9,아주좋음,실외 활동하기 아주 좋은 날씨예요,적합,주의,적합,적합,주의,22.47,13.581,66.3,4.667,0.0,0.0,10.833,20.111,0.033,0.02,0.003,0.426
11110,종로구,2023-10-04,75.3,75.3,좋음,"실외 활동에 좋은 날씨예요 · 비 소식, 우산 챙기세요",적합,주의,주의,주의,주의,23.526,13.556,75.5,9.044,16.804,0.433,12.657,22.655,0.047,0.022,0.003,0.451
11110,종로구,2023-10-05,88.8,88.8,아주좋음,실외 활동하기 아주 좋은 날씨예요,적합,적합,주의,적합,주의,19.241,10.744,46.1,8.567,0.0,0.0,6.483,32.55,0.037,0.012,0.003,0.31
11110,종로구,2023-10-06,93.0,93.0,아주좋음,실외 활동하기 아주 좋은 날씨예요,적합,적합,적합,적합,주의,21.326,9.199,55.3,5.4,0.0,0.0,9.425,24.016,0.031,0.024,0.003,0.428
11110,종로구,2023-10-07,92.6,92.6,아주좋음,실외 활동하기 아주 좋은 날씨예요,적합,주의,적합,적합,주의,21.181,11.339,62.6,5.456,0.0,0.0,11.34,22.758,0.032,0.021,0.003,0.424
11110,종로구,2023-10-08,92.2,92.2,아주좋음,실외 활동하기 아주 좋은 날씨예요,적합,주의,적합,적합,적합,19.507,14.741,67.1,5.522,0.0,0.0,5.398,11.609,0.029,0.012,0.002,0.347
11110,종로구,2023-10-09,90.7,90.7,아주좋음,실외 활동하기 아주 좋은 날씨예요,적합,주의,적합,적합,주의,22.011,13.563,68.1,5.844,0.544,0.026,5.703,12.643,0.035,0.015,0.002,0.351
11110,종로구,2023-10-10,92.0,92.0,아주좋음,실외 활동하기 아주 좋은 날씨예요,적합,주의,적합,적합,주의,23.311,11.63,67.1,5.244,0.0,0.0,11.376,21.556,0.034,0.021,0.003,0.442
11110,종로구,2023-10-11,92.9,92.9,아주좋음,실외 활동하기 아주 좋은 날씨예요,적합,적합,적합,적합,주의,23.944,12.423,57.5,5.169,0.0,0.0,14.933,26.023,0.036,0.029,0.003,0.487
11110,종로구,2023-10-12,92.8,92.8,아주좋음,실외 활동하기 아주 좋은 날씨예요,적합,주의,적합,적합,주의,24.304,11.66,62.4,4.188,0.0,0.0,16.607,28.043,0.047,0.03,0.003,0.495
11110,종로구,2023-10-13,91.4,91.4,아주좋음,실외 활동하기 아주 좋은 날씨예요,적합,주의,적합,적합,주의,21.778,14.015,69.6,4.089,0.0,0.0,21.905,35.426,0.041,0.033,0.003,0.536
11110,종로구,2023-10-14,85.4,85.4,아주좋음,실외 활동하기 아주 좋은 날씨예요,적합,해로움,적합,적합,주의,18.375,12.407,84.9,4.396,3.457,0.079,19.624,28.029,0.032,0.029,0.003,0.544
11110,종로구,2023-10-15,86.5,86.5,아주좋음,실외 활동하기 아주 좋은 날씨예요,적합,주의,적합,적합,주의,21.382,11.094,80.0,6.568,0.018,0.0,16.759,25.636,0.055,0.018,0.003,0.526
11110,종로구,2023-10-16,91.0,91.0,아주좋음,실외 활동하기 아주 좋은 날씨예요,적합,적합,적합,적합,주의,19.889,10.168,57.0,6.043,0.0,0.0,18.735,44.541,0.046,0.019,0.003,0.485
11110,종로구,2023-10-17,92.2,92.2,아주좋음,실외 활동하기 아주 좋은 날씨예요,주의,적합,적합,적합,주의,20.9,7.108,55.6,4.696,0.0,0.0,14.06,34.426,0.037,0.03,0.003,0.502
11110,종로구,2023-10-18,89.7,89.7,아주좋음,실외 활동하기 아주 좋은 날씨예요,주의,주의,적합,적합,주의,21.707,8.752,67.0,6.263,0.0,0.0,17.163,32.986,0.045,0.03,0.003,0.547
11110,종로구,2023-10-19,79.9,79.9,좋음,"실외 활동에 좋은 날씨예요 · 비 소식, 우산 챙기세요",적합,해로움,적합,적합,주의,18.321,14.696,82.5,6.846,8.668,0.268,18.464,30.501,0.038,0.029,0.003,0.549
11110,종로구,2023-10-20,87.5,87.5,아주좋음,실외 활동하기 아주 좋은 날씨예요,주의,적합,주의,적합,적합,15.632,6.49,46.9,10.364,0.0,0.0,6.693,21.275,0.03,0.012,0.003,0.34
11110,종로구,2023-10-21,86.2,86.2,아주좋음,실외 활동하기 아주 좋은 날씨예요,주의,적합,주의,적합,주의,16.844,4.23,54.8,9.152,1.356,0.041,6.912,18.988,0.032,0.017,0.003,0.389
11110,종로구,2023-10-22,88.8,88.8,아주좋음,실외 활동하기 아주 좋은 날씨예요,주의,주의,적합,적합,주의,18.722,4.829,67.3,5.826,0.0,0.0,10.571,23.837,0.038,0.021,0.003,0.464
11110,종로구,2023-10-23,89.4,89.4,아주좋음,실외 활동하기 아주 좋은 날씨예요,적합,주의,적합,적합,주의,21.138,10.75,73.8,5.365,0.0,0.0,16.518,31.595,0.047,0.031,0.003,0.547
11110,종로구,2023-10-24,88.4,88.4,아주좋음,실외 활동하기 아주 좋은 날씨예요,적합,주의,적합,적합,주의,19.781,11.188,78.5,5.241,0.0,0.0,21.273,34.29,0.039,0.033,0.003,0.563
11110,종로구,2023-10-25,89.1,89.1,아주좋음,실외 활동하기 아주 좋은 날씨예요,적합,주의,적합,적합,주의,21.742,11.977,78.6,4.081,0.0,0.0,23.47,36.953,0.049,0.034,0.003,0.584
11110,종로구,2023-10-26,83.1,83.1,좋음,실외 활동에 좋은 날씨예요,적합,주의,적합,적합,주의,21.388,14.042,79.4,7.285,1.446,0.0,33.262,49.368,0.061,0.028,0.003,0.556
11110,종로구,2023-10-27,90.2,90.2,아주좋음,실외 활동하기 아주 좋은 날씨예요,적합,주의,적합,적합,주의,20.119,11.96,71.1,5.344,0.0,0.0,15.842,30.167,0.047,0.021,0.003,0.474
11110,종로구,2023-10-28,92.9,92.9,아주좋음,실외 활동하기 아주 좋은 날씨예요,적합,주의,적합,적합,주의,20.519,9.279,62.9,4.204,0.0,0.0,19.236,36.459,0.034,0.031,0.003,0.595
11110,종로구,2023-10-29,92.9,92.9,아주좋음,실외 활동하기 아주 좋은 날씨예요,적합,주의,적합,적합,주의,21.265,9.399,61.6,4.463,0.0,0.0,17.624,30.361,0.043,0.025,0.003,0.522
11110,종로구,2023-10-30,89.7,89.7,아주좋음,실외 활동하기 아주 좋은 날씨예요,적합,주의,적합,적합,주의,21.365,9.782,72.0,4.459,0.0,0.0,25.669,43.806,0.044,0.037,0.003,0.6
11110,종로구,2023-10-31,87.0,87.0,아주좋음,실외 활동하기 아주 좋은 날씨예요,적합,주의,적합,적합,주의,20.558,11.892,76.0,5.533,0.0,0.0,29.979,49.101,0.053,0.03,0.003,0.568
11110,종로구,2023-11-01,85.1,85.1,아주좋음,실외 활동하기 아주 좋은 날씨예요,적합,해로움,적합,적합,주의,20.838,16.558,81.8,7.1,0.0,0.0,24.828,47.334,0.055,0.021,0.003,0.462
11110,종로구,2023-11-02,86.6,86.6,아주좋음,실외 활동하기 아주 좋은 날씨예요,적합,주의,주의,적합,주의,25.867,17.781,70.9,8.056,0.0,0.0,18.668,39.132,0.057,0.018,0.003,0.436
11110,종로구,2023-11-03,83.9,83.9,좋음,실외 활동에 좋은 날씨예요,적합,해로움,적합,적합,주의,22.537,17.056,83.3,7.633,2.0,0.0,15.803,34.205,0.04,0.019,0.003,0.401
11110,종로구,2023-11-04,87.9,87.9,아주좋음,실외 활동하기 아주 좋은 날씨예요,적합,주의,적합,적합,주의,20.979,14.046,75.5,5.679,0.0,0.0,18.041,48.396,0.029,0.017,0.003,0.46
11110,종로구,2023-11-05,75.5,75.5,좋음,"실외 활동에 좋은 날씨예요 · 비 소식, 우산 챙기세요",적합,해로움,주의,주의,적합,21.118,14.65,87.0,8.968,14.05,0.0,9.388,14.586,0.029,0.012,0.002,0.385
11110,종로구,2023-11-06,54.7,54.7,주의,"가벼운 실외 활동은 괜찮아요 — 비 많음, 우산 필수",주의,해로움,주의,해로움,주의,19.689,4.308,84.9,13.586,51.046,0.0,7.607,21.158,0.033,0.01,0.002,0.377
11110,종로구,2023-11-07,82.0,82.0,좋음,실외 활동에 좋은 날씨예요,주의,주의,주의,적합,주의,9.933,0.945,62.5,12.215,0.232,0.0,7.708,21.452,0.033,0.016,0.002,0.35
11110,종로구,2023-11-08,90.0,90.0,아주좋음,실외 활동하기 아주 좋은 날씨예요,주의,적합,적합,적합,주의,15.879,1.605,55.1,4.246,0.0,0.0,12.631,26.312,0.018,0.036,0.003,0.593
11110,종로구,2023-11-09,82.1,82.1,좋음,실외 활동에 좋은 날씨예요,주의,주의,주의,적합,주의,18.707,5.445,73.1,8.154,4.539,0.0,16.929,31.237,0.027,0.033,0.003,0.627
11110,종로구,2023-11-10,84.9,84.9,좋음,실외 활동에 좋은 날씨예요,해로움,적합,주의,적합,적합,9.307,-2.607,53.1,8.564,0.0,0.0,9.099,17.643,0.03,0.013,0.002,0.352
11110,종로구,2023-11-11,87.0,87.0,아주좋음,실외 활동하기 아주 좋은 날씨예요,해로움,적합,적합,적합,적합,6.782,-3.319,47.9,6.421,0.0,0.0,10.352,19.677,0.027,0.017,0.003,0.378
11110,종로구,2023-11-12,85.7,85.7,아주좋음,실외 활동하기 아주 좋은 날씨예요,해로움,적합,적합,적합,주의,5.482,-3.598,53.8,7.15,0.0,0.0,10.922,19.756,0.033,0.012,0.002,0.368
11110,종로구,2023-11-13,86.6,86.6,아주좋음,실외 활동하기 아주 좋은 날씨예요,해로움,적합,적합,적합,적합,7.018,-3.531,54.0,6.4,0.0,0.0,13.344,24.765,0.028,0.022,0.003,0.444
11110,종로구,2023-11-14,86.3,86.3,아주좋음,실외 활동하기 아주 좋은 날씨예요,해로움,주의,적합,적합,주의,10.919,-1.32,66.1,5.674,0.0,0.0,15.477,28.077,0.024,0.031,0.003,0.53
11110,종로구,2023-11-15,83.8,83.8,좋음,실외 활동에 좋은 날씨예요,주의,주의,적합,적합,주의,12.296,1.639,71.4,5.844,0.0,0.0,29.424,45.859,0.021,0.04,0.003,0.734
11110,종로구,2023-11-16,74.9,74.9,좋음,"실외 활동에 좋은 날씨예요 · 비 소식, 우산 챙기세요",주의,해로움,적합,적합,주의,8.204,4.744,85.0,6.271,8.264,0.0,34.335,45.7,0.011,0.038,0.003,0.657
11110,종로구,2023-11-17,84.0,84.0,좋음,실외 활동에 좋은 날씨예요,해로움,적합,주의,적합,적합,6.371,-4.547,59.3,9.693,0.089,0.0,9.291,19.381,0.021,0.018,0.003,0.402
11110,종로구,2023-11-18,82.1,82.1,좋음,"실외 활동에 좋은 날씨예요 · 쌀쌀해요, 옷 챙기세요",해로움,적합,주의,적합,적합,5.804,-6.988,58.9,10.125,0.0,0.0,13.524,22.929,0.029,0.013,0.003,0.407
11110,종로구,2023-11-19,81.3,81.3,좋음,실외 활동에 좋은 날씨예요,해로움,주의,주의,적합,주의,13.929,-1.865,68.3,8.8,0.0,0.0,23.866,41.177,0.033,0.025,0.003,0.569
11110,종로구,2023-11-20,89.4,89.4,아주좋음,실외 활동하기 아주 좋은 날씨예요,주의,적합,적합,적합,주의,12.354,1.109,58.4,4.586,0.0,0.0,18.035,32.524,0.028,0.034,0.003,0.642
11110,종로구,2023-11-21,88.3,88.3,아주좋음,실외 활동하기 아주 좋은 날씨예요,주의,적합,적합,적합,주의,14.637,0.943,59.6,3.981,0.0,0.0,22.327,37.875,0.014,0.047,0.004,0.777
11110,종로구,2023-11-22,85.6,85.6,아주좋음,실외 활동하기 아주 좋은 날씨예요,주의,주의,적합,적합,주의,14.537,2.129,68.1,5.23,0.0,0.0,27.49,43.035,0.023,0.045,0.004,0.728
11110,종로구,2023-11-23,75.8,75.8,좋음,실외 활동에 좋은 날씨예요 · 미세먼지 주의,해로움,주의,주의,적합,해로움,14.785,-0.212,71.1,10.741,0.075,0.0,48.086,91.653,0.035,0.023,0.003,0.671
11110,종로구,2023-11-24,82.7,82.7,좋음,"실외 활동에 좋은 날씨예요 · 쌀쌀해요, 옷 챙기세요",해로움,적합,주의,적합,적합,2.589,-8.168,51.8,9.364,0.0,0.0,7.879,16.787,0.028,0.012,0.002,0.316
11110,종로구,2023-11-25,87.0,87.0,아주좋음,"실외 활동하기 아주 좋은 날씨예요 · 쌀쌀해요, 옷 챙기세요",해로움,적합,적합,적합,적합,3.504,-7.111,42.8,5.293,0.0,0.0,9.286,19.116,0.026,0.022,0.003,0.406
11110,종로구,2023-11-26,89.7,89.7,아주좋음,실외 활동하기 아주 좋은 날씨예요,해로움,적합,적합,적합,주의,7.654,-0.192,43.6,4.05,0.0,0.0,15.531,25.118,0.021,0.031,0.003,0.481
11110,종로구,2023-11-27,78.7,78.7,좋음,실외 활동에 좋은 날씨예요,주의,해로움,주의,적합,주의,9.496,3.177,82.9,8.256,2.575,0.0,24.907,40.982,0.022,0.031,0.003,0.571
11110,종로구,2023-11-28,83.6,83.6,좋음,실외 활동에 좋은 날씨예요,해로움,적합,주의,적합,주의,5.582,-3.727,57.5,8.879,0.0,0.0,17.783,30.45,0.028,0.017,0.003,0.435
11110,종로구,2023-11-29,83.2,83.2,좋음,"실외 활동에 좋은 날씨예요 · 쌀쌀해요, 옷 챙기세요",해로움,적합,주의,적합,적합,3.421,-6.496,58.9,9.2,0.0,0.0,9.027,18.655,0.028,0.025,0.003,0.42
11110,종로구,2023-11-30,83.0,83.0,좋음,"실외 활동에 좋은 날씨예요 · 쌀쌀해요, 옷 챙기세요",해로움,적합,적합,적합,주의,-0.2,-10.251,48.5,7.907,0.0,0.0,7.49,18.288,0.031,0.015,0.002,0.344
11110,종로구,2023-12-01,82.4,82.4,좋음,"실외 활동에 좋은 날씨예요 · 쌀쌀해요, 옷 챙기세요",해로움,적합,적합,적합,적합,0.9,-8.481,55.3,6.93,0.0,0.0,10.999,24.231,0.027,0.024,0.003,0.456
11110,종로구,2023-12-02,80.7,80.7,좋음,"실외 활동에 좋은 날씨예요 · 쌀쌀해요, 옷 챙기세요",해로움,주의,주의,적합,주의,7.578,-6.307,60.8,9.03,0.0,0.0,19.24,35.425,0.024,0.033,0.003,0.566
11110,종로구,2023-12-03,84.2,84.2,좋음,실외 활동에 좋은 날씨예요,해로움,적합,적합,적합,주의,5.881,-3.307,56.3,5.504,0.0,0.0,22.893,38.224,0.027,0.025,0.003,0.582
11110,종로구,2023-12-04,84.5,84.5,좋음,실외 활동에 좋은 날씨예요,해로움,적합,적합,적합,주의,8.642,-3.238,59.5,3.788,0.0,0.0,25.834,42.348,0.014,0.046,0.003,0.762
11110,종로구,2023-12-05,87.4,87.4,아주좋음,실외 활동하기 아주 좋은 날씨예요,주의,적합,적합,적합,주의,12.096,2.779,55.4,4.241,0.0,0.0,27.658,44.561,0.017,0.048,0.004,0.723
11110,종로구,2023-12-06,75.1,75.1,좋음,실외 활동에 좋은 날씨예요 · 미세먼지 주의,주의,주의,적합,적합,해로움,9.233,2.463,76.1,7.733,2.363,0.0,46.435,66.691,0.017,0.044,0.003,0.788
11110,종로구,2023-12-07,78.2,78.2,좋음,실외 활동에 좋은 날씨예요,해로움,주의,주의,적합,해로움,11.7,-1.088,64.0,9.481,0.0,0.0,16.77,64.192,0.027,0.027,0.003,0.499
11110,종로구,2023-12-08,75.8,75.8,좋음,실외 활동에 좋은 날씨예요 · 미세먼지 주의,주의,주의,주의,적합,해로움,17.162,4.304,73.4,11.169,0.0,0.0,22.761,82.868,0.05,0.028,0.003,0.533
11110,종로구,2023-12-09,81.6,81.6,좋음,실외 활동에 좋은 날씨예요,적합,해로움,적합,적합,주의,16.452,10.845,82.9,6.089,0.0,0.0,32.026,73.729,0.05,0.028,0.003,0.608
11110,종로구,2023-12-10,84.8,84.8,좋음,실외 활동에 좋은 날씨예요,주의,주의,적합,적합,주의,15.322,5.749,67.9,5.477,0.0,0.0,33.822,76.361,0.028,0.025,0.003,0.647
11110,종로구,2023-12-11,70.7,70.7,좋음,"실외 활동에 좋은 날씨예요 · 비 소식, 우산 챙기세요",주의,해로움,주의,주의,적합,12.407,2.743,82.9,11.804,11.774,0.0,2.562,6.049,0.026,0.014,0.002,0.353
11110,종로구,2023-12-12,80.2,80.2,좋음,실외 활동에 좋은 날씨예요,주의,주의,주의,적합,적합,9.341,1.338,75.6,9.422,0.404,0.0,3.345,8.977,0.027,0.021,0.002,0.419
11110,종로구,2023-12-13,83.8,83.8,좋음,실외 활동에 좋은 날씨예요,주의,주의,적합,적합,적합,10.663,1.182,74.1,4.915,0.0,0.0,6.63,15.051,0.012,0.03,0.003,0.529
11110,종로구,2023-12-14,71.7,71.7,좋음,"실외 활동에 좋은 날씨예요 · 비 소식, 우산 챙기세요",주의,해로움,주의,주의,적합,9.304,4.619,85.8,8.586,16.75,0.0,5.103,9.769,0.02,0.021,0.002,0.408
11110,종로구,2023-12-15,60.8,60.8,무난,"실외 활동하기 무난해요 — 비 많음, 우산 필수",주의,위험,주의,주의,적합,6.604,2.061,95.4,8.693,31.736,0.0,2.973,5.873,0.028,0.019,0.002,0.371
11110,종로구,2023-12-16,55.0,69.9,주의,"⚠️ 한파, 한랭질환 주의 — 실외 활동에 주의하세요",위험,주의,해로움,적합,주의,4.056,-15.725,68.9,14.4,1.589,0.0,9.207,18.624,0.033,0.01,0.002,0.369
11110,종로구,2023-12-17,55.0,76.6,주의,"⚠️ 한파, 한랭질환 주의 — 실외 활동에 주의하세요",위험,적합,주의,적합,주의,-6.086,-17.291,48.9,9.743,0.0,0.0,6.941,14.29,0.033,0.01,0.002,0.345
11110,종로구,2023-12-18,55.0,80.9,주의,"⚠️ 한파, 한랭질환 주의 — 실외 활동에 주의하세요",위험,적합,적합,적합,적합,-3.429,-13.907,45.1,5.907,0.0,0.0,7.316,15.479,0.028,0.024,0.002,0.416
11110,종로구,2023-12-19,81.3,81.3,좋음,"실외 활동에 좋은 날씨예요 · 쌀쌀해요, 옷 챙기세요",해로움,주의,적합,적합,주의,0.146,-8.693,63.1,5.054,0.046,0.0,15.609,26.422,0.02,0.039,0.002,0.578
11110,종로구,2023-12-20,55.0,73.7,주의,"⚠️ 한파, 한랭질환 주의 — 실외 활동에 주의하세요",위험,주의,주의,적합,주의,-2.389,-16.477,64.1,8.764,0.225,0.0,26.698,41.699,0.029,0.017,0.002,0.515
11110,종로구,2023-12-21,55.0,77.0,주의,"⚠️ 한파, 한랭질환 주의 — 실외 활동에 주의하세요",위험,적합,주의,적합,적합,-8.118,-19.345,57.4,8.289,0.0,0.0,12.462,20.497,0.029,0.015,0.002,0.4
11110,종로구,2023-12-22,55.0,76.9,주의,"⚠️ 한파, 한랭질환 주의 — 실외 활동에 주의하세요",위험,적합,주의,적합,적합,-7.879,-19.169,51.8,8.757,0.0,0.0,11.179,21.44,0.027,0.018,0.002,0.414
11110,종로구,2023-12-23,55.0,81.3,주의,"⚠️ 한파, 한랭질환 주의 — 실외 활동에 주의하세요",위험,적합,적합,적합,주의,-1.579,-13.415,53.4,3.914,0.0,0.0,18.799,30.085,0.019,0.038,0.003,0.619
11110,종로구,2023-12-24,77.6,77.6,좋음,"실외 활동에 좋은 날씨예요 · 쌀쌀해요, 옷 챙기세요",해로움,주의,적합,적합,주의,1.882,-6.799,73.4,4.264,0.2,0.0,28.061,35.653,0.019,0.039,0.003,0.66
11110,종로구,2023-12-25,74.0,74.0,좋음,실외 활동에 좋은 날씨예요,해로움,해로움,적합,적합,주의,2.421,-4.03,80.8,5.425,0.418,0.0,34.69,43.237,0.026,0.036,0.003,0.709
11110,종로구,2023-12-26,75.8,75.8,좋음,실외 활동에 좋은 날씨예요,해로움,주의,적합,적합,해로움,7.089,-3.408,72.9,7.404,0.0,0.0,35.159,48.518,0.023,0.047,0.003,0.867
11110,종로구,2023-12-27,74.9,74.9,좋음,실외 활동에 좋은 날씨예요 · 미세먼지 주의,해로움,주의,적합,적합,해로움,6.557,-3.517,76.6,3.457,0.0,0.0,57.141,76.645,0.013,0.054,0.004,1.058
11110,종로구,2023-12-28,77.5,77.5,좋음,실외 활동에 좋은 날씨예요 · 미세먼지 주의,해로움,주의,적합,적합,해로움,5.043,-2.822,69.5,6.179,0.0,0.0,40.352,52.387,0.018,0.045,0.004,0.896
11110,종로구,2023-12-29,79.4,79.4,좋음,실외 활동에 좋은 날씨예요,해로움,주의,적합,적합,주의,5.057,-2.247,71.0,4.714,0.0,0.0,32.672,43.104,0.017,0.039,0.003,0.747
11110,종로구,2023-12-30,66.2,66.2,무난,"실외 활동하기 무난해요 — 비 소식, 우산 챙기세요",해로움,해로움,적합,적합,주의,2.489,-2.549,92.0,5.064,8.718,0.0,31.524,39.956,0.014,0.036,0.003,0.695
11110,종로구,2023-12-31,68.3,68.3,무난,"실외 활동하기 무난해요 — 비 소식, 우산 챙기세요",해로움,위험,적합,적합,주의,4.811,-1.081,95.5,7.268,6.007,0.0,17.925,23.19,0.025,0.028,0.003,0.752
11110,종로구,2024-01-01,77.9,77.9,좋음,실외 활동에 좋은 날씨예요,해로움,해로움,적합,적합,주의,6.9,-1.116,83.4,4.896,0.0,0.0,19.857,25.047,0.023,0.03,0.003,0.781
11110,종로구,2024-01-02,81.5,81.5,좋음,실외 활동에 좋은 날씨예요,주의,주의,적합,적합,주의,4.564,1.16,72.6,4.718,0.0,0.0,28.925,40.256,0.025,0.026,0.003,0.566
11110,종로구,2024-01-03,75.3,75.3,좋음,실외 활동에 좋은 날씨예요,해로움,해로움,적합,적합,주의,4.163,-1.6,80.4,6.589,0.557,0.0,29.587,42.672,0.023,0.031,0.003,0.593
11110,종로구,2024-01-04,76.3,76.3,좋음,실외 활동에 좋은 날씨예요,해로움,주의,적합,적합,해로움,4.912,-4.537,74.3,5.207,0.0,0.0,35.992,52.494,0.025,0.036,0.003,0.743
11110,종로구,2024-01-05,73.7,73.7,좋음,실외 활동에 좋은 날씨예요 · 미세먼지 주의,해로움,주의,적합,적합,해로움,9.372,-0.411,77.1,7.235,0.0,0.0,55.88,82.387,0.033,0.034,0.003,0.797
11110,종로구,2024-01-06,82.4,82.4,좋음,실외 활동에 좋은 날씨예요,해로움,주의,적합,적합,적합,5.059,-4.145,63.9,6.863,0.978,0.0,13.101,25.452,0.026,0.021,0.003,0.46
11110,종로구,2024-01-07,55.0,78.7,주의,"⚠️ 한파, 한랭질환 주의 — 실외 활동에 주의하세요",해로움,적합,주의,적합,적합,-0.87,-12.311,57.4,10.044,0.0,0.0,13.552,24.085,0.029,0.012,0.003,0.446
11110,종로구,2024-01-08,82.3,82.3,좋음,"실외 활동에 좋은 날씨예요 · 쌀쌀해요, 옷 챙기세요",해로움,적합,적합,적합,적합,-0.068,-11.182,57.8,5.504,0.0,0.0,13.215,24.001,0.022,0.029,0.003,0.542
11110,종로구,2024-01-09,75.8,75.8,좋음,실외 활동에 좋은 날씨예요,해로움,해로움,적합,적합,주의,0.529,-2.657,84.0,3.825,1.004,0.0,25.315,34.663,0.005,0.043,0.003,0.687
11110,종로구,2024-01-10,70.5,70.5,좋음,실외 활동에 좋은 날씨예요 · 미세먼지 주의,해로움,해로움,적합,적합,해로움,3.393,-4.875,85.9,4.296,0.0,0.0,55.432,69.262,0.011,0.041,0.003,0.818
11110,종로구,2024-01-11,72.1,72.1,좋음,실외 활동에 좋은 날씨예요 · 미세먼지 주의,해로움,해로움,적합,적합,해로움,4.8,-4.253,80.6,5.996,0.0,0.0,49.557,64.004,0.014,0.041,0.003,0.707
11110,종로구,2024-01-12,80.7,80.7,좋음,실외 활동에 좋은 날씨예요,해로움,주의,적합,적합,주의,4.775,-3.05,61.6,6.564,0.0,0.0,34.297,55.09,0.027,0.027,0.003,0.573
11110,종로구,2024-01-13,85.4,85.4,아주좋음,실외 활동하기 아주 좋은 날씨예요,해로움,적합,적합,적합,주의,5.629,-4.178,44.3,4.775,0.0,0.0,13.373,27.611,0.023,0.033,0.003,0.581
11110,종로구,2024-01-14,75.5,75.5,좋음,실외 활동에 좋은 날씨예요,해로움,주의,적합,적합,주의,3.496,-5.007,74.5,7.157,2.307,0.0,23.387,33.304,0.023,0.035,0.003,0.743
11110,종로구,2024-01-15,82.5,82.5,좋음,"실외 활동에 좋은 날씨예요 · 쌀쌀해요, 옷 챙기세요",해로움,적합,적합,적합,적합,1.1,-9.266,51.3,6.275,0.0,0.0,10.153,23.596,0.029,0.02,0.003,0.421
11110,종로구,2024-01-16,83.2,83.2,좋음,"실외 활동에 좋은 날씨예요 · 쌀쌀해요, 옷 챙기세요",해로움,적합,적합,적합,주의,3.821,-8.074,49.8,4.396,0.0,0.0,18.106,33.626,0.025,0.039,0.003,0.656
11110,종로구,2024-01-17,72.7,72.7,좋음,"실외 활동에 좋은 날씨예요 · 비 소식, 우산 챙기세요",해로움,주의,적합,적합,주의,1.843,-3.465,78.5,4.021,7.579,0.0,26.987,37.343,0.004,0.047,0.003,0.805
11110,종로구,2024-01-18,77.5,77.5,좋음,실외 활동에 좋은 날씨예요,해로움,해로움,적합,적합,주의,9.411,-0.119,81.5,6.707,0.411,0.0,20.337,26.386,0.025,0.029,0.003,0.579
11110,종로구,2024-01-19,84.2,84.2,좋음,실외 활동에 좋은 날씨예요,주의,주의,주의,적합,주의,8.879,1.56,65.4,8.625,0.0,0.0,8.085,14.378,0.032,0.018,0.003,0.42
11110,종로구,2024-01-20,80.0,80.0,좋음,실외 활동에 좋은 날씨예요,해로움,주의,주의,적합,주의,5.05,-1.355,69.5,9.436,0.496,0.0,2.342,5.702,0.033,0.013,0.002,0.326
11110,종로구,2024-01-21,78.0,78.0,좋음,실외 활동에 좋은 날씨예요,해로움,주의,적합,적합,주의,4.237,-4.708,75.8,7.586,0.104,0.0,9.461,13.779,0.031,0.016,0.002,0.399
11110,종로구,2024-01-22,55.0,73.7,주의,"⚠️ 한파, 한랭질환 주의 — 실외 활동에 주의하세요",위험,주의,주의,적합,주의,-2.329,-17.358,65.6,9.771,0.007,0.0,19.909,31.094,0.03,0.012,0.002,0.407
11110,종로구,2024-01-23,55.0,75.3,주의,"⚠️ 한파, 한랭질환 주의 — 실외 활동에 주의하세요",위험,적합,주의,적합,주의,-8.154,-19.722,53.6,10.4,0.0,0.0,11.745,22.201,0.03,0.012,0.003,0.361
11110,종로구,2024-01-24,55.0,76.8,주의,"⚠️ 한파, 한랭질환 주의 — 실외 활동에 주의하세요",위험,적합,주의,적합,주의,-3.646,-16.149,52.0,10.2,0.0,0.0,11.244,24.033,0.031,0.014,0.003,0.394
11110,종로구,2024-01-25,55.0,81.2,주의,"⚠️ 한파, 한랭질환 주의 — 실외 활동에 주의하세요",해로움,적합,적합,적합,적합,-0.346,-12.195,47.8,6.457,0.0,0.0,12.607,23.29,0.027,0.022,0.003,0.45
11110,종로구,2024-01-26,80.6,80.6,좋음,"실외 활동에 좋은 날씨예요 · 쌀쌀해요, 옷 챙기세요",해로움,주의,적합,적합,주의,3.957,-7.909,62.5,6.179,0.0,0.0,22.921,35.308,0.022,0.039,0.003,0.645
11110,종로구,2024-01-27,75.9,75.9,좋음,실외 활동에 좋은 날씨예요 · 미세먼지 주의,해로움,주의,적합,적합,해로움,4.575,-5.757,70.0,6.732,0.0,0.0,37.409,51.886,0.035,0.036,0.003,0.746
11110,종로구,2024-01-28,82.1,82.1,좋음,"실외 활동에 좋은 날씨예요 · 쌀쌀해요, 옷 챙기세요",해로움,주의,적합,적합,주의,3.407,-6.172,62.3,5.85,0.0,0.0,21.318,31.334,0.033,0.026,0.003,0.534
11110,종로구,2024-01-29,78.7,78.7,좋음,실외 활동에 좋은 날씨예요,해로움,주의,적합,적합,주의,4.67,-5.952,66.6,5.825,0.0,0.0,31.655,44.839,0.031,0.039,0.003,0.704
11110,종로구,2024-01-30,81.6,81.6,좋음,실외 활동에 좋은 날씨예요 · 미세먼지 주의,해로움,적합,적합,적합,해로움,7.829,-4.644,59.3,3.957,0.0,0.0,41.619,59.823,0.024,0.049,0.003,0.868
11110,종로구,2024-01-31,81.7,81.7,좋음,실외 활동에 좋은 날씨예요 · 미세먼지 주의,해로움,적합,적합,적합,해로움,10.561,-0.715,54.1,6.307,0.0,0.0,41.171,58.746,0.034,0.046,0.004,0.804
11110,종로구,2024-02-01,77.6,77.6,좋음,실외 활동에 좋은 날씨예요 · 미세먼지 주의,해로움,주의,적합,적합,해로움,7.404,-2.75,64.9,5.661,0.0,0.0,59.508,80.53,0.032,0.031,0.003,0.802
11110,종로구,2024-02-02,81.7,81.7,좋음,실외 활동에 좋은 날씨예요,해로움,주의,적합,적합,주의,7.55,-0.798,65.5,5.414,0.0,0.0,32.459,45.734,0.025,0.036,0.003,0.619
11110,종로구,2024-02-03,82.9,82.9,좋음,실외 활동에 좋은 날씨예요,해로움,주의,적합,적합,주의,8.468,-1.738,63.9,5.504,0.0,0.0,25.928,36.451,0.023,0.035,0.003,0.58
11110,종로구,2024-02-04,87.5,87.5,아주좋음,실외 활동하기 아주 좋은 날씨예요,주의,주의,적합,적합,주의,11.278,2.177,60.9,6.185,0.0,0.0,16.582,23.582,0.032,0.025,0.003,0.49
11110,종로구,2024-02-05,72.0,72.0,좋음,실외 활동에 좋은 날씨예요,해로움,해로움,주의,적합,주의,6.611,-3.478,81.8,11.129,2.943,0.0,3.291,6.58,0.034,0.015,0.002,0.326
11110,종로구,2024-02-06,78.3,78.3,좋음,실외 활동에 좋은 날씨예요,해로움,해로움,적합,적합,주의,3.25,-1.393,83.5,5.322,0.061,0.0,10.301,14.982,0.03,0.025,0.002,0.427
11110,종로구,2024-02-07,78.5,78.5,좋음,실외 활동에 좋은 날씨예요,해로움,주의,적합,적합,주의,3.114,-2.248,76.6,5.014,0.0,0.0,26.304,33.334,0.027,0.027,0.002,0.606
11110,종로구,2024-02-08,79.6,79.6,좋음,실외 활동에 좋은 날씨예요,해로움,주의,적합,적합,주의,6.064,-4.096,66.9,5.614,0.0,0.0,31.249,40.936,0.034,0.036,0.003,0.671
11110,종로구,2024-02-09,79.7,79.7,좋음,실외 활동에 좋은 날씨예요,해로움,주의,적합,적합,주의,5.971,-4.023,66.8,7.225,0.0,0.0,25.33,34.847,0.041,0.03,0.003,0.582
11110,종로구,2024-02-10,76.8,76.8,좋음,실외 활동에 좋은 날씨예요 · 미세먼지 주의,해로움,주의,적합,적합,해로움,7.339,-3.017,69.4,7.654,0.0,0.0,36.597,47.623,0.046,0.026,0.003,0.634
11110,종로구,2024-02-11,73.8,73.8,좋음,실외 활동에 좋은 날씨예요 · 미세먼지 주의,해로움,주의,주의,적합,해로움,5.689,-4.667,70.6,8.343,0.0,0.0,49.936,63.708,0.045,0.023,0.003,0.653
11110,종로구,2024-02-12,79.2,79.2,좋음,실외 활동에 좋은 날씨예요 · 미세먼지 주의,해로움,주의,적합,적합,해로움,10.382,-3.882,62.8,5.446,0.0,0.0,47.499,63.804,0.04,0.033,0.003,0.739
11110,종로구,2024-02-13,76.9,76.9,좋음,실외 활동에 좋은 날씨예요 · 미세먼지 주의,주의,주의,주의,적합,해로움,14.5,1.221,70.6,9.425,0.0,0.0,42.695,68.189,0.043,0.039,0.003,0.756
11110,종로구,2024-02-14,83.9,83.9,좋음,실외 활동에 좋은 날씨예요,주의,주의,적합,적합,주의,18.043,8.671,76.4,7.186,0.0,0.0,28.055,47.278,0.034,0.038,0.003,0.687
11110,종로구,2024-02-15,66.5,66.5,무난,"실외 활동하기 무난해요 — 비 소식, 우산 챙기세요",해로움,해로움,주의,적합,주의,11.479,-1.926,89.9,9.975,8.711,0.0,15.121,22.619,0.037,0.018,0.002,0.419
11110,종로구,2024-02-16,81.0,81.0,좋음,실외 활동에 좋은 날씨예요,해로움,주의,적합,적합,주의,7.986,-2.389,72.4,5.646,0.0,0.0,18.082,28.545,0.027,0.03,0.003,0.523
11110,종로구,2024-02-17,78.7,78.7,좋음,실외 활동에 좋은 날씨예요,해로움,주의,적합,적합,주의,11.068,-1.76,73.5,5.161,0.0,0.0,31.227,44.911,0.034,0.038,0.003,0.661
11110,종로구,2024-02-18,69.2,69.2,무난,"실외 활동하기 무난해요 — 비 소식, 우산 챙기세요",해로움,해로움,적합,주의,주의,10.189,-0.245,81.4,6.664,14.111,0.0,25.678,37.18,0.02,0.034,0.003,0.619
11110,종로구,2024-02-19,71.2,71.2,좋음,"실외 활동에 좋은 날씨예요 · 비 소식, 우산 챙기세요",주의,위험,적합,적합,적합,12.111,3.528,95.8,7.681,6.675,0.0,8.657,15.255,0.021,0.03,0.003,0.636
11110,종로구,2024-02-20,75.8,75.8,좋음,실외 활동에 좋은 날씨예요,주의,해로움,주의,적합,주의,7.378,1.482,86.3,8.115,1.911,0.0,15.654,28.345,0.024,0.021,0.002,0.494
11110,종로구,2024-02-21,64.7,64.7,무난,"실외 활동하기 무난해요 — 비 소식, 우산 챙기세요",해로움,해로움,주의,주의,적합,4.348,-2.903,92.5,8.607,14.233,0.0,2.121,4.513,0.03,0.016,0.002,0.351
11110,종로구,2024-02-22,71.1,71.1,좋음,"실외 활동에 좋은 날씨예요 · 비 소식, 우산 챙기세요",해로움,해로움,주의,적합,주의,1.674,-3.333,84.5,8.142,6.011,0.0,2.987,7.005,0.033,0.016,0.002,0.33
11110,종로구,2024-02-23,80.7,80.7,좋음,실외 활동에 좋은 날씨예요,해로움,주의,적합,적합,주의,6.163,-3.581,68.8,7.464,0.104,0.0,4.667,9.974,0.035,0.016,0.002,0.326
11110,종로구,2024-02-24,80.0,80.0,좋음,실외 활동에 좋은 날씨예요,해로움,주의,적합,적합,주의,6.029,-3.709,68.6,7.6,1.171,0.0,7.392,14.45,0.035,0.015,0.002,0.331
11110,종로구,2024-02-25,78.7,78.7,좋음,실외 활동에 좋은 날씨예요,해로움,해로움,적합,적합,주의,6.436,-0.817,80.8,5.621,1.171,0.0,10.651,15.581,0.033,0.017,0.002,0.396
11110,종로구,2024-02-26,83.5,83.5,좋음,실외 활동에 좋은 날씨예요,해로움,주의,적합,적합,주의,9.968,-2.257,65.3,5.657,0.0,0.0,18.323,30.193,0.032,0.026,0.003,0.506
11110,종로구,2024-02-27,84.7,84.7,좋음,실외 활동에 좋은 날씨예요,해로움,적합,적합,적합,주의,9.746,-1.045,52.0,7.789,0.0,0.0,9.417,20.424,0.036,0.02,0.002,0.357
11110,종로구,2024-02-28,88.9,88.9,아주좋음,실외 활동하기 아주 좋은 날씨예요,주의,적합,적합,적합,주의,10.364,2.473,59.5,4.893,0.0,0.0,17.263,34.312,0.029,0.028,0.003,0.429
11110,종로구,2024-02-29,79.4,79.4,좋음,실외 활동에 좋은 날씨예요,해로움,주의,주의,적합,해로움,9.661,-0.78,63.6,8.736,0.0,0.0,35.261,57.218,0.038,0.029,0.003,0.57
11110,종로구,2024-03-01,75.4,75.4,좋음,"실외 활동에 좋은 날씨예요 · 쌀쌀해요, 옷 챙기세요",해로움,주의,주의,적합,주의,0.629,-11.94,38.9,11.821,0.0,0.0,11.136,37.504,0.04,0.009,0.002,0.301
11110,종로구,2024-03-02,55.0,76.1,주의,"⚠️ 한파, 한랭질환 주의 — 실외 활동에 주의하세요",해로움,주의,주의,적합,주의,4.407,-12.207,60.4,11.682,0.0,0.0,13.778,35.448,0.041,0.017,0.003,0.372
11110,종로구,2024-03-03,75.2,75.2,좋음,실외 활동에 좋은 날씨예요 · 미세먼지 주의,해로움,주의,주의,적합,해로움,8.336,-1.947,71.5,9.104,0.0,0.0,63.584,113.361,0.045,0.021,0.003,0.595
11110,종로구,2024-03-04,83.6,83.6,좋음,실외 활동에 좋은 날씨예요 · 미세먼지 주의,해로움,적합,적합,적합,해로움,11.778,-2.076,45.5,4.611,0.0,0.0,37.442,73.038,0.037,0.039,0.003,0.596
11110,종로구,2024-03-05,88.6,88.6,아주좋음,실외 활동하기 아주 좋은 날씨예요,주의,적합,적합,적합,주의,11.178,4.264,45.1,7.511,0.0,0.0,22.172,45.845,0.039,0.031,0.003,0.474
11110,종로구,2024-03-06,87.1,87.1,아주좋음,실외 활동하기 아주 좋은 날씨예요,주의,적합,적합,적합,주의,10.618,1.006,58.8,6.571,0.0,0.0,7.469,15.952,0.037,0.021,0.002,0.382
11110,종로구,2024-03-07,83.5,83.5,좋음,실외 활동에 좋은 날씨예요,해로움,주의,주의,적합,주의,8.4,-0.557,62.4,8.161,0.629,0.0,17.685,31.134,0.038,0.021,0.002,0.405
11110,종로구,2024-03-08,80.6,80.6,좋음,실외 활동에 좋은 날씨예요,해로움,적합,주의,적합,주의,7.059,-3.858,50.6,10.921,0.0,0.0,22.371,44.554,0.043,0.017,0.003,0.415
11110,종로구,2024-03-09,83.1,83.1,좋음,실외 활동에 좋은 날씨예요,해로움,적합,적합,적합,주의,7.289,-4.567,50.8,7.079,0.0,0.0,17.587,33.917,0.04,0.018,0.003,0.398
11110,종로구,2024-03-10,83.6,83.6,좋음,실외 활동에 좋은 날씨예요,해로움,적합,적합,적합,주의,10.752,-2.984,54.0,7.289,0.0,0.0,17.193,30.598,0.045,0.024,0.003,0.435
11110,종로구,2024-03-11,86.0,86.0,아주좋음,실외 활동하기 아주 좋은 날씨예요,주의,주의,적합,적합,주의,11.196,1.247,62.3,6.504,0.0,0.0,18.901,35.688,0.035,0.039,0.003,0.511
11110,종로구,2024-03-12,83.1,83.1,좋음,실외 활동에 좋은 날씨예요,주의,주의,적합,적합,주의,10.285,3.563,78.0,5.2,1.039,0.0,21.312,33.531,0.032,0.036,0.003,0.544
11110,종로구,2024-03-13,82.5,82.5,좋음,실외 활동에 좋은 날씨예요,해로움,적합,주의,적합,주의,12.325,-1.159,57.6,9.35,0.0,0.0,26.784,46.261,0.055,0.028,0.003,0.525
11110,종로구,2024-03-14,84.6,84.6,좋음,실외 활동에 좋은 날씨예요 · 미세먼지 주의,주의,적합,적합,적합,해로움,15.523,1.626,58.3,7.192,0.0,0.0,36.315,61.152,0.052,0.03,0.003,0.496
11110,종로구,2024-03-15,82.7,82.7,좋음,실외 활동에 좋은 날씨예요,주의,주의,적합,적합,주의,14.714,2.352,68.5,7.939,0.0,0.0,31.411,50.53,0.05,0.029,0.003,0.466
11110,종로구,2024-03-16,86.8,86.8,아주좋음,실외 활동하기 아주 좋은 날씨예요,주의,적합,적합,적합,주의,18.704,3.575,54.5,7.411,0.0,0.0,31.284,51.602,0.054,0.03,0.003,0.498
11110,종로구,2024-03-17,81.4,81.4,좋음,실외 활동에 좋은 날씨예요 · 미세먼지 주의,주의,적합,주의,적합,해로움,12.452,2.897,48.0,10.763,0.021,0.0,19.298,93.495,0.051,0.012,0.002,0.334
11110,종로구,2024-03-18,81.2,81.2,좋음,실외 활동에 좋은 날씨예요,해로움,주의,적합,적합,주의,13.577,-0.229,28.6,7.342,0.0,0.0,7.693,22.841,0.039,0.023,0.003,0.35
11110,종로구,2024-03-19,82.5,82.5,좋음,실외 활동에 좋은 날씨예요,주의,주의,주의,적합,주의,10.607,1.464,60.8,12.348,0.079,0.0,25.998,51.057,0.048,0.02,0.003,0.408
11110,종로구,2024-03-20,82.5,82.5,좋음,실외 활동에 좋은 날씨예요,해로움,적합,주의,적합,주의,8.85,-1.373,46.5,10.046,0.0,0.0,23.022,39.925,0.045,0.014,0.002,0.364
11110,종로구,2024-03-21,83.8,83.8,좋음,실외 활동에 좋은 날씨예요,해로움,적합,적합,적합,주의,11.415,-2.026,46.5,7.57,0.0,0.0,20.483,36.528,0.044,0.027,0.003,0.438
11110,종로구,2024-03-22,79.4,79.4,좋음,"실외 활동에 좋은 날씨예요 · 비 소식, 우산 챙기세요",주의,적합,주의,적합,주의,15.693,1.185,57.0,11.463,6.086,0.0,18.411,43.476,0.05,0.028,0.003,0.436
11110,종로구,2024-03-23,89.6,89.6,아주좋음,실외 활동하기 아주 좋은 날씨예요,주의,주의,적합,적합,주의,18.327,8.296,66.0,7.285,0.218,0.0,24.704,57.769,0.053,0.02,0.002,0.442
11110,종로구,2024-03-24,93.0,93.0,아주좋음,실외 활동하기 아주 좋은 날씨예요,주의,적합,적합,적합,주의,23.182,8.984,42.5,6.464,0.0,0.0,16.05,35.497,0.052,0.024,0.003,0.468
11110,종로구,2024-03-25,84.6,84.6,좋음,"실외 활동에 좋은 날씨예요 · 비 소식, 우산 챙기세요",주의,주의,주의,적합,주의,15.037,5.128,63.0,9.333,5.057,0.0,7.491,18.848,0.04,0.018,0.002,0.348
11110,종로구,2024-03-26,72.7,72.7,좋음,"실외 활동에 좋은 날씨예요 · 비 소식, 우산 챙기세요",주의,주의,적합,주의,주의,12.359,0.896,77.3,7.732,12.857,0.0,3.574,8.386,0.042,0.018,0.002,0.34
11110,종로구,2024-03-27,86.9,86.9,아주좋음,실외 활동하기 아주 좋은 날씨예요,주의,주의,적합,적합,주의,16.7,3.876,68.4,6.136,0.0,0.0,15.389,26.6,0.043,0.028,0.003,0.46
11110,종로구,2024-03-28,85.0,85.0,아주좋음,실외 활동하기 아주 좋은 날씨예요,주의,해로움,적합,적합,주의,12.032,7.512,81.8,6.318,1.586,0.0,15.938,31.648,0.034,0.028,0.003,0.48
11110,종로구,2024-03-29,55.0,73.6,주의,"⚠️ 미세먼지 매우 나쁨, 마스크 착용 — 실외 활동에 주의하세요",주의,주의,주의,적합,위험,12.668,2.892,73.0,8.829,1.711,0.0,40.62,231.051,0.04,0.023,0.002,0.463
11110,종로구,2024-03-30,81.6,81.6,좋음,실외 활동에 좋은 날씨예요 · 미세먼지 주의,주의,적합,주의,적합,해로움,16.421,1.493,56.5,8.307,0.0,0.0,22.352,90.864,0.047,0.025,0.003,0.456
11110,종로구,2024-03-31,86.9,86.9,아주좋음,실외 활동하기 아주 좋은 날씨예요,주의,주의,적합,적합,주의,17.446,2.071,39.9,6.532,0.0,0.0,11.54,42.735,0.047,0.017,0.003,0.401
11110,종로구,2024-04-01,85.8,85.8,아주좋음,실외 활동하기 아주 좋은 날씨예요,주의,주의,적합,적합,주의,19.236,4.944,32.0,7.361,0.0,0.0,14.146,45.198,0.048,0.029,0.003,0.436
11110,종로구,2024-04-02,89.5,89.5,아주좋음,실외 활동하기 아주 좋은 날씨예요,주의,주의,적합,적합,주의,24.089,6.467,37.5,6.496,0.0,0.0,23.076,54.017,0.06,0.041,0.003,0.54
11110,종로구,2024-04-03,94.7,94.7,아주좋음,실외 활동하기 아주 좋은 날씨예요,적합,적합,적합,적합,주의,19.0,13.121,55.9,4.779,0.071,0.0,21.649,44.062,0.039,0.038,0.003,0.54
11110,종로구,2024-04-04,93.4,93.4,아주좋음,실외 활동하기 아주 좋은 날씨예요,적합,적합,적합,적합,주의,20.239,12.099,52.1,7.118,0.0,0.0,14.997,33.347,0.05,0.02,0.003,0.395
11110,종로구,2024-04-05,92.0,92.0,아주좋음,실외 활동하기 아주 좋은 날씨예요,적합,적합,적합,적합,주의,18.964,9.594,51.3,7.936,0.0,0.0,20.521,42.481,0.058,0.02,0.003,0.402
11110,종로구,2024-04-06,89.4,89.4,아주좋음,실외 활동하기 아주 좋은 날씨예요 · 미세먼지 주의,주의,적합,적합,적합,해로움,19.279,7.162,48.6,7.154,0.0,0.0,39.074,65.713,0.059,0.033,0.003,0.553
11110,종로구,2024-04-07,87.7,87.7,아주좋음,실외 활동하기 아주 좋은 날씨예요,주의,주의,적합,적합,주의,23.511,7.0,33.4,6.468,0.0,0.0,32.463,55.184,0.076,0.029,0.003,0.545
11110,종로구,2024-04-08,93.0,93.0,아주좋음,실외 활동하기 아주 좋은 날씨예요,적합,적합,적합,적합,주의,22.696,10.183,46.5,5.782,0.0,0.0,28.309,57.087,0.055,0.041,0.003,0.58
11110,종로구,2024-04-09,88.4,88.4,아주좋음,실외 활동하기 아주 좋은 날씨예요,적합,주의,주의,적합,주의,20.646,10.251,32.4,9.979,0.0,0.0,18.289,40.927,0.052,0.018,0.003,0.382
11110,종로구,2024-04-10,91.9,91.9,아주좋음,실외 활동하기 아주 좋은 날씨예요,적합,주의,적합,적합,주의,18.514,9.687,62.6,6.921,0.0,0.0,17.797,43.197,0.056,0.014,0.003,0.357
11110,종로구,2024-04-11,94.2,94.2,아주좋음,실외 활동하기 아주 좋은 날씨예요,적합,주의,적합,적합,주의,21.271,11.506,61.0,4.754,0.0,0.0,21.038,49.772,0.049,0.026,0.003,0.466
11110,종로구,2024-04-12,93.2,93.2,아주좋음,실외 활동하기 아주 좋은 날씨예요,적합,적합,적합,적합,주의,24.271,11.075,59.6,6.418,0.0,0.0,23.685,48.471,0.057,0.03,0.003,0.493
11110,종로구,2024-04-13,90.8,90.8,아주좋음,실외 활동하기 아주 좋은 날씨예요,주의,적합,적합,적합,주의,27.41,10.733,52.4,6.454,0.0,0.0,18.09,40.533,0.057,0.024,0.003,0.428
11110,종로구,2024-04-14,86.2,86.2,아주좋음,실외 활동하기 아주 좋은 날씨예요,주의,적합,적합,적합,주의,29.204,12.55,47.1,7.036,0.0,0.0,22.269,44.61,0.077,0.025,0.003,0.512
11110,종로구,2024-04-15,78.3,78.3,좋음,"실외 활동에 좋은 날씨예요 · 비 소식, 우산 챙기세요",적합,주의,주의,주의,주의,20.329,11.306,77.4,8.282,15.825,0.286,11.599,22.919,0.048,0.02,0.003,0.398
11110,종로구,2024-04-16,81.9,81.9,좋음,실외 활동에 좋은 날씨예요 · 미세먼지 주의,적합,해로움,적합,적합,해로움,18.036,10.567,82.6,6.661,1.957,0.043,28.295,85.07,0.048,0.021,0.003,0.505
11110,종로구,2024-04-17,85.6,85.6,아주좋음,실외 활동하기 아주 좋은 날씨예요 · 미세먼지 주의,주의,주의,적합,적합,위험,22.146,8.662,65.3,6.586,0.0,0.0,41.726,141.53,0.042,0.027,0.003,0.555
11110,종로구,2024-04-18,87.8,87.8,아주좋음,실외 활동하기 아주 좋은 날씨예요 · 미세먼지 주의,적합,적합,적합,적합,위험,25.454,10.058,53.3,7.207,0.0,0.0,27.221,113.564,0.055,0.03,0.003,0.513
11110,종로구,2024-04-19,89.7,89.7,아주좋음,실외 활동하기 아주 좋은 날씨예요 · 미세먼지 주의,적합,적합,적합,적합,해로움,24.632,11.122,51.8,6.582,0.0,0.0,30.33,95.773,0.091,0.031,0.004,0.524
11110,종로구,2024-04-20,82.9,82.9,좋음,실외 활동에 좋은 날씨예요,적합,주의,주의,적합,주의,17.914,12.829,77.3,8.264,4.796,0.043,26.045,59.901,0.06,0.024,0.003,0.512
11110,종로구,2024-04-21,91.3,91.3,아주좋음,실외 활동하기 아주 좋은 날씨예요,적합,주의,주의,적합,주의,21.075,13.257,65.5,8.068,0.0,0.0,6.759,17.409,0.048,0.009,0.002,0.323
11110,종로구,2024-04-22,93.5,93.5,아주좋음,실외 활동하기 아주 좋은 날씨예요,적합,적합,적합,적합,주의,24.007,14.7,49.4,6.921,0.0,0.0,15.88,31.434,0.053,0.015,0.002,0.332
11110,종로구,2024-04-23,92.7,92.7,아주좋음,실외 활동하기 아주 좋은 날씨예요,적합,적합,주의,적합,주의,23.493,12.688,55.0,8.146,0.054,0.0,10.217,21.603,0.052,0.014,0.002,0.321
11110,종로구,2024-04-24,80.4,80.4,좋음,"실외 활동에 좋은 날씨예요 · 비 소식, 우산 챙기세요",적합,해로움,적합,주의,주의,17.186,10.406,80.1,6.961,10.857,0.154,5.566,13.023,0.04,0.014,0.002,0.331
11110,종로구,2024-04-25,88.8,88.8,아주좋음,실외 활동하기 아주 좋은 날씨예요,적합,주의,적합,적합,주의,21.221,9.905,75.6,5.404,0.0,0.0,19.756,32.247,0.064,0.022,0.002,0.458
11110,종로구,2024-04-26,91.7,91.7,아주좋음,실외 활동하기 아주 좋은 날씨예요,주의,주의,적합,적합,주의,26.115,10.936,61.1,5.918,0.0,0.0,26.858,66.53,0.063,0.031,0.003,0.544
11110,종로구,2024-04-27,91.1,91.1,아주좋음,실외 활동하기 아주 좋은 날씨예요,주의,적합,적합,적합,주의,26.682,10.661,56.4,6.704,0.0,0.0,23.917,51.345,0.068,0.027,0.003,0.516
11110,종로구,2024-04-28,87.6,87.6,아주좋음,실외 활동하기 아주 좋은 날씨예요,주의,적합,적합,적합,주의,28.92,11.906,53.5,5.079,0.0,0.0,20.811,38.844,0.086,0.026,0.003,0.518
11110,종로구,2024-04-29,91.9,91.9,아주좋음,실외 활동하기 아주 좋은 날씨예요,적합,적합,적합,적합,주의,25.889,16.4,48.0,7.736,0.0,0.0,19.99,43.369,0.064,0.019,0.003,0.392
11110,종로구,2024-04-30,91.7,91.7,아주좋음,실외 활동하기 아주 좋은 날씨예요,적합,주의,적합,적합,주의,22.443,15.257,62.5,6.061,0.0,0.0,33.417,59.315,0.056,0.025,0.004,0.516
11110,종로구,2024-05-01,93.6,93.6,아주좋음,실외 활동하기 아주 좋은 날씨예요,적합,적합,적합,적합,주의,23.768,13.686,46.0,6.386,0.0,0.0,14.158,26.85,0.058,0.014,0.003,0.34
11110,종로구,2024-05-02,92.5,92.5,아주좋음,실외 활동하기 아주 좋은 날씨예요,적합,적합,적합,적합,주의,24.093,12.306,48.4,7.485,0.0,0.0,18.757,36.266,0.064,0.024,0.003,0.396
11110,종로구,2024-05-03,89.1,89.1,아주좋음,실외 활동하기 아주 좋은 날씨예요,주의,적합,적합,적합,주의,28.025,11.05,46.9,5.641,0.0,0.0,24.966,48.907,0.082,0.032,0.003,0.465
11110,종로구,2024-05-04,85.7,85.7,아주좋음,실외 활동하기 아주 좋은 날씨예요,주의,적합,적합,적합,해로움,28.686,13.463,44.8,6.867,0.0,0.0,33.148,56.728,0.11,0.032,0.004,0.548
11110,종로구,2024-05-05,63.8,63.8,무난,"실외 활동하기 무난해요 — 비 많음, 우산 필수",적합,해로움,주의,주의,주의,20.641,15.381,87.4,10.167,42.011,0.3,14.375,23.054,0.073,0.013,0.003,0.393
11110,종로구,2024-05-06,75.0,75.0,좋음,"실외 활동에 좋은 날씨예요 · 비 소식, 우산 챙기세요",적합,해로움,적합,주의,주의,15.619,13.185,92.9,7.789,11.141,0.152,7.187,11.837,0.049,0.012,0.002,0.373
11110,종로구,2024-05-07,85.6,85.6,아주좋음,실외 활동하기 아주 좋은 날씨예요,적합,주의,주의,적합,주의,15.419,11.704,77.3,8.196,2.385,0.044,13.041,22.006,0.049,0.014,0.002,0.382
11110,종로구,2024-05-08,92.4,92.4,아주좋음,실외 활동하기 아주 좋은 날씨예요,주의,적합,적합,적합,주의,21.748,8.376,58.8,7.563,0.0,0.0,9.241,21.668,0.045,0.016,0.002,0.322
11110,종로구,2024-05-09,90.0,90.0,아주좋음,실외 활동하기 아주 좋은 날씨예요,적합,주의,주의,적합,주의,22.261,10.104,63.6,8.893,0.0,0.0,14.654,30.811,0.069,0.02,0.003,0.38
11110,종로구,2024-05-10,92.1,92.1,아주좋음,실외 활동하기 아주 좋은 날씨예요,적합,적합,주의,적합,주의,24.539,12.225,55.6,8.182,0.0,0.0,14.634,30.932,0.065,0.019,0.003,0.382
11110,종로구,2024-05-11,70.9,70.9,좋음,"실외 활동에 좋은 날씨예요 · 비 소식, 우산 챙기세요",적합,주의,주의,주의,주의,22.579,13.193,80.0,12.357,27.882,0.275,7.987,21.239,0.048,0.014,0.002,0.329
11110,종로구,2024-05-12,88.0,88.0,아주좋음,실외 활동하기 아주 좋은 날씨예요,적합,주의,주의,적합,해로움,22.274,10.979,65.0,8.896,0.0,0.0,15.166,67.954,0.05,0.011,0.002,0.333
11110,종로구,2024-05-13,92.7,92.7,아주좋음,실외 활동하기 아주 좋은 날씨예요,적합,적합,적합,적합,주의,25.174,11.314,51.9,7.448,0.0,0.0,13.809,31.358,0.058,0.021,0.003,0.4
11110,종로구,2024-05-14,92.2,92.2,아주좋음,실외 활동하기 아주 좋은 날씨예요,적합,적합,적합,적합,주의,25.114,11.979,43.3,7.614,0.0,0.0,13.822,29.282,0.066,0.025,0.003,0.388
11110,종로구,2024-05-15,73.6,73.6,좋음,"실외 활동에 좋은 날씨예요 · 비 소식, 우산 챙기세요",주의,주의,주의,주의,주의,19.318,6.14,74.3,10.211,21.057,0.139,7.948,23.149,0.051,0.016,0.003,0.332
11110,종로구,2024-05-16,88.8,88.8,아주좋음,실외 활동하기 아주 좋은 날씨예요,주의,주의,주의,적합,주의,20.129,5.934,61.3,8.871,0.45,0.011,6.867,18.35,0.05,0.015,0.003,0.321
11110,종로구,2024-05-17,90.9,90.9,아주좋음,실외 활동하기 아주 좋은 날씨예요,적합,주의,적합,적합,주의,25.546,10.717,63.6,6.946,0.0,0.0,19.512,42.792,0.074,0.023,0.003,0.456
11110,종로구,2024-05-18,90.2,90.2,아주좋음,실외 활동하기 아주 좋은 날씨예요,주의,주의,적합,적합,주의,26.761,14.896,65.3,6.629,0.0,0.0,11.406,27.955,0.058,0.018,0.003,0.391
11110,종로구,2024-05-19,87.4,87.4,아주좋음,실외 활동하기 아주 좋은 날씨예요,주의,주의,적합,적합,주의,28.287,15.375,63.1,7.046,0.0,0.0,11.45,24.747,0.067,0.013,0.003,0.336
11110,종로구,2024-05-20,89.1,89.1,아주좋음,실외 활동하기 아주 좋은 날씨예요,적합,주의,적합,적합,주의,23.407,16.357,75.0,6.754,0.0,0.0,16.119,31.557,0.045,0.017,0.003,0.34
11110,종로구,2024-05-21,85.7,85.7,아주좋음,실외 활동하기 아주 좋은 날씨예요,주의,주의,적합,적합,주의,28.639,16.107,68.1,5.775,0.0,0.0,27.481,44.991,0.07,0.02,0.003,0.414
11110,종로구,2024-05-22,88.0,88.0,아주좋음,실외 활동하기 아주 좋은 날씨예요,주의,주의,적합,적합,해로움,26.368,15.996,68.9,6.689,0.0,0.0,35.514,54.25,0.067,0.022,0.003,0.467
11110,종로구,2024-05-23,89.3,89.3,아주좋음,실외 활동하기 아주 좋은 날씨예요,주의,주의,적합,적합,주의,26.854,15.482,67.9,6.643,0.0,0.0,18.82,32.353,0.055,0.021,0.003,0.361
11110,종로구,2024-05-24,89.0,89.0,아주좋음,실외 활동하기 아주 좋은 날씨예요,적합,주의,적합,적합,주의,24.504,15.45,75.1,5.996,0.0,0.0,24.369,37.402,0.04,0.017,0.002,0.367
11110,종로구,2024-05-25,93.0,93.0,아주좋음,실외 활동하기 아주 좋은 날씨예요,적합,주의,적합,적합,주의,24.593,18.121,62.8,5.896,0.0,0.0,18.835,35.107,0.057,0.017,0.003,0.357
11110,종로구,2024-05-26,82.2,82.2,좋음,"실외 활동에 좋은 날씨예요 · 비 소식, 우산 챙기세요",적합,주의,주의,적합,주의,24.35,16.829,74.3,8.275,8.561,0.107,13.033,24.786,0.051,0.012,0.002,0.354
11110,종로구,2024-05-27,90.8,90.8,아주좋음,실외 활동하기 아주 좋은 날씨예요,적합,주의,주의,적합,주의,23.411,14.368,63.4,9.754,0.0,0.0,10.131,27.376,0.051,0.012,0.002,0.368
11110,종로구,2024-05-28,92.4,92.4,아주좋음,실외 활동하기 아주 좋은 날씨예요,주의,적합,주의,적합,주의,26.036,13.989,54.8,8.132,0.0,0.0,7.125,17.699,0.048,0.017,0.002,0.317
11110,종로구,2024-05-29,90.6,90.6,아주좋음,실외 활동하기 아주 좋은 날씨예요,주의,적합,적합,적합,주의,27.561,14.775,51.6,6.579,0.0,0.0,11.771,25.65,0.057,0.025,0.003,0.38
11110,종로구,2024-05-30,95.0,95.0,아주좋음,실외 활동하기 아주 좋은 날씨예요,적합,적합,적합,적합,주의,24.821,15.943,49.1,4.296,0.0,0.0,15.161,29.321,0.054,0.032,0.003,0.448
11110,종로구,2024-05-31,92.0,92.0,아주좋음,실외 활동하기 아주 좋은 날씨예요,적합,적합,적합,적합,주의,25.796,15.968,60.0,7.925,0.071,0.036,13.55,25.588,0.06,0.019,0.003,0.353
11110,종로구,2024-06-01,92.3,92.3,아주좋음,실외 활동하기 아주 좋은 날씨예요,적합,주의,주의,적합,주의,25.8,17.136,61.3,8.246,0.018,0.0,13.691,29.1,0.051,0.011,0.002,0.327
11110,종로구,2024-06-02,91.3,91.3,아주좋음,실외 활동하기 아주 좋은 날씨예요,주의,적합,주의,적합,주의,26.522,15.293,51.9,8.678,0.0,0.0,9.861,21.772,0.058,0.011,0.003,0.309
11110,종로구,2024-06-03,90.2,90.2,아주좋음,실외 활동하기 아주 좋은 날씨예요,주의,적합,적합,적합,주의,28.355,15.259,47.4,6.807,0.0,0.0,7.165,15.447,0.052,0.014,0.002,0.292
11110,종로구,2024-06-04,88.4,88.4,아주좋음,실외 활동하기 아주 좋은 날씨예요,주의,주의,적합,적합,주의,29.352,15.811,42.1,6.474,0.0,0.0,8.546,19.202,0.056,0.017,0.002,0.297
11110,종로구,2024-06-05,85.0,85.0,아주좋음,실외 활동하기 아주 좋은 날씨예요,주의,주의,적합,적합,주의,30.431,17.286,53.9,5.957,0.0,0.0,21.898,40.035,0.084,0.029,0.003,0.432
11110,종로구,2024-06-06,82.1,82.1,좋음,실외 활동에 좋은 날씨예요,주의,주의,적합,적합,해로움,31.095,18.675,54.3,6.614,0.054,0.0,27.95,44.051,0.104,0.024,0.003,0.433
11110,종로구,2024-06-07,89.6,89.6,아주좋음,실외 활동하기 아주 좋은 날씨예요,주의,주의,적합,적합,주의,28.263,17.543,54.3,5.568,0.171,0.029,19.078,32.546,0.078,0.024,0.003,0.381
11110,종로구,2024-06-08,80.0,80.0,좋음,"실외 활동에 좋은 날씨예요 · 비 소식, 우산 챙기세요",적합,주의,적합,주의,주의,24.929,17.0,79.5,5.75,17.104,0.443,16.625,25.08,0.062,0.015,0.002,0.369
11110,종로구,2024-06-09,86.2,86.2,아주좋음,실외 활동하기 아주 좋은 날씨예요,주의,주의,적합,적합,주의,29.236,16.907,68.9,6.286,0.0,0.0,18.187,29.605,0.084,0.015,0.003,0.405
11110,종로구,2024-06-10,80.0,80.0,좋음,실외 활동에 좋은 날씨예요,주의,주의,적합,적합,해로움,31.438,18.311,66.3,6.811,0.0,0.0,28.139,48.137,0.096,0.02,0.003,0.493
11110,종로구,2024-06-11,78.8,78.8,좋음,실외 활동에 좋은 날씨예요 · 미세먼지 주의,주의,주의,적합,적합,해로움,31.855,20.696,62.4,6.85,0.0,0.0,36.063,61.006,0.1,0.018,0.003,0.491
11110,종로구,2024-06-12,78.7,78.7,좋음,실외 활동에 좋은 날씨예요,주의,주의,적합,적합,해로움,32.348,18.364,60.8,7.114,0.0,0.0,16.57,32.434,0.093,0.022,0.003,0.388
11110,종로구,2024-06-13,78.0,78.0,좋음,실외 활동에 좋은 날씨예요,주의,주의,적합,적합,주의,32.967,19.279,51.4,6.446,0.0,0.0,16.872,32.86,0.075,0.026,0.003,0.39
11110,종로구,2024-06-14,75.0,75.0,좋음,실외 활동에 좋은 날씨예요 · 더위 주의,해로움,주의,주의,적합,주의,33.337,20.229,56.0,8.521,0.0,0.0,20.575,36.058,0.084,0.025,0.004,0.385
11110,종로구,2024-06-15,83.8,83.8,좋음,실외 활동에 좋은 날씨예요,주의,주의,적합,적합,주의,28.414,20.389,72.3,5.957,4.861,0.182,18.565,27.016,0.041,0.015,0.003,0.327
11110,종로구,2024-06-16,82.9,82.9,좋음,실외 활동에 좋은 날씨예요,주의,주의,주의,적합,주의,30.112,19.1,58.4,8.046,0.0,0.0,12.918,23.235,0.059,0.012,0.003,0.331
11110,종로구,2024-06-17,82.8,82.8,좋음,실외 활동에 좋은 날씨예요,주의,주의,적합,적합,주의,30.535,17.857,48.4,7.471,0.0,0.0,11.487,22.514,0.067,0.022,0.003,0.342
11110,종로구,2024-06-18,77.6,77.6,좋음,실외 활동에 좋은 날씨예요,주의,주의,적합,적합,주의,32.735,19.136,59.5,6.893,0.0,0.0,14.53,27.506,0.078,0.023,0.003,0.353
11110,종로구,2024-06-19,55.0,71.4,주의,"⚠️ 폭염, 온열질환 주의 — 실외 활동에 주의하세요",해로움,해로움,적합,적합,해로움,35.886,20.361,54.3,5.539,0.0,0.0,26.222,43.123,0.141,0.026,0.004,0.452
11110,종로구,2024-06-20,55.0,72.6,주의,"⚠️ 폭염, 온열질환 주의 — 실외 활동에 주의하세요",해로움,해로움,적합,적합,해로움,35.122,22.175,45.1,6.079,0.0,0.0,27.956,43.414,0.113,0.027,0.004,0.472
11110,종로구,2024-06-21,74.6,74.6,좋음,실외 활동에 좋은 날씨예요 · 더위 주의,해로움,해로움,적합,적합,주의,33.686,21.85,49.8,7.125,0.0,0.0,22.39,38.153,0.089,0.029,0.004,0.429
11110,종로구,2024-06-22,79.2,79.2,좋음,"실외 활동에 좋은 날씨예요 · 비 소식, 우산 챙기세요",주의,해로움,적합,주의,주의,26.154,21.811,80.6,5.286,18.911,0.168,21.093,29.674,0.054,0.019,0.003,0.462
11110,종로구,2024-06-23,75.4,75.4,좋음,"실외 활동에 좋은 날씨예요 · 비 소식, 우산 챙기세요",주의,해로움,적합,적합,주의,30.33,21.686,79.5,7.957,6.789,0.107,9.127,16.356,0.049,0.009,0.002,0.346
11110,종로구,2024-06-24,84.1,84.1,좋음,실외 활동에 좋은 날씨예요,주의,주의,주의,적합,주의,28.751,20.696,70.4,8.071,0.125,0.0,19.384,53.45,0.068,0.015,0.002,0.385
11110,종로구,2024-06-25,88.0,88.0,아주좋음,실외 활동하기 아주 좋은 날씨예요,주의,주의,주의,적합,주의,27.4,19.15,61.9,9.107,0.0,0.0,8.666,21.441,0.056,0.014,0.003,0.312
11110,종로구,2024-06-26,80.9,80.9,좋음,실외 활동에 좋은 날씨예요,주의,주의,적합,적합,주의,31.509,18.243,61.0,6.529,0.0,0.0,12.769,25.617,0.074,0.02,0.003,0.36
11110,종로구,2024-06-27,82.0,82.0,좋음,실외 활동에 좋은 날씨예요,주의,주의,적합,적합,주의,31.101,19.761,55.0,5.107,0.0,0.0,16.858,31.803,0.084,0.027,0.003,0.414
11110,종로구,2024-06-28,76.8,76.8,좋음,실외 활동에 좋은 날씨예요,주의,주의,적합,적합,해로움,32.567,20.396,54.6,7.007,0.0,0.0,25.598,40.684,0.109,0.027,0.003,0.448
11110,종로구,2024-06-29,59.8,59.8,주의,"가벼운 실외 활동은 괜찮아요 — 비 많음, 우산 필수",주의,해로움,주의,주의,주의,32.193,21.093,65.1,8.768,31.832,0.739,19.979,30.577,0.077,0.018,0.003,0.412
11110,종로구,2024-06-30,67.3,67.3,무난,"실외 활동하기 무난해요 — 비 소식, 우산 챙기세요",주의,해로움,주의,주의,주의,26.082,21.918,88.5,11.389,29.418,0.568,12.24,20.713,0.049,0.009,0.002,0.336
11110,종로구,2024-07-01,80.0,80.0,좋음,실외 활동에 좋은 날씨예요,주의,해로움,적합,적합,주의,31.655,21.532,69.1,4.989,0.0,0.0,15.572,27.703,0.087,0.017,0.002,0.367
11110,종로구,2024-07-02,60.5,60.5,무난,"실외 활동하기 무난해요 — 비 많음, 우산 필수",적합,해로움,주의,해로움,주의,25.379,21.35,90.0,8.575,57.932,0.857,9.849,18.103,0.053,0.017,0.002,0.378
11110,종로구,2024-07-03,83.8,83.8,좋음,실외 활동에 좋은 날씨예요,주의,해로움,주의,적합,주의,26.964,23.368,80.3,9.318,1.136,0.043,15.721,27.595,0.06,0.013,0.002,0.421
11110,종로구,2024-07-04,72.1,72.1,좋음,실외 활동에 좋은 날씨예요,주의,해로움,주의,적합,주의,31.433,23.1,74.8,9.482,3.718,0.129,29.425,39.108,0.081,0.015,0.002,0.476
11110,종로구,2024-07-05,77.6,77.6,좋음,"실외 활동에 좋은 날씨예요 · 비 소식, 우산 챙기세요",주의,해로움,주의,적합,주의,26.796,21.057,80.5,12.693,5.575,0.118,11.167,19.715,0.065,0.015,0.002,0.436
11110,종로구,2024-07-06,70.9,70.9,좋음,실외 활동에 좋은 날씨예요,주의,해로움,주의,적합,주의,30.892,21.579,84.1,12.089,4.779,0.071,16.904,29.266,0.052,0.015,0.002,0.412
11110,종로구,2024-07-07,72.7,72.7,좋음,"실외 활동에 좋은 날씨예요 · 비 소식, 우산 챙기세요",주의,해로움,적합,주의,주의,28.582,21.107,85.1,6.146,19.096,0.957,12.999,21.898,0.058,0.012,0.002,0.423
11110,종로구,2024-07-08,76.0,76.0,좋음,"실외 활동에 좋은 날씨예요 · 비 소식, 우산 챙기세요",적합,해로움,적합,주의,주의,24.732,22.689,93.4,6.382,18.343,0.254,6.19,11.792,0.035,0.018,0.002,0.351
11110,종로구,2024-07-09,85.5,85.5,아주좋음,실외 활동하기 아주 좋은 날씨예요,주의,해로움,적합,적합,주의,26.836,22.257,86.9,6.814,1.011,0.007,9.041,16.445,0.034,0.018,0.002,0.366
11110,종로구,2024-07-10,72.0,72.0,좋음,"실외 활동에 좋은 날씨예요 · 비 소식, 우산 챙기세요",주의,해로움,적합,적합,주의,32.642,22.271,77.1,7.071,6.407,0.05,5.682,13.239,0.052,0.015,0.002,0.332
11110,종로구,2024-07-11,82.2,82.2,좋음,실외 활동에 좋은 날씨예요,주의,해로움,적합,적합,주의,29.639,22.539,79.6,6.136,0.0,0.0,25.181,36.581,0.082,0.02,0.003,0.482
11110,종로구,2024-07-12,82.6,82.6,좋음,실외 활동에 좋은 날씨예요,주의,해로움,적합,적합,주의,30.769,21.55,79.5,4.175,0.0,0.0,27.145,39.509,0.075,0.023,0.003,0.526
11110,종로구,2024-07-13,73.5,73.5,좋음,실외 활동에 좋은 날씨예요 · 더위 주의,해로움,해로움,적합,적합,해로움,33.905,22.904,70.0,6.143,0.089,0.0,38.201,50.068,0.081,0.018,0.003,0.563
11110,종로구,2024-07-14,75.2,75.2,좋음,실외 활동에 좋은 날씨예요,주의,해로움,적합,적합,주의,32.476,24.339,65.9,6.929,0.068,0.014,23.163,30.507,0.075,0.01,0.002,0.395
11110,종로구,2024-07-15,76.4,76.4,좋음,실외 활동에 좋은 날씨예요,주의,해로움,적합,적합,주의,32.477,24.13,64.6,6.23,0.232,0.0,6.143,12.374,0.053,0.014,0.002,0.32
11110,종로구,2024-07-16,68.1,68.1,무난,"실외 활동하기 무난해요 — 비 소식, 우산 챙기세요",주의,해로움,적합,주의,주의,31.247,23.833,78.4,7.259,16.5,0.261,7.203,13.761,0.044,0.015,0.002,0.345
11110,종로구,2024-07-17,54.0,54.0,주의,"가벼운 실외 활동은 괜찮아요 — 비 많음, 우산 필수",주의,해로움,주의,해로움,적합,29.359,23.257,91.6,9.682,68.118,2.261,4.555,11.854,0.022,0.013,0.002,0.294
11110,종로구,2024-07-18,45.4,45.4,주의,"⚠️ 호우, 침수·안전 주의 — 실외 활동에 주의하세요",주의,위험,주의,위험,적합,26.125,22.982,95.3,12.364,123.939,0.721,4.679,10.295,0.022,0.017,0.002,0.324
11110,종로구,2024-07-19,76.8,76.8,좋음,실외 활동에 좋은 날씨예요,주의,해로움,적합,적합,주의,32.137,23.693,80.1,6.168,0.325,0.004,16.286,24.766,0.063,0.016,0.002,0.378
11110,종로구,2024-07-20,64.2,64.2,무난,"실외 활동하기 무난해요 — 비 소식, 우산 챙기세요",주의,해로움,주의,주의,주의,31.25,24.482,80.4,10.746,16.729,0.493,9.112,16.297,0.046,0.011,0.002,0.317
11110,종로구,2024-07-21,67.0,67.0,무난,"실외 활동하기 무난해요 — 비 소식, 우산 챙기세요",주의,해로움,주의,적합,주의,30.945,22.582,83.6,13.432,8.036,0.15,9.131,19.281,0.056,0.009,0.002,0.285
11110,종로구,2024-07-22,55.1,55.1,주의,"가벼운 실외 활동은 괜찮아요 — 비 많음, 우산 필수",주의,해로움,주의,해로움,적합,28.642,24.143,89.0,12.393,52.55,1.15,6.063,14.437,0.029,0.011,0.002,0.278
11110,종로구,2024-07-23,77.8,77.8,좋음,실외 활동에 좋은 날씨예요,주의,해로움,주의,적합,적합,28.123,25.354,87.9,11.643,2.429,0.036,5.503,12.167,0.022,0.011,0.002,0.263
11110,종로구,2024-07-24,65.3,65.3,무난,"실외 활동하기 무난해요 — 비 소식, 우산 챙기세요",주의,위험,적합,주의,적합,32.448,25.268,85.0,7.411,15.4,0.443,6.354,15.231,0.022,0.012,0.002,0.283
11110,종로구,2024-07-25,60.0,60.0,무난,"실외 활동하기 무난해요 — 더위 주의, 비 소식, 우산 챙기세요",해로움,위험,주의,주의,주의,34.258,24.671,79.8,8.746,17.957,0.539,9.103,20.658,0.04,0.015,0.002,0.301
11110,종로구,2024-07-26,63.0,63.0,무난,"실외 활동하기 무난해요 — 더위 주의, 비 소식, 우산 챙기세요",해로움,위험,주의,주의,주의,34.129,24.718,81.9,9.546,10.411,0.179,8.09,15.951,0.03,0.015,0.002,0.294
11110,종로구,2024-07-27,61.5,61.5,무난,"실외 활동하기 무난해요 — 비 소식, 우산 챙기세요",주의,위험,적합,주의,적합,32.964,26.729,83.6,7.718,21.446,0.539,7.566,16.319,0.024,0.012,0.002,0.296
11110,종로구,2024-07-28,70.2,70.2,좋음,실외 활동에 좋은 날씨예요 · 더위 주의,해로움,위험,주의,적합,적합,33.489,26.961,76.0,10.493,0.018,0.0,6.643,17.293,0.02,0.007,0.002,0.252
11110,종로구,2024-07-29,80.8,80.8,좋음,실외 활동에 좋은 날씨예요,주의,해로움,주의,적합,적합,28.414,26.625,84.0,8.95,0.071,0.0,8.0,21.798,0.026,0.01,0.002,0.231
11110,종로구,2024-07-30,73.7,73.7,좋음,실외 활동에 좋은 날씨예요 · 더위 주의,해로움,위험,적합,적합,주의,33.075,26.271,78.8,6.911,0.0,0.0,12.143,25.096,0.053,0.013,0.002,0.266
11110,종로구,2024-07-31,72.7,72.7,좋음,실외 활동에 좋은 날씨예요 · 더위 주의,해로움,위험,적합,적합,주의,34.409,26.482,74.5,6.189,0.0,0.0,7.741,17.339,0.033,0.012,0.002,0.254
11110,종로구,2024-08-01,72.2,72.2,좋음,실외 활동에 좋은 날씨예요 · 더위 주의,해로움,위험,적합,적합,주의,34.231,27.064,75.5,6.039,0.082,0.011,9.088,19.558,0.04,0.012,0.002,0.275
11110,종로구,2024-08-02,71.8,71.8,좋음,실외 활동에 좋은 날씨예요 · 더위 주의,해로움,위험,적합,적합,주의,33.716,27.779,79.4,6.607,0.339,0.0,16.074,28.296,0.05,0.013,0.002,0.33
11110,종로구,2024-08-03,55.0,70.2,주의,"⚠️ 폭염, 온열질환 주의 — 실외 활동에 주의하세요",해로움,위험,적합,적합,주의,35.391,26.814,75.0,5.843,0.0,0.0,23.018,31.893,0.067,0.012,0.002,0.386
11110,종로구,2024-08-04,55.0,68.4,주의,"⚠️ 폭염, 온열질환 주의 — 실외 활동에 주의하세요",해로움,위험,적합,적합,주의,36.818,26.437,69.3,5.17,0.143,0.0,22.106,30.002,0.085,0.014,0.002,0.431
11110,종로구,2024-08-05,61.2,61.2,무난,"실외 활동하기 무난해요 — 더위 주의, 비 소식, 우산 챙기세요",해로움,위험,적합,주의,주의,34.954,25.907,75.5,7.982,13.475,0.029,21.42,29.171,0.068,0.017,0.002,0.405
11110,종로구,2024-08-06,71.4,71.4,좋음,실외 활동에 좋은 날씨예요 · 더위 주의,해로움,위험,적합,적합,주의,34.169,24.975,74.8,5.504,2.143,0.0,9.88,17.566,0.062,0.018,0.002,0.357
11110,종로구,2024-08-07,68.2,68.2,무난,"실외 활동하기 무난해요 — 더위 주의, 비 소식, 우산 챙기세요",해로움,위험,적합,적합,주의,34.3,25.521,72.0,6.5,5.425,0.121,11.442,19.313,0.048,0.016,0.002,0.321
11110,종로구,2024-08-08,75.2,75.2,좋음,"실외 활동에 좋은 날씨예요 · 비 소식, 우산 챙기세요",주의,위험,적합,적합,주의,32.024,25.496,77.5,4.782,5.571,0.0,13.623,21.065,0.046,0.017,0.002,0.325
11110,종로구,2024-08-09,70.8,70.8,좋음,실외 활동에 좋은 날씨예요 · 더위 주의,해로움,위험,적합,적합,주의,34.762,24.893,74.1,5.707,2.339,0.0,18.622,28.465,0.071,0.019,0.002,0.365
11110,종로구,2024-08-10,72.0,72.0,좋음,실외 활동에 좋은 날씨예요 · 더위 주의,해로움,위험,적합,적합,주의,34.69,25.646,70.8,5.325,0.0,0.0,23.69,33.112,0.073,0.018,0.003,0.41
11110,종로구,2024-08-11,71.4,71.4,좋음,실외 활동에 좋은 날씨예요 · 더위 주의,해로움,위험,적합,적합,주의,34.976,26.886,67.8,5.393,0.0,0.0,21.489,28.739,0.06,0.013,0.002,0.363
11110,종로구,2024-08-12,55.0,69.8,주의,"⚠️ 폭염, 온열질환 주의 — 실외 활동에 주의하세요",해로움,위험,적합,적합,주의,35.339,27.164,70.5,5.386,0.589,0.0,19.02,27.682,0.07,0.018,0.003,0.353
11110,종로구,2024-08-13,55.0,62.8,주의,"⚠️ 폭염, 온열질환 주의 — 실외 활동에 주의하세요",해로움,위험,적합,적합,주의,36.955,27.136,70.0,7.441,6.268,0.0,17.114,26.172,0.067,0.017,0.002,0.361
11110,종로구,2024-08-14,55.0,63.7,주의,"⚠️ 폭염, 온열질환 주의 — 실외 활동에 주의하세요",해로움,위험,주의,적합,주의,36.836,26.632,73.0,8.211,3.589,0.107,16.612,25.282,0.075,0.02,0.002,0.377
11110,종로구,2024-08-15,55.0,68.2,주의,"⚠️ 폭염, 온열질환 주의 — 실외 활동에 주의하세요",해로움,위험,적합,적합,주의,35.717,26.104,74.6,6.729,2.229,0.218,15.517,23.174,0.07,0.015,0.002,0.35
11110,종로구,2024-08-16,55.0,71.2,주의,"⚠️ 폭염, 온열질환 주의 — 실외 활동에 주의하세요",해로움,위험,적합,적합,주의,35.679,26.464,69.4,5.504,0.0,0.0,14.307,22.37,0.064,0.017,0.002,0.348
11110,종로구,2024-08-17,55.0,67.1,주의,"⚠️ 폭염, 온열질환 주의 — 실외 활동에 주의하세요",해로움,위험,적합,적합,주의,35.671,26.743,71.0,6.918,2.982,0.393,14.805,22.3,0.075,0.015,0.002,0.355
11110,종로구,2024-08-18,55.0,68.0,주의,"⚠️ 폭염, 온열질환 주의 — 실외 활동에 주의하세요",해로움,위험,적합,적합,주의,35.199,26.325,73.8,7.025,3.571,0.0,14.071,20.406,0.067,0.011,0.002,0.343
11110,종로구,2024-08-19,55.0,67.3,주의,"⚠️ 폭염, 온열질환 주의 — 실외 활동에 주의하세요",해로움,위험,적합,적합,주의,36.523,25.796,72.3,6.982,1.35,0.082,17.151,25.955,0.074,0.018,0.002,0.402
11110,종로구,2024-08-20,55.0,68.0,주의,"⚠️ 폭염, 온열질환 주의 — 실외 활동에 주의하세요",해로움,위험,적합,적합,주의,36.311,26.643,68.3,6.593,0.018,0.0,17.413,25.574,0.06,0.016,0.003,0.348
11110,종로구,2024-08-21,55.0,55.0,주의,"가벼운 실외 활동은 괜찮아요 — 비 많음, 우산 필수",주의,위험,주의,주의,주의,31.375,26.35,85.9,9.321,41.882,0.525,5.982,13.805,0.032,0.012,0.002,0.281
11110,종로구,2024-08-22,72.0,72.0,좋음,실외 활동에 좋은 날씨예요,주의,위험,주의,적합,주의,31.281,26.575,79.9,10.639,1.807,0.018,5.78,16.408,0.034,0.011,0.002,0.284
11110,종로구,2024-08-23,73.8,73.8,좋음,실외 활동에 좋은 날씨예요,주의,해로움,적합,적합,주의,32.864,25.414,73.5,7.043,0.268,0.0,20.289,29.946,0.075,0.017,0.002,0.433
11110,종로구,2024-08-24,72.2,72.2,좋음,"실외 활동에 좋은 날씨예요 · 비 소식, 우산 챙기세요",주의,해로움,적합,적합,주의,32.258,24.586,78.8,6.021,6.339,0.054,30.139,39.87,0.074,0.018,0.002,0.537
11110,종로구,2024-08-25,73.0,73.0,좋음,실외 활동에 좋은 날씨예요 · 더위 주의,해로움,위험,적합,적합,주의,33.471,24.479,76.6,5.57,1.75,0.0,29.2,38.171,0.079,0.015,0.003,0.537
11110,종로구,2024-08-26,76.3,76.3,좋음,실외 활동에 좋은 날씨예요,주의,해로움,적합,적합,주의,31.87,24.829,77.8,4.77,2.393,0.0,27.185,37.494,0.057,0.023,0.003,0.54
11110,종로구,2024-08-27,81.6,81.6,좋음,실외 활동에 좋은 날씨예요,주의,해로움,적합,적합,주의,30.533,23.993,69.8,5.968,0.207,0.011,12.647,22.86,0.037,0.018,0.003,0.403
11110,종로구,2024-08-28,74.7,74.7,좋음,실외 활동에 좋은 날씨예요 · 더위 주의,해로움,해로움,적합,적합,주의,33.951,22.614,62.1,6.529,0.0,0.0,7.608,14.624,0.051,0.014,0.002,0.331
11110,종로구,2024-08-29,73.8,73.8,좋음,실외 활동에 좋은 날씨예요 · 더위 주의,해로움,해로움,적합,적합,주의,33.725,23.182,61.0,7.846,0.0,0.0,4.498,10.486,0.045,0.012,0.002,0.296
11110,종로구,2024-08-30,74.7,74.7,좋음,실외 활동에 좋은 날씨예요 · 더위 주의,해로움,해로움,적합,적합,주의,33.88,23.407,64.0,6.718,0.0,0.0,6.698,15.679,0.047,0.015,0.002,0.324
11110,종로구,2024-08-31,76.1,76.1,좋음,실외 활동에 좋은 날씨예요 · 더위 주의,해로움,해로움,적합,적합,주의,33.548,22.329,65.6,5.375,0.0,0.0,19.558,37.095,0.077,0.015,0.003,0.411
11110,종로구,2024-09-01,78.4,78.4,좋음,실외 활동에 좋은 날씨예요,주의,해로움,적합,적합,주의,32.082,23.439,64.9,6.496,0.0,0.0,20.263,30.753,0.069,0.013,0.003,0.431
11110,종로구,2024-09-02,85.7,85.7,아주좋음,실외 활동하기 아주 좋은 날씨예요,주의,주의,적합,적합,주의,27.354,21.596,73.6,6.493,1.543,0.071,12.142,20.627,0.041,0.018,0.003,0.399
11110,종로구,2024-09-03,79.7,79.7,좋음,실외 활동에 좋은 날씨예요,주의,주의,적합,적합,주의,32.182,22.932,54.5,6.943,0.0,0.0,5.231,13.62,0.054,0.014,0.002,0.309
11110,종로구,2024-09-04,77.4,77.4,좋음,실외 활동에 좋은 날씨예요 · 더위 주의,해로움,해로움,적합,적합,주의,33.269,22.821,61.4,5.55,0.0,0.0,10.38,20.729,0.077,0.018,0.003,0.36
11110,종로구,2024-09-05,73.1,73.1,좋음,"실외 활동에 좋은 날씨예요 · 비 소식, 우산 챙기세요",주의,해로움,적합,적합,주의,29.404,24.461,79.1,7.943,9.461,0.168,13.306,24.657,0.065,0.018,0.003,0.384
11110,종로구,2024-09-06,86.4,86.4,아주좋음,실외 활동하기 아주 좋은 날씨예요,적합,주의,적합,적합,주의,25.368,22.386,79.3,6.389,2.9,0.011,7.886,16.603,0.03,0.016,0.002,0.38
11110,종로구,2024-09-07,79.2,79.2,좋음,실외 활동에 좋은 날씨예요,주의,해로움,적합,적합,주의,31.852,22.254,68.9,5.082,0.0,0.0,14.025,23.643,0.084,0.016,0.002,0.409
11110,종로구,2024-09-08,78.0,78.0,좋음,실외 활동에 좋은 날씨예요,주의,해로움,적합,적합,주의,32.585,22.314,69.6,4.939,0.0,0.0,22.088,30.226,0.086,0.015,0.002,0.468
11110,종로구,2024-09-09,76.9,76.9,좋음,실외 활동에 좋은 날씨예요 · 더위 주의,해로움,해로움,적합,적합,주의,33.815,23.618,69.0,5.021,0.0,0.0,19.895,29.18,0.073,0.02,0.003,0.468
11110,종로구,2024-09-10,74.7,74.7,좋음,실외 활동에 좋은 날씨예요 · 더위 주의,해로움,위험,적합,적합,주의,34.587,25.007,67.3,5.5,0.0,0.0,21.02,30.586,0.08,0.022,0.003,0.456
11110,종로구,2024-09-11,55.0,73.1,주의,"⚠️ 폭염, 온열질환 주의 — 실외 활동에 주의하세요",해로움,위험,적합,적합,주의,36.033,24.818,71.5,6.2,0.461,0.014,22.554,32.082,0.07,0.024,0.003,0.447
11110,종로구,2024-09-12,64.9,64.9,무난,"실외 활동하기 무난해요 — 비 많음, 우산 필수",주의,해로움,적합,주의,주의,26.968,24.379,91.5,4.321,45.007,0.279,5.889,10.427,0.051,0.017,0.002,0.378
11110,종로구,2024-09-13,75.6,75.6,좋음,"실외 활동에 좋은 날씨예요 · 비 소식, 우산 챙기세요",주의,해로움,적합,주의,적합,28.878,24.121,91.4,6.671,11.861,0.093,7.636,15.342,0.014,0.016,0.003,0.351
11110,종로구,2024-09-14,79.8,79.8,좋음,실외 활동에 좋은 날씨예요,주의,해로움,적합,적합,주의,32.851,24.95,80.3,5.086,0.125,0.0,6.397,12.591,0.036,0.013,0.002,0.322
11110,종로구,2024-09-15,78.7,78.7,좋음,실외 활동에 좋은 날씨예요,주의,해로움,적합,적합,주의,32.598,23.979,73.6,7.871,0.0,0.0,6.273,13.033,0.031,0.008,0.002,0.31
11110,종로구,2024-09-16,71.8,71.8,좋음,실외 활동에 좋은 날씨예요 · 더위 주의,해로움,해로움,적합,적합,주의,33.092,20.854,74.0,6.993,9.357,0.286,3.373,8.441,0.046,0.009,0.002,0.296
11110,종로구,2024-09-17,78.0,78.0,좋음,실외 활동에 좋은 날씨예요 · 더위 주의,해로움,위험,적합,적합,주의,34.257,25.425,77.0,5.225,0.0,0.0,6.548,13.044,0.041,0.011,0.002,0.332
11110,종로구,2024-09-18,75.9,75.9,좋음,실외 활동에 좋은 날씨예요 · 더위 주의,해로움,위험,적합,적합,주의,34.312,25.868,76.8,5.546,1.061,0.025,10.356,16.921,0.043,0.011,0.002,0.332
11110,종로구,2024-09-19,77.3,77.3,좋음,실외 활동에 좋은 날씨예요 · 더위 주의,해로움,위험,적합,적합,주의,33.807,25.514,77.4,4.293,0.0,0.0,12.869,20.4,0.061,0.018,0.003,0.361
11110,종로구,2024-09-20,55.3,55.3,주의,"가벼운 실외 활동은 괜찮아요 — 비 많음, 우산 필수",주의,해로움,주의,해로움,주의,28.892,17.696,89.8,10.218,54.357,0.564,7.853,13.639,0.035,0.015,0.002,0.348
11110,종로구,2024-09-21,71.9,71.9,좋음,"실외 활동에 좋은 날씨예요 · 비 소식, 우산 챙기세요",적합,해로움,주의,주의,주의,22.274,16.963,82.3,10.304,21.232,0.371,2.128,5.464,0.036,0.008,0.002,0.261
11110,종로구,2024-09-22,89.1,89.1,아주좋음,실외 활동하기 아주 좋은 날씨예요,주의,주의,적합,적합,적합,26.511,17.337,67.4,7.941,0.0,0.0,2.249,5.172,0.029,0.007,0.002,0.252
11110,종로구,2024-09-23,91.0,91.0,아주좋음,실외 활동하기 아주 좋은 날씨예요,적합,적합,적합,적합,주의,25.95,16.462,58.3,7.219,0.0,0.0,3.179,9.1,0.037,0.011,0.002,0.267
11110,종로구,2024-09-24,91.4,91.4,아주좋음,실외 활동하기 아주 좋은 날씨예요,주의,적합,적합,적합,주의,26.77,15.407,57.9,5.4,0.0,0.0,5.264,13.485,0.048,0.018,0.002,0.326
11110,종로구,2024-09-25,89.4,89.4,아주좋음,실외 활동하기 아주 좋은 날씨예요,주의,주의,적합,적합,주의,28.124,17.83,65.6,4.589,0.0,0.0,8.027,18.382,0.044,0.022,0.002,0.376
11110,종로구,2024-09-26,85.3,85.3,아주좋음,실외 활동하기 아주 좋은 날씨예요,주의,주의,적합,적합,주의,28.529,20.6,75.1,5.278,0.804,0.041,10.687,19.266,0.056,0.02,0.002,0.386
11110,종로구,2024-09-27,85.5,85.5,아주좋음,실외 활동하기 아주 좋은 날씨예요,주의,주의,적합,적합,주의,28.605,18.889,72.8,6.922,0.0,0.0,9.081,17.093,0.045,0.015,0.002,0.355
11110,종로구,2024-09-28,87.4,87.4,아주좋음,실외 활동하기 아주 좋은 날씨예요,주의,주의,적합,적합,주의,28.168,19.415,59.3,7.033,0.0,0.0,5.629,12.98,0.043,0.011,0.002,0.301
11110,종로구,2024-09-29,86.8,86.8,아주좋음,실외 활동하기 아주 좋은 날씨예요,주의,주의,적합,적합,주의,29.091,18.574,61.5,6.241,0.0,0.0,4.059,9.146,0.043,0.009,0.002,0.289
11110,종로구,2024-09-30,87.5,87.5,아주좋음,실외 활동하기 아주 좋은 날씨예요,주의,주의,적합,적합,주의,28.579,18.041,63.0,5.678,0.0,0.0,6.717,15.154,0.054,0.019,0.002,0.348
11110,종로구,2024-10-01,86.1,86.1,아주좋음,실외 활동하기 아주 좋은 날씨예요,적합,주의,주의,적합,주의,21.733,13.333,67.5,8.833,2.37,0.078,6.783,15.672,0.04,0.014,0.002,0.323
11110,종로구,2024-10-02,91.2,91.2,아주좋음,실외 활동하기 아주 좋은 날씨예요,적합,적합,적합,적합,주의,20.137,11.345,48.8,7.122,0.0,0.0,6.538,16.236,0.038,0.013,0.002,0.3
11110,종로구,2024-10-03,91.7,91.7,아주좋음,실외 활동하기 아주 좋은 날씨예요,적합,적합,적합,적합,주의,22.193,10.508,59.0,6.614,0.0,0.0,6.866,15.627,0.039,0.016,0.002,0.318
11110,종로구,2024-10-04,93.2,93.2,아주좋음,실외 활동하기 아주 좋은 날씨예요,적합,적합,적합,적합,주의,23.841,11.788,60.0,4.886,0.0,0.0,7.77,16.745,0.042,0.02,0.002,0.354
11110,종로구,2024-10-05,92.9,92.9,아주좋음,실외 활동하기 아주 좋은 날씨예요,적합,주의,적합,적합,주의,24.081,11.676,60.4,4.414,0.0,0.0,12.486,23.475,0.053,0.023,0.003,0.403
11110,종로구,2024-10-06,91.9,91.9,아주좋음,실외 활동하기 아주 좋은 날씨예요,적합,주의,적합,적합,적합,17.952,12.311,73.5,4.232,0.0,0.0,13.171,22.21,0.026,0.022,0.002,0.448
11110,종로구,2024-10-07,90.0,90.0,아주좋음,실외 활동하기 아주 좋은 날씨예요,적합,주의,적합,적합,주의,21.019,13.826,73.9,4.471,0.0,0.0,22.869,38.558,0.045,0.024,0.003,0.526
11110,종로구,2024-10-08,89.1,89.1,아주좋음,실외 활동하기 아주 좋은 날씨예요,적합,주의,적합,적합,주의,23.57,12.644,73.9,5.45,0.0,0.0,22.456,36.964,0.037,0.02,0.003,0.501
11110,종로구,2024-10-09,91.5,91.5,아주좋음,실외 활동하기 아주 좋은 날씨예요,적합,주의,적합,적합,주의,23.978,13.544,64.1,5.764,0.0,0.0,6.739,13.809,0.044,0.015,0.002,0.347
11110,종로구,2024-10-10,91.7,91.7,아주좋음,실외 활동하기 아주 좋은 날씨예요,적합,주의,적합,적합,주의,23.77,15.13,66.3,5.032,0.054,0.0,10.629,20.162,0.043,0.02,0.003,0.38
11110,종로구,2024-10-11,89.7,89.7,아주좋음,실외 활동하기 아주 좋은 날씨예요,적합,주의,적합,적합,주의,24.339,13.732,68.8,5.014,0.0,0.0,22.044,35.095,0.064,0.025,0.003,0.476
11110,종로구,2024-10-12,92.2,92.2,아주좋음,실외 활동하기 아주 좋은 날씨예요,적합,주의,적합,적합,주의,24.764,12.961,60.6,4.471,0.0,0.0,24.066,38.176,0.056,0.028,0.003,0.518
11110,종로구,2024-10-13,91.9,91.9,아주좋음,실외 활동하기 아주 좋은 날씨예요,적합,주의,적합,적합,주의,22.654,12.502,67.0,4.661,0.0,0.0,17.485,27.202,0.042,0.019,0.003,0.458
11110,종로구,2024-10-14,92.3,92.3,아주좋음,실외 활동하기 아주 좋은 날씨예요,적합,주의,적합,적합,적합,21.468,17.007,70.3,4.546,0.0,0.0,10.605,20.583,0.025,0.023,0.003,0.403
11110,종로구,2024-10-15,89.2,89.2,아주좋음,실외 활동하기 아주 좋은 날씨예요,적합,해로움,적합,적합,적합,21.993,16.789,85.0,4.439,0.518,0.014,13.055,20.933,0.021,0.023,0.003,0.442
11110,종로구,2024-10-16,89.2,89.2,아주좋음,실외 활동하기 아주 좋은 날씨예요,적합,주의,적합,적합,주의,24.068,14.271,76.9,4.493,0.0,0.0,23.201,36.614,0.042,0.027,0.003,0.536
11110,종로구,2024-10-17,90.5,90.5,아주좋음,실외 활동하기 아주 좋은 날씨예요,적합,주의,적합,적합,주의,25.786,13.654,70.4,4.582,0.0,0.0,21.608,36.918,0.041,0.029,0.003,0.524
11110,종로구,2024-10-18,67.2,67.2,무난,"실외 활동하기 무난해요 — 비 많음, 우산 필수",적합,해로움,적합,주의,적합,19.114,15.707,86.1,7.161,40.521,0.746,11.931,21.23,0.02,0.022,0.003,0.435
11110,종로구,2024-10-19,85.6,85.6,아주좋음,실외 활동하기 아주 좋은 날씨예요,적합,주의,주의,적합,주의,21.079,12.679,75.0,9.675,0.571,0.032,3.889,8.165,0.035,0.01,0.002,0.317
11110,종로구,2024-10-20,89.1,89.1,아주좋음,실외 활동하기 아주 좋은 날씨예요,적합,적합,주의,적합,주의,17.789,10.183,56.0,9.671,0.0,0.0,4.082,12.193,0.035,0.007,0.002,0.242
11110,종로구,2024-10-21,91.7,91.7,아주좋음,실외 활동하기 아주 좋은 날씨예요,적합,주의,적합,적합,적합,19.264,9.157,66.4,5.896,0.0,0.0,5.745,16.494,0.028,0.02,0.002,0.34
11110,종로구,2024-10-22,74.8,74.8,좋음,"실외 활동에 좋은 날씨예요 · 비 소식, 우산 챙기세요",적합,해로움,적합,주의,적합,16.561,14.346,90.8,7.579,18.129,0.129,6.006,11.923,0.012,0.023,0.002,0.446
11110,종로구,2024-10-23,82.9,82.9,좋음,실외 활동에 좋은 날씨예요,주의,주의,주의,적합,주의,16.207,8.846,75.3,10.718,1.904,0.071,6.789,15.398,0.036,0.012,0.002,0.355
11110,종로구,2024-10-24,87.8,87.8,아주좋음,실외 활동하기 아주 좋은 날씨예요,주의,주의,적합,적합,주의,18.514,6.69,71.4,6.718,0.0,0.0,16.043,27.873,0.04,0.023,0.003,0.475
11110,종로구,2024-10-25,92.6,92.6,아주좋음,실외 활동하기 아주 좋은 날씨예요,주의,주의,적합,적합,주의,21.921,8.901,64.1,4.693,0.0,0.0,14.849,27.187,0.026,0.03,0.003,0.544
11110,종로구,2024-10-26,91.3,91.3,아주좋음,실외 활동하기 아주 좋은 날씨예요,적합,주의,적합,적합,주의,23.621,10.71,68.3,5.389,0.0,0.0,12.245,23.027,0.034,0.026,0.003,0.501
11110,종로구,2024-10-27,89.4,89.4,아주좋음,실외 활동하기 아주 좋은 날씨예요,적합,주의,적합,적합,주의,19.211,13.571,79.4,4.793,0.0,0.0,16.51,27.839,0.039,0.019,0.003,0.451
11110,종로구,2024-10-28,87.6,87.6,아주좋음,실외 활동하기 아주 좋은 날씨예요,적합,주의,적합,적합,주의,20.614,11.821,75.9,6.739,0.0,0.0,21.424,32.856,0.029,0.018,0.003,0.502
11110,종로구,2024-10-29,92.1,92.1,아주좋음,실외 활동하기 아주 좋은 날씨예요,적합,주의,적합,적합,주의,18.864,12.689,64.6,5.675,0.036,0.0,7.331,15.932,0.031,0.022,0.002,0.393
11110,종로구,2024-10-30,90.2,90.2,아주좋음,실외 활동하기 아주 좋은 날씨예요,적합,주의,적합,적합,주의,21.371,10.908,71.3,5.221,0.0,0.0,16.112,28.99,0.044,0.025,0.003,0.503
11110,종로구,2024-10-31,91.6,91.6,아주좋음,실외 활동하기 아주 좋은 날씨예요,적합,주의,적합,적합,주의,22.471,10.646,67.8,4.2,0.0,0.0,21.094,35.487,0.036,0.034,0.003,0.561
11110,종로구,2024-11-01,90.8,90.8,아주좋음,실외 활동하기 아주 좋은 날씨예요,적합,주의,적합,적합,주의,18.807,12.482,70.8,3.964,0.0,0.0,23.932,39.809,0.021,0.039,0.003,0.62
11110,종로구,2024-11-02,91.7,91.7,아주좋음,실외 활동하기 아주 좋은 날씨예요,적합,적합,적합,적합,주의,24.714,12.375,58.9,6.032,0.0,0.0,20.029,33.024,0.043,0.022,0.003,0.474
11110,종로구,2024-11-03,88.3,88.3,아주좋음,실외 활동하기 아주 좋은 날씨예요,적합,주의,적합,적합,주의,23.354,12.117,71.1,7.061,0.0,0.0,14.957,26.017,0.048,0.015,0.003,0.398
11110,종로구,2024-11-04,88.0,88.0,아주좋음,실외 활동하기 아주 좋은 날씨예요,주의,주의,주의,적합,주의,19.114,8.787,62.0,9.204,0.182,0.0,13.052,26.711,0.043,0.014,0.003,0.345
11110,종로구,2024-11-05,88.6,88.6,아주좋음,실외 활동하기 아주 좋은 날씨예요,주의,적합,주의,적합,주의,15.129,5.149,49.8,8.025,0.0,0.0,10.022,26.738,0.031,0.015,0.003,0.333
11110,종로구,2024-11-06,88.6,88.6,아주좋음,실외 활동하기 아주 좋은 날씨예요,주의,적합,적합,적합,주의,12.654,3.04,46.1,6.85,0.0,0.0,12.618,27.773,0.032,0.018,0.003,0.383
11110,종로구,2024-11-07,89.3,89.3,아주좋음,실외 활동하기 아주 좋은 날씨예요,주의,적합,적합,적합,주의,14.939,1.603,48.1,4.054,0.0,0.0,22.949,42.915,0.027,0.033,0.003,0.539
11110,종로구,2024-11-08,90.1,90.1,아주좋음,실외 활동하기 아주 좋은 날씨예요,주의,적합,적합,적합,주의,17.632,2.999,50.8,3.914,0.0,0.0,22.045,37.526,0.032,0.039,0.003,0.585
11110,종로구,2024-11-09,92.3,92.3,아주좋음,실외 활동하기 아주 좋은 날씨예요,주의,적합,적합,적합,주의,20.057,6.416,55.8,3.8,0.0,0.0,19.872,33.615,0.034,0.038,0.003,0.607
11110,종로구,2024-11-10,93.0,93.0,아주좋음,실외 활동하기 아주 좋은 날씨예요,적합,주의,적합,적합,주의,20.579,9.922,64.0,4.361,0.0,0.0,15.721,26.197,0.038,0.028,0.003,0.521
11110,종로구,2024-11-11,90.3,90.3,아주좋음,실외 활동하기 아주 좋은 날씨예요,적합,주의,적합,적합,주의,21.104,9.062,64.5,4.157,0.0,0.0,30.791,52.91,0.037,0.036,0.003,0.661
11110,종로구,2024-11-12,89.8,89.8,아주좋음,실외 활동하기 아주 좋은 날씨예요,적합,주의,적합,적합,주의,19.15,10.237,66.8,5.668,0.0,0.0,24.086,39.558,0.039,0.026,0.003,0.514
11110,종로구,2024-11-13,90.3,90.3,아주좋음,실외 활동하기 아주 좋은 날씨예요,주의,주의,적합,적합,주의,20.5,7.999,62.9,5.718,0.0,0.0,22.091,40.912,0.036,0.035,0.003,0.606
11110,종로구,2024-11-14,92.2,92.2,아주좋음,실외 활동하기 아주 좋은 날씨예요,적합,주의,적합,적합,주의,16.896,12.693,68.4,4.1,0.004,0.0,17.566,34.716,0.019,0.033,0.003,0.527
11110,종로구,2024-11-15,91.7,91.7,아주좋음,실외 활동하기 아주 좋은 날씨예요,적합,주의,적합,적합,주의,21.218,13.275,65.1,5.721,0.018,0.0,16.408,28.842,0.029,0.028,0.003,0.492
11110,종로구,2024-11-16,84.1,84.1,좋음,실외 활동에 좋은 날씨예요,적합,주의,적합,적합,주의,22.686,14.082,72.5,7.964,4.875,0.0,13.81,23.68,0.036,0.02,0.003,0.445
11110,종로구,2024-11-17,85.1,85.1,아주좋음,실외 활동하기 아주 좋은 날씨예요,주의,적합,주의,적합,주의,14.514,0.555,47.6,9.475,0.0,0.0,9.109,19.904,0.032,0.008,0.003,0.328
11110,종로구,2024-11-18,82.7,82.7,좋음,실외 활동에 좋은 날씨예요,해로움,주의,주의,적합,주의,7.589,-1.977,30.9,8.689,0.0,0.0,7.319,17.957,0.031,0.014,0.003,0.318
11110,종로구,2024-11-19,89.2,89.2,아주좋음,실외 활동하기 아주 좋은 날씨예요,해로움,적합,적합,적합,주의,10.921,-0.385,49.5,4.696,0.0,0.0,12.612,26.394,0.02,0.031,0.003,0.438
11110,종로구,2024-11-20,88.2,88.2,아주좋음,실외 활동하기 아주 좋은 날씨예요,주의,주의,적합,적합,주의,9.989,2.038,65.8,3.714,0.054,0.0,24.151,40.792,0.008,0.04,0.003,0.624
11110,종로구,2024-11-21,82.5,82.5,좋음,실외 활동에 좋은 날씨예요 · 미세먼지 주의,주의,주의,적합,적합,해로움,14.096,5.237,71.9,7.429,0.518,0.0,36.18,55.985,0.028,0.032,0.003,0.653
11110,종로구,2024-11-22,87.0,87.0,아주좋음,실외 활동하기 아주 좋은 날씨예요,주의,적합,적합,적합,주의,10.761,1.679,48.0,7.075,0.0,0.0,19.539,35.029,0.032,0.019,0.003,0.432
11110,종로구,2024-11-23,89.0,89.0,아주좋음,실외 활동하기 아주 좋은 날씨예요,주의,적합,적합,적합,적합,12.311,0.68,47.1,5.432,0.0,0.0,14.165,24.659,0.029,0.026,0.003,0.467
11110,종로구,2024-11-24,91.1,91.1,아주좋음,실외 활동하기 아주 좋은 날씨예요,주의,적합,적합,적합,적합,13.375,2.033,58.4,4.164,0.0,0.0,11.033,18.597,0.027,0.026,0.003,0.474
11110,종로구,2024-11-25,86.6,86.6,아주좋음,실외 활동하기 아주 좋은 날씨예요,주의,적합,주의,적합,적합,15.529,1.798,57.6,8.593,0.0,0.0,12.781,23.318,0.027,0.027,0.003,0.46
11110,종로구,2024-11-26,62.4,62.4,무난,"실외 활동하기 무난해요 — 비 소식, 우산 챙기세요",해로움,해로움,주의,주의,주의,12.893,-1.534,86.4,12.504,25.036,0.0,5.088,10.836,0.031,0.014,0.002,0.332
11110,종로구,2024-11-27,68.9,68.9,무난,"실외 활동하기 무난해요 — 비 소식, 우산 챙기세요",해로움,해로움,주의,주의,적합,2.068,-2.643,90.6,8.635,15.746,0.0,6.466,10.873,0.028,0.018,0.002,0.357
11110,종로구,2024-11-28,77.7,77.7,좋음,실외 활동에 좋은 날씨예요,해로움,해로움,적합,적합,적합,3.996,-2.666,82.0,7.688,4.657,0.0,12.251,18.734,0.026,0.019,0.002,0.421
11110,종로구,2024-11-29,83.3,83.3,좋음,실외 활동에 좋은 날씨예요,해로움,주의,적합,적합,주의,4.144,-4.125,76.3,5.441,0.0,0.0,17.977,31.375,0.022,0.028,0.003,0.52
11110,종로구,2024-11-30,83.0,83.0,좋음,실외 활동에 좋은 날씨예요,해로움,해로움,적합,적합,주의,6.114,-1.396,81.6,5.325,0.232,0.0,15.917,25.975,0.016,0.033,0.003,0.624
11110,종로구,2024-12-01,76.2,76.2,좋음,실외 활동에 좋은 날씨예요,주의,해로움,적합,적합,주의,9.025,0.553,89.3,4.568,0.304,0.0,22.882,32.982,0.015,0.028,0.003,0.646
11110,종로구,2024-12-02,75.8,75.8,좋음,실외 활동에 좋은 날씨예요,해로움,주의,주의,적합,주의,13.482,-0.536,79.9,8.146,0.0,0.0,26.858,44.164,0.03,0.029,0.003,0.65
11110,종로구,2024-12-03,83.9,83.9,좋음,실외 활동에 좋은 날씨예요,해로움,적합,적합,적합,적합,4.896,-3.98,48.6,7.581,0.0,0.0,7.434,19.04,0.029,0.018,0.003,0.358
11110,종로구,2024-12-04,85.3,85.3,아주좋음,실외 활동하기 아주 좋은 날씨예요,해로움,적합,적합,적합,적합,6.415,-2.401,52.1,6.693,0.0,0.0,11.162,24.267,0.026,0.024,0.003,0.414
11110,종로구,2024-12-05,82.1,82.1,좋음,실외 활동에 좋은 날씨예요,해로움,주의,주의,적합,적합,8.586,-1.973,62.8,8.914,1.261,0.0,10.962,23.18,0.028,0.026,0.003,0.451
11110,종로구,2024-12-06,82.1,82.1,좋음,실외 활동에 좋은 날씨예요,해로움,적합,주의,적합,주의,5.221,-3.567,49.3,10.025,0.0,0.0,9.145,26.515,0.03,0.016,0.003,0.359
11110,종로구,2024-12-07,82.8,82.8,좋음,실외 활동에 좋은 날씨예요,해로움,적합,주의,적합,적합,4.136,-5.418,56.9,8.196,0.0,0.0,11.721,23.555,0.03,0.017,0.003,0.405
11110,종로구,2024-12-08,82.8,82.8,좋음,"실외 활동에 좋은 날씨예요 · 쌀쌀해요, 옷 챙기세요",해로움,적합,적합,적합,주의,3.704,-6.344,46.5,7.611,0.0,0.0,12.048,23.214,0.031,0.014,0.003,0.376
11110,종로구,2024-12-09,84.7,84.7,좋음,실외 활동에 좋은 날씨예요,해로움,적합,적합,적합,주의,6.461,-4.729,56.1,4.954,0.0,0.0,17.398,34.435,0.022,0.034,0.003,0.584
11110,종로구,2024-12-10,82.0,82.0,좋음,실외 활동에 좋은 날씨예요,해로움,적합,적합,적합,주의,6.868,-3.529,58.9,7.275,0.0,0.0,26.536,42.672,0.024,0.035,0.003,0.691
11110,종로구,2024-12-11,83.0,83.0,좋음,실외 활동에 좋은 날씨예요 · 미세먼지 주의,해로움,적합,적합,적합,해로움,7.254,-1.444,50.3,4.564,0.0,0.0,37.826,61.624,0.021,0.032,0.004,0.754
11110,종로구,2024-12-12,83.4,83.4,좋음,실외 활동에 좋은 날씨예요,해로움,적합,적합,적합,주의,4.739,-4.638,45.8,5.843,0.0,0.0,22.071,41.171,0.021,0.027,0.004,0.536
11110,종로구,2024-12-13,83.7,83.7,좋음,실외 활동에 좋은 날씨예요,해로움,적합,적합,적합,주의,4.454,-3.229,42.1,7.986,0.0,0.0,15.474,28.852,0.027,0.023,0.003,0.439
11110,종로구,2024-12-14,83.1,83.1,좋음,실외 활동에 좋은 날씨예요,해로움,적합,적합,적합,적합,2.393,-5.512,51.0,7.457,0.0,0.0,14.977,28.844,0.03,0.019,0.003,0.449
11110,종로구,2024-12-15,82.5,82.5,좋음,실외 활동에 좋은 날씨예요,해로움,적합,주의,적합,주의,5.389,-4.353,54.1,9.075,0.0,0.0,9.62,20.799,0.034,0.019,0.003,0.388
11110,종로구,2024-12-16,82.3,82.3,좋음,실외 활동에 좋은 날씨예요,해로움,주의,적합,적합,주의,3.854,-4.221,65.9,5.714,0.0,0.0,16.11,30.392,0.027,0.035,0.003,0.562
11110,종로구,2024-12-17,83.1,83.1,좋음,"실외 활동에 좋은 날씨예요 · 쌀쌀해요, 옷 챙기세요",해로움,적합,적합,적합,적합,3.371,-6.184,51.8,7.264,0.0,0.0,14.039,26.778,0.024,0.025,0.003,0.482
11110,종로구,2024-12-18,82.4,82.4,좋음,"실외 활동에 좋은 날씨예요 · 쌀쌀해요, 옷 챙기세요",해로움,적합,적합,적합,주의,0.126,-8.918,47.1,6.004,0.0,0.0,16.155,32.631,0.024,0.019,0.003,0.458
11110,종로구,2024-12-19,81.5,81.5,좋음,"실외 활동에 좋은 날씨예요 · 쌀쌀해요, 옷 챙기세요",해로움,적합,적합,적합,주의,3.8,-7.833,47.4,4.336,0.0,0.0,30.121,54.215,0.015,0.037,0.004,0.699
11110,종로구,2024-12-20,81.8,81.8,좋음,실외 활동에 좋은 날씨예요 · 미세먼지 주의,해로움,주의,적합,적합,해로움,4.304,-3.425,60.9,4.329,0.121,0.0,38.242,58.247,0.006,0.048,0.004,0.811
11110,종로구,2024-12-21,70.8,70.8,좋음,"실외 활동에 좋은 날씨예요 · 쌀쌀해요, 옷 챙기세요",해로움,주의,주의,적합,해로움,1.846,-7.894,74.1,8.579,2.211,0.0,38.373,49.227,0.028,0.022,0.003,0.601
11110,종로구,2024-12-22,81.1,81.1,좋음,"실외 활동에 좋은 날씨예요 · 쌀쌀해요, 옷 챙기세요",해로움,적합,적합,적합,주의,0.696,-10.072,52.9,7.657,0.0,0.0,9.724,21.134,0.031,0.016,0.003,0.374
11110,종로구,2024-12-23,82.4,82.4,좋음,"실외 활동에 좋은 날씨예요 · 쌀쌀해요, 옷 챙기세요",해로움,적합,적합,적합,주의,6.2,-6.979,58.5,6.941,0.0,0.0,16.689,29.067,0.023,0.033,0.003,0.598
11110,종로구,2024-12-24,84.3,84.3,좋음,실외 활동에 좋은 날씨예요,해로움,적합,적합,적합,주의,4.082,-5.253,50.3,4.996,0.0,0.0,18.953,34.29,0.024,0.033,0.003,0.565
11110,종로구,2024-12-25,83.0,83.0,좋음,실외 활동에 좋은 날씨예요,해로움,주의,적합,적합,주의,6.132,-2.433,63.1,6.396,0.057,0.0,20.978,32.599,0.025,0.036,0.003,0.617
11110,종로구,2024-12-26,76.9,76.9,좋음,"실외 활동에 좋은 날씨예요 · 쌀쌀해요, 옷 챙기세요",해로움,적합,주의,적합,주의,4.279,-8.426,57.9,9.779,0.036,0.0,32.587,64.651,0.028,0.019,0.003,0.485
11110,종로구,2024-12-27,80.7,80.7,좋음,"실외 활동에 좋은 날씨예요 · 쌀쌀해요, 옷 챙기세요",해로움,적합,주의,적합,주의,1.382,-9.115,51.4,8.396,0.0,0.0,13.287,30.499,0.03,0.018,0.003,0.375
11110,종로구,2024-12-28,80.6,80.6,좋음,"실외 활동에 좋은 날씨예요 · 쌀쌀해요, 옷 챙기세요",해로움,적합,주의,적합,주의,0.589,-9.43,48.3,8.468,0.0,0.0,13.507,29.988,0.03,0.015,0.003,0.372
11110,종로구,2024-12-29,85.7,85.7,아주좋음,실외 활동하기 아주 좋은 날씨예요,해로움,적합,적합,적합,적합,5.096,-4.949,56.1,4.471,0.0,0.0,14.389,25.856,0.023,0.029,0.003,0.512
11110,종로구,2024-12-30,78.1,78.1,좋음,실외 활동에 좋은 날씨예요,주의,주의,주의,적합,주의,9.961,0.334,68.5,9.793,0.0,0.0,32.185,55.444,0.033,0.033,0.003,0.622
11110,종로구,2024-12-31,80.3,80.3,좋음,실외 활동에 좋은 날씨예요,해로움,적합,주의,적합,주의,5.154,-5.283,45.8,8.45,0.0,0.0,18.187,51.254,0.03,0.019,0.003,0.438
11110,종로구,2025-01-01,80.7,80.7,좋음,실외 활동에 좋은 날씨예요,해로움,주의,적합,적합,주의,8.5,-4.209,64.3,7.979,0.0,0.0,20.869,41.502,0.036,0.029,0.003,0.574
11110,종로구,2025-01-02,82.9,82.9,좋음,실외 활동에 좋은 날씨예요,해로움,적합,적합,적합,주의,5.857,-4.852,48.8,7.207,0.0,0.0,18.779,36.028,0.03,0.026,0.003,0.543
11110,종로구,2025-01-03,82.7,82.7,좋음,"실외 활동에 좋은 날씨예요 · 쌀쌀해요, 옷 챙기세요",해로움,적합,적합,적합,적합,2.671,-7.204,52.0,7.257,0.0,0.0,13.814,24.817,0.028,0.021,0.003,0.432
11110,종로구,2025-01-04,82.9,82.9,좋음,"실외 활동에 좋은 날씨예요 · 쌀쌀해요, 옷 챙기세요",해로움,적합,적합,적합,주의,5.029,-6.741,49.6,6.05,0.0,0.0,19.175,32.067,0.027,0.028,0.003,0.527
11110,종로구,2025-01-05,72.9,72.9,좋음,실외 활동에 좋은 날씨예요,해로움,해로움,적합,적합,주의,2.75,-2.691,85.0,5.204,3.704,0.0,25.074,34.413,0.017,0.03,0.002,0.571
11110,종로구,2025-01-06,70.7,70.7,좋음,실외 활동에 좋은 날씨예요 · 미세먼지 주의,해로움,주의,주의,적합,해로움,3.514,-5.49,75.6,8.925,2.125,0.0,41.981,55.298,0.031,0.024,0.003,0.633
11110,종로구,2025-01-07,80.7,80.7,좋음,"실외 활동에 좋은 날씨예요 · 쌀쌀해요, 옷 챙기세요",해로움,적합,주의,적합,주의,1.093,-8.614,53.5,8.9,0.004,0.0,13.716,28.014,0.03,0.017,0.003,0.404
11110,종로구,2025-01-08,79.3,79.3,좋음,"실외 활동에 좋은 날씨예요 · 쌀쌀해요, 옷 챙기세요",해로움,적합,주의,적합,주의,0.539,-10.212,55.1,9.846,0.0,0.0,16.171,28.846,0.028,0.022,0.003,0.462
11110,종로구,2025-01-09,55.0,73.8,주의,"⚠️ 한파, 한랭질환 주의 — 실외 활동에 주의하세요",위험,주의,주의,적합,주의,-6.422,-17.713,38.4,11.979,0.0,0.0,8.838,28.084,0.031,0.01,0.002,0.317
11110,종로구,2025-01-10,55.0,81.2,주의,"⚠️ 한파, 한랭질환 주의 — 실외 활동에 주의하세요",위험,적합,적합,적합,적합,-2.478,-14.26,48.0,5.232,0.0,0.0,13.41,24.856,0.026,0.025,0.003,0.436
11110,종로구,2025-01-11,81.4,81.4,좋음,"실외 활동에 좋은 날씨예요 · 쌀쌀해요, 옷 챙기세요",해로움,적합,적합,적합,주의,-0.496,-11.13,57.4,4.975,0.0,0.0,21.195,31.835,0.021,0.033,0.003,0.543
11110,종로구,2025-01-12,80.4,80.4,좋음,"실외 활동에 좋은 날씨예요 · 쌀쌀해요, 옷 챙기세요",해로움,적합,적합,적합,주의,2.011,-9.576,59.9,5.032,0.0,0.0,29.134,38.962,0.024,0.036,0.003,0.665
11110,종로구,2025-01-13,72.4,72.4,좋음,"실외 활동에 좋은 날씨예요 · 쌀쌀해요, 옷 챙기세요",해로움,주의,적합,적합,해로움,3.954,-7.478,76.9,6.514,0.332,0.0,40.103,54.733,0.016,0.042,0.003,0.782
11110,종로구,2025-01-14,74.8,74.8,좋음,실외 활동에 좋은 날씨예요 · 미세먼지 주의,해로움,주의,적합,적합,해로움,5.657,-3.444,72.0,7.796,0.307,0.0,42.226,59.319,0.03,0.032,0.003,0.69
11110,종로구,2025-01-15,79.6,79.6,좋음,"실외 활동에 좋은 날씨예요 · 쌀쌀해요, 옷 챙기세요",해로움,적합,주의,적합,주의,-0.85,-9.213,40.8,8.993,0.0,0.0,11.199,33.658,0.029,0.014,0.003,0.37
11110,종로구,2025-01-16,80.7,80.7,좋음,"실외 활동에 좋은 날씨예요 · 쌀쌀해요, 옷 챙기세요",해로움,주의,적합,적합,주의,3.011,-6.414,65.1,6.85,0.0,0.0,18.949,34.985,0.022,0.03,0.003,0.518
11110,종로구,2025-01-17,80.2,80.2,좋음,"실외 활동에 좋은 날씨예요 · 쌀쌀해요, 옷 챙기세요",해로움,주의,적합,적합,주의,5.182,-6.373,62.4,5.171,0.0,0.0,32.637,54.527,0.016,0.035,0.003,0.664
11110,종로구,2025-01-18,83.1,83.1,좋음,실외 활동에 좋은 날씨예요,해로움,적합,적합,적합,주의,6.618,-5.124,54.1,3.979,0.0,0.0,28.464,47.679,0.015,0.047,0.004,0.811
11110,종로구,2025-01-19,81.2,81.2,좋음,실외 활동에 좋은 날씨예요,해로움,주의,적합,적합,주의,8.436,-2.9,65.0,4.818,0.0,0.0,32.304,47.007,0.028,0.042,0.003,0.752
11110,종로구,2025-01-20,75.6,75.6,좋음,실외 활동에 좋은 날씨예요 · 미세먼지 주의,해로움,주의,적합,적합,해로움,6.807,-0.4,73.1,4.461,0.0,0.0,72.123,93.195,0.029,0.044,0.003,0.883
11110,종로구,2025-01-21,55.0,71.0,주의,"⚠️ 미세먼지 매우 나쁨, 마스크 착용 — 실외 활동에 주의하세요",해로움,주의,적합,적합,위험,6.025,-2.276,79.8,4.443,0.0,0.0,92.098,114.774,0.013,0.054,0.003,1.075
11110,종로구,2025-01-22,76.0,76.0,좋음,실외 활동에 좋은 날씨예요 · 미세먼지 주의,해로움,주의,적합,적합,해로움,7.336,-1.247,70.3,5.564,0.0,0.0,64.175,84.737,0.027,0.043,0.004,0.806
11110,종로구,2025-01-23,81.7,81.7,좋음,실외 활동에 좋은 날씨예요,해로움,적합,적합,적합,해로움,7.368,-3.616,54.3,5.3,0.0,0.0,35.901,53.007,0.025,0.041,0.003,0.727
11110,종로구,2025-01-24,83.3,83.3,좋음,실외 활동에 좋은 날씨예요,해로움,적합,적합,적합,주의,9.479,-4.045,45.9,4.618,0.0,0.0,28.443,47.676,0.022,0.042,0.003,0.715
11110,종로구,2025-01-25,84.4,84.4,좋음,실외 활동에 좋은 날씨예요,해로움,적합,적합,적합,주의,10.346,-2.159,52.8,7.514,0.0,0.0,12.047,21.582,0.034,0.025,0.003,0.477
11110,종로구,2025-01-26,85.6,85.6,아주좋음,실외 활동하기 아주 좋은 날씨예요,해로움,적합,적합,적합,주의,7.029,-0.293,50.5,7.218,0.0,0.0,6.198,12.803,0.035,0.017,0.003,0.338
11110,종로구,2025-01-27,70.0,70.0,좋음,"실외 활동에 좋은 날씨예요 · 쌀쌀해요, 옷 챙기세요",해로움,주의,주의,적합,주의,4.646,-6.497,77.9,10.886,3.843,0.0,16.674,45.575,0.033,0.012,0.002,0.351
11110,종로구,2025-01-28,74.4,74.4,좋음,"실외 활동에 좋은 날씨예요 · 쌀쌀해요, 옷 챙기세요",해로움,주의,주의,적합,주의,-2.514,-9.564,71.3,10.329,0.271,0.0,20.324,31.938,0.035,0.01,0.002,0.408
11110,종로구,2025-01-29,77.0,77.0,좋음,"실외 활동에 좋은 날씨예요 · 쌀쌀해요, 옷 챙기세요",해로움,주의,주의,적합,주의,-1.554,-10.259,66.1,9.054,0.007,0.0,19.444,28.481,0.036,0.01,0.002,0.351
11110,종로구,2025-01-30,83.3,83.3,좋음,"실외 활동에 좋은 날씨예요 · 쌀쌀해요, 옷 챙기세요",해로움,적합,적합,적합,주의,-0.9,-8.588,46.6,5.257,0.0,0.0,12.85,21.468,0.035,0.019,0.003,0.385
11110,종로구,2025-01-31,76.4,76.4,좋음,실외 활동에 좋은 날씨예요,해로움,해로움,적합,적합,주의,0.239,-4.204,80.1,4.293,1.336,0.0,24.183,34.199,0.017,0.037,0.002,0.577
11110,종로구,2025-02-01,77.7,77.7,좋음,실외 활동에 좋은 날씨예요,해로움,주의,적합,적합,해로움,6.933,-3.171,74.3,4.257,0.0,0.0,35.457,46.785,0.025,0.035,0.003,0.686
11110,종로구,2025-02-02,79.7,79.7,좋음,실외 활동에 좋은 날씨예요,해로움,주의,적합,적합,주의,6.825,-4.278,67.1,5.921,0.0,0.0,28.96,41.832,0.033,0.027,0.003,0.628
11110,종로구,2025-02-03,55.0,76.2,주의,"⚠️ 한파, 한랭질환 주의 — 실외 활동에 주의하세요",위험,적합,주의,적합,주의,0.786,-13.458,48.8,11.875,0.0,0.0,17.633,30.63,0.038,0.012,0.003,0.413
11110,종로구,2025-02-04,55.0,76.4,주의,"⚠️ 한파, 한랭질환 주의 — 실외 활동에 주의하세요",위험,적합,주의,적합,주의,-5.618,-16.937,50.8,9.907,0.0,0.0,10.322,21.287,0.036,0.011,0.002,0.347
11110,종로구,2025-02-05,55.0,76.4,주의,"⚠️ 한파, 한랭질환 주의 — 실외 활동에 주의하세요",위험,적합,주의,적합,주의,-3.732,-16.657,49.1,10.196,0.0,0.0,8.982,19.207,0.035,0.013,0.003,0.366
11110,종로구,2025-02-06,55.0,78.3,주의,"⚠️ 한파, 한랭질환 주의 — 실외 활동에 주의하세요",위험,적합,주의,적합,주의,-0.629,-13.881,59.9,8.036,1.136,0.0,12.466,23.888,0.032,0.025,0.003,0.461
11110,종로구,2025-02-07,55.0,73.9,주의,"⚠️ 한파, 한랭질환 주의 — 실외 활동에 주의하세요",위험,주의,주의,적합,주의,-4.504,-16.613,60.1,13.118,0.139,0.0,12.843,31.982,0.036,0.015,0.003,0.375
11110,종로구,2025-02-08,55.0,78.4,주의,"⚠️ 한파, 한랭질환 주의 — 실외 활동에 주의하세요",위험,적합,적합,적합,주의,-3.674,-15.92,54.5,7.489,0.0,0.0,10.87,25.819,0.034,0.013,0.002,0.363
11110,종로구,2025-02-09,55.0,78.8,주의,"⚠️ 한파, 한랭질환 주의 — 실외 활동에 주의하세요",해로움,주의,적합,적합,주의,0.858,-12.432,63.8,7.067,0.0,0.0,14.425,26.016,0.035,0.021,0.003,0.47
11110,종로구,2025-02-10,80.5,80.5,좋음,"실외 활동에 좋은 날씨예요 · 쌀쌀해요, 옷 챙기세요",해로움,주의,적합,적합,주의,2.159,-9.45,61.0,7.279,0.0,0.0,18.222,27.16,0.03,0.031,0.003,0.557
11110,종로구,2025-02-11,80.8,80.8,좋음,"실외 활동에 좋은 날씨예요 · 쌀쌀해요, 옷 챙기세요",해로움,적합,적합,적합,주의,6.241,-6.998,59.8,5.039,0.0,0.0,32.724,45.327,0.027,0.044,0.003,0.724
11110,종로구,2025-02-12,72.6,72.6,좋음,실외 활동에 좋은 날씨예요,해로움,주의,주의,적합,주의,2.7,-4.757,75.8,10.425,0.982,0.0,29.196,40.98,0.031,0.037,0.003,0.591
11110,종로구,2025-02-13,80.3,80.3,좋음,"실외 활동에 좋은 날씨예요 · 쌀쌀해요, 옷 챙기세요",해로움,적합,주의,적합,주의,5.679,-8.534,53.1,9.029,0.0,0.0,10.329,29.312,0.034,0.025,0.003,0.426
11110,종로구,2025-02-14,78.9,78.9,좋음,실외 활동에 좋은 날씨예요,해로움,주의,적합,적합,주의,9.857,-2.73,67.4,6.368,0.0,0.0,34.32,65.72,0.033,0.041,0.003,0.696
11110,종로구,2025-02-15,76.5,76.5,좋음,실외 활동에 좋은 날씨예요 · 미세먼지 주의,해로움,주의,적합,적합,해로움,7.836,-1.097,76.5,4.95,0.0,0.0,43.592,65.388,0.036,0.038,0.003,0.679
11110,종로구,2025-02-16,72.7,72.7,좋음,실외 활동에 좋은 날씨예요 · 미세먼지 주의,해로움,주의,주의,적합,해로움,9.496,-2.285,75.6,9.179,0.0,0.0,48.269,68.793,0.048,0.028,0.003,0.641
11110,종로구,2025-02-17,79.1,79.1,좋음,"실외 활동에 좋은 날씨예요 · 쌀쌀해요, 옷 챙기세요",해로움,주의,주의,적합,주의,3.529,-7.142,39.1,9.811,0.0,0.0,9.41,35.894,0.042,0.014,0.003,0.338
11110,종로구,2025-02-18,79.0,79.0,좋음,"실외 활동에 좋은 날씨예요 · 쌀쌀해요, 옷 챙기세요",해로움,적합,주의,적합,주의,2.396,-8.848,40.3,10.829,0.0,0.0,9.971,26.462,0.037,0.014,0.003,0.352
11110,종로구,2025-02-19,80.2,80.2,좋음,"실외 활동에 좋은 날씨예요 · 쌀쌀해요, 옷 챙기세요",해로움,적합,주의,적합,주의,1.207,-9.344,44.8,8.775,0.0,0.0,11.225,25.901,0.036,0.015,0.003,0.38
11110,종로구,2025-02-20,79.8,79.8,좋음,"실외 활동에 좋은 날씨예요 · 쌀쌀해요, 옷 챙기세요",해로움,적합,주의,적합,주의,1.786,-10.129,43.3,8.729,0.0,0.0,12.773,27.297,0.037,0.017,0.003,0.417
11110,종로구,2025-02-21,79.5,79.5,좋음,"실외 활동에 좋은 날씨예요 · 쌀쌀해요, 옷 챙기세요",해로움,적합,주의,적합,주의,2.125,-10.211,45.3,9.143,0.0,0.0,15.628,30.371,0.038,0.018,0.003,0.421
11110,종로구,2025-02-22,80.5,80.5,좋음,"실외 활동에 좋은 날씨예요 · 쌀쌀해요, 옷 챙기세요",해로움,적합,주의,적합,주의,2.304,-8.901,49.1,8.196,0.0,0.0,17.75,31.697,0.039,0.015,0.003,0.391
11110,종로구,2025-02-23,78.8,78.8,좋음,"실외 활동에 좋은 날씨예요 · 쌀쌀해요, 옷 챙기세요",해로움,적합,주의,적합,주의,0.319,-10.729,45.4,9.411,0.0,0.0,15.867,32.011,0.041,0.012,0.003,0.37
11110,종로구,2025-02-24,80.9,80.9,좋음,"실외 활동에 좋은 날씨예요 · 쌀쌀해요, 옷 챙기세요",해로움,적합,적합,적합,주의,4.196,-9.179,49.8,7.536,0.0,0.0,15.722,31.152,0.038,0.023,0.003,0.451
11110,종로구,2025-02-25,76.6,76.6,좋음,"실외 활동에 좋은 날씨예요 · 쌀쌀해요, 옷 챙기세요",해로움,주의,주의,적합,주의,5.881,-6.197,72.6,9.018,0.0,0.0,17.145,31.789,0.04,0.03,0.003,0.496
11110,종로구,2025-02-26,80.6,80.6,좋음,실외 활동에 좋은 날씨예요,해로움,적합,주의,적합,주의,8.868,-1.992,49.4,8.475,0.0,0.0,32.061,65.792,0.04,0.026,0.003,0.495
11110,종로구,2025-02-27,79.0,79.0,좋음,실외 활동에 좋은 날씨예요,해로움,주의,적합,적합,주의,13.764,-2.861,29.4,6.057,0.0,0.0,15.131,41.252,0.036,0.043,0.004,0.605
11110,종로구,2025-02-28,85.8,85.8,아주좋음,실외 활동하기 아주 좋은 날씨예요,주의,적합,적합,적합,주의,13.036,2.014,52.4,4.743,0.0,0.0,32.173,51.788,0.033,0.053,0.004,0.799
11110,종로구,2025-03-01,81.6,81.6,좋음,실외 활동에 좋은 날씨예요 · 미세먼지 주의,주의,주의,적합,적합,해로움,13.018,1.62,68.5,6.168,0.111,0.0,49.465,65.035,0.026,0.044,0.003,0.758
11110,종로구,2025-03-02,71.6,71.6,좋음,"실외 활동에 좋은 날씨예요 · 비 소식, 우산 챙기세요",해로움,주의,주의,주의,주의,15.407,-0.36,68.0,11.839,11.136,0.0,29.73,42.981,0.045,0.024,0.003,0.527
11110,종로구,2025-03-03,74.1,74.1,좋음,"실외 활동에 좋은 날씨예요 · 비 소식, 우산 챙기세요",해로움,주의,주의,적합,주의,6.546,-3.042,63.5,12.189,8.193,0.0,4.998,12.592,0.043,0.01,0.002,0.275
11110,종로구,2025-03-04,77.5,77.5,좋음,실외 활동에 좋은 날씨예요,해로움,주의,주의,적합,주의,3.582,-3.031,68.3,10.261,2.625,0.0,3.849,10.014,0.044,0.014,0.002,0.312
11110,종로구,2025-03-05,85.8,85.8,아주좋음,실외 활동하기 아주 좋은 날씨예요,주의,주의,적합,적합,주의,8.711,0.453,63.3,6.307,0.0,0.0,4.173,8.987,0.037,0.02,0.002,0.359
11110,종로구,2025-03-06,83.2,83.2,좋음,실외 활동에 좋은 날씨예요,해로움,적합,적합,적합,주의,10.146,-1.728,55.1,7.339,0.0,0.0,27.679,46.209,0.045,0.024,0.003,0.553
11110,종로구,2025-03-07,82.4,82.4,좋음,실외 활동에 좋은 날씨예요 · 미세먼지 주의,해로움,적합,적합,적합,해로움,10.726,-1.298,49.3,5.846,0.0,0.0,48.263,71.389,0.049,0.036,0.004,0.662
11110,종로구,2025-03-08,84.0,84.0,좋음,실외 활동에 좋은 날씨예요 · 미세먼지 주의,주의,적합,적합,적합,해로움,10.796,1.219,55.0,7.375,0.0,0.0,38.804,55.204,0.049,0.028,0.003,0.527
11110,종로구,2025-03-09,81.7,81.7,좋음,실외 활동에 좋은 날씨예요 · 미세먼지 주의,해로움,주의,적합,적합,해로움,13.104,-0.082,67.3,5.561,0.0,0.0,39.931,55.012,0.049,0.027,0.003,0.55
11110,종로구,2025-03-10,82.1,82.1,좋음,실외 활동에 좋은 날씨예요 · 미세먼지 주의,주의,적합,적합,적합,해로움,14.515,0.727,59.8,7.707,0.0,0.0,55.59,72.217,0.056,0.034,0.003,0.637
11110,종로구,2025-03-11,84.7,84.7,좋음,실외 활동에 좋은 날씨예요 · 미세먼지 주의,주의,적합,적합,적합,해로움,15.946,1.534,58.0,6.082,0.0,0.0,44.243,59.549,0.049,0.036,0.003,0.587
11110,종로구,2025-03-12,84.4,84.4,좋음,실외 활동에 좋은 날씨예요,주의,주의,적합,적합,주의,12.275,4.864,72.3,7.061,0.0,0.0,30.613,47.72,0.04,0.033,0.003,0.501
11110,종로구,2025-03-13,83.8,83.8,좋음,실외 활동에 좋은 날씨예요,주의,적합,적합,적합,해로움,15.354,1.441,54.6,7.268,0.0,0.0,28.643,80.151,0.038,0.027,0.003,0.498
11110,종로구,2025-03-14,84.8,84.8,좋음,실외 활동에 좋은 날씨예요,주의,주의,적합,적합,주의,19.221,3.862,31.4,5.946,0.0,0.0,20.573,59.581,0.046,0.031,0.003,0.526
11110,종로구,2025-03-15,91.0,91.0,아주좋음,실외 활동하기 아주 좋은 날씨예요,주의,주의,주의,적합,주의,16.514,8.303,39.1,9.196,0.0,0.0,11.851,34.651,0.048,0.015,0.003,0.324
11110,종로구,2025-03-16,81.4,81.4,좋음,실외 활동에 좋은 날씨예요,해로움,적합,주의,적합,주의,9.725,-1.569,56.3,11.043,1.064,0.0,19.345,36.566,0.047,0.01,0.002,0.341
11110,종로구,2025-03-17,81.9,81.9,좋음,실외 활동에 좋은 날씨예요,해로움,적합,주의,적합,주의,6.782,-3.721,46.0,8.836,0.246,0.0,20.499,36.839,0.046,0.015,0.003,0.37
11110,종로구,2025-03-18,74.1,74.1,좋음,"실외 활동에 좋은 날씨예요 · 비 소식, 우산 챙기세요",해로움,주의,주의,적합,주의,5.822,-3.043,70.6,9.579,6.425,0.0,22.12,30.748,0.047,0.016,0.002,0.387
11110,종로구,2025-03-19,80.7,80.7,좋음,실외 활동에 좋은 날씨예요,해로움,적합,주의,적합,주의,7.015,-4.315,49.5,8.221,0.0,0.0,31.588,44.892,0.05,0.021,0.003,0.431
11110,종로구,2025-03-20,80.7,80.7,좋음,실외 활동에 좋은 날씨예요 · 미세먼지 주의,해로움,주의,주의,적합,해로움,15.089,-0.66,62.8,9.2,0.0,0.0,36.589,57.736,0.061,0.024,0.003,0.489
11110,종로구,2025-03-21,86.6,86.6,아주좋음,실외 활동하기 아주 좋은 날씨예요 · 미세먼지 주의,주의,주의,적합,적합,해로움,18.8,5.713,61.3,7.986,0.0,0.0,48.028,82.876,0.063,0.025,0.003,0.532
11110,종로구,2025-03-22,86.0,86.0,아주좋음,실외 활동하기 아주 좋은 날씨예요 · 미세먼지 주의,주의,적합,주의,적합,해로움,20.179,5.371,53.8,9.246,0.0,0.0,47.683,80.762,0.063,0.027,0.004,0.584
11110,종로구,2025-03-23,87.9,87.9,아주좋음,실외 활동하기 아주 좋은 날씨예요 · 미세먼지 주의,주의,적합,적합,적합,해로움,23.836,6.084,49.0,6.943,0.0,0.0,47.803,85.925,0.073,0.025,0.004,0.591
11110,종로구,2025-03-24,89.4,89.4,아주좋음,실외 활동하기 아주 좋은 날씨예요 · 미세먼지 주의,적합,적합,주의,적합,해로움,21.075,10.601,56.1,8.854,0.0,0.0,48.278,93.532,0.066,0.024,0.004,0.559
11110,종로구,2025-03-25,79.6,79.6,좋음,실외 활동에 좋은 날씨예요 · 미세먼지 주의,주의,주의,해로움,적합,위험,21.632,6.394,63.5,15.521,0.0,0.0,58.334,146.3,0.061,0.019,0.003,0.543
11110,종로구,2025-03-26,84.7,84.7,좋음,실외 활동에 좋은 날씨예요 · 미세먼지 주의,주의,적합,적합,적합,위험,24.111,4.815,46.4,6.539,0.0,0.0,20.368,110.163,0.047,0.034,0.003,0.556
11110,종로구,2025-03-27,85.9,85.9,아주좋음,실외 활동하기 아주 좋은 날씨예요,주의,주의,주의,적합,주의,18.879,5.74,65.1,9.657,0.189,0.0,23.079,61.453,0.052,0.018,0.003,0.421
11110,종로구,2025-03-28,83.8,83.8,좋음,실외 활동에 좋은 날씨예요,주의,적합,주의,적합,주의,12.17,0.751,41.6,10.746,0.0,0.0,18.903,41.67,0.044,0.012,0.003,0.364
11110,종로구,2025-03-29,80.1,80.1,좋음,실외 활동에 좋은 날씨예요,해로움,적합,주의,적합,주의,7.354,-3.054,40.8,13.154,0.179,0.0,9.396,24.774,0.044,0.013,0.003,0.321
11110,종로구,2025-03-30,81.4,81.4,좋음,실외 활동에 좋은 날씨예요,해로움,적합,주의,적합,주의,7.836,-4.182,51.1,9.964,0.107,0.0,9.143,24.223,0.046,0.012,0.002,0.318
11110,종로구,2025-03-31,85.3,85.3,아주좋음,실외 활동하기 아주 좋은 날씨예요,해로움,적합,적합,적합,주의,13.857,-0.0,50.5,7.096,0.0,0.0,17.036,35.542,0.05,0.024,0.003,0.42
11110,종로구,2025-04-01,86.1,86.1,아주좋음,실외 활동하기 아주 좋은 날씨예요,주의,적합,적합,적합,주의,16.761,2.814,53.0,7.032,0.0,0.0,34.146,62.055,0.066,0.03,0.003,0.502
11110,종로구,2025-04-02,85.7,85.7,아주좋음,실외 활동하기 아주 좋은 날씨예요,주의,적합,주의,적합,주의,14.607,3.382,55.4,9.125,0.0,0.0,31.16,52.355,0.058,0.033,0.003,0.5
11110,종로구,2025-04-03,86.4,86.4,아주좋음,실외 활동하기 아주 좋은 날씨예요,주의,적합,적합,적합,주의,16.507,2.615,58.6,7.571,0.0,0.0,27.185,41.152,0.054,0.024,0.003,0.414
11110,종로구,2025-04-04,87.4,87.4,아주좋음,실외 활동하기 아주 좋은 날씨예요,주의,적합,주의,적합,주의,16.407,4.498,54.5,8.093,0.0,0.0,30.639,45.293,0.061,0.027,0.003,0.441
11110,종로구,2025-04-05,73.5,73.5,좋음,"실외 활동에 좋은 날씨예요 · 비 소식, 우산 챙기세요",주의,해로움,적합,주의,주의,9.586,6.451,86.1,5.286,20.243,0.154,18.677,27.81,0.044,0.022,0.002,0.457
11110,종로구,2025-04-06,86.8,86.8,아주좋음,실외 활동하기 아주 좋은 날씨예요,주의,주의,주의,적합,주의,16.011,5.288,67.3,8.322,0.018,0.0,17.89,33.563,0.053,0.015,0.003,0.387
11110,종로구,2025-04-07,85.7,85.7,아주좋음,실외 활동하기 아주 좋은 날씨예요,주의,적합,주의,적합,주의,20.459,3.596,54.5,9.641,0.0,0.0,27.318,56.071,0.072,0.023,0.003,0.474
11110,종로구,2025-04-08,89.8,89.8,아주좋음,실외 활동하기 아주 좋은 날씨예요,적합,적합,주의,적합,주의,18.667,9.37,55.0,9.478,0.0,0.0,28.71,67.222,0.074,0.02,0.003,0.436
11110,종로구,2025-04-09,90.7,90.7,아주좋음,실외 활동하기 아주 좋은 날씨예요,주의,적합,적합,적합,주의,18.256,7.569,51.6,7.863,0.252,0.03,24.935,48.94,0.051,0.032,0.003,0.506
11110,종로구,2025-04-10,90.4,90.4,아주좋음,실외 활동하기 아주 좋은 날씨예요,주의,주의,적합,적합,주의,19.03,7.831,60.6,7.5,0.143,0.0,30.543,48.596,0.06,0.024,0.003,0.494
11110,종로구,2025-04-11,90.2,90.2,아주좋음,실외 활동하기 아주 좋은 날씨예요 · 미세먼지 주의,주의,적합,적합,적합,해로움,24.211,7.137,51.8,6.343,0.0,0.0,37.079,57.874,0.06,0.034,0.003,0.587
11110,종로구,2025-04-12,70.3,70.3,좋음,"실외 활동에 좋은 날씨예요 · 비 소식, 우산 챙기세요",해로움,주의,주의,주의,주의,22.675,-0.584,66.5,11.914,16.782,0.15,22.128,38.323,0.055,0.024,0.003,0.474
11110,종로구,2025-04-13,72.3,72.3,좋음,실외 활동에 좋은 날씨예요 · 바람 강함,해로움,주의,해로움,적합,주의,8.859,-1.932,71.1,14.839,3.454,0.096,8.878,45.424,0.043,0.009,0.002,0.297
11110,종로구,2025-04-14,70.1,70.1,좋음,"실외 활동에 좋은 날씨예요 · 비 소식, 우산 챙기세요",주의,해로움,주의,적합,주의,6.389,0.108,87.4,9.321,7.836,0.139,9.012,17.239,0.041,0.018,0.002,0.379
11110,종로구,2025-04-15,81.0,81.0,좋음,실외 활동에 좋은 날씨예요,주의,주의,주의,적합,주의,14.211,0.227,70.3,9.285,0.0,0.0,14.667,25.283,0.048,0.02,0.002,0.438
11110,종로구,2025-04-16,87.3,87.3,아주좋음,실외 활동하기 아주 좋은 날씨예요,주의,적합,주의,적합,주의,22.511,4.619,58.0,8.839,0.0,0.0,23.73,42.599,0.072,0.024,0.003,0.468
11110,종로구,2025-04-17,90.2,90.2,아주좋음,실외 활동하기 아주 좋은 날씨예요,적합,주의,주의,적합,주의,25.019,14.852,63.5,8.132,0.0,0.0,24.081,62.753,0.067,0.021,0.003,0.429
11110,종로구,2025-04-18,89.1,89.1,아주좋음,실외 활동하기 아주 좋은 날씨예요,적합,주의,적합,적합,주의,23.807,14.841,67.9,7.075,0.0,0.0,32.492,72.977,0.068,0.024,0.003,0.482
11110,종로구,2025-04-19,75.4,75.4,좋음,"실외 활동에 좋은 날씨예요 · 비 소식, 우산 챙기세요",적합,해로움,주의,적합,주의,20.957,11.918,89.1,13.236,7.061,0.129,19.321,40.159,0.049,0.016,0.002,0.394
11110,종로구,2025-04-20,90.9,90.9,아주좋음,실외 활동하기 아주 좋은 날씨예요,적합,주의,적합,적합,주의,24.604,9.822,70.0,5.161,0.0,0.0,13.763,23.485,0.059,0.015,0.002,0.449
11110,종로구,2025-04-21,89.9,89.9,아주좋음,실외 활동하기 아주 좋은 날씨예요,주의,주의,적합,적합,주의,26.869,13.675,65.3,6.914,0.0,0.0,13.989,28.017,0.057,0.022,0.003,0.449
11110,종로구,2025-04-22,70.8,70.8,좋음,"실외 활동에 좋은 날씨예요 · 비 많음, 우산 필수",적합,해로움,적합,주의,주의,19.85,14.411,87.8,6.446,31.868,0.3,10.512,18.97,0.04,0.02,0.002,0.449
11110,종로구,2025-04-23,92.3,92.3,아주좋음,실외 활동하기 아주 좋은 날씨예요,적합,주의,적합,적합,주의,23.236,10.965,62.4,6.921,0.0,0.0,6.533,17.171,0.06,0.018,0.002,0.388
11110,종로구,2025-04-24,90.7,90.7,아주좋음,실외 활동하기 아주 좋은 날씨예요,적합,적합,주의,적합,주의,19.839,9.95,52.4,9.736,0.0,0.0,26.712,47.929,0.06,0.019,0.003,0.409
11110,종로구,2025-04-25,87.9,87.9,아주좋음,실외 활동하기 아주 좋은 날씨예요,주의,주의,주의,적합,주의,17.957,6.942,38.4,10.857,0.0,0.0,23.609,52.836,0.049,0.015,0.003,0.343
11110,종로구,2025-04-26,89.2,89.2,아주좋음,실외 활동하기 아주 좋은 날씨예요,주의,적합,주의,적합,주의,20.007,5.854,53.1,8.636,0.0,0.0,13.48,37.605,0.055,0.019,0.003,0.354
11110,종로구,2025-04-27,91.6,91.6,아주좋음,실외 활동하기 아주 좋은 날씨예요,적합,적합,주의,적합,주의,19.643,10.406,46.4,9.164,0.0,0.0,9.324,27.372,0.057,0.015,0.003,0.339
11110,종로구,2025-04-28,90.7,90.7,아주좋음,실외 활동하기 아주 좋은 날씨예요,적합,적합,주의,적합,주의,20.693,9.327,45.6,10.143,0.0,0.0,14.899,37.769,0.056,0.016,0.003,0.33
11110,종로구,2025-04-29,88.5,88.5,아주좋음,실외 활동하기 아주 좋은 날씨예요,주의,주의,적합,적합,주의,21.268,7.06,34.1,7.404,0.0,0.0,23.761,40.973,0.06,0.022,0.003,0.397
11110,종로구,2025-04-30,88.6,88.6,아주좋음,실외 활동하기 아주 좋은 날씨예요,주의,주의,주의,적합,주의,26.182,9.621,36.3,9.525,0.0,0.0,20.318,43.649,0.067,0.025,0.003,0.433
11110,종로구,2025-05-01,79.7,79.7,좋음,"실외 활동에 좋은 날씨예요 · 비 소식, 우산 챙기세요",적합,주의,적합,주의,주의,18.039,10.719,69.6,7.65,19.379,0.321,17.026,34.554,0.052,0.018,0.003,0.392
11110,종로구,2025-05-02,90.5,90.5,아주좋음,실외 활동하기 아주 좋은 날씨예요,주의,적합,주의,적합,주의,18.689,7.383,59.3,9.621,0.0,0.0,11.322,24.965,0.051,0.014,0.003,0.336
11110,종로구,2025-05-03,80.7,80.7,좋음,"실외 활동에 좋은 날씨예요 · 비 소식, 우산 챙기세요",주의,해로움,적합,적합,주의,13.875,8.1,80.5,7.361,7.511,0.079,9.758,18.563,0.048,0.015,0.002,0.34
11110,종로구,2025-05-04,86.9,86.9,아주좋음,실외 활동하기 아주 좋은 날씨예요,주의,주의,주의,적합,주의,20.336,6.468,60.9,12.614,0.0,0.0,12.372,34.327,0.066,0.014,0.003,0.373
11110,종로구,2025-05-05,90.6,90.6,아주좋음,실외 활동하기 아주 좋은 날씨예요,주의,주의,적합,적합,주의,15.136,8.422,64.5,7.311,0.0,0.0,13.809,28.661,0.058,0.017,0.003,0.39
11110,종로구,2025-05-06,92.1,92.1,아주좋음,실외 활동하기 아주 좋은 날씨예요,주의,적합,적합,적합,주의,19.511,7.525,57.5,6.754,0.0,0.0,9.284,21.855,0.053,0.015,0.002,0.347
11110,종로구,2025-05-07,92.1,92.1,아주좋음,실외 활동하기 아주 좋은 날씨예요,적합,주의,적합,적합,주의,21.157,9.118,61.5,7.189,0.0,0.0,15.346,32.837,0.055,0.021,0.003,0.391
11110,종로구,2025-05-08,91.6,91.6,아주좋음,실외 활동하기 아주 좋은 날씨예요,적합,적합,적합,적합,주의,25.139,9.134,53.5,7.061,0.0,0.0,21.138,57.447,0.068,0.023,0.003,0.404
11110,종로구,2025-05-09,76.3,76.3,좋음,"실외 활동에 좋은 날씨예요 · 비 소식, 우산 챙기세요",적합,해로움,주의,주의,주의,17.411,13.521,81.8,8.393,14.932,0.129,16.467,48.775,0.055,0.022,0.002,0.406
11110,종로구,2025-05-10,73.7,73.7,좋음,"실외 활동에 좋은 날씨예요 · 비 소식, 우산 챙기세요",적합,위험,주의,주의,주의,15.307,11.254,95.5,8.975,11.843,0.096,13.334,23.155,0.043,0.013,0.002,0.44
11110,종로구,2025-05-11,86.8,86.8,아주좋음,실외 활동하기 아주 좋은 날씨예요,적합,주의,적합,적합,주의,20.936,10.814,76.9,6.771,0.0,0.0,31.307,53.876,0.066,0.014,0.003,0.504
11110,종로구,2025-05-12,90.6,90.6,아주좋음,실외 활동하기 아주 좋은 날씨예요,적합,주의,적합,적합,주의,23.921,9.599,62.6,7.318,0.0,0.0,31.412,49.094,0.075,0.023,0.003,0.472
11110,종로구,2025-05-13,89.1,89.1,아주좋음,실외 활동하기 아주 좋은 날씨예요,주의,적합,주의,적합,주의,26.618,13.254,47.4,10.004,0.0,0.0,25.886,43.313,0.079,0.026,0.003,0.47
11110,종로구,2025-05-14,90.0,90.0,아주좋음,실외 활동하기 아주 좋은 날씨예요,주의,적합,적합,적합,주의,26.8,13.275,52.8,7.604,0.0,0.0,25.104,41.52,0.082,0.025,0.003,0.471
11110,종로구,2025-05-15,86.0,86.0,아주좋음,실외 활동하기 아주 좋은 날씨예요,적합,해로움,적합,적합,주의,22.696,16.104,80.9,6.314,1.307,0.014,21.118,31.652,0.054,0.017,0.002,0.417
11110,종로구,2025-05-16,61.7,61.7,무난,"실외 활동하기 무난해요 — 비 많음, 우산 필수",적합,해로움,적합,해로움,주의,22.439,17.289,92.6,7.929,51.582,0.507,20.994,34.391,0.038,0.022,0.003,0.463
11110,종로구,2025-05-17,81.6,81.6,좋음,실외 활동에 좋은 날씨예요,적합,해로움,주의,적합,주의,25.079,14.371,86.4,9.125,3.061,0.079,8.827,20.092,0.045,0.014,0.002,0.34
11110,종로구,2025-05-18,92.8,92.8,아주좋음,실외 활동하기 아주 좋은 날씨예요,적합,적합,적합,적합,주의,21.629,11.049,59.3,7.675,0.0,0.0,15.195,34.028,0.053,0.01,0.002,0.338
11110,종로구,2025-05-19,88.2,88.2,아주좋음,실외 활동하기 아주 좋은 날씨예요,적합,주의,주의,적합,주의,21.093,9.884,70.4,8.114,1.146,0.029,19.208,37.989,0.051,0.019,0.003,0.414
11110,종로구,2025-05-20,80.4,80.4,좋음,실외 활동에 좋은 날씨예요,주의,해로움,주의,적합,주의,27.905,17.536,85.5,8.132,0.839,0.025,9.136,20.235,0.051,0.015,0.002,0.359
11110,종로구,2025-05-21,77.8,77.8,좋음,실외 활동에 좋은 날씨예요,주의,해로움,적합,적합,주의,31.087,21.539,75.5,6.411,0.0,0.0,9.936,19.216,0.056,0.015,0.003,0.349
11110,종로구,2025-05-22,84.2,84.2,좋음,실외 활동에 좋은 날씨예요,주의,주의,적합,적합,주의,28.827,18.893,68.0,6.561,0.457,0.025,13.427,26.836,0.057,0.015,0.002,0.369
11110,종로구,2025-05-23,91.8,91.8,아주좋음,실외 활동하기 아주 좋은 날씨예요,적합,적합,적합,적합,주의,21.829,14.664,53.8,7.182,2.311,0.029,19.52,30.655,0.047,0.015,0.002,0.355
11110,종로구,2025-05-24,87.8,87.8,아주좋음,실외 활동하기 아주 좋은 날씨예요,적합,주의,적합,적합,주의,18.414,12.589,69.1,7.479,4.1,0.086,13.492,20.555,0.041,0.01,0.002,0.301
11110,종로구,2025-05-25,92.5,92.5,아주좋음,실외 활동하기 아주 좋은 날씨예요,적합,주의,적합,적합,주의,22.864,10.843,61.0,7.436,0.0,0.0,11.737,19.99,0.057,0.012,0.003,0.328
11110,종로구,2025-05-26,91.9,91.9,아주좋음,실외 활동하기 아주 좋은 날씨예요,주의,적합,적합,적합,주의,26.375,12.537,59.4,5.775,0.0,0.0,25.112,39.801,0.08,0.021,0.003,0.447
11110,종로구,2025-05-27,89.5,89.5,아주좋음,실외 활동하기 아주 좋은 날씨예요 · 미세먼지 주의,주의,적합,적합,적합,해로움,27.099,14.018,57.0,5.971,0.0,0.0,37.04,55.038,0.101,0.022,0.004,0.507
11110,종로구,2025-05-28,88.5,88.5,아주좋음,실외 활동하기 아주 좋은 날씨예요 · 미세먼지 주의,주의,주의,적합,적합,해로움,27.139,15.543,62.0,6.85,0.0,0.0,38.765,55.259,0.09,0.021,0.004,0.49
11110,종로구,2025-05-29,88.9,88.9,아주좋음,실외 활동하기 아주 좋은 날씨예요,주의,적합,적합,적합,주의,27.512,15.079,58.4,7.014,0.482,0.0,26.25,39.538,0.08,0.019,0.003,0.423
11110,종로구,2025-05-30,88.8,88.8,아주좋음,실외 활동하기 아주 좋은 날씨예요,주의,주의,적합,적합,주의,28.283,15.75,55.0,5.504,0.0,0.0,25.773,40.407,0.069,0.023,0.003,0.436
11110,종로구,2025-05-31,90.3,90.3,아주좋음,실외 활동하기 아주 좋은 날씨예요,주의,적합,적합,적합,해로움,26.991,16.007,55.0,5.807,0.0,0.0,28.897,44.219,0.094,0.022,0.003,0.439
11110,종로구,2025-06-01,86.3,86.3,아주좋음,실외 활동하기 아주 좋은 날씨예요 · 미세먼지 주의,주의,주의,적합,적합,해로움,29.396,16.139,57.8,6.829,0.0,0.0,38.604,54.406,0.094,0.018,0.003,0.469
11110,종로구,2025-06-02,94.5,94.5,아주좋음,실외 활동하기 아주 좋은 날씨예요 · 미세먼지 주의,적합,주의,적합,적합,해로움,23.118,18.514,64.3,4.793,0.0,0.0,36.602,55.533,0.074,0.031,0.003,0.527
11110,종로구,2025-06-03,91.3,91.3,아주좋음,실외 활동하기 아주 좋은 날씨예요,적합,적합,주의,적합,주의,25.454,16.532,56.9,9.375,0.0,0.0,25.085,43.279,0.069,0.014,0.003,0.376
11110,종로구,2025-06-04,89.4,89.4,아주좋음,실외 활동하기 아주 좋은 날씨예요,적합,적합,주의,적합,주의,25.929,14.729,55.3,11.661,0.0,0.0,8.495,30.222,0.053,0.014,0.003,0.315
11110,종로구,2025-06-05,90.9,90.9,아주좋음,실외 활동하기 아주 좋은 날씨예요,주의,적합,적합,적합,주의,27.421,14.932,49.8,7.314,0.0,0.0,12.021,26.93,0.069,0.02,0.003,0.335
11110,종로구,2025-06-06,81.5,81.5,좋음,실외 활동에 좋은 날씨예요,주의,주의,주의,적합,주의,30.146,17.568,42.6,10.539,0.0,0.0,14.615,32.506,0.081,0.017,0.003,0.369
11110,종로구,2025-06-07,86.5,86.5,아주좋음,실외 활동하기 아주 좋은 날씨예요,주의,주의,적합,적합,주의,28.154,19.139,61.4,7.979,0.111,0.021,22.831,42.838,0.07,0.013,0.003,0.375
11110,종로구,2025-06-08,81.8,81.8,좋음,실외 활동에 좋은 날씨예요,주의,주의,적합,적합,주의,30.477,20.371,69.3,6.546,0.164,0.021,16.259,27.78,0.068,0.01,0.002,0.329
11110,종로구,2025-06-09,82.8,82.8,좋음,실외 활동에 좋은 날씨예요,주의,주의,적합,적합,주의,30.25,19.882,66.6,6.907,0.0,0.0,20.053,32.711,0.084,0.014,0.002,0.389
11110,종로구,2025-06-10,90.7,90.7,아주좋음,실외 활동하기 아주 좋은 날씨예요,적합,주의,적합,적합,주의,25.386,18.232,71.6,7.404,0.0,0.0,11.111,20.291,0.05,0.015,0.002,0.356
11110,종로구,2025-06-11,87.4,87.4,아주좋음,실외 활동하기 아주 좋은 날씨예요,주의,주의,주의,적합,주의,28.612,15.657,54.6,8.0,0.0,0.0,13.228,27.11,0.063,0.018,0.003,0.371
11110,종로구,2025-06-12,78.7,78.7,좋음,실외 활동에 좋은 날씨예요,주의,주의,적합,적합,해로움,32.679,17.193,50.4,6.621,0.0,0.0,20.225,35.844,0.096,0.021,0.003,0.435
11110,종로구,2025-06-13,84.6,84.6,좋음,실외 활동에 좋은 날씨예요,주의,주의,적합,적합,해로움,28.946,18.921,60.9,6.657,1.482,0.054,27.382,43.608,0.094,0.027,0.004,0.473
11110,종로구,2025-06-14,78.2,78.2,좋음,실외 활동에 좋은 날씨예요,주의,주의,적합,적합,주의,32.624,19.654,66.3,6.446,0.0,0.0,15.377,25.652,0.071,0.014,0.003,0.346
11110,종로구,2025-06-15,68.1,68.1,무난,"실외 활동하기 무난해요 — 비 소식, 우산 챙기세요",주의,해로움,주의,적합,주의,32.987,20.889,69.6,9.175,9.171,0.282,14.803,24.383,0.061,0.011,0.003,0.335
11110,종로구,2025-06-16,73.5,73.5,좋음,"실외 활동에 좋은 날씨예요 · 비 소식, 우산 챙기세요",적합,해로움,주의,주의,주의,25.864,21.371,87.8,9.354,17.607,0.468,18.717,33.896,0.063,0.013,0.002,0.406
11110,종로구,2025-06-17,83.4,83.4,좋음,실외 활동에 좋은 날씨예요,주의,주의,적합,적합,주의,29.572,20.607,73.3,6.321,0.0,0.0,22.559,44.968,0.088,0.015,0.003,0.394
11110,종로구,2025-06-18,80.6,80.6,좋음,실외 활동에 좋은 날씨예요,주의,주의,적합,적합,해로움,31.157,20.575,65.3,5.996,0.0,0.0,25.49,44.527,0.099,0.02,0.003,0.444
11110,종로구,2025-06-19,72.7,72.7,좋음,실외 활동에 좋은 날씨예요 · 더위 주의,해로움,해로움,적합,적합,주의,34.252,20.539,57.9,7.493,0.368,0.029,18.411,32.415,0.082,0.022,0.003,0.416
11110,종로구,2025-06-20,52.7,52.7,주의,"가벼운 실외 활동은 괜찮아요 — 비 많음, 우산 필수",주의,해로움,주의,해로움,주의,28.414,21.911,93.4,13.061,54.557,0.286,3.785,9.458,0.038,0.009,0.002,0.25
11110,종로구,2025-06-21,86.9,86.9,아주좋음,실외 활동하기 아주 좋은 날씨예요,적합,해로움,적합,적합,주의,24.511,20.036,88.1,7.25,0.221,0.018,13.263,22.041,0.034,0.014,0.002,0.346
11110,종로구,2025-06-22,85.9,85.9,아주좋음,실외 활동하기 아주 좋은 날씨예요,주의,주의,적합,적합,주의,28.977,17.386,68.6,6.975,0.0,0.0,17.135,30.458,0.083,0.012,0.003,0.386
11110,종로구,2025-06-23,78.6,78.6,좋음,실외 활동에 좋은 날씨예요,주의,주의,적합,적합,해로움,32.612,18.486,64.8,5.289,0.0,0.0,21.676,36.217,0.092,0.019,0.003,0.44
11110,종로구,2025-06-24,84.6,84.6,좋음,실외 활동에 좋은 날씨예요,주의,주의,적합,적합,주의,28.241,20.011,63.4,7.136,2.136,0.075,12.235,23.543,0.05,0.018,0.003,0.378
11110,종로구,2025-06-25,82.0,82.0,좋음,"실외 활동에 좋은 날씨예요 · 비 소식, 우산 챙기세요",적합,해로움,적합,적합,주의,21.957,18.925,88.9,6.386,7.661,0.1,4.789,10.886,0.041,0.014,0.002,0.334
11110,종로구,2025-06-26,89.7,89.7,아주좋음,실외 활동하기 아주 좋은 날씨예요,적합,해로움,적합,적합,주의,24.864,19.593,85.3,4.804,0.664,0.036,9.039,17.814,0.039,0.018,0.002,0.397
11110,종로구,2025-06-27,84.8,84.8,좋음,실외 활동에 좋은 날씨예요,주의,주의,적합,적합,주의,29.702,20.536,78.1,4.743,0.0,0.0,18.242,30.301,0.066,0.023,0.003,0.5
11110,종로구,2025-06-28,84.3,84.3,좋음,실외 활동에 좋은 날씨예요,주의,해로움,적합,적합,주의,28.778,23.707,85.0,5.011,0.521,0.018,21.554,32.763,0.049,0.018,0.003,0.45
11110,종로구,2025-06-29,79.4,79.4,좋음,실외 활동에 좋은 날씨예요,주의,해로움,적합,적합,주의,31.344,24.311,77.1,5.975,0.018,0.0,9.783,16.635,0.034,0.009,0.002,0.303
11110,종로구,2025-06-30,76.7,76.7,좋음,실외 활동에 좋은 날씨예요,주의,해로움,적합,적합,적합,32.105,24.607,74.6,6.693,0.0,0.0,5.443,11.637,0.027,0.011,0.002,0.269
11110,종로구,2025-07-01,73.6,73.6,좋음,실외 활동에 좋은 날씨예요,주의,위험,적합,적합,적합,32.81,25.7,78.6,7.489,0.871,0.032,5.037,11.646,0.022,0.01,0.002,0.252
11110,종로구,2025-07-02,75.9,75.9,좋음,실외 활동에 좋은 날씨예요,주의,위험,적합,적합,적합,31.718,26.146,76.3,7.811,0.0,0.0,6.245,13.899,0.023,0.01,0.003,0.256
11110,종로구,2025-07-03,75.2,75.2,좋음,실외 활동에 좋은 날씨예요,주의,해로움,적합,적합,주의,32.772,25.954,75.5,6.8,0.0,0.0,15.205,24.219,0.034,0.011,0.003,0.29
11110,종로구,2025-07-04,78.1,78.1,좋음,실외 활동에 좋은 날씨예요,주의,해로움,주의,적합,주의,30.615,25.129,77.0,8.336,0.018,0.0,12.901,24.834,0.034,0.011,0.002,0.315
11110,종로구,2025-07-05,75.4,75.4,좋음,실외 활동에 좋은 날씨예요,주의,해로움,적합,적합,주의,32.677,25.675,72.9,6.661,0.0,0.0,10.22,22.215,0.045,0.01,0.002,0.283
11110,종로구,2025-07-06,74.0,74.0,좋음,실외 활동에 좋은 날씨예요 · 더위 주의,해로움,위험,적합,적합,주의,33.464,25.964,74.3,5.854,0.0,0.0,14.629,26.377,0.06,0.009,0.002,0.301
11110,종로구,2025-07-07,72.8,72.8,좋음,실외 활동에 좋은 날씨예요 · 더위 주의,해로움,위험,적합,적합,주의,34.019,26.157,79.0,5.393,0.0,0.0,30.39,45.985,0.085,0.016,0.002,0.456
11110,종로구,2025-07-08,52.7,52.7,주의,"⚠️ 폭염, 온열질환 주의 — 실외 활동에 주의하세요",위험,위험,주의,주의,주의,39.07,25.621,72.5,10.018,18.707,0.229,26.828,39.843,0.072,0.017,0.002,0.427
11110,종로구,2025-07-09,55.0,68.0,주의,"⚠️ 폭염, 온열질환 주의 — 실외 활동에 주의하세요",해로움,위험,적합,적합,주의,36.934,26.8,61.1,6.118,0.0,0.0,14.788,24.19,0.053,0.014,0.002,0.364
11110,종로구,2025-07-10,55.0,68.9,주의,"⚠️ 폭염, 온열질환 주의 — 실외 활동에 주의하세요",해로움,해로움,주의,적합,주의,36.18,26.579,46.6,8.186,0.0,0.0,7.959,17.735,0.052,0.012,0.002,0.291
11110,종로구,2025-07-11,55.0,71.1,주의,"⚠️ 폭염, 온열질환 주의 — 실외 활동에 주의하세요",해로움,해로움,적합,적합,주의,35.658,24.046,47.1,7.486,0.0,0.0,6.621,15.698,0.052,0.012,0.002,0.267
11110,종로구,2025-07-12,55.0,70.9,주의,"⚠️ 폭염, 온열질환 주의 — 실외 활동에 주의하세요",해로움,해로움,적합,적합,주의,36.245,23.514,47.5,6.504,0.0,0.0,7.045,15.99,0.065,0.014,0.002,0.279
11110,종로구,2025-07-13,79.6,79.6,좋음,실외 활동에 좋은 날씨예요,주의,해로움,적합,적합,주의,31.191,24.318,66.8,5.357,0.196,0.0,18.514,31.162,0.068,0.018,0.003,0.406
11110,종로구,2025-07-14,75.4,75.4,좋음,"실외 활동에 좋은 날씨예요 · 비 소식, 우산 챙기세요",주의,주의,적합,주의,주의,28.914,21.1,78.3,7.271,13.789,0.143,12.271,21.777,0.046,0.015,0.003,0.36
11110,종로구,2025-07-15,84.8,84.8,좋음,실외 활동에 좋은 날씨예요,주의,해로움,적합,적합,주의,26.571,21.111,84.1,5.936,4.357,0.046,4.194,10.463,0.036,0.014,0.002,0.321
11110,종로구,2025-07-16,64.2,64.2,무난,"실외 활동하기 무난해요 — 비 많음, 우산 필수",적합,해로움,주의,주의,주의,24.929,21.675,90.1,8.318,48.718,0.964,10.532,20.651,0.041,0.017,0.002,0.388
11110,종로구,2025-07-17,55.8,55.8,주의,"가벼운 실외 활동은 괜찮아요 — 비 많음, 우산 필수",적합,해로움,주의,해로움,주의,24.932,21.546,94.3,9.636,72.589,1.161,4.217,8.803,0.053,0.015,0.002,0.354
11110,종로구,2025-07-18,77.5,77.5,좋음,"실외 활동에 좋은 날씨예요 · 비 소식, 우산 챙기세요",주의,해로움,적합,주의,주의,27.82,22.268,89.5,5.186,12.093,0.339,5.226,12.515,0.046,0.02,0.002,0.383
11110,종로구,2025-07-19,56.9,56.9,주의,"가벼운 실외 활동은 괜찮아요 — 비 많음, 우산 필수",주의,위험,적합,해로움,주의,26.871,20.911,95.4,7.486,67.0,1.146,3.902,10.085,0.045,0.015,0.002,0.332
11110,종로구,2025-07-20,64.4,64.4,무난,"실외 활동하기 무난해요 — 비 소식, 우산 챙기세요",주의,해로움,적합,주의,적합,32.463,24.5,82.8,7.925,18.439,0.257,6.076,16.954,0.022,0.008,0.002,0.258
11110,종로구,2025-07-21,74.4,74.4,좋음,실외 활동에 좋은 날씨예요,주의,위험,적합,적합,적합,32.79,24.696,77.4,7.393,0.089,0.0,7.806,19.18,0.023,0.012,0.003,0.285
11110,종로구,2025-07-22,73.2,73.2,좋음,실외 활동에 좋은 날씨예요 · 더위 주의,해로움,위험,적합,적합,주의,33.526,25.75,75.6,7.211,0.093,0.004,6.323,17.192,0.031,0.011,0.003,0.239
11110,종로구,2025-07-23,74.7,74.7,좋음,실외 활동에 좋은 날씨예요 · 더위 주의,해로움,해로움,적합,적합,주의,33.99,24.786,70.4,5.479,0.0,0.0,7.062,17.503,0.04,0.014,0.002,0.271
11110,종로구,2025-07-24,55.0,72.3,주의,"⚠️ 폭염, 온열질환 주의 — 실외 활동에 주의하세요",해로움,위험,적합,적합,주의,35.019,24.957,68.0,5.175,0.0,0.0,13.775,25.516,0.073,0.016,0.003,0.314
11110,종로구,2025-07-25,55.0,68.6,주의,"⚠️ 폭염, 온열질환 주의 — 실외 활동에 주의하세요",해로움,위험,적합,적합,주의,37.12,25.021,64.6,5.007,0.0,0.0,20.931,32.208,0.089,0.019,0.003,0.366
11110,종로구,2025-07-26,55.0,67.9,주의,"⚠️ 폭염, 온열질환 주의 — 실외 활동에 주의하세요",해로움,위험,적합,적합,주의,37.804,26.664,61.9,4.968,0.0,0.0,14.511,23.326,0.06,0.016,0.003,0.326
11110,종로구,2025-07-27,55.0,67.0,주의,"⚠️ 폭염, 온열질환 주의 — 실외 활동에 주의하세요",위험,위험,적합,적합,주의,38.267,27.146,62.4,5.293,0.0,0.0,11.879,19.223,0.064,0.012,0.002,0.291
11110,종로구,2025-07-28,55.0,66.2,주의,"⚠️ 폭염, 온열질환 주의 — 실외 활동에 주의하세요",해로움,위험,적합,적합,주의,37.151,27.564,67.3,6.507,0.75,0.0,24.324,37.253,0.078,0.017,0.003,0.376
11110,종로구,2025-07-29,55.0,67.1,주의,"⚠️ 폭염, 온열질환 주의 — 실외 활동에 주의하세요",해로움,위험,적합,적합,해로움,37.304,26.671,64.0,5.296,0.036,0.0,24.952,39.185,0.107,0.019,0.003,0.401
11110,종로구,2025-07-30,55.0,68.6,주의,"⚠️ 폭염, 온열질환 주의 — 실외 활동에 주의하세요",해로움,위험,적합,적합,주의,36.432,27.361,62.9,5.704,0.0,0.0,19.54,30.733,0.068,0.02,0.003,0.369
11110,종로구,2025-07-31,71.6,71.6,좋음,실외 활동에 좋은 날씨예요 · 더위 주의,해로움,위험,적합,적합,주의,34.941,28.121,62.3,5.546,0.0,0.0,18.546,29.169,0.067,0.017,0.003,0.337
11110,종로구,2025-08-01,55.0,68.2,주의,"⚠️ 폭염, 온열질환 주의 — 실외 활동에 주의하세요",해로움,위험,적합,적합,해로움,35.88,26.896,66.9,6.675,0.0,0.0,25.28,36.686,0.091,0.018,0.003,0.378
11110,종로구,2025-08-02,55.0,68.7,주의,"⚠️ 폭염, 온열질환 주의 — 실외 활동에 주의하세요",해로움,위험,적합,적합,주의,36.3,26.568,62.1,5.964,0.554,0.0,24.362,34.946,0.074,0.015,0.003,0.364
11110,종로구,2025-08-03,73.3,73.3,좋음,실외 활동에 좋은 날씨예요,주의,해로움,적합,적합,주의,32.419,23.396,69.0,6.863,2.707,0.05,20.945,28.961,0.05,0.014,0.003,0.355
11110,종로구,2025-08-04,72.0,72.0,좋음,실외 활동에 좋은 날씨예요 · 더위 주의,해로움,해로움,적합,적합,주의,33.806,23.0,75.5,6.707,2.461,0.032,11.332,18.409,0.054,0.012,0.002,0.315
11110,종로구,2025-08-05,73.4,73.4,좋음,실외 활동에 좋은 날씨예요 · 더위 주의,해로움,해로움,적합,적합,주의,33.636,24.414,67.4,6.914,0.0,0.0,10.983,19.614,0.056,0.015,0.003,0.326
11110,종로구,2025-08-06,68.9,68.9,무난,"실외 활동하기 무난해요 — 비 소식, 우산 챙기세요",주의,해로움,주의,주의,주의,29.902,25.232,89.0,8.993,14.661,0.343,8.814,19.766,0.033,0.013,0.002,0.318
11110,종로구,2025-08-07,75.3,75.3,좋음,실외 활동에 좋은 날씨예요,주의,해로움,적합,적합,주의,32.911,24.879,70.8,6.482,0.018,0.0,9.271,18.699,0.056,0.012,0.003,0.368
11110,종로구,2025-08-08,77.4,77.4,좋음,실외 활동에 좋은 날씨예요,주의,해로움,적합,적합,주의,31.832,23.239,74.8,6.407,0.261,0.225,15.143,28.58,0.074,0.017,0.003,0.396
11110,종로구,2025-08-09,88.8,88.8,아주좋음,실외 활동하기 아주 좋은 날씨예요,주의,해로움,적합,적합,주의,26.804,22.775,82.1,4.236,1.464,0.1,15.473,24.95,0.042,0.018,0.003,0.438
11110,종로구,2025-08-10,76.5,76.5,좋음,실외 활동에 좋은 날씨예요 · 더위 주의,해로움,해로움,적합,적합,주의,33.711,20.921,70.0,5.096,0.0,0.0,12.194,21.364,0.061,0.012,0.003,0.37
11110,종로구,2025-08-11,82.4,82.4,좋음,실외 활동에 좋은 날씨예요,주의,해로움,적합,적합,주의,29.6,24.289,73.9,5.632,0.482,0.0,17.341,27.93,0.05,0.018,0.003,0.431
11110,종로구,2025-08-12,73.0,73.0,좋음,실외 활동에 좋은 날씨예요 · 더위 주의,해로움,해로움,적합,적합,주의,34.394,22.764,62.9,6.864,0.143,0.0,12.133,20.739,0.063,0.015,0.003,0.375
11110,종로구,2025-08-13,48.1,48.1,주의,"⚠️ 호우, 침수·안전 주의 — 실외 활동에 주의하세요",주의,해로움,주의,위험,주의,27.865,22.121,91.8,11.414,104.186,1.168,3.652,10.094,0.042,0.013,0.002,0.309
11110,종로구,2025-08-14,65.3,65.3,무난,"실외 활동하기 무난해요 — 비 많음, 우산 필수",주의,해로움,적합,주의,적합,27.618,23.771,91.1,7.686,37.796,0.879,5.521,12.114,0.028,0.014,0.002,0.311
11110,종로구,2025-08-15,77.5,77.5,좋음,실외 활동에 좋은 날씨예요,주의,해로움,적합,적합,주의,31.564,23.811,84.3,4.975,2.786,0.0,9.586,20.077,0.042,0.014,0.003,0.345
11110,종로구,2025-08-16,75.2,75.2,좋음,실외 활동에 좋은 날씨예요 · 더위 주의,해로움,해로움,적합,적합,적합,33.017,24.55,76.0,6.704,0.0,0.0,5.017,13.935,0.028,0.01,0.003,0.255
11110,종로구,2025-08-17,76.0,76.0,좋음,실외 활동에 좋은 날씨예요,주의,해로움,적합,적합,적합,32.93,25.068,76.3,5.954,0.0,0.0,7.797,15.215,0.028,0.008,0.003,0.24
11110,종로구,2025-08-18,71.1,71.1,좋음,실외 활동에 좋은 날씨예요 · 더위 주의,해로움,위험,주의,적합,주의,33.534,26.143,75.6,8.043,1.382,0.046,17.573,26.107,0.033,0.012,0.003,0.263
11110,종로구,2025-08-19,72.3,72.3,좋음,실외 활동에 좋은 날씨예요 · 더위 주의,해로움,위험,주의,적합,적합,33.265,25.779,75.3,8.032,0.786,0.0,5.093,14.482,0.024,0.01,0.003,0.244
11110,종로구,2025-08-20,72.7,72.7,좋음,실외 활동에 좋은 날씨예요 · 더위 주의,해로움,위험,적합,적합,주의,33.421,25.821,74.5,6.725,1.054,0.0,6.716,16.112,0.033,0.012,0.003,0.259
11110,종로구,2025-08-21,71.4,71.4,좋음,실외 활동에 좋은 날씨예요 · 더위 주의,해로움,위험,적합,적합,주의,34.855,26.125,70.6,6.532,0.0,0.0,8.316,17.273,0.049,0.014,0.003,0.264
11110,종로구,2025-08-22,72.1,72.1,좋음,실외 활동에 좋은 날씨예요 · 더위 주의,해로움,위험,적합,적합,주의,34.293,25.411,71.5,6.968,0.0,0.0,6.515,14.151,0.041,0.014,0.003,0.266
11110,종로구,2025-08-23,75.2,75.2,좋음,실외 활동에 좋은 날씨예요,주의,위험,적합,적합,주의,32.951,26.086,74.9,5.446,0.0,0.0,9.77,18.644,0.045,0.014,0.003,0.29
11110,종로구,2025-08-24,55.0,70.7,주의,"⚠️ 폭염, 온열질환 주의 — 실외 활동에 주의하세요",해로움,위험,적합,적합,주의,35.551,26.179,69.4,5.936,0.0,0.0,13.354,22.589,0.056,0.012,0.003,0.339
11110,종로구,2025-08-25,63.1,63.1,무난,"실외 활동하기 무난해요 — 더위 주의, 비 소식, 우산 챙기세요",해로움,위험,주의,주의,주의,33.524,25.532,80.6,9.543,12.45,0.507,11.038,22.99,0.043,0.013,0.002,0.321
11110,종로구,2025-08-26,67.7,67.7,무난,"실외 활동하기 무난해요 — 비 소식, 우산 챙기세요",주의,해로움,적합,적합,주의,32.568,24.536,81.8,7.257,9.907,0.089,7.503,15.668,0.052,0.014,0.002,0.349
11110,종로구,2025-08-27,77.6,77.6,좋음,실외 활동에 좋은 날씨예요,주의,해로움,적합,적합,주의,32.704,23.193,73.8,5.389,0.0,0.0,9.808,21.373,0.068,0.017,0.002,0.396
11110,종로구,2025-08-28,75.6,75.6,좋음,실외 활동에 좋은 날씨예요,주의,해로움,적합,적합,주의,31.993,24.354,72.9,7.296,0.0,0.0,11.885,22.168,0.055,0.016,0.003,0.364
11110,종로구,2025-08-29,63.5,63.5,무난,"실외 활동하기 무난해요 — 더위 주의, 비 소식, 우산 챙기세요",해로움,위험,주의,주의,주의,33.566,26.389,82.0,9.239,11.829,0.446,7.316,18.762,0.036,0.011,0.002,0.267
11110,종로구,2025-08-30,61.1,61.1,무난,"실외 활동하기 무난해요 — 더위 주의, 비 소식, 우산 챙기세요",해로움,위험,적합,주의,주의,33.178,24.889,81.1,7.033,25.157,0.382,6.085,13.631,0.033,0.013,0.002,0.278
11110,종로구,2025-08-31,74.8,74.8,좋음,실외 활동에 좋은 날씨예요,주의,해로움,적합,적합,주의,32.714,24.633,75.3,6.856,0.407,0.0,14.646,23.006,0.033,0.011,0.003,0.281
11110,종로구,2025-09-01,65.7,65.7,무난,"실외 활동하기 무난해요 — 비 소식, 우산 챙기세요",주의,해로움,주의,주의,주의,29.459,23.633,87.3,8.622,28.663,0.315,5.409,11.572,0.032,0.012,0.002,0.292
11110,종로구,2025-09-02,81.9,81.9,좋음,실외 활동에 좋은 날씨예요,주의,해로움,적합,적합,주의,31.429,21.967,74.6,4.73,0.0,0.0,8.518,19.556,0.058,0.015,0.002,0.356
11110,종로구,2025-09-03,79.0,79.0,좋음,실외 활동에 좋은 날씨예요,주의,해로움,적합,적합,주의,32.496,22.275,67.5,5.568,0.0,0.0,11.313,22.392,0.06,0.018,0.002,0.386
11110,종로구,2025-09-04,67.3,67.3,무난,"실외 활동하기 무난해요 — 비 소식, 우산 챙기세요",주의,해로움,적합,주의,주의,30.169,22.639,82.1,6.418,28.829,1.229,4.694,10.926,0.04,0.013,0.002,0.319
11110,종로구,2025-09-05,77.9,77.9,좋음,실외 활동에 좋은 날씨예요 · 더위 주의,해로움,해로움,적합,적합,주의,33.544,22.882,68.5,5.8,0.0,0.0,7.95,17.583,0.057,0.016,0.003,0.335
11110,종로구,2025-09-06,63.1,63.1,무난,"실외 활동하기 무난해요 — 비 소식, 우산 챙기세요",주의,해로움,주의,주의,주의,31.124,24.539,86.6,10.05,25.914,0.532,9.385,17.666,0.038,0.012,0.002,0.337
11110,종로구,2025-09-07,83.9,83.9,좋음,실외 활동에 좋은 날씨예요,주의,해로움,적합,적합,주의,29.312,21.796,77.5,5.561,0.543,0.018,7.404,16.643,0.048,0.01,0.002,0.347
11110,종로구,2025-09-08,84.7,84.7,좋음,실외 활동에 좋은 날씨예요,주의,주의,적합,적합,주의,30.16,20.57,73.0,4.581,0.0,0.0,12.209,27.945,0.059,0.018,0.003,0.449
11110,종로구,2025-09-09,89.4,89.4,아주좋음,실외 활동하기 아주 좋은 날씨예요,주의,주의,적합,적합,주의,27.204,20.9,71.9,4.319,0.036,0.0,16.427,34.945,0.049,0.019,0.003,0.458
11110,종로구,2025-09-10,83.1,83.1,좋음,실외 활동에 좋은 날씨예요,주의,주의,적합,적합,주의,31.842,18.252,61.1,5.704,0.0,0.0,11.997,26.216,0.046,0.02,0.003,0.4
11110,종로구,2025-09-11,81.8,81.8,좋음,실외 활동에 좋은 날씨예요,주의,주의,적합,적합,주의,31.775,19.148,57.6,6.463,0.0,0.0,8.983,20.995,0.046,0.017,0.003,0.348
11110,종로구,2025-09-12,82.3,82.3,좋음,"실외 활동에 좋은 날씨예요 · 비 소식, 우산 챙기세요",주의,주의,적합,적합,주의,26.307,20.471,68.8,6.825,8.243,0.096,7.256,17.908,0.036,0.014,0.002,0.303
11110,종로구,2025-09-13,58.8,58.8,주의,"가벼운 실외 활동은 괜찮아요 — 비 많음, 우산 필수",주의,해로움,적합,해로움,주의,27.284,19.961,81.0,7.721,59.811,0.804,2.541,6.094,0.042,0.009,0.002,0.266
11110,종로구,2025-09-14,85.9,85.9,아주좋음,실외 활동하기 아주 좋은 날씨예요,주의,주의,적합,적합,주의,29.347,20.989,72.0,4.229,0.0,0.0,5.709,12.719,0.057,0.013,0.002,0.324
11110,종로구,2025-09-15,82.8,82.8,좋음,실외 활동에 좋은 날씨예요,주의,해로움,적합,적합,주의,30.606,20.507,71.6,4.682,0.0,0.0,10.987,20.353,0.063,0.02,0.002,0.406
11110,종로구,2025-09-16,69.9,69.9,무난,"실외 활동하기 무난해요 — 비 소식, 우산 챙기세요",주의,해로움,주의,주의,주의,27.745,21.307,86.8,10.764,16.214,0.529,11.758,20.716,0.039,0.023,0.003,0.429
11110,종로구,2025-09-17,63.5,63.5,무난,"실외 활동하기 무난해요 — 비 많음, 우산 필수",적합,해로움,적합,주의,주의,23.961,20.829,92.0,7.471,43.882,1.471,5.816,12.683,0.031,0.016,0.002,0.382
11110,종로구,2025-09-18,88.5,88.5,아주좋음,실외 활동하기 아주 좋은 날씨예요,주의,주의,적합,적합,적합,26.111,19.325,74.4,7.368,0.0,0.0,3.672,12.222,0.029,0.011,0.002,0.289
11110,종로구,2025-09-19,80.1,80.1,좋음,"실외 활동에 좋은 날씨예요 · 비 소식, 우산 챙기세요",적합,해로움,적합,주의,적합,21.425,17.436,82.0,6.457,11.993,0.254,4.604,12.946,0.023,0.014,0.002,0.3
11110,종로구,2025-09-20,69.7,69.7,무난,"실외 활동하기 무난해요 — 비 많음, 우산 필수",적합,해로움,적합,주의,주의,24.085,17.189,85.4,6.571,34.529,0.414,2.904,6.52,0.031,0.011,0.002,0.29
11110,종로구,2025-09-21,89.8,89.8,아주좋음,실외 활동하기 아주 좋은 날씨예요,주의,주의,적합,적합,주의,27.007,16.8,67.0,6.1,0.0,0.0,2.911,7.159,0.037,0.009,0.002,0.256
11110,종로구,2025-09-22,92.1,92.1,아주좋음,실외 활동하기 아주 좋은 날씨예요,적합,적합,적합,적합,주의,25.014,17.229,59.8,6.446,0.0,0.0,4.518,12.2,0.036,0.014,0.002,0.281
11110,종로구,2025-09-23,89.6,89.6,아주좋음,실외 활동하기 아주 좋은 날씨예요,주의,주의,적합,적합,주의,26.639,18.682,56.5,7.168,0.0,0.0,5.307,14.31,0.04,0.015,0.002,0.288
11110,종로구,2025-09-24,71.9,71.9,좋음,"실외 활동에 좋은 날씨예요 · 비 소식, 우산 챙기세요",적합,해로움,적합,주의,주의,23.882,20.129,81.8,7.161,28.114,0.879,5.583,13.104,0.034,0.018,0.002,0.335
11110,종로구,2025-09-25,88.3,88.3,아주좋음,실외 활동하기 아주 좋은 날씨예요,주의,주의,적합,적합,주의,26.646,19.377,80.0,4.219,0.368,0.011,8.589,17.696,0.048,0.021,0.003,0.404
11110,종로구,2025-09-26,87.8,87.8,아주좋음,실외 활동하기 아주 좋은 날씨예요,주의,주의,적합,적합,주의,27.131,17.339,78.1,4.332,0.0,0.0,17.896,30.179,0.056,0.022,0.002,0.512
11110,종로구,2025-09-27,88.0,88.0,아주좋음,실외 활동하기 아주 좋은 날씨예요,주의,주의,적합,적합,주의,27.204,17.489,71.1,5.789,0.0,0.0,15.641,27.036,0.051,0.019,0.002,0.453
11110,종로구,2025-09-28,66.0,66.0,무난,"실외 활동하기 무난해요 — 비 많음, 우산 필수",적합,해로움,적합,주의,주의,22.089,17.664,85.6,5.714,43.214,0.464,9.617,15.424,0.046,0.012,0.002,0.391
11110,종로구,2025-09-29,89.4,89.4,아주좋음,실외 활동하기 아주 좋은 날씨예요,적합,주의,적합,적합,주의,24.679,16.518,77.8,4.836,0.0,0.0,16.831,28.433,0.045,0.017,0.002,0.431
11110,종로구,2025-09-30,89.1,89.1,아주좋음,실외 활동하기 아주 좋은 날씨예요,적합,해로움,적합,적합,주의,24.118,16.754,81.3,4.111,0.0,0.0,20.682,34.042,0.042,0.028,0.003,0.535
11110,종로구,2025-10-01,86.4,86.4,아주좋음,실외 활동하기 아주 좋은 날씨예요,주의,주의,적합,적합,주의,26.179,16.325,78.1,6.2,0.018,0.0,19.726,31.453,0.061,0.024,0.003,0.518
11110,종로구,2025-10-02,90.0,90.0,아주좋음,실외 활동하기 아주 좋은 날씨예요,주의,주의,적합,적합,주의,26.243,16.982,74.5,3.736,0.0,0.0,17.095,28.948,0.054,0.027,0.003,0.497
11110,종로구,2025-10-03,87.8,87.8,아주좋음,실외 활동하기 아주 좋은 날씨예요,적합,주의,적합,적합,주의,22.629,19.136,75.5,6.629,1.1,0.011,15.647,25.122,0.036,0.014,0.002,0.379
11110,종로구,2025-10-04,90.0,90.0,아주좋음,실외 활동하기 아주 좋은 날씨예요,적합,주의,적합,적합,주의,24.296,20.096,74.6,5.032,0.5,0.0,4.992,10.782,0.039,0.012,0.002,0.325
11110,종로구,2025-10-05,82.8,82.8,좋음,"실외 활동에 좋은 날씨예요 · 비 소식, 우산 챙기세요",적합,해로움,적합,적합,적합,22.218,20.271,89.6,4.043,9.45,0.371,4.406,9.518,0.024,0.012,0.002,0.37
11110,종로구,2025-10-06,64.8,64.8,무난,"실외 활동하기 무난해요 — 비 많음, 우산 필수",적합,해로움,주의,주의,주의,20.711,15.281,93.8,9.096,36.636,0.289,2.516,6.057,0.032,0.007,0.002,0.254
11110,종로구,2025-10-07,77.2,77.2,좋음,"실외 활동에 좋은 날씨예요 · 비 소식, 우산 챙기세요",적합,해로움,적합,적합,주의,19.819,15.459,94.9,7.943,8.057,0.071,2.161,4.582,0.035,0.008,0.002,0.261
11110,종로구,2025-10-08,88.8,88.8,아주좋음,실외 활동하기 아주 좋은 날씨예요,주의,주의,적합,적합,주의,27.768,16.807,72.8,5.05,0.071,0.0,4.589,11.39,0.038,0.011,0.002,0.316
11110,종로구,2025-10-09,90.0,90.0,아주좋음,실외 활동하기 아주 좋은 날씨예요,적합,주의,적합,적합,주의,22.589,16.911,69.6,6.871,0.232,0.007,4.568,11.538,0.031,0.008,0.002,0.27
11110,종로구,2025-10-10,66.3,66.3,무난,"실외 활동하기 무난해요 — 비 많음, 우산 필수",적합,위험,적합,주의,적합,17.915,15.785,98.1,6.225,40.189,0.25,3.163,7.044,0.025,0.014,0.002,0.318
11110,종로구,2025-10-11,72.9,72.9,좋음,"실외 활동에 좋은 날씨예요 · 비 소식, 우산 챙기세요",적합,해로움,적합,주의,주의,24.733,17.311,93.1,7.289,18.643,0.171,5.575,13.937,0.037,0.013,0.002,0.354
11110,종로구,2025-10-12,87.5,87.5,아주좋음,실외 활동하기 아주 좋은 날씨예요,적합,해로움,적합,적합,적합,21.73,17.044,84.6,6.671,0.057,0.004,2.404,6.087,0.028,0.008,0.002,0.307
11110,종로구,2025-10-13,70.8,70.8,좋음,"실외 활동에 좋은 날씨예요 · 비 소식, 우산 챙기세요",적합,해로움,적합,주의,주의,18.13,13.652,94.4,7.979,23.843,0.168,2.168,4.862,0.031,0.011,0.002,0.279
11110,종로구,2025-10-14,87.2,87.2,아주좋음,실외 활동하기 아주 좋은 날씨예요,적합,해로움,적합,적합,주의,20.77,14.193,80.3,6.921,0.504,0.014,2.365,5.468,0.034,0.012,0.002,0.279
11110,종로구,2025-10-15,86.5,86.5,아주좋음,실외 활동하기 아주 좋은 날씨예요,적합,주의,적합,적합,주의,25.07,15.707,74.8,6.968,2.732,0.043,3.522,9.565,0.033,0.015,0.002,0.307
11110,종로구,2025-10-16,86.8,86.8,아주좋음,실외 활동하기 아주 좋은 날씨예요,적합,주의,적합,적합,주의,24.892,16.527,75.3,7.104,2.314,0.021,3.2,7.552,0.033,0.012,0.002,0.293
11110,종로구,2025-10-17,80.3,80.3,좋음,"실외 활동에 좋은 날씨예요 · 비 소식, 우산 챙기세요",적합,주의,적합,주의,주의,24.521,15.204,74.8,7.736,10.136,0.189,4.955,12.385,0.036,0.016,0.002,0.316
11110,종로구,2025-10-18,78.0,78.0,좋음,"실외 활동에 좋은 날씨예요 · 비 소식, 우산 챙기세요",적합,해로움,적합,주의,적합,17.815,13.885,87.8,7.111,10.864,0.1,7.312,12.452,0.03,0.011,0.002,0.361
11110,종로구,2025-10-19,88.3,88.3,아주좋음,실외 활동하기 아주 좋은 날씨예요,주의,주의,적합,적합,주의,20.211,8.374,71.5,7.663,0.0,0.0,8.884,17.486,0.034,0.01,0.002,0.374
11110,종로구,2025-10-20,88.8,88.8,아주좋음,실외 활동하기 아주 좋은 날씨예요,주의,주의,적합,적합,주의,16.364,4.78,65.9,6.579,0.0,0.0,10.329,23.266,0.03,0.012,0.002,0.321
11110,종로구,2025-10-21,90.0,90.0,아주좋음,실외 활동하기 아주 좋은 날씨예요,주의,주의,적합,적합,주의,14.5,4.874,68.3,4.746,0.0,0.0,11.862,27.669,0.028,0.018,0.003,0.371
11110,종로구,2025-10-22,90.4,90.4,아주좋음,실외 활동하기 아주 좋은 날씨예요,주의,주의,적합,적합,적합,19.361,6.11,72.1,4.707,0.0,0.0,8.563,18.852,0.027,0.02,0.002,0.381
11110,종로구,2025-10-23,91.8,91.8,아주좋음,실외 활동하기 아주 좋은 날씨예요,적합,주의,적합,적합,주의,20.836,11.387,70.3,4.989,0.0,0.0,4.754,11.546,0.032,0.017,0.002,0.333
11110,종로구,2025-10-24,91.4,91.4,아주좋음,실외 활동하기 아주 좋은 날씨예요,적합,주의,적합,적합,주의,20.864,11.114,66.5,5.786,0.0,0.0,4.511,10.941,0.036,0.019,0.002,0.341
11110,종로구,2025-10-25,91.0,91.0,아주좋음,실외 활동하기 아주 좋은 날씨예요,적합,주의,적합,적합,주의,18.768,11.976,66.9,5.921,0.0,0.0,10.244,21.868,0.04,0.018,0.003,0.381
11110,종로구,2025-10-26,86.9,86.9,아주좋음,실외 활동하기 아주 좋은 날씨예요,적합,주의,주의,적합,주의,14.596,10.797,70.1,8.246,0.125,0.014,23.16,38.686,0.038,0.017,0.003,0.502
11110,종로구,2025-10-27,85.2,85.2,아주좋음,실외 활동하기 아주 좋은 날씨예요,주의,적합,주의,적합,주의,11.643,2.363,45.0,9.779,0.0,0.0,10.678,29.245,0.035,0.012,0.003,0.295
11110,종로구,2025-10-28,89.3,89.3,아주좋음,실외 활동하기 아주 좋은 날씨예요,주의,적합,적합,적합,주의,13.793,1.806,52.4,5.554,0.0,0.0,8.787,23.074,0.032,0.023,0.003,0.39
11110,종로구,2025-10-29,90.4,90.4,아주좋음,실외 활동하기 아주 좋은 날씨예요,주의,주의,적합,적합,주의,17.271,5.192,65.0,4.729,0.0,0.0,14.459,28.335,0.033,0.032,0.003,0.498
11110,종로구,2025-10-30,90.3,90.3,아주좋음,실외 활동하기 아주 좋은 날씨예요,주의,주의,적합,적합,주의,17.671,7.052,70.3,3.825,0.0,0.0,21.685,35.846,0.028,0.037,0.003,0.556
11110,종로구,2025-10-31,89.1,89.1,아주좋음,실외 활동하기 아주 좋은 날씨예요,적합,주의,적합,적합,주의,20.279,10.513,69.9,6.018,0.004,0.025,22.956,37.009,0.038,0.028,0.003,0.506
11110,종로구,2025-11-01,84.8,84.8,좋음,실외 활동에 좋은 날씨예요,주의,주의,주의,적합,주의,17.339,8.743,73.0,8.704,2.318,0.0,13.317,22.855,0.041,0.015,0.003,0.402
11110,종로구,2025-11-02,84.6,84.6,좋음,실외 활동에 좋은 날씨예요,주의,적합,주의,적합,주의,11.457,1.527,57.0,9.839,0.061,0.0,8.458,28.979,0.033,0.01,0.002,0.315
11110,종로구,2025-11-03,89.2,89.2,아주좋음,실외 활동하기 아주 좋은 날씨예요,해로움,적합,적합,적합,적합,13.832,-0.08,54.1,5.111,0.0,0.0,11.191,21.949,0.029,0.024,0.003,0.432
11110,종로구,2025-11-04,90.9,90.9,아주좋음,실외 활동하기 아주 좋은 날씨예요,주의,주의,적합,적합,주의,15.786,4.647,60.6,4.775,0.0,0.0,17.194,30.076,0.029,0.034,0.003,0.559
11110,종로구,2025-11-05,91.1,91.1,아주좋음,실외 활동하기 아주 좋은 날씨예요,주의,적합,적합,적합,주의,18.064,5.238,60.0,4.332,0.0,0.0,21.591,37.099,0.032,0.036,0.003,0.593
11110,종로구,2025-11-06,87.2,87.2,아주좋음,실외 활동하기 아주 좋은 날씨예요,주의,주의,적합,적합,주의,18.382,6.485,69.9,4.771,0.0,0.0,32.649,54.588,0.032,0.037,0.003,0.693
11110,종로구,2025-11-07,87.7,87.7,아주좋음,실외 활동하기 아주 좋은 날씨예요,주의,주의,적합,적합,주의,19.821,7.683,66.3,5.604,0.0,0.0,32.552,50.666,0.035,0.033,0.003,0.641
11110,종로구,2025-11-08,90.9,90.9,아주좋음,실외 활동하기 아주 좋은 날씨예요,적합,주의,적합,적합,주의,17.096,11.264,69.4,5.618,0.0,0.0,16.149,26.801,0.033,0.023,0.003,0.461
11110,종로구,2025-11-09,87.0,87.0,아주좋음,실외 활동하기 아주 좋은 날씨예요,적합,주의,주의,적합,주의,17.821,9.377,64.1,9.746,0.0,0.0,19.199,43.065,0.046,0.015,0.003,0.459
11110,종로구,2025-11-10,86.1,86.1,아주좋음,실외 활동하기 아주 좋은 날씨예요,주의,주의,주의,적합,주의,12.189,3.677,37.6,8.618,0.0,0.0,6.434,21.795,0.043,0.013,0.003,0.321
11110,종로구,2025-11-11,90.0,90.0,아주좋음,실외 활동하기 아주 좋은 날씨예요,주의,적합,적합,적합,주의,14.604,2.878,57.6,5.321,0.0,0.0,10.213,27.42,0.027,0.028,0.003,0.465
11110,종로구,2025-11-12,90.0,90.0,아주좋음,실외 활동하기 아주 좋은 날씨예요,주의,주의,적합,적합,주의,16.854,5.089,65.5,4.65,0.0,0.0,18.269,37.778,0.035,0.034,0.003,0.554
11110,종로구,2025-11-13,87.0,87.0,아주좋음,실외 활동하기 아주 좋은 날씨예요,주의,주의,적합,적합,주의,17.3,5.495,65.4,6.629,0.0,0.0,25.76,50.503,0.039,0.032,0.003,0.583
11110,종로구,2025-11-14,88.8,88.8,아주좋음,실외 활동하기 아주 좋은 날씨예요,주의,적합,적합,적합,주의,14.746,3.494,53.8,6.486,0.0,0.0,14.742,33.269,0.033,0.027,0.003,0.49
11110,종로구,2025-11-15,90.5,90.5,아주좋음,실외 활동하기 아주 좋은 날씨예요,주의,적합,적합,적합,주의,16.55,3.003,49.1,3.975,0.0,0.0,20.105,37.568,0.028,0.037,0.003,0.634
11110,종로구,2025-11-16,84.7,84.7,좋음,실외 활동에 좋은 날씨예요,주의,적합,주의,적합,주의,18.35,4.117,58.4,9.414,0.921,0.0,23.428,39.598,0.047,0.026,0.003,0.541
11110,종로구,2025-11-17,80.1,80.1,좋음,실외 활동에 좋은 날씨예요,해로움,주의,주의,적합,주의,9.543,-4.001,37.4,10.118,0.0,0.0,10.079,41.393,0.041,0.01,0.003,0.296
11110,종로구,2025-11-18,84.4,84.4,좋음,실외 활동에 좋은 날씨예요,해로움,적합,적합,적합,주의,6.039,-4.286,47.1,7.893,0.0,0.0,10.844,29.679,0.025,0.014,0.003,0.346
11110,종로구,2025-11-19,87.2,87.2,아주좋음,실외 활동하기 아주 좋은 날씨예요,해로움,적합,적합,적합,주의,7.839,-2.511,50.1,5.475,0.0,0.0,14.621,33.911,0.024,0.025,0.003,0.464
11110,종로구,2025-11-20,83.4,83.4,좋음,실외 활동에 좋은 날씨예요,해로움,적합,주의,적합,주의,13.768,-0.591,58.8,9.4,0.0,0.0,20.809,43.082,0.032,0.029,0.003,0.52
11110,종로구,2025-11-21,85.6,85.6,아주좋음,실외 활동하기 아주 좋은 날씨예요,해로움,적합,주의,적합,주의,11.846,-0.464,58.5,8.139,0.0,0.0,9.469,25.987,0.031,0.026,0.003,0.426
11110,종로구,2025-11-22,87.0,87.0,아주좋음,실외 활동하기 아주 좋은 날씨예요,주의,주의,적합,적합,주의,14.8,4.344,65.3,6.668,0.0,0.0,22.915,41.962,0.037,0.034,0.003,0.595
11110,종로구,2025-11-23,85.1,85.1,아주좋음,실외 활동하기 아주 좋은 날씨예요,주의,주의,적합,적합,주의,14.536,5.956,69.6,7.164,0.0,0.0,29.959,47.007,0.048,0.028,0.003,0.566
11110,종로구,2025-11-24,82.2,82.2,좋음,실외 활동에 좋은 날씨예요 · 미세먼지 주의,주의,주의,적합,적합,해로움,16.646,7.965,72.5,7.471,0.0,0.0,52.913,79.349,0.055,0.03,0.003,0.605
11110,종로구,2025-11-25,70.7,70.7,좋음,실외 활동에 좋은 날씨예요 · 미세먼지 주의,주의,해로움,주의,적합,해로움,9.582,3.787,81.1,9.45,6.243,0.0,61.387,81.902,0.035,0.024,0.003,0.633
11110,종로구,2025-11-26,85.5,85.5,아주좋음,실외 활동하기 아주 좋은 날씨예요,주의,주의,적합,적합,주의,10.182,2.755,66.4,5.136,0.0,0.0,32.754,46.763,0.032,0.027,0.003,0.5
11110,종로구,2025-11-27,71.9,71.9,좋음,"실외 활동에 좋은 날씨예요 · 비 소식, 우산 챙기세요",주의,주의,주의,적합,주의,9.011,0.058,77.4,10.461,9.982,0.0,20.071,34.808,0.028,0.024,0.002,0.447
11110,종로구,2025-11-28,86.5,86.5,아주좋음,실외 활동하기 아주 좋은 날씨예요,해로움,적합,적합,적합,적합,7.032,-2.267,56.4,7.079,0.0,0.0,13.317,24.13,0.027,0.022,0.002,0.417
11110,종로구,2025-11-29,87.3,87.3,아주좋음,실외 활동하기 아주 좋은 날씨예요,해로움,적합,적합,적합,주의,10.657,-1.707,57.1,5.561,0.004,0.0,15.524,29.47,0.014,0.034,0.003,0.552
11110,종로구,2025-11-30,81.8,81.8,좋음,실외 활동에 좋은 날씨예요 · 미세먼지 주의,주의,주의,적합,적합,해로움,15.796,7.598,78.8,7.086,0.0,0.0,28.674,82.262,0.051,0.026,0.003,0.648
11110,종로구,2025-12-01,82.9,82.9,좋음,실외 활동에 좋은 날씨예요,주의,적합,주의,적합,주의,12.068,0.266,50.5,9.321,0.0,0.0,20.296,48.987,0.035,0.016,0.003,0.408
11110,종로구,2025-12-02,79.7,79.7,좋음,"실외 활동에 좋은 날씨예요 · 쌀쌀해요, 옷 챙기세요",해로움,적합,주의,적합,주의,3.496,-9.452,41.1,10.054,0.0,0.0,6.97,19.141,0.032,0.012,0.002,0.326
11110,종로구,2025-12-03,55.0,78.5,주의,"⚠️ 한파, 한랭질환 주의 — 실외 활동에 주의하세요",해로움,적합,주의,적합,적합,-3.05,-12.811,41.4,9.829,0.0,0.0,7.21,19.91,0.03,0.011,0.002,0.337
11110,종로구,2025-12-04,55.0,77.5,주의,"⚠️ 한파, 한랭질환 주의 — 실외 활동에 주의하세요",해로움,적합,주의,적합,적합,2.171,-12.793,49.6,9.736,2.268,0.0,10.507,22.814,0.025,0.021,0.003,0.435
11110,종로구,2025-12-05,81.9,81.9,좋음,"실외 활동에 좋은 날씨예요 · 쌀쌀해요, 옷 챙기세요",해로움,적합,적합,적합,적합,1.918,-8.901,53.6,7.518,0.0,0.0,14.188,26.713,0.024,0.025,0.003,0.514
11110,종로구,2025-12-06,80.0,80.0,좋음,실외 활동에 좋은 날씨예요,해로움,주의,적합,적합,주의,6.675,-4.04,70.9,6.057,0.289,0.0,16.669,27.668,0.011,0.036,0.003,0.637
11110,종로구,2025-12-07,74.4,74.4,좋음,실외 활동에 좋은 날씨예요 · 미세먼지 주의,주의,주의,주의,적합,해로움,12.914,1.144,77.4,8.107,0.0,0.0,51.854,79.841,0.046,0.033,0.003,0.975
11110,종로구,2025-12-08,84.0,84.0,좋음,실외 활동에 좋은 날씨예요,해로움,적합,적합,적합,주의,7.329,-2.265,45.4,7.318,0.0,0.0,16.502,35.405,0.039,0.019,0.003,0.435
11110,종로구,2025-12-09,85.5,85.5,아주좋음,실외 활동하기 아주 좋은 날씨예요,해로움,적합,적합,적합,주의,7.975,-2.823,59.0,5.661,0.0,0.0,11.87,23.4,0.02,0.032,0.003,0.518
11110,종로구,2025-12-10,81.3,81.3,좋음,실외 활동에 좋은 날씨예요,해로움,주의,적합,적합,주의,9.264,-0.063,73.1,4.836,0.0,0.0,23.478,41.49,0.012,0.041,0.003,0.671
11110,종로구,2025-12-11,69.6,69.6,무난,"실외 활동하기 무난해요 — 비 소식, 우산 챙기세요",해로움,주의,주의,주의,주의,8.511,-4.211,68.3,9.554,14.443,0.0,26.185,39.821,0.031,0.027,0.003,0.567
11110,종로구,2025-12-12,85.7,85.7,아주좋음,실외 활동하기 아주 좋은 날씨예요,해로움,적합,적합,적합,적합,6.725,-4.713,56.3,5.104,0.0,0.0,11.915,21.681,0.026,0.024,0.003,0.453
11110,종로구,2025-12-13,74.5,74.5,좋음,"실외 활동에 좋은 날씨예요 · 비 소식, 우산 챙기세요",해로움,해로움,적합,적합,적합,4.763,-2.073,81.5,6.622,6.714,0.0,7.048,11.905,0.021,0.022,0.002,0.419
11110,종로구,2025-12-14,77.9,77.9,좋음,실외 활동에 좋은 날씨예요,해로움,주의,적합,적합,주의,2.964,-3.613,76.5,7.237,0.021,0.0,18.151,25.315,0.032,0.015,0.002,0.507
11110,종로구,2025-12-15,78.8,78.8,좋음,실외 활동에 좋은 날씨예요,해로움,주의,적합,적합,주의,3.929,-4.145,76.4,4.464,0.0,0.0,22.664,31.817,0.02,0.035,0.003,0.622
11110,종로구,2025-12-16,75.3,75.3,좋음,실외 활동에 좋은 날씨예요,주의,해로움,적합,적합,주의,4.689,1.306,88.5,3.929,1.843,0.0,27.91,39.74,0.005,0.035,0.003,0.659
11110,종로구,2025-12-17,78.3,78.3,좋음,실외 활동에 좋은 날씨예요 · 미세먼지 주의,해로움,주의,적합,적합,해로움,7.339,-0.395,72.8,5.493,0.0,0.0,39.334,65.984,0.03,0.025,0.003,0.622
11110,종로구,2025-12-18,85.4,85.4,아주좋음,실외 활동하기 아주 좋은 날씨예요,해로움,주의,적합,적합,주의,7.764,-2.795,60.6,4.282,0.0,0.0,21.223,33.453,0.022,0.034,0.003,0.611
11110,종로구,2025-12-19,82.6,82.6,좋음,실외 활동에 좋은 날씨예요,해로움,주의,적합,적합,주의,9.879,-1.896,66.5,4.775,0.0,0.0,25.221,38.792,0.009,0.039,0.003,0.729
11110,종로구,2025-12-20,77.0,77.0,좋음,실외 활동에 좋은 날씨예요,해로움,주의,주의,적합,주의,10.689,-0.12,74.1,8.621,0.1,0.0,30.532,47.605,0.026,0.03,0.003,0.709
11110,종로구,2025-12-21,81.5,81.5,좋음,"실외 활동에 좋은 날씨예요 · 쌀쌀해요, 옷 챙기세요",해로움,적합,주의,적합,주의,2.182,-6.536,42.0,8.911,0.0,0.0,8.535,26.155,0.027,0.011,0.003,0.343
11110,종로구,2025-12-22,84.5,84.5,좋음,"실외 활동에 좋은 날씨예요 · 쌀쌀해요, 옷 챙기세요",해로움,적합,적합,적합,주의,4.832,-6.911,44.8,4.554,0.0,0.0,13.459,30.93,0.022,0.029,0.003,0.559
11110,종로구,2025-12-23,75.1,75.1,좋음,"실외 활동에 좋은 날씨예요 · 비 소식, 우산 챙기세요",해로움,주의,적합,적합,주의,4.889,-2.182,70.9,7.593,8.064,0.0,11.881,22.214,0.007,0.036,0.003,0.59
11110,종로구,2025-12-24,78.7,78.7,좋음,실외 활동에 좋은 날씨예요,해로움,주의,적합,적합,주의,5.568,-2.39,79.0,5.529,0.0,0.0,19.204,27.091,0.024,0.024,0.002,0.528
11110,종로구,2025-12-25,55.0,76.9,주의,"⚠️ 한파, 한랭질환 주의 — 실외 활동에 주의하세요",위험,적합,주의,적합,주의,0.371,-13.899,54.1,11.407,0.0,0.0,14.773,27.294,0.032,0.012,0.003,0.403
11110,종로구,2025-12-26,55.0,77.7,주의,"⚠️ 한파, 한랭질환 주의 — 실외 활동에 주의하세요",위험,주의,주의,적합,적합,-4.364,-16.113,38.9,8.996,0.0,0.0,7.929,19.196,0.025,0.013,0.003,0.352
11110,종로구,2025-12-27,83.3,83.3,좋음,"실외 활동에 좋은 날씨예요 · 쌀쌀해요, 옷 챙기세요",해로움,적합,적합,적합,주의,0.185,-9.896,52.1,4.452,0.0,0.0,16.163,29.324,0.019,0.03,0.003,0.514
11110,종로구,2025-12-28,77.8,77.8,좋음,실외 활동에 좋은 날씨예요,해로움,주의,적합,적합,주의,6.326,-1.965,76.4,4.944,0.689,0.0,28.711,42.351,0.017,0.027,0.003,0.544
11110,종로구,2025-12-29,74.6,74.6,좋음,실외 활동에 좋은 날씨예요 · 미세먼지 주의,해로움,주의,적합,적합,해로움,9.248,-1.645,74.1,7.415,1.243,0.0,42.341,61.274,0.035,0.03,0.003,0.658
11110,종로구,2025-12-30,83.2,83.2,좋음,실외 활동에 좋은 날씨예요,해로움,적합,적합,적합,주의,3.529,-5.559,45.1,7.343,0.0,0.0,9.002,21.06,0.031,0.018,0.003,0.383
11110,종로구,2025-12-31,55.0,79.2,주의,"⚠️ 한파, 한랭질환 주의 — 실외 활동에 주의하세요",위험,적합,주의,적합,주의,-1.071,-13.301,40.9,8.246,0.0,0.0,8.175,21.363,0.031,0.012,0.003,0.38
11140,중구,2023-01-01,78.1,78.1,좋음,"실외 활동에 좋은 날씨예요 · 쌀쌀해요, 옷 챙기세요",해로움,적합,주의,적합,해로움,3.879,-6.809,54.5,8.114,0.0,0.0,36.97,52.234,0.032,0.025,0.004,0.675
11140,중구,2023-01-02,82.3,82.3,좋음,"실외 활동에 좋은 날씨예요 · 쌀쌀해요, 옷 챙기세요",해로움,적합,적합,적합,적합,-0.432,-9.947,45.9,6.182,0.0,0.0,11.671,25.534,0.027,0.022,0.003,0.475
11140,중구,2023-01-03,81.1,81.1,좋음,"실외 활동에 좋은 날씨예요 · 쌀쌀해요, 옷 챙기세요",해로움,적합,적합,적합,주의,0.489,-11.014,49.0,6.25,0.0,0.0,16.983,30.736,0.021,0.032,0.003,0.597
11140,중구,2023-01-04,81.6,81.6,좋음,"실외 활동에 좋은 날씨예요 · 쌀쌀해요, 옷 챙기세요",해로움,적합,적합,적합,주의,3.357,-7.16,51.4,6.039,0.0,0.0,23.117,36.247,0.02,0.043,0.004,0.716
11140,중구,2023-01-05,81.2,81.2,좋음,"실외 활동에 좋은 날씨예요 · 쌀쌀해요, 옷 챙기세요",해로움,적합,적합,적합,해로움,3.314,-6.276,58.1,4.314,0.0,0.0,36.083,50.298,0.009,0.054,0.004,0.946
11140,중구,2023-01-06,70.8,70.8,좋음,"실외 활동에 좋은 날씨예요 · 쌀쌀해요, 옷 챙기세요",해로움,주의,적합,적합,해로움,5.386,-6.396,71.9,5.882,3.55,0.0,61.521,77.725,0.019,0.049,0.004,0.911
11140,중구,2023-01-07,55.0,68.6,주의,"⚠️ 미세먼지 매우 나쁨, 마스크 착용 — 실외 활동에 주의하세요",해로움,해로움,적합,적합,위험,4.311,-3.223,80.9,6.671,0.057,0.0,89.602,120.404,0.03,0.031,0.003,0.963
11140,중구,2023-01-08,75.0,75.0,좋음,실외 활동에 좋은 날씨예요 · 미세먼지 주의,해로움,주의,적합,적합,해로움,5.586,-4.468,69.3,4.154,0.0,0.0,58.944,131.286,0.019,0.038,0.003,0.866
11140,중구,2023-01-09,79.4,79.4,좋음,실외 활동에 좋은 날씨예요 · 미세먼지 주의,해로움,주의,적합,적합,해로움,7.254,-3.053,60.1,6.768,0.0,0.0,40.406,93.473,0.026,0.033,0.004,0.688
11140,중구,2023-01-10,82.7,82.7,좋음,실외 활동에 좋은 날씨예요,해로움,적합,적합,적합,주의,8.139,-4.371,59.9,3.921,0.0,0.0,33.452,62.129,0.021,0.046,0.004,0.777
11140,중구,2023-01-11,80.8,80.8,좋음,실외 활동에 좋은 날씨예요 · 미세먼지 주의,해로움,주의,적합,적합,해로움,8.571,-2.907,61.9,4.15,0.0,0.0,48.582,75.299,0.009,0.062,0.004,1.022
11140,중구,2023-01-12,82.1,82.1,좋음,실외 활동에 좋은 날씨예요 · 미세먼지 주의,해로움,적합,적합,적합,해로움,12.639,-1.945,46.6,4.4,0.0,0.0,44.727,65.947,0.011,0.057,0.004,0.929
11140,중구,2023-01-13,60.6,60.6,무난,"실외 활동하기 무난해요 — 비 많음, 우산 필수",주의,위험,적합,주의,주의,9.6,3.291,99.1,6.693,31.868,0.0,13.506,21.878,0.013,0.038,0.004,0.753
11140,중구,2023-01-14,75.7,75.7,좋음,실외 활동에 좋은 날씨예요,주의,해로움,적합,적합,적합,7.918,2.692,92.9,6.75,2.129,0.0,8.097,12.915,0.02,0.025,0.003,0.62
11140,중구,2023-01-15,70.7,70.7,좋음,실외 활동에 좋은 날씨예요,해로움,해로움,적합,적합,적합,3.733,-5.376,93.9,6.378,3.168,0.0,10.498,14.572,0.024,0.015,0.002,0.423
11140,중구,2023-01-16,81.5,81.5,좋음,"실외 활동에 좋은 날씨예요 · 쌀쌀해요, 옷 챙기세요",해로움,주의,적합,적합,적합,-1.169,-9.592,63.1,6.348,0.018,0.0,12.798,22.665,0.025,0.019,0.003,0.426
11140,중구,2023-01-17,82.0,82.0,좋음,"실외 활동에 좋은 날씨예요 · 쌀쌀해요, 옷 챙기세요",해로움,주의,적합,적합,주의,-0.311,-7.57,65.1,4.379,0.0,0.0,17.754,33.358,0.018,0.035,0.003,0.568
11140,중구,2023-01-18,81.5,81.5,좋음,"실외 활동에 좋은 날씨예요 · 쌀쌀해요, 옷 챙기세요",해로움,주의,적합,적합,주의,2.546,-6.145,60.5,6.154,0.0,0.0,24.488,54.329,0.025,0.033,0.003,0.616
11140,중구,2023-01-19,74.6,74.6,좋음,"실외 활동에 좋은 날씨예요 · 쌀쌀해요, 옷 챙기세요",해로움,주의,주의,적합,주의,4.621,-8.042,69.3,8.05,1.143,0.0,25.078,62.989,0.026,0.036,0.003,0.665
11140,중구,2023-01-20,73.7,73.7,좋음,"실외 활동에 좋은 날씨예요 · 쌀쌀해요, 옷 챙기세요",해로움,적합,주의,적합,해로움,2.757,-11.87,52.4,10.939,0.0,0.0,16.669,65.149,0.028,0.016,0.003,0.402
11140,중구,2023-01-21,83.0,83.0,좋음,"실외 활동에 좋은 날씨예요 · 쌀쌀해요, 옷 챙기세요",해로움,적합,적합,적합,적합,1.007,-11.507,55.4,4.646,0.0,0.0,10.952,24.885,0.022,0.025,0.003,0.466
11140,중구,2023-01-22,84.1,84.1,좋음,실외 활동에 좋은 날씨예요,해로움,주의,적합,적합,주의,2.754,-4.588,62.8,5.55,0.018,0.0,12.579,27.652,0.021,0.026,0.003,0.459
11140,중구,2023-01-23,75.1,75.1,좋음,"실외 활동에 좋은 날씨예요 · 쌀쌀해요, 옷 챙기세요",해로움,주의,주의,적합,주의,4.768,-9.887,66.6,8.889,0.0,0.0,29.523,54.603,0.031,0.025,0.003,0.601
11140,중구,2023-01-24,55.0,72.2,주의,"⚠️ 한파, 한랭질환 주의 — 실외 활동에 주의하세요",위험,적합,주의,적합,주의,-6.663,-24.201,51.9,11.504,0.0,0.0,9.889,28.064,0.03,0.008,0.002,0.346
11140,중구,2023-01-25,55.0,78.2,주의,"⚠️ 한파, 한랭질환 주의 — 실외 활동에 주의하세요",위험,적합,적합,적합,적합,-5.978,-20.227,45.1,5.914,0.0,0.0,9.052,22.62,0.027,0.025,0.003,0.449
11140,중구,2023-01-26,74.3,74.3,좋음,"실외 활동에 좋은 날씨예요 · 쌀쌀해요, 옷 챙기세요",해로움,해로움,적합,적합,주의,-3.368,-11.377,80.1,5.0,0.082,0.0,19.78,30.948,0.009,0.035,0.003,0.546
11140,중구,2023-01-27,55.0,75.8,주의,"⚠️ 한파, 한랭질환 주의 — 실외 활동에 주의하세요",위험,적합,주의,적합,주의,-3.543,-14.196,56.5,11.175,0.0,0.0,19.453,40.183,0.028,0.019,0.003,0.496
11140,중구,2023-01-28,55.0,77.7,주의,"⚠️ 한파, 한랭질환 주의 — 실외 활동에 주의하세요",위험,적합,적합,적합,주의,-0.661,-14.605,54.9,7.686,0.0,0.0,12.504,38.421,0.025,0.02,0.003,0.431
11140,중구,2023-01-29,77.0,77.0,좋음,"실외 활동에 좋은 날씨예요 · 쌀쌀해요, 옷 챙기세요",해로움,적합,주의,적합,주의,4.782,-11.548,58.3,9.604,0.0,0.0,14.876,46.043,0.028,0.024,0.003,0.528
11140,중구,2023-01-30,81.3,81.3,좋음,"실외 활동에 좋은 날씨예요 · 쌀쌀해요, 옷 챙기세요",해로움,적합,적합,적합,주의,4.186,-6.438,55.9,7.346,0.0,0.0,16.241,43.708,0.028,0.028,0.003,0.533
11140,중구,2023-01-31,77.9,77.9,좋음,"실외 활동에 좋은 날씨예요 · 쌀쌀해요, 옷 챙기세요",해로움,주의,주의,적합,주의,8.171,-6.176,69.1,8.529,0.0,0.0,16.213,38.51,0.031,0.036,0.003,0.557
11140,중구,2023-02-01,75.1,75.1,좋음,실외 활동에 좋은 날씨예요,해로움,주의,주의,적합,해로움,5.9,-5.475,68.4,9.432,0.0,0.0,35.435,64.952,0.034,0.024,0.003,0.562
11140,중구,2023-02-02,81.6,81.6,좋음,"실외 활동에 좋은 날씨예요 · 쌀쌀해요, 옷 챙기세요",해로움,적합,적합,적합,주의,1.339,-7.676,50.3,6.186,0.0,0.0,16.018,43.416,0.026,0.022,0.003,0.445
11140,중구,2023-02-03,83.2,83.2,좋음,실외 활동에 좋은 날씨예요,해로움,적합,적합,적합,주의,3.482,-5.956,47.4,5.864,0.0,0.0,19.102,40.677,0.024,0.028,0.003,0.515
11140,중구,2023-02-04,81.2,81.2,좋음,"실외 활동에 좋은 날씨예요 · 쌀쌀해요, 옷 챙기세요",해로움,적합,적합,적합,주의,5.639,-6.543,49.8,6.607,0.0,0.0,25.967,41.372,0.029,0.034,0.003,0.606
11140,중구,2023-02-05,75.3,75.3,좋음,실외 활동에 좋은 날씨예요 · 미세먼지 주의,해로움,주의,적합,적합,해로움,7.2,-4.395,71.0,6.111,0.0,0.0,49.941,66.644,0.04,0.041,0.003,0.801
11140,중구,2023-02-06,76.1,76.1,좋음,실외 활동에 좋은 날씨예요 · 미세먼지 주의,해로움,주의,적합,적합,해로움,8.339,-2.562,72.3,4.329,0.0,0.0,59.373,79.51,0.03,0.049,0.003,0.874
11140,중구,2023-02-07,75.9,75.9,좋음,실외 활동에 좋은 날씨예요 · 미세먼지 주의,해로움,주의,적합,적합,해로움,8.95,-1.749,72.9,4.618,0.0,0.0,60.476,80.347,0.024,0.049,0.003,0.868
11140,중구,2023-02-08,78.6,78.6,좋음,실외 활동에 좋은 날씨예요 · 미세먼지 주의,해로움,주의,적합,적합,해로움,8.054,-3.434,62.1,6.779,0.0,0.0,48.205,67.561,0.033,0.034,0.003,0.732
11140,중구,2023-02-09,81.8,81.8,좋음,실외 활동에 좋은 날씨예요,해로움,적합,적합,적합,주의,9.636,-5.195,49.9,7.318,0.0,0.0,23.23,37.578,0.03,0.032,0.003,0.535
11140,중구,2023-02-10,78.9,78.9,좋음,실외 활동에 좋은 날씨예요,해로움,주의,적합,적합,주의,6.811,-0.579,79.6,6.282,0.396,0.0,16.82,22.843,0.031,0.025,0.003,0.434
11140,중구,2023-02-11,78.6,78.6,좋음,실외 활동에 좋은 날씨예요,해로움,주의,적합,적합,해로움,8.254,-2.21,73.0,4.261,0.0,0.0,35.286,45.659,0.02,0.041,0.003,0.692
11140,중구,2023-02-12,76.3,76.3,좋음,실외 활동에 좋은 날씨예요 · 미세먼지 주의,해로움,주의,적합,적합,해로움,7.796,-2.152,70.0,5.711,0.0,0.0,56.733,69.831,0.028,0.036,0.003,0.793
11140,중구,2023-02-13,83.9,83.9,좋음,실외 활동에 좋은 날씨예요,주의,주의,적합,적합,주의,8.654,0.895,66.5,5.811,0.0,0.0,23.172,34.228,0.03,0.028,0.003,0.591
11140,중구,2023-02-14,82.6,82.6,좋음,실외 활동에 좋은 날씨예요,해로움,적합,적합,적합,주의,6.354,-4.473,54.9,6.532,0.0,0.0,23.948,38.808,0.03,0.022,0.003,0.512
11140,중구,2023-02-15,85.0,85.0,아주좋음,실외 활동하기 아주 좋은 날씨예요,해로움,적합,적합,적합,주의,8.143,-2.948,46.4,6.525,0.0,0.0,9.967,18.532,0.031,0.024,0.003,0.387
11140,중구,2023-02-16,80.7,80.7,좋음,실외 활동에 좋은 날씨예요,해로움,주의,적합,적합,주의,5.243,-2.941,68.3,7.504,0.0,0.0,18.715,28.658,0.032,0.028,0.003,0.433
11140,중구,2023-02-17,80.7,80.7,좋음,실외 활동에 좋은 날씨예요,해로움,주의,적합,적합,주의,9.489,-2.191,67.8,4.446,0.0,0.0,32.621,46.823,0.025,0.044,0.003,0.613
11140,중구,2023-02-18,83.5,83.5,좋음,실외 활동에 좋은 날씨예요 · 미세먼지 주의,주의,적합,적합,적합,해로움,8.143,2.352,58.3,3.321,0.0,0.0,63.853,84.016,0.011,0.054,0.003,0.864
11140,중구,2023-02-19,79.2,79.2,좋음,실외 활동에 좋은 날씨예요,해로움,적합,주의,적합,주의,6.607,-2.629,56.1,9.868,0.246,0.0,33.166,47.975,0.039,0.02,0.003,0.474
11140,중구,2023-02-20,78.8,78.8,좋음,"실외 활동에 좋은 날씨예요 · 쌀쌀해요, 옷 챙기세요",해로움,적합,주의,적합,주의,2.982,-6.787,46.4,10.464,0.0,0.0,9.426,38.882,0.034,0.018,0.003,0.355
11140,중구,2023-02-21,83.1,83.1,좋음,"실외 활동에 좋은 날씨예요 · 쌀쌀해요, 옷 챙기세요",해로움,적합,적합,적합,주의,4.382,-7.42,42.4,5.929,0.0,0.0,15.581,32.036,0.031,0.025,0.003,0.412
11140,중구,2023-02-22,81.6,81.6,좋음,실외 활동에 좋은 날씨예요,해로움,적합,적합,적합,주의,7.768,-5.904,50.6,6.289,0.0,0.0,26.501,43.361,0.028,0.041,0.004,0.568
11140,중구,2023-02-23,81.4,81.4,좋음,실외 활동에 좋은 날씨예요,해로움,주의,적합,적합,주의,9.1,-3.03,65.5,6.275,0.0,0.0,24.513,41.69,0.034,0.031,0.003,0.496
11140,중구,2023-02-24,80.5,80.5,좋음,실외 활동에 좋은 날씨예요,해로움,적합,주의,적합,주의,8.743,-2.738,57.9,9.136,0.0,0.0,29.521,51.425,0.038,0.025,0.003,0.486
11140,중구,2023-02-25,82.3,82.3,좋음,실외 활동에 좋은 날씨예요,해로움,적합,적합,적합,주의,5.757,-5.448,44.0,7.579,0.0,0.0,18.375,38.14,0.036,0.017,0.003,0.419
11140,중구,2023-02-26,83.7,83.7,좋음,실외 활동에 좋은 날씨예요,해로움,적합,적합,적합,주의,8.818,-4.736,46.6,5.768,0.0,0.0,21.115,36.974,0.038,0.024,0.003,0.504
11140,중구,2023-02-27,82.2,82.2,좋음,실외 활동에 좋은 날씨예요,해로움,적합,적합,적합,주의,11.968,-2.828,47.4,6.154,0.0,0.0,31.071,49.052,0.03,0.046,0.004,0.657
11140,중구,2023-02-28,81.7,81.7,좋음,실외 활동에 좋은 날씨예요,해로움,주의,적합,적합,주의,8.771,-2.298,63.4,7.1,0.0,0.0,24.758,37.591,0.035,0.04,0.003,0.602
11140,중구,2023-03-01,84.4,84.4,좋음,실외 활동에 좋은 날씨예요,주의,적합,주의,적합,주의,9.414,0.968,54.4,10.482,0.0,0.0,18.272,35.579,0.042,0.021,0.003,0.396
11140,중구,2023-03-02,79.5,79.5,좋음,실외 활동에 좋은 날씨예요,해로움,주의,주의,적합,주의,6.625,-3.829,37.8,8.993,0.0,0.0,10.994,52.585,0.037,0.018,0.003,0.353
11140,중구,2023-03-03,81.5,81.5,좋음,실외 활동에 좋은 날씨예요,해로움,주의,적합,적합,주의,10.225,-3.334,65.0,7.586,0.0,0.0,16.698,40.52,0.035,0.03,0.003,0.471
11140,중구,2023-03-04,83.5,83.5,좋음,실외 활동에 좋은 날씨예요 · 미세먼지 주의,주의,주의,적합,적합,해로움,13.796,2.423,68.4,5.286,0.0,0.0,41.031,69.724,0.039,0.035,0.003,0.602
11140,중구,2023-03-05,84.2,84.2,좋음,실외 활동에 좋은 날씨예요 · 미세먼지 주의,주의,적합,적합,적합,해로움,15.243,1.247,54.0,5.986,0.0,0.0,48.529,73.034,0.054,0.037,0.003,0.671
11140,중구,2023-03-06,84.4,84.4,좋음,실외 활동에 좋은 날씨예요,주의,적합,적합,적합,주의,16.061,0.737,41.9,7.039,0.0,0.0,32.719,56.192,0.052,0.046,0.004,0.628
11140,중구,2023-03-07,88.5,88.5,아주좋음,실외 활동하기 아주 좋은 날씨예요,주의,주의,적합,적합,주의,18.832,5.298,60.9,6.521,0.0,0.0,32.954,63.513,0.049,0.04,0.004,0.602
11140,중구,2023-03-08,87.2,87.2,아주좋음,실외 활동하기 아주 좋은 날씨예요,주의,주의,적합,적합,주의,18.136,6.72,66.3,7.371,0.829,0.0,30.516,64.127,0.049,0.038,0.004,0.599
11140,중구,2023-03-09,77.1,77.1,좋음,실외 활동에 좋은 날씨예요 · 미세먼지 주의,주의,해로움,적합,적합,해로움,13.511,5.946,85.9,7.257,3.579,0.0,42.593,64.168,0.039,0.035,0.003,0.6
11140,중구,2023-03-10,85.6,85.6,아주좋음,실외 활동하기 아주 좋은 날씨예요 · 미세먼지 주의,주의,주의,적합,적합,해로움,22.264,4.189,62.1,6.121,0.0,0.0,54.161,94.804,0.046,0.041,0.004,0.756
11140,중구,2023-03-11,89.0,89.0,아주좋음,실외 활동하기 아주 좋은 날씨예요 · 미세먼지 주의,적합,적합,주의,적합,해로움,23.046,9.105,52.0,8.118,0.0,0.0,51.863,99.708,0.066,0.038,0.004,0.726
11140,중구,2023-03-12,74.1,74.1,좋음,"실외 활동에 좋은 날씨예요 · 비 소식, 우산 챙기세요",해로움,주의,주의,적합,주의,12.296,-2.193,68.0,12.025,5.254,0.0,24.366,54.633,0.061,0.014,0.003,0.48
11140,중구,2023-03-13,80.7,80.7,좋음,실외 활동에 좋은 날씨예요,해로움,주의,주의,적합,주의,7.386,-4.306,38.9,9.671,0.0,0.0,8.14,34.256,0.037,0.017,0.003,0.338
11140,중구,2023-03-14,83.9,83.9,좋음,실외 활동에 좋은 날씨예요,주의,적합,주의,적합,주의,15.471,0.872,45.9,9.711,0.0,0.0,10.068,41.644,0.043,0.023,0.003,0.399
11140,중구,2023-03-15,81.8,81.8,좋음,실외 활동에 좋은 날씨예요,주의,주의,주의,적합,주의,15.189,1.604,66.6,10.007,0.0,0.0,12.574,48.416,0.036,0.026,0.003,0.467
11140,중구,2023-03-16,80.5,80.5,좋음,실외 활동에 좋은 날씨예요,해로움,주의,적합,적합,해로움,9.5,-1.355,36.8,7.818,0.0,0.0,10.74,59.482,0.036,0.018,0.003,0.381
11140,중구,2023-03-17,84.0,84.0,좋음,실외 활동에 좋은 날씨예요,해로움,주의,적합,적합,주의,12.732,-0.377,34.3,4.982,0.0,0.0,15.297,43.153,0.03,0.026,0.003,0.464
11140,중구,2023-03-18,84.7,84.7,좋음,실외 활동에 좋은 날씨예요,주의,적합,적합,적합,주의,14.268,1.289,46.4,7.982,0.0,0.0,28.828,60.909,0.045,0.023,0.003,0.562
11140,중구,2023-03-19,82.4,82.4,좋음,실외 활동에 좋은 날씨예요 · 미세먼지 주의,주의,적합,적합,적합,해로움,15.029,0.663,59.6,6.55,0.0,0.0,60.276,94.575,0.057,0.028,0.003,0.749
11140,중구,2023-03-20,83.5,83.5,좋음,실외 활동에 좋은 날씨예요 · 미세먼지 주의,주의,적합,적합,적합,해로움,16.664,1.495,50.4,6.039,0.0,0.0,60.179,86.071,0.044,0.045,0.003,0.786
11140,중구,2023-03-21,86.6,86.6,아주좋음,실외 활동하기 아주 좋은 날씨예요 · 미세먼지 주의,주의,주의,적합,적합,해로움,21.436,4.114,35.1,4.754,0.0,0.0,37.539,65.016,0.053,0.051,0.004,0.707
11140,중구,2023-03-22,91.0,91.0,아주좋음,실외 활동하기 아주 좋은 날씨예요 · 미세먼지 주의,주의,적합,적합,적합,해로움,24.757,7.806,44.8,5.818,0.0,0.0,36.877,68.721,0.055,0.046,0.004,0.732
11140,중구,2023-03-23,87.7,87.7,아주좋음,실외 활동하기 아주 좋은 날씨예요 · 미세먼지 주의,적합,적합,적합,적합,위험,23.643,12.043,48.9,7.836,0.0,0.0,29.111,113.105,0.047,0.023,0.003,0.528
11140,중구,2023-03-24,84.6,84.6,좋음,실외 활동에 좋은 날씨예요 · 미세먼지 주의,주의,주의,적합,적합,위험,18.007,6.758,36.8,5.743,0.0,0.0,25.799,138.101,0.034,0.024,0.003,0.475
11140,중구,2023-03-25,87.0,87.0,아주좋음,실외 활동하기 아주 좋은 날씨예요 · 미세먼지 주의,주의,적합,적합,적합,해로움,18.257,6.704,59.9,6.511,0.0,0.0,26.458,100.257,0.043,0.021,0.003,0.459
11140,중구,2023-03-26,81.6,81.6,좋음,실외 활동에 좋은 날씨예요,주의,주의,주의,적합,주의,14.521,2.272,34.0,9.636,0.0,0.0,15.373,59.064,0.046,0.012,0.003,0.37
11140,중구,2023-03-27,84.4,84.4,좋음,실외 활동에 좋은 날씨예요,주의,적합,주의,적합,주의,14.039,0.096,44.8,8.293,0.0,0.0,20.27,47.9,0.05,0.023,0.003,0.434
11140,중구,2023-03-28,85.9,85.9,아주좋음,실외 활동하기 아주 좋은 날씨예요,주의,적합,적합,적합,주의,15.521,1.96,53.3,6.586,0.0,0.0,28.636,66.71,0.052,0.033,0.003,0.505
11140,중구,2023-03-29,86.7,86.7,아주좋음,실외 활동하기 아주 좋은 날씨예요 · 미세먼지 주의,주의,적합,적합,적합,해로움,19.804,3.92,50.3,6.764,0.0,0.0,38.374,80.649,0.052,0.038,0.004,0.585
11140,중구,2023-03-30,87.8,87.8,아주좋음,실외 활동하기 아주 좋은 날씨예요 · 미세먼지 주의,주의,적합,적합,적합,해로움,21.271,5.225,42.5,6.9,0.0,0.0,39.399,80.54,0.064,0.04,0.004,0.622
11140,중구,2023-03-31,88.8,88.8,아주좋음,실외 활동하기 아주 좋은 날씨예요 · 미세먼지 주의,주의,적합,적합,적합,해로움,23.554,6.613,42.5,6.129,0.0,0.0,47.766,99.122,0.069,0.042,0.004,0.628
11140,중구,2023-04-01,90.0,90.0,아주좋음,실외 활동하기 아주 좋은 날씨예요 · 미세먼지 주의,주의,적합,적합,적합,해로움,25.407,8.528,40.4,6.425,0.0,0.0,49.21,89.14,0.08,0.041,0.004,0.647
11140,중구,2023-04-02,87.7,87.7,아주좋음,실외 활동하기 아주 좋은 날씨예요,적합,주의,적합,적합,주의,24.707,11.729,29.6,7.604,0.0,0.0,30.048,47.454,0.062,0.024,0.003,0.468
11140,중구,2023-04-03,87.2,87.2,아주좋음,실외 활동하기 아주 좋은 날씨예요,적합,주의,적합,적합,주의,25.529,10.698,29.4,7.504,0.0,0.0,31.725,49.147,0.065,0.029,0.003,0.462
11140,중구,2023-04-04,86.8,86.8,아주좋음,"실외 활동하기 아주 좋은 날씨예요 · 비 소식, 우산 챙기세요",적합,적합,주의,적합,주의,21.689,12.143,40.4,9.525,7.211,0.111,20.443,37.224,0.05,0.022,0.003,0.391
11140,중구,2023-04-05,60.0,60.0,무난,"실외 활동하기 무난해요 — 비 많음, 우산 필수",주의,위험,주의,주의,주의,14.986,7.302,97.8,8.843,45.207,0.321,11.866,18.096,0.043,0.017,0.002,0.437
11140,중구,2023-04-06,74.9,74.9,좋음,실외 활동에 좋은 날씨예요 · 미세먼지 주의,주의,해로움,적합,적합,해로움,10.136,6.194,94.6,6.329,2.489,0.054,52.58,62.249,0.043,0.021,0.002,0.696
11140,중구,2023-04-07,81.6,81.6,좋음,실외 활동에 좋은 날씨예요 · 미세먼지 주의,주의,주의,주의,적합,해로움,15.764,2.581,65.0,10.454,0.0,0.0,41.766,73.442,0.046,0.021,0.003,0.503
11140,중구,2023-04-08,83.7,83.7,좋음,실외 활동에 좋은 날씨예요,주의,적합,주의,적합,주의,15.104,0.915,51.1,10.143,0.0,0.0,7.601,39.671,0.043,0.017,0.003,0.341
11140,중구,2023-04-09,84.3,84.3,좋음,실외 활동에 좋은 날씨예요,주의,적합,주의,적합,주의,18.082,2.222,56.8,8.889,0.0,0.0,15.734,59.392,0.057,0.019,0.003,0.445
11140,중구,2023-04-10,87.4,87.4,아주좋음,실외 활동하기 아주 좋은 날씨예요,주의,적합,주의,적합,주의,19.411,4.888,50.8,9.782,0.0,0.0,17.79,46.164,0.059,0.025,0.003,0.443
11140,중구,2023-04-11,81.1,81.1,좋음,실외 활동에 좋은 날씨예요,적합,주의,주의,적합,해로움,17.707,9.244,73.4,13.264,1.729,0.093,19.215,68.374,0.051,0.019,0.003,0.359
11140,중구,2023-04-12,55.0,78.6,주의,"⚠️ 미세먼지 매우 나쁨, 마스크 착용 — 실외 활동에 주의하세요",주의,적합,주의,적합,위험,15.786,3.169,45.1,9.825,0.0,0.0,29.49,263.464,0.04,0.023,0.003,0.362
11140,중구,2023-04-13,55.0,82.8,주의,"⚠️ 미세먼지 매우 나쁨, 마스크 착용 — 실외 활동에 주의하세요",주의,적합,적합,적합,위험,17.907,4.923,45.0,5.711,0.0,0.0,26.712,189.158,0.035,0.034,0.003,0.481
11140,중구,2023-04-14,89.1,89.1,아주좋음,실외 활동하기 아주 좋은 날씨예요 · 미세먼지 주의,적합,적합,적합,적합,해로움,21.936,11.043,58.6,6.707,0.0,0.0,19.777,92.58,0.052,0.032,0.003,0.49
11140,중구,2023-04-15,82.3,82.3,좋음,실외 활동에 좋은 날씨예요,주의,해로움,적합,적합,주의,17.004,8.379,81.8,6.707,2.896,0.129,20.507,59.384,0.041,0.023,0.003,0.463
11140,중구,2023-04-16,80.9,80.9,좋음,실외 활동에 좋은 날씨예요 · 미세먼지 주의,주의,주의,주의,적합,위험,16.496,6.161,71.4,9.539,0.036,0.0,30.234,106.532,0.047,0.015,0.002,0.434
11140,중구,2023-04-17,86.7,86.7,아주좋음,실외 활동하기 아주 좋은 날씨예요 · 미세먼지 주의,주의,적합,적합,적합,해로움,18.679,5.757,59.0,6.004,0.0,0.0,28.409,100.273,0.052,0.025,0.003,0.459
11140,중구,2023-04-18,86.6,86.6,아주좋음,실외 활동하기 아주 좋은 날씨예요,적합,주의,적합,적합,주의,18.332,9.875,78.6,6.461,1.5,0.021,17.283,43.33,0.043,0.022,0.002,0.483
11140,중구,2023-04-19,86.1,86.1,아주좋음,실외 활동하기 아주 좋은 날씨예요,주의,주의,적합,적합,주의,28.703,11.105,66.1,6.95,0.0,0.0,17.65,36.698,0.06,0.023,0.003,0.485
11140,중구,2023-04-20,83.0,83.0,좋음,실외 활동에 좋은 날씨예요,적합,해로움,적합,적합,주의,18.65,14.068,92.1,6.825,0.161,0.018,12.865,24.241,0.05,0.019,0.002,0.422
11140,중구,2023-04-21,91.6,91.6,아주좋음,실외 활동하기 아주 좋은 날씨예요,적합,적합,적합,적합,주의,23.093,11.377,50.4,7.489,0.0,0.0,14.267,55.817,0.047,0.015,0.003,0.371
11140,중구,2023-04-22,84.9,84.9,좋음,실외 활동에 좋은 날씨예요,적합,주의,적합,적합,주의,22.214,12.475,22.9,7.4,0.0,0.0,11.99,54.172,0.046,0.015,0.003,0.31
11140,중구,2023-04-23,89.7,89.7,아주좋음,실외 활동하기 아주 좋은 날씨예요,적합,주의,적합,적합,주의,22.236,10.27,34.1,6.911,0.0,0.0,14.684,53.049,0.052,0.017,0.003,0.365
11140,중구,2023-04-24,91.7,91.7,아주좋음,실외 활동하기 아주 좋은 날씨예요,적합,적합,적합,적합,주의,20.861,10.805,40.5,7.764,0.0,0.0,15.352,50.941,0.051,0.018,0.003,0.35
11140,중구,2023-04-25,90.3,90.3,아주좋음,실외 활동하기 아주 좋은 날씨예요,주의,주의,적합,적합,주의,13.343,8.311,68.6,6.375,0.425,0.014,15.005,33.241,0.042,0.023,0.003,0.387
11140,중구,2023-04-26,86.7,86.7,아주좋음,실외 활동하기 아주 좋은 날씨예요,주의,주의,주의,적합,주의,13.521,5.399,69.9,8.336,0.0,0.0,13.169,27.965,0.04,0.016,0.002,0.362
11140,중구,2023-04-27,89.1,89.1,아주좋음,실외 활동하기 아주 좋은 날씨예요,주의,주의,적합,적합,주의,20.593,4.526,61.6,6.014,0.0,0.0,21.076,38.118,0.057,0.029,0.003,0.49
11140,중구,2023-04-28,89.3,89.3,아주좋음,실외 활동하기 아주 좋은 날씨예요,주의,주의,적합,적합,주의,21.804,7.761,62.0,7.793,1.8,0.061,16.545,35.942,0.055,0.029,0.003,0.49
11140,중구,2023-04-29,71.0,71.0,좋음,"실외 활동에 좋은 날씨예요 · 비 소식, 우산 챙기세요",적합,해로움,주의,주의,주의,15.618,9.751,88.1,9.557,24.361,0.175,12.242,26.967,0.043,0.015,0.002,0.404
11140,중구,2023-04-30,85.2,85.2,아주좋음,실외 활동하기 아주 좋은 날씨예요,주의,주의,주의,적합,주의,18.539,6.526,72.9,8.868,0.468,0.004,13.088,38.878,0.058,0.012,0.003,0.361
11140,중구,2023-05-01,91.4,91.4,아주좋음,실외 활동하기 아주 좋은 날씨예요,주의,적합,주의,적합,주의,20.9,8.682,57.0,8.711,0.0,0.0,16.577,42.85,0.052,0.016,0.003,0.373
11140,중구,2023-05-02,92.8,92.8,아주좋음,실외 활동하기 아주 좋은 날씨예요,주의,적합,적합,적합,주의,24.246,8.531,40.5,6.118,0.0,0.0,12.65,32.441,0.054,0.03,0.003,0.427
11140,중구,2023-05-03,92.0,92.0,아주좋음,실외 활동하기 아주 좋은 날씨예요,주의,적합,적합,적합,주의,26.286,11.832,52.5,7.186,0.0,0.0,17.134,40.783,0.061,0.028,0.003,0.44
11140,중구,2023-05-04,91.1,91.1,아주좋음,실외 활동하기 아주 좋은 날씨예요,주의,주의,적합,적합,주의,26.018,15.121,65.5,6.525,0.0,0.0,21.725,43.192,0.055,0.021,0.003,0.387
11140,중구,2023-05-05,69.1,69.1,무난,"실외 활동하기 무난해요 — 비 소식, 우산 챙기세요",적합,위험,주의,주의,주의,21.396,15.343,95.3,8.596,25.382,0.332,4.677,11.406,0.042,0.013,0.002,0.352
11140,중구,2023-05-06,63.4,63.4,무난,"실외 활동하기 무난해요 — 비 많음, 우산 필수",적합,해로움,주의,주의,주의,15.486,11.171,85.6,11.65,46.571,0.332,8.061,14.072,0.043,0.009,0.002,0.322
11140,중구,2023-05-07,92.8,92.8,아주좋음,실외 활동하기 아주 좋은 날씨예요,적합,적합,적합,적합,주의,18.404,10.22,47.1,6.971,0.071,0.0,24.061,32.195,0.044,0.014,0.002,0.351
11140,중구,2023-05-08,91.2,91.2,아주좋음,실외 활동하기 아주 좋은 날씨예요,주의,적합,적합,적합,주의,22.5,6.968,55.3,7.039,0.0,0.0,22.568,36.203,0.052,0.028,0.003,0.431
11140,중구,2023-05-09,91.2,91.2,아주좋음,실외 활동하기 아주 좋은 날씨예요,주의,적합,적합,적합,주의,24.336,8.957,55.4,7.439,0.0,0.0,28.58,51.014,0.075,0.032,0.003,0.497
11140,중구,2023-05-10,91.9,91.9,아주좋음,실외 활동하기 아주 좋은 날씨예요,주의,적합,적합,적합,주의,26.311,10.109,53.3,5.518,0.0,0.0,31.565,55.53,0.068,0.032,0.004,0.502
11140,중구,2023-05-11,90.1,90.1,아주좋음,실외 활동하기 아주 좋은 날씨예요,주의,적합,적합,적합,주의,26.993,12.117,50.1,6.818,0.0,0.0,25.901,50.299,0.082,0.03,0.004,0.498
11140,중구,2023-05-12,93.1,93.1,아주좋음,실외 활동하기 아주 좋은 날씨예요,적합,적합,적합,적합,주의,24.939,12.554,50.9,5.496,0.0,0.0,30.584,53.02,0.061,0.034,0.005,0.515
11140,중구,2023-05-13,91.9,91.9,아주좋음,실외 활동하기 아주 좋은 날씨예요,적합,주의,적합,적합,주의,24.093,11.677,62.0,7.039,0.0,0.0,24.288,40.594,0.065,0.019,0.003,0.41
11140,중구,2023-05-14,92.7,92.7,아주좋음,실외 활동하기 아주 좋은 날씨예요,적합,적합,적합,적합,주의,23.904,12.205,56.5,7.211,0.0,0.0,13.112,23.64,0.064,0.016,0.003,0.359
11140,중구,2023-05-15,88.2,88.2,아주좋음,실외 활동하기 아주 좋은 날씨예요,주의,적합,적합,적합,주의,28.177,12.479,54.6,6.754,0.0,0.0,20.632,37.421,0.08,0.025,0.003,0.433
11140,중구,2023-05-16,78.2,78.2,좋음,실외 활동에 좋은 날씨예요,주의,주의,적합,적합,해로움,31.577,16.571,51.9,7.575,0.0,0.0,31.293,57.416,0.096,0.025,0.003,0.513
11140,중구,2023-05-17,82.3,82.3,좋음,실외 활동에 좋은 날씨예요,주의,주의,주의,적합,주의,29.156,17.439,63.6,10.418,0.0,0.0,14.575,35.878,0.063,0.016,0.003,0.395
11140,중구,2023-05-18,86.7,86.7,아주좋음,실외 활동하기 아주 좋은 날씨예요,주의,주의,적합,적합,주의,26.638,18.293,74.8,7.754,0.814,0.046,18.218,35.014,0.039,0.017,0.003,0.377
11140,중구,2023-05-19,89.5,89.5,아주좋음,실외 활동하기 아주 좋은 날씨예요,주의,주의,적합,적합,주의,27.597,16.611,61.4,6.929,0.0,0.0,12.311,23.072,0.051,0.016,0.002,0.349
11140,중구,2023-05-20,88.0,88.0,아주좋음,실외 활동하기 아주 좋은 날씨예요,주의,주의,주의,적합,주의,26.743,16.021,66.9,9.121,0.0,0.0,14.172,24.69,0.061,0.015,0.003,0.37
11140,중구,2023-05-21,85.5,85.5,아주좋음,실외 활동하기 아주 좋은 날씨예요,적합,주의,적합,적합,해로움,22.004,15.025,74.0,7.7,0.079,0.007,22.193,78.475,0.05,0.01,0.003,0.356
11140,중구,2023-05-22,87.0,87.0,아주좋음,실외 활동하기 아주 좋은 날씨예요 · 미세먼지 주의,주의,주의,적합,적합,위험,26.046,15.368,61.3,6.089,0.536,0.0,30.188,127.451,0.049,0.02,0.003,0.414
11140,중구,2023-05-23,90.0,90.0,아주좋음,실외 활동하기 아주 좋은 날씨예요,주의,적합,적합,적합,해로움,26.871,13.711,48.0,6.636,0.0,0.0,16.103,62.411,0.05,0.021,0.003,0.353
11140,중구,2023-05-24,93.3,93.3,아주좋음,실외 활동하기 아주 좋은 날씨예요,적합,적합,적합,적합,주의,25.864,14.393,49.8,5.696,0.0,0.0,17.088,39.854,0.063,0.029,0.004,0.448
11140,중구,2023-05-25,89.6,89.6,아주좋음,실외 활동하기 아주 좋은 날씨예요,주의,적합,주의,적합,주의,27.467,14.932,46.6,8.046,0.0,0.0,13.573,34.126,0.062,0.02,0.003,0.36
11140,중구,2023-05-26,89.9,89.9,아주좋음,실외 활동하기 아주 좋은 날씨예요,주의,적합,적합,적합,주의,27.209,15.321,57.4,7.286,0.304,0.018,13.725,33.25,0.07,0.02,0.003,0.37
11140,중구,2023-05-27,72.6,72.6,좋음,"실외 활동에 좋은 날씨예요 · 비 소식, 우산 챙기세요",적합,해로움,적합,주의,주의,20.9,17.675,87.4,4.486,29.975,0.207,15.328,28.771,0.044,0.022,0.003,0.457
11140,중구,2023-05-28,64.7,64.7,무난,"실외 활동하기 무난해요 — 비 많음, 우산 필수",적합,위험,적합,주의,적합,20.314,17.986,98.9,7.121,41.993,0.175,5.146,9.925,0.021,0.013,0.002,0.35
11140,중구,2023-05-29,80.1,80.1,좋음,실외 활동에 좋은 날씨예요,주의,해로움,적합,적합,주의,28.994,18.75,83.4,4.504,3.779,0.05,7.142,14.915,0.036,0.017,0.002,0.41
11140,중구,2023-05-30,84.4,84.4,좋음,실외 활동에 좋은 날씨예요,주의,주의,적합,적합,주의,28.916,19.7,69.5,6.967,0.0,0.0,19.408,36.854,0.041,0.019,0.003,0.442
11140,중구,2023-05-31,87.5,87.5,아주좋음,실외 활동하기 아주 좋은 날씨예요,주의,주의,적합,적합,주의,28.291,18.504,60.8,6.429,0.0,0.0,13.352,28.356,0.062,0.018,0.003,0.371
11140,중구,2023-06-01,93.3,93.3,아주좋음,실외 활동하기 아주 좋은 날씨예요,주의,주의,적합,적합,주의,26.561,19.261,66.9,4.861,0.0,0.0,21.911,39.202,0.063,0.023,0.003,0.455
11140,중구,2023-06-02,90.2,90.2,아주좋음,실외 활동하기 아주 좋은 날씨예요,적합,주의,적합,적합,주의,25.486,17.518,77.4,6.304,0.0,0.0,17.101,32.024,0.054,0.018,0.003,0.394
11140,중구,2023-06-03,87.3,87.3,아주좋음,실외 활동하기 아주 좋은 날씨예요,주의,주의,주의,적합,주의,28.242,16.314,60.1,9.293,0.0,0.0,13.911,34.264,0.064,0.017,0.003,0.381
11140,중구,2023-06-04,88.5,88.5,아주좋음,실외 활동하기 아주 좋은 날씨예요,주의,주의,적합,적합,주의,28.324,15.754,61.0,7.4,0.0,0.0,17.957,36.738,0.076,0.013,0.003,0.403
11140,중구,2023-06-05,89.1,89.1,아주좋음,실외 활동하기 아주 좋은 날씨예요,주의,주의,주의,적합,주의,26.289,16.875,66.9,9.354,0.0,0.0,14.67,30.482,0.061,0.017,0.003,0.365
11140,중구,2023-06-06,89.6,89.6,아주좋음,실외 활동하기 아주 좋은 날씨예요,적합,주의,적합,적합,주의,25.704,16.529,72.9,7.789,0.036,0.0,10.33,20.91,0.062,0.012,0.003,0.31
11140,중구,2023-06-07,91.7,91.7,아주좋음,실외 활동하기 아주 좋은 날씨예요,적합,주의,적합,적합,주의,25.375,18.418,75.3,5.486,0.0,0.0,19.33,34.953,0.057,0.018,0.003,0.416
11140,중구,2023-06-08,84.3,84.3,좋음,"실외 활동에 좋은 날씨예요 · 비 소식, 우산 챙기세요",적합,해로움,적합,적합,주의,24.414,17.571,80.5,7.729,8.193,0.054,11.0,21.054,0.046,0.017,0.003,0.405
11140,중구,2023-06-09,85.7,85.7,아주좋음,실외 활동하기 아주 좋은 날씨예요,주의,주의,적합,적합,주의,28.703,17.529,64.0,6.125,2.846,0.021,13.89,26.255,0.072,0.022,0.003,0.431
11140,중구,2023-06-10,81.4,81.4,좋음,실외 활동에 좋은 날씨예요,주의,주의,주의,적합,주의,28.824,18.65,70.0,9.686,2.529,0.061,20.256,34.378,0.081,0.019,0.003,0.456
11140,중구,2023-06-11,78.1,78.1,좋음,"실외 활동에 좋은 날씨예요 · 비 소식, 우산 챙기세요",주의,주의,적합,주의,주의,27.668,17.65,76.1,5.682,17.025,0.575,13.277,21.991,0.063,0.012,0.002,0.394
11140,중구,2023-06-12,88.4,88.4,아주좋음,실외 활동하기 아주 좋은 날씨예요,주의,주의,적합,적합,주의,27.921,17.621,70.5,6.421,0.018,0.0,18.014,30.91,0.064,0.023,0.003,0.458
11140,중구,2023-06-13,89.2,89.2,아주좋음,실외 활동하기 아주 좋은 날씨예요,주의,주의,적합,적합,주의,26.825,18.454,70.0,7.436,0.0,0.0,15.127,27.45,0.066,0.019,0.003,0.404
11140,중구,2023-06-14,86.6,86.6,아주좋음,실외 활동하기 아주 좋은 날씨예요,주의,해로움,적합,적합,주의,26.029,17.114,80.3,5.975,3.325,1.093,18.956,30.665,0.067,0.022,0.003,0.435
11140,중구,2023-06-15,87.0,87.0,아주좋음,실외 활동하기 아주 좋은 날씨예요,주의,주의,적합,적합,주의,28.535,17.654,70.8,6.554,0.036,0.0,20.042,31.896,0.066,0.022,0.003,0.445
11140,중구,2023-06-16,85.8,85.8,아주좋음,실외 활동하기 아주 좋은 날씨예요,주의,주의,적합,적합,주의,29.641,18.189,64.4,6.161,0.0,0.0,16.219,26.689,0.063,0.021,0.003,0.414
11140,중구,2023-06-17,83.1,83.1,좋음,실외 활동에 좋은 날씨예요,주의,주의,적합,적합,주의,31.037,18.061,57.1,6.232,0.0,0.0,12.779,22.578,0.071,0.023,0.003,0.398
11140,중구,2023-06-18,78.3,78.3,좋음,실외 활동에 좋은 날씨예요 · 더위 주의,해로움,주의,적합,적합,주의,33.217,20.193,60.5,5.679,0.0,0.0,16.332,27.216,0.072,0.016,0.003,0.405
11140,중구,2023-06-19,73.6,73.6,좋음,실외 활동에 좋은 날씨예요 · 더위 주의,해로움,해로움,적합,적합,해로움,34.342,22.05,57.8,6.268,0.0,0.0,28.945,46.3,0.091,0.024,0.003,0.511
11140,중구,2023-06-20,81.9,81.9,좋음,"실외 활동에 좋은 날씨예요 · 비 소식, 우산 챙기세요",주의,주의,적합,적합,주의,26.411,19.661,64.5,7.636,8.693,0.229,20.629,36.01,0.08,0.024,0.003,0.461
11140,중구,2023-06-21,73.7,73.7,좋음,"실외 활동에 좋은 날씨예요 · 비 소식, 우산 챙기세요",적합,해로움,적합,주의,적합,22.2,18.346,92.6,5.771,27.425,0.3,4.941,11.219,0.027,0.014,0.003,0.352
11140,중구,2023-06-22,87.6,87.6,아주좋음,실외 활동하기 아주 좋은 날씨예요,주의,주의,적합,적합,주의,27.068,18.475,77.1,7.368,0.196,0.0,9.589,20.324,0.041,0.015,0.003,0.37
11140,중구,2023-06-23,84.5,84.5,좋음,실외 활동에 좋은 날씨예요,주의,주의,적합,적합,주의,30.209,19.357,76.6,4.621,0.0,0.0,22.81,35.303,0.074,0.022,0.003,0.516
11140,중구,2023-06-24,78.8,78.8,좋음,실외 활동에 좋은 날씨예요,주의,해로움,적합,적합,해로움,31.972,21.311,70.5,5.389,0.0,0.0,25.232,37.392,0.09,0.02,0.003,0.48
11140,중구,2023-06-25,75.8,75.8,좋음,실외 활동에 좋은 날씨예요 · 더위 주의,해로움,해로움,적합,적합,주의,33.391,22.182,64.9,5.6,0.0,0.0,21.788,31.339,0.07,0.014,0.003,0.43
11140,중구,2023-06-26,67.4,67.4,무난,"실외 활동하기 무난해요 — 비 많음, 우산 필수",주의,해로움,주의,주의,주의,27.372,21.318,88.6,9.032,30.332,0.396,9.645,17.122,0.047,0.014,0.003,0.385
11140,중구,2023-06-27,78.5,78.5,좋음,실외 활동에 좋은 날씨예요,주의,주의,주의,적합,주의,30.006,21.311,73.1,8.793,2.071,0.089,10.315,21.381,0.063,0.015,0.003,0.37
11140,중구,2023-06-28,80.3,80.3,좋음,실외 활동에 좋은 날씨예요,주의,해로움,적합,적합,주의,30.69,23.589,77.4,6.093,0.0,0.0,20.679,31.492,0.058,0.017,0.003,0.427
11140,중구,2023-06-29,59.6,59.6,주의,"가벼운 실외 활동은 괜찮아요 — 비 많음, 우산 필수",적합,위험,주의,해로움,주의,25.618,22.643,95.4,8.225,57.171,1.207,21.032,32.884,0.045,0.017,0.002,0.414
11140,중구,2023-06-30,80.8,80.8,좋음,실외 활동에 좋은 날씨예요,주의,해로움,적합,적합,주의,30.035,22.864,89.8,4.911,0.679,0.014,23.684,35.687,0.058,0.023,0.003,0.497
11140,중구,2023-07-01,73.9,73.9,좋음,실외 활동에 좋은 날씨예요 · 더위 주의,해로움,해로움,적합,적합,주의,33.916,22.804,76.9,6.279,0.0,0.0,17.794,27.47,0.07,0.018,0.003,0.447
11140,중구,2023-07-02,80.2,80.2,좋음,실외 활동에 좋은 날씨예요,주의,해로움,적합,적합,주의,31.361,22.621,79.5,4.975,0.0,0.0,12.713,19.665,0.052,0.014,0.003,0.385
11140,중구,2023-07-03,55.0,71.9,주의,"⚠️ 폭염, 온열질환 주의 — 실외 활동에 주의하세요",해로움,위험,적합,적합,주의,35.362,23.318,72.0,5.525,0.0,0.0,20.884,32.898,0.079,0.021,0.003,0.449
11140,중구,2023-07-04,54.1,54.1,주의,"가벼운 실외 활동은 괜찮아요 — 비 많음, 우산 필수",주의,해로움,주의,해로움,주의,29.673,23.679,86.8,8.307,61.457,1.018,22.246,31.636,0.062,0.019,0.003,0.441
11140,중구,2023-07-05,71.9,71.9,좋음,"실외 활동에 좋은 날씨예요 · 비 소식, 우산 챙기세요",주의,해로움,주의,주의,주의,27.78,21.907,82.6,10.132,16.225,0.493,14.708,27.447,0.064,0.014,0.003,0.436
11140,중구,2023-07-06,73.7,73.7,좋음,실외 활동에 좋은 날씨예요,주의,해로움,주의,적합,주의,32.77,22.332,70.9,8.582,0.0,0.0,26.19,46.917,0.084,0.018,0.003,0.556
11140,중구,2023-07-07,76.6,76.6,좋음,실외 활동에 좋은 날씨예요,주의,해로움,주의,적합,주의,31.911,22.625,64.9,8.293,0.0,0.0,19.988,41.745,0.068,0.021,0.003,0.481
11140,중구,2023-07-08,82.9,82.9,좋음,실외 활동에 좋은 날씨예요,주의,해로움,적합,적합,주의,30.116,21.5,76.5,5.764,0.0,0.0,6.539,12.715,0.049,0.014,0.003,0.367
11140,중구,2023-07-09,66.5,66.5,무난,"실외 활동하기 무난해요 — 비 많음, 우산 필수",주의,해로움,주의,주의,주의,27.742,20.793,86.4,8.732,32.786,0.879,8.936,16.333,0.052,0.012,0.002,0.371
11140,중구,2023-07-10,70.5,70.5,좋음,"실외 활동에 좋은 날씨예요 · 비 소식, 우산 챙기세요",주의,해로움,적합,적합,주의,32.071,22.721,80.4,7.336,8.839,0.411,19.357,33.211,0.066,0.018,0.003,0.443
11140,중구,2023-07-11,55.0,56.2,주의,"⚠️ 호우, 침수·안전 주의 — 실외 활동에 주의하세요",적합,해로움,적합,위험,주의,25.868,20.793,92.4,6.944,83.975,0.55,10.253,19.155,0.056,0.022,0.003,0.433
11140,중구,2023-07-12,82.6,82.6,좋음,실외 활동에 좋은 날씨예요,주의,해로움,적합,적합,주의,29.904,21.771,86.4,4.568,0.436,0.018,15.127,25.108,0.053,0.023,0.003,0.42
11140,중구,2023-07-13,53.1,53.1,주의,"⚠️ 호우, 침수·안전 주의 — 실외 활동에 주의하세요",주의,해로움,주의,위험,주의,26.525,23.768,95.0,8.061,86.521,1.25,15.228,23.782,0.034,0.023,0.003,0.436
11140,중구,2023-07-14,54.3,54.3,주의,"가벼운 실외 활동은 괜찮아요 — 비 많음, 우산 필수",적합,위험,주의,해로움,주의,25.204,23.539,99.1,9.121,76.418,0.725,10.449,17.469,0.031,0.016,0.003,0.373
11140,중구,2023-07-15,80.9,80.9,좋음,실외 활동에 좋은 날씨예요,주의,해로움,주의,적합,주의,26.043,23.482,93.5,8.854,3.261,0.021,13.849,23.427,0.041,0.014,0.003,0.407
11140,중구,2023-07-16,80.3,80.3,좋음,"실외 활동에 좋은 날씨예요 · 비 소식, 우산 챙기세요",적합,해로움,적합,적합,주의,25.954,23.071,89.5,6.811,8.346,0.343,15.856,30.874,0.043,0.013,0.003,0.372
11140,중구,2023-07-17,83.6,83.6,좋음,실외 활동에 좋은 날씨예요,주의,해로움,적합,적합,주의,28.622,23.067,86.1,5.989,0.514,0.054,14.462,26.548,0.036,0.02,0.003,0.378
11140,중구,2023-07-18,81.4,81.4,좋음,"실외 활동에 좋은 날씨예요 · 비 소식, 우산 챙기세요",주의,해로움,적합,적합,적합,27.925,22.982,87.9,4.463,8.939,0.029,7.505,15.383,0.021,0.016,0.003,0.352
11140,중구,2023-07-19,75.7,75.7,좋음,실외 활동에 좋은 날씨예요 · 더위 주의,해로움,해로움,적합,적합,주의,33.443,21.761,78.8,5.764,0.0,0.0,17.047,30.419,0.055,0.018,0.003,0.418
11140,중구,2023-07-20,74.6,74.6,좋음,실외 활동에 좋은 날씨예요 · 더위 주의,해로움,해로움,적합,적합,해로움,33.62,22.979,74.0,5.418,0.0,0.0,39.42,56.738,0.087,0.026,0.003,0.576
11140,중구,2023-07-21,55.0,71.2,주의,"⚠️ 폭염, 온열질환 주의 — 실외 활동에 주의하세요",해로움,위험,적합,적합,해로움,35.275,23.464,69.6,4.911,0.0,0.0,46.646,62.191,0.124,0.027,0.003,0.622
11140,중구,2023-07-22,66.5,66.5,무난,"실외 활동하기 무난해요 — 비 소식, 우산 챙기세요",주의,해로움,주의,적합,해로움,32.775,23.796,73.9,9.025,8.386,0.361,20.913,30.365,0.093,0.013,0.003,0.368
11140,중구,2023-07-23,66.3,66.3,무난,"실외 활동하기 무난해요 — 비 많음, 우산 필수",주의,해로움,주의,주의,적합,26.007,23.929,94.3,8.221,39.614,0.325,4.769,9.929,0.015,0.008,0.002,0.265
11140,중구,2023-07-24,78.6,78.6,좋음,실외 활동에 좋은 날씨예요,주의,해로움,적합,적합,주의,31.252,23.986,83.1,5.407,1.104,0.014,13.866,22.225,0.053,0.017,0.003,0.378
11140,중구,2023-07-25,73.9,73.9,좋음,실외 활동에 좋은 날씨예요,주의,해로움,적합,적합,주의,31.753,24.839,80.5,7.9,2.218,0.196,10.228,18.525,0.038,0.014,0.003,0.305
11140,중구,2023-07-26,72.5,72.5,좋음,"실외 활동에 좋은 날씨예요 · 비 소식, 우산 챙기세요",주의,해로움,적합,적합,적합,32.148,24.668,80.9,7.175,8.875,0.036,5.739,13.271,0.024,0.014,0.003,0.294
11140,중구,2023-07-27,73.9,73.9,좋음,실외 활동에 좋은 날씨예요 · 더위 주의,해로움,위험,적합,적합,주의,33.978,24.157,78.1,5.654,0.429,0.0,12.591,21.941,0.047,0.018,0.003,0.333
11140,중구,2023-07-28,55.0,70.6,주의,"⚠️ 폭염, 온열질환 주의 — 실외 활동에 주의하세요",해로움,위험,적합,적합,주의,35.458,24.763,72.4,6.464,0.089,0.0,22.19,31.909,0.048,0.018,0.003,0.337
11140,중구,2023-07-29,71.6,71.6,좋음,실외 활동에 좋은 날씨예요 · 더위 주의,해로움,위험,적합,적합,주의,34.814,25.507,72.1,6.782,0.0,0.0,20.978,28.732,0.051,0.014,0.003,0.312
11140,중구,2023-07-30,55.0,58.4,주의,"⚠️ 폭염, 온열질환 주의 — 실외 활동에 주의하세요",해로움,해로움,주의,주의,주의,36.119,23.882,72.5,8.711,22.268,0.714,10.014,15.945,0.058,0.013,0.003,0.298
11140,중구,2023-07-31,70.6,70.6,좋음,실외 활동에 좋은 날씨예요 · 더위 주의,해로움,위험,적합,적합,주의,34.632,24.961,76.3,6.214,2.743,0.011,21.447,29.715,0.058,0.019,0.003,0.361
11140,중구,2023-08-01,55.0,71.0,주의,"⚠️ 폭염, 온열질환 주의 — 실외 활동에 주의하세요",해로움,위험,적합,적합,주의,35.54,25.139,71.6,5.05,0.0,0.0,22.134,30.749,0.09,0.019,0.003,0.373
11140,중구,2023-08-02,71.7,71.7,좋음,실외 활동에 좋은 날씨예요 · 더위 주의,해로움,위험,적합,적합,주의,34.772,25.8,67.8,6.325,0.0,0.0,23.409,33.742,0.058,0.019,0.003,0.365
11140,중구,2023-08-03,72.6,72.6,좋음,실외 활동에 좋은 날씨예요 · 더위 주의,해로움,위험,적합,적합,주의,34.72,24.55,67.0,6.118,0.0,0.0,14.475,22.54,0.047,0.018,0.003,0.305
11140,중구,2023-08-04,55.0,71.5,주의,"⚠️ 폭염, 온열질환 주의 — 실외 활동에 주의하세요",해로움,위험,적합,적합,주의,35.326,25.796,67.6,5.946,0.0,0.0,12.642,21.222,0.048,0.017,0.003,0.297
11140,중구,2023-08-05,55.0,70.0,주의,"⚠️ 폭염, 온열질환 주의 — 실외 활동에 주의하세요",해로움,위험,적합,적합,주의,36.047,25.789,69.0,6.104,0.0,0.0,12.63,20.622,0.049,0.012,0.003,0.258
11140,중구,2023-08-06,55.0,67.0,주의,"⚠️ 폭염, 온열질환 주의 — 실외 활동에 주의하세요",해로움,위험,적합,적합,주의,35.036,26.604,76.5,7.338,3.443,0.175,14.942,22.105,0.056,0.013,0.003,0.297
11140,중구,2023-08-07,55.0,68.0,주의,"⚠️ 폭염, 온열질환 주의 — 실외 활동에 주의하세요",해로움,위험,적합,적합,주의,36.319,26.937,68.4,7.456,0.643,0.0,5.747,11.422,0.036,0.012,0.003,0.275
11140,중구,2023-08-08,55.0,69.5,주의,"⚠️ 폭염, 온열질환 주의 — 실외 활동에 주의하세요",해로움,위험,적합,적합,주의,36.472,25.881,60.5,6.604,0.0,0.0,3.865,9.377,0.035,0.011,0.003,0.259
11140,중구,2023-08-09,76.2,76.2,좋음,실외 활동에 좋은 날씨예요,주의,해로움,주의,적합,적합,31.639,24.23,67.6,8.568,0.239,0.007,3.563,8.811,0.022,0.01,0.003,0.259
11140,중구,2023-08-10,52.2,52.2,주의,"⚠️ 호우, 침수·안전 주의 — 실외 활동에 주의하세요",적합,해로움,주의,위험,주의,24.85,20.821,91.9,11.632,84.396,0.486,2.234,5.45,0.045,0.01,0.002,0.251
11140,중구,2023-08-11,65.8,65.8,무난,"실외 활동하기 무난해요 — 비 많음, 우산 필수",적합,해로움,주의,주의,주의,25.886,21.461,93.1,9.907,35.811,0.486,10.093,18.403,0.037,0.016,0.003,0.398
11140,중구,2023-08-12,86.6,86.6,아주좋음,실외 활동하기 아주 좋은 날씨예요,적합,해로움,적합,적합,주의,24.814,22.146,91.0,5.807,1.393,0.043,10.842,18.958,0.035,0.016,0.002,0.379
11140,중구,2023-08-13,79.1,79.1,좋음,실외 활동에 좋은 날씨예요,주의,해로움,적합,적합,주의,32.029,22.446,76.9,4.689,0.018,0.0,18.655,29.345,0.064,0.014,0.003,0.447
11140,중구,2023-08-14,73.9,73.9,좋음,실외 활동에 좋은 날씨예요 · 더위 주의,해로움,해로움,적합,적합,주의,33.984,24.089,75.4,5.793,0.0,0.0,27.54,40.547,0.072,0.019,0.003,0.53
11140,중구,2023-08-15,75.0,75.0,좋음,실외 활동에 좋은 날씨예요 · 더위 주의,해로움,해로움,적합,적합,주의,33.45,24.261,71.4,5.8,0.0,0.0,16.093,25.991,0.053,0.012,0.003,0.384
11140,중구,2023-08-16,76.5,76.5,좋음,실외 활동에 좋은 날씨예요,주의,해로움,적합,적합,주의,32.855,24.171,72.0,5.975,0.189,0.011,10.578,19.445,0.059,0.016,0.003,0.387
11140,중구,2023-08-17,75.3,75.3,좋음,실외 활동에 좋은 날씨예요 · 더위 주의,해로움,해로움,적합,적합,주의,33.404,23.654,73.0,5.246,0.0,0.0,17.541,26.988,0.077,0.021,0.003,0.525
11140,중구,2023-08-18,71.6,71.6,좋음,실외 활동에 좋은 날씨예요 · 더위 주의,해로움,위험,적합,적합,주의,34.529,25.104,72.1,5.596,1.093,0.004,26.221,37.257,0.089,0.024,0.003,0.522
11140,중구,2023-08-19,72.4,72.4,좋음,실외 활동에 좋은 날씨예요 · 더위 주의,해로움,해로움,적합,적합,주의,34.668,25.454,68.9,5.889,0.0,0.0,18.775,27.909,0.081,0.02,0.003,0.459
11140,중구,2023-08-20,76.1,76.1,좋음,실외 활동에 좋은 날씨예요 · 더위 주의,해로움,해로움,적합,적합,주의,33.181,24.993,71.8,5.121,0.0,0.0,17.751,26.683,0.064,0.014,0.003,0.415
11140,중구,2023-08-21,72.1,72.1,좋음,실외 활동에 좋은 날씨예요 · 더위 주의,해로움,위험,적합,적합,주의,33.973,25.554,69.8,7.211,0.232,0.0,15.976,25.741,0.047,0.018,0.003,0.388
11140,중구,2023-08-22,58.2,58.2,주의,"가벼운 실외 활동은 괜찮아요 — 비 많음, 우산 필수",주의,해로움,주의,주의,주의,32.837,24.871,80.3,9.204,30.896,1.036,12.921,20.697,0.031,0.015,0.003,0.313
11140,중구,2023-08-23,63.0,63.0,무난,"실외 활동하기 무난해요 — 비 많음, 우산 필수",주의,해로움,적합,주의,주의,28.063,22.925,91.3,6.532,45.189,0.557,5.206,10.273,0.036,0.017,0.003,0.359
11140,중구,2023-08-24,80.0,80.0,좋음,"실외 활동에 좋은 날씨예요 · 비 소식, 우산 챙기세요",주의,해로움,적합,적합,주의,28.329,21.871,84.8,6.121,6.561,0.154,3.094,7.775,0.04,0.014,0.002,0.341
11140,중구,2023-08-25,78.4,78.4,좋음,실외 활동에 좋은 날씨예요,주의,해로움,적합,적합,주의,30.749,23.782,77.9,7.282,1.107,0.0,9.247,19.463,0.047,0.016,0.003,0.408
11140,중구,2023-08-26,79.4,79.4,좋음,실외 활동에 좋은 날씨예요,주의,해로움,적합,적합,주의,31.31,22.446,72.3,5.868,0.0,0.0,24.223,39.228,0.085,0.017,0.003,0.548
11140,중구,2023-08-27,83.7,83.7,좋음,실외 활동에 좋은 날씨예요,주의,해로움,적합,적합,주의,29.747,22.368,75.0,5.029,0.036,0.0,18.438,28.903,0.057,0.013,0.003,0.459
11140,중구,2023-08-28,77.7,77.7,좋음,"실외 활동에 좋은 날씨예요 · 비 소식, 우산 챙기세요",적합,해로움,적합,주의,주의,25.693,20.4,87.5,7.575,14.139,0.104,7.996,14.816,0.033,0.014,0.002,0.362
11140,중구,2023-08-29,66.6,66.6,무난,"실외 활동하기 무난해요 — 비 많음, 우산 필수",주의,해로움,적합,주의,적합,26.307,22.029,89.6,7.625,41.689,0.971,6.933,14.141,0.025,0.015,0.003,0.35
11140,중구,2023-08-30,87.2,87.2,아주좋음,실외 활동하기 아주 좋은 날씨예요,적합,해로움,적합,적합,적합,25.339,20.879,88.0,3.85,4.214,0.082,9.985,19.935,0.028,0.022,0.003,0.476
11140,중구,2023-08-31,85.8,85.8,아주좋음,실외 활동하기 아주 좋은 날씨예요,주의,주의,적합,적합,주의,29.44,20.375,76.9,5.039,0.0,0.0,12.441,23.535,0.053,0.02,0.003,0.436
11140,중구,2023-09-01,83.1,83.1,좋음,실외 활동에 좋은 날씨예요,주의,주의,적합,적합,주의,30.347,19.239,70.6,5.954,0.0,0.0,14.039,27.557,0.061,0.019,0.003,0.442
11140,중구,2023-09-02,82.9,82.9,좋음,실외 활동에 좋은 날씨예요,주의,주의,적합,적합,주의,31.518,19.418,63.9,4.521,0.0,0.0,17.087,29.368,0.062,0.02,0.003,0.452
11140,중구,2023-09-03,84.1,84.1,좋음,실외 활동에 좋은 날씨예요,주의,해로움,적합,적합,주의,29.12,22.032,77.8,4.97,2.218,0.004,10.859,17.719,0.034,0.012,0.002,0.386
11140,중구,2023-09-04,82.4,82.4,좋음,실외 활동에 좋은 날씨예요,주의,해로움,적합,적합,적합,31.045,23.721,79.9,4.725,1.136,0.007,9.158,18.31,0.029,0.017,0.003,0.4
11140,중구,2023-09-05,75.8,75.8,좋음,실외 활동에 좋은 날씨예요 · 더위 주의,해로움,해로움,적합,적합,주의,33.78,24.246,69.5,6.196,3.0,0.0,9.031,18.341,0.046,0.018,0.003,0.362
11140,중구,2023-09-06,79.4,79.4,좋음,실외 활동에 좋은 날씨예요,주의,해로움,적합,적합,주의,32.809,23.35,65.1,6.643,0.0,0.0,9.554,19.857,0.035,0.015,0.003,0.359
11140,중구,2023-09-07,81.9,81.9,좋음,실외 활동에 좋은 날씨예요,주의,주의,적합,적합,주의,31.96,20.607,54.8,6.296,0.0,0.0,9.578,19.12,0.041,0.015,0.003,0.359
11140,중구,2023-09-08,83.1,83.1,좋음,실외 활동에 좋은 날씨예요,주의,주의,적합,적합,주의,31.171,19.493,60.3,5.707,0.0,0.0,8.746,19.045,0.051,0.018,0.003,0.367
11140,중구,2023-09-09,80.6,80.6,좋음,실외 활동에 좋은 날씨예요,주의,주의,적합,적합,주의,31.929,20.596,66.3,5.419,0.0,0.0,16.738,31.173,0.068,0.02,0.003,0.439
11140,중구,2023-09-10,81.1,81.1,좋음,실외 활동에 좋은 날씨예요,주의,주의,적합,적합,주의,30.635,21.511,68.1,5.282,0.0,0.0,22.424,35.556,0.082,0.017,0.003,0.463
11140,중구,2023-09-11,82.8,82.8,좋음,실외 활동에 좋은 날씨예요,주의,주의,적합,적합,주의,30.48,22.507,67.3,5.468,0.0,0.0,18.982,30.818,0.061,0.02,0.003,0.416
11140,중구,2023-09-12,82.7,82.7,좋음,실외 활동에 좋은 날씨예요,주의,주의,적합,적합,주의,30.865,21.136,69.8,5.025,0.0,0.0,16.857,30.362,0.058,0.021,0.003,0.409
11140,중구,2023-09-13,76.5,76.5,좋음,"실외 활동에 좋은 날씨예요 · 비 소식, 우산 챙기세요",적합,해로움,적합,주의,주의,24.671,19.289,84.5,5.596,19.336,0.104,13.834,22.498,0.035,0.021,0.003,0.408
11140,중구,2023-09-14,87.0,87.0,아주좋음,실외 활동하기 아주 좋은 날씨예요,주의,주의,적합,적합,주의,27.869,18.971,72.4,7.064,0.0,0.0,3.324,9.441,0.035,0.014,0.003,0.328
11140,중구,2023-09-15,86.0,86.0,아주좋음,실외 활동하기 아주 좋은 날씨예요,적합,해로움,적합,적합,주의,24.086,19.925,82.3,5.825,2.789,0.032,4.023,10.191,0.034,0.015,0.002,0.348
11140,중구,2023-09-16,74.4,74.4,좋음,"실외 활동에 좋은 날씨예요 · 비 소식, 우산 챙기세요",주의,해로움,적합,주의,적합,26.582,21.664,87.8,4.4,26.329,1.0,5.419,11.528,0.022,0.016,0.002,0.383
11140,중구,2023-09-17,81.6,81.6,좋음,실외 활동에 좋은 날씨예요,주의,해로움,적합,적합,주의,28.795,21.721,84.8,4.786,2.821,0.407,10.361,15.567,0.055,0.014,0.003,0.39
11140,중구,2023-09-18,83.4,83.4,좋음,실외 활동에 좋은 날씨예요,주의,주의,적합,적합,주의,30.192,21.525,79.1,6.014,0.0,0.0,10.993,18.936,0.045,0.019,0.003,0.395
11140,중구,2023-09-19,84.4,84.4,좋음,실외 활동에 좋은 날씨예요,주의,해로움,적합,적합,주의,28.486,20.579,81.1,5.282,0.0,0.0,17.692,29.362,0.061,0.021,0.003,0.422
11140,중구,2023-09-20,67.6,67.6,무난,"실외 활동하기 무난해요 — 비 소식, 우산 챙기세요",적합,해로움,주의,주의,주의,23.596,18.746,90.4,8.925,29.832,0.343,14.665,22.081,0.041,0.018,0.003,0.411
11140,중구,2023-09-21,88.7,88.7,아주좋음,실외 활동하기 아주 좋은 날씨예요,적합,주의,적합,적합,주의,23.504,16.886,70.9,7.75,0.054,0.0,4.603,11.992,0.036,0.015,0.003,0.328
11140,중구,2023-09-22,90.8,90.8,아주좋음,실외 활동하기 아주 좋은 날씨예요,주의,주의,적합,적합,주의,26.625,15.046,68.4,5.086,0.0,0.0,9.509,21.037,0.038,0.022,0.003,0.421
11140,중구,2023-09-23,89.8,89.8,아주좋음,실외 활동하기 아주 좋은 날씨예요,주의,주의,적합,적합,주의,27.17,16.254,63.9,6.514,0.0,0.0,9.481,18.833,0.039,0.018,0.003,0.392
11140,중구,2023-09-24,90.9,90.9,아주좋음,실외 활동하기 아주 좋은 날씨예요,적합,주의,적합,적합,주의,25.671,17.386,56.4,7.204,0.0,0.0,4.63,11.728,0.04,0.009,0.002,0.289
11140,중구,2023-09-25,90.4,90.4,아주좋음,실외 활동하기 아주 좋은 날씨예요,적합,주의,적합,적합,주의,25.814,17.375,66.4,5.436,1.693,0.036,4.464,13.514,0.034,0.018,0.002,0.347
11140,중구,2023-09-26,74.0,74.0,좋음,"실외 활동에 좋은 날씨예요 · 비 소식, 우산 챙기세요",적합,위험,적합,주의,적합,20.921,18.343,95.8,5.143,23.189,0.218,3.185,6.812,0.022,0.019,0.002,0.401
11140,중구,2023-09-27,84.6,84.6,좋음,"실외 활동에 좋은 날씨예요 · 비 소식, 우산 챙기세요",적합,해로움,적합,적합,적합,23.539,19.671,90.1,4.4,5.907,0.05,5.06,10.81,0.019,0.019,0.002,0.427
11140,중구,2023-09-28,84.4,84.4,좋음,실외 활동에 좋은 날씨예요,주의,주의,적합,적합,주의,27.131,19.067,78.3,5.996,0.0,0.0,31.777,47.341,0.07,0.013,0.003,0.622
11140,중구,2023-09-29,90.9,90.9,아주좋음,실외 활동하기 아주 좋은 날씨예요,주의,주의,적합,적합,주의,26.867,17.344,61.5,4.996,0.0,0.0,18.618,34.274,0.056,0.014,0.003,0.53
11140,중구,2023-09-30,83.9,83.9,좋음,실외 활동에 좋은 날씨예요,적합,주의,적합,적합,주의,22.5,16.822,77.0,7.693,2.556,0.156,12.479,27.599,0.054,0.012,0.003,0.419
11140,중구,2023-10-01,90.5,90.5,아주좋음,실외 활동하기 아주 좋은 날씨예요,적합,적합,적합,적합,주의,23.93,13.978,59.5,7.604,0.0,0.0,8.712,25.549,0.043,0.01,0.003,0.335
11140,중구,2023-10-02,91.1,91.1,아주좋음,실외 활동하기 아주 좋은 날씨예요,적합,적합,적합,적합,주의,24.574,12.204,53.8,7.048,0.0,0.0,8.668,18.371,0.042,0.018,0.003,0.38
11140,중구,2023-10-03,92.9,92.9,아주좋음,실외 활동하기 아주 좋은 날씨예요,적합,주의,적합,적합,주의,22.47,13.581,66.3,4.667,0.0,0.0,10.833,20.111,0.033,0.02,0.003,0.426
11140,중구,2023-10-04,75.3,75.3,좋음,"실외 활동에 좋은 날씨예요 · 비 소식, 우산 챙기세요",적합,주의,주의,주의,주의,23.526,13.556,75.5,9.044,16.804,0.433,12.657,22.655,0.047,0.022,0.003,0.451
11140,중구,2023-10-05,88.8,88.8,아주좋음,실외 활동하기 아주 좋은 날씨예요,적합,적합,주의,적합,주의,19.241,10.744,46.1,8.567,0.0,0.0,6.483,32.55,0.037,0.012,0.003,0.31
11140,중구,2023-10-06,93.0,93.0,아주좋음,실외 활동하기 아주 좋은 날씨예요,적합,적합,적합,적합,주의,21.326,9.199,55.3,5.4,0.0,0.0,9.425,24.016,0.031,0.024,0.003,0.428
11140,중구,2023-10-07,92.6,92.6,아주좋음,실외 활동하기 아주 좋은 날씨예요,적합,주의,적합,적합,주의,21.181,11.339,62.6,5.456,0.0,0.0,11.34,22.758,0.032,0.021,0.003,0.424
11140,중구,2023-10-08,92.2,92.2,아주좋음,실외 활동하기 아주 좋은 날씨예요,적합,주의,적합,적합,적합,19.507,14.741,67.1,5.522,0.0,0.0,5.398,11.609,0.029,0.012,0.002,0.347
11140,중구,2023-10-09,90.7,90.7,아주좋음,실외 활동하기 아주 좋은 날씨예요,적합,주의,적합,적합,주의,22.011,13.563,68.1,5.844,0.544,0.026,5.703,12.643,0.035,0.015,0.002,0.351
11140,중구,2023-10-10,92.0,92.0,아주좋음,실외 활동하기 아주 좋은 날씨예요,적합,주의,적합,적합,주의,23.311,11.63,67.1,5.244,0.0,0.0,11.376,21.556,0.034,0.021,0.003,0.442
11140,중구,2023-10-11,92.9,92.9,아주좋음,실외 활동하기 아주 좋은 날씨예요,적합,적합,적합,적합,주의,23.944,12.423,57.5,5.169,0.0,0.0,14.933,26.023,0.036,0.029,0.003,0.487
11140,중구,2023-10-12,92.8,92.8,아주좋음,실외 활동하기 아주 좋은 날씨예요,적합,주의,적합,적합,주의,24.304,11.66,62.4,4.188,0.0,0.0,16.607,28.043,0.047,0.03,0.003,0.495
11140,중구,2023-10-13,91.4,91.4,아주좋음,실외 활동하기 아주 좋은 날씨예요,적합,주의,적합,적합,주의,21.778,14.015,69.6,4.089,0.0,0.0,21.905,35.426,0.041,0.033,0.003,0.536
11140,중구,2023-10-14,85.4,85.4,아주좋음,실외 활동하기 아주 좋은 날씨예요,적합,해로움,적합,적합,주의,18.375,12.407,84.9,4.396,3.457,0.079,19.624,28.029,0.032,0.029,0.003,0.544
11140,중구,2023-10-15,86.5,86.5,아주좋음,실외 활동하기 아주 좋은 날씨예요,적합,주의,적합,적합,주의,21.382,11.094,80.0,6.568,0.018,0.0,16.759,25.636,0.055,0.018,0.003,0.526
11140,중구,2023-10-16,91.0,91.0,아주좋음,실외 활동하기 아주 좋은 날씨예요,적합,적합,적합,적합,주의,19.889,10.168,57.0,6.043,0.0,0.0,18.735,44.541,0.046,0.019,0.003,0.485
11140,중구,2023-10-17,92.2,92.2,아주좋음,실외 활동하기 아주 좋은 날씨예요,주의,적합,적합,적합,주의,20.9,7.108,55.6,4.696,0.0,0.0,14.06,34.426,0.037,0.03,0.003,0.502
11140,중구,2023-10-18,89.7,89.7,아주좋음,실외 활동하기 아주 좋은 날씨예요,주의,주의,적합,적합,주의,21.707,8.752,67.0,6.263,0.0,0.0,17.163,32.986,0.045,0.03,0.003,0.547
11140,중구,2023-10-19,79.9,79.9,좋음,"실외 활동에 좋은 날씨예요 · 비 소식, 우산 챙기세요",적합,해로움,적합,적합,주의,18.321,14.696,82.5,6.846,8.668,0.268,18.464,30.501,0.038,0.029,0.003,0.549
11140,중구,2023-10-20,87.5,87.5,아주좋음,실외 활동하기 아주 좋은 날씨예요,주의,적합,주의,적합,적합,15.632,6.49,46.9,10.364,0.0,0.0,6.693,21.275,0.03,0.012,0.003,0.34
11140,중구,2023-10-21,86.2,86.2,아주좋음,실외 활동하기 아주 좋은 날씨예요,주의,적합,주의,적합,주의,16.844,4.23,54.8,9.152,1.356,0.041,6.912,18.988,0.032,0.017,0.003,0.389
11140,중구,2023-10-22,88.8,88.8,아주좋음,실외 활동하기 아주 좋은 날씨예요,주의,주의,적합,적합,주의,18.722,4.829,67.3,5.826,0.0,0.0,10.571,23.837,0.038,0.021,0.003,0.464
11140,중구,2023-10-23,89.4,89.4,아주좋음,실외 활동하기 아주 좋은 날씨예요,적합,주의,적합,적합,주의,21.138,10.75,73.8,5.365,0.0,0.0,16.518,31.595,0.047,0.031,0.003,0.547
11140,중구,2023-10-24,88.4,88.4,아주좋음,실외 활동하기 아주 좋은 날씨예요,적합,주의,적합,적합,주의,19.781,11.188,78.5,5.241,0.0,0.0,21.273,34.29,0.039,0.033,0.003,0.563
11140,중구,2023-10-25,89.1,89.1,아주좋음,실외 활동하기 아주 좋은 날씨예요,적합,주의,적합,적합,주의,21.742,11.977,78.6,4.081,0.0,0.0,23.47,36.953,0.049,0.034,0.003,0.584
11140,중구,2023-10-26,83.1,83.1,좋음,실외 활동에 좋은 날씨예요,적합,주의,적합,적합,주의,21.388,14.042,79.4,7.285,1.446,0.0,33.262,49.368,0.061,0.028,0.003,0.556
11140,중구,2023-10-27,90.2,90.2,아주좋음,실외 활동하기 아주 좋은 날씨예요,적합,주의,적합,적합,주의,20.119,11.96,71.1,5.344,0.0,0.0,15.842,30.167,0.047,0.021,0.003,0.474
11140,중구,2023-10-28,92.9,92.9,아주좋음,실외 활동하기 아주 좋은 날씨예요,적합,주의,적합,적합,주의,20.519,9.279,62.9,4.204,0.0,0.0,19.236,36.459,0.034,0.031,0.003,0.595
11140,중구,2023-10-29,92.9,92.9,아주좋음,실외 활동하기 아주 좋은 날씨예요,적합,주의,적합,적합,주의,21.265,9.399,61.6,4.463,0.0,0.0,17.624,30.361,0.043,0.025,0.003,0.522
11140,중구,2023-10-30,89.7,89.7,아주좋음,실외 활동하기 아주 좋은 날씨예요,적합,주의,적합,적합,주의,21.365,9.782,72.0,4.459,0.0,0.0,25.669,43.806,0.044,0.037,0.003,0.6
11140,중구,2023-10-31,87.0,87.0,아주좋음,실외 활동하기 아주 좋은 날씨예요,적합,주의,적합,적합,주의,20.558,11.892,76.0,5.533,0.0,0.0,29.979,49.101,0.053,0.03,0.003,0.568
11140,중구,2023-11-01,85.1,85.1,아주좋음,실외 활동하기 아주 좋은 날씨예요,적합,해로움,적합,적합,주의,20.838,16.558,81.8,7.1,0.0,0.0,24.828,47.334,0.055,0.021,0.003,0.462
11140,중구,2023-11-02,86.6,86.6,아주좋음,실외 활동하기 아주 좋은 날씨예요,적합,주의,주의,적합,주의,25.867,17.781,70.9,8.056,0.0,0.0,18.668,39.132,0.057,0.018,0.003,0.436
11140,중구,2023-11-03,83.9,83.9,좋음,실외 활동에 좋은 날씨예요,적합,해로움,적합,적합,주의,22.537,17.056,83.3,7.633,2.0,0.0,15.803,34.205,0.04,0.019,0.003,0.401
11140,중구,2023-11-04,87.9,87.9,아주좋음,실외 활동하기 아주 좋은 날씨예요,적합,주의,적합,적합,주의,20.979,14.046,75.5,5.679,0.0,0.0,18.041,48.396,0.029,0.017,0.003,0.46
11140,중구,2023-11-05,75.5,75.5,좋음,"실외 활동에 좋은 날씨예요 · 비 소식, 우산 챙기세요",적합,해로움,주의,주의,적합,21.118,14.65,87.0,8.968,14.05,0.0,9.388,14.586,0.029,0.012,0.002,0.385
11140,중구,2023-11-06,54.7,54.7,주의,"가벼운 실외 활동은 괜찮아요 — 비 많음, 우산 필수",주의,해로움,주의,해로움,주의,19.689,4.308,84.9,13.586,51.046,0.0,7.607,21.158,0.033,0.01,0.002,0.377
11140,중구,2023-11-07,82.0,82.0,좋음,실외 활동에 좋은 날씨예요,주의,주의,주의,적합,주의,9.933,0.945,62.5,12.215,0.232,0.0,7.708,21.452,0.033,0.016,0.002,0.35
11140,중구,2023-11-08,90.0,90.0,아주좋음,실외 활동하기 아주 좋은 날씨예요,주의,적합,적합,적합,주의,15.879,1.605,55.1,4.246,0.0,0.0,12.631,26.312,0.018,0.036,0.003,0.593
11140,중구,2023-11-09,82.1,82.1,좋음,실외 활동에 좋은 날씨예요,주의,주의,주의,적합,주의,18.707,5.445,73.1,8.154,4.539,0.0,16.929,31.237,0.027,0.033,0.003,0.627
11140,중구,2023-11-10,84.9,84.9,좋음,실외 활동에 좋은 날씨예요,해로움,적합,주의,적합,적합,9.307,-2.607,53.1,8.564,0.0,0.0,9.099,17.643,0.03,0.013,0.002,0.352
11140,중구,2023-11-11,87.0,87.0,아주좋음,실외 활동하기 아주 좋은 날씨예요,해로움,적합,적합,적합,적합,6.782,-3.319,47.9,6.421,0.0,0.0,10.352,19.677,0.027,0.017,0.003,0.378
11140,중구,2023-11-12,85.7,85.7,아주좋음,실외 활동하기 아주 좋은 날씨예요,해로움,적합,적합,적합,주의,5.482,-3.598,53.8,7.15,0.0,0.0,10.922,19.756,0.033,0.012,0.002,0.368
11140,중구,2023-11-13,86.6,86.6,아주좋음,실외 활동하기 아주 좋은 날씨예요,해로움,적합,적합,적합,적합,7.018,-3.531,54.0,6.4,0.0,0.0,13.344,24.765,0.028,0.022,0.003,0.444
11140,중구,2023-11-14,86.3,86.3,아주좋음,실외 활동하기 아주 좋은 날씨예요,해로움,주의,적합,적합,주의,10.919,-1.32,66.1,5.674,0.0,0.0,15.477,28.077,0.024,0.031,0.003,0.53
11140,중구,2023-11-15,83.8,83.8,좋음,실외 활동에 좋은 날씨예요,주의,주의,적합,적합,주의,12.296,1.639,71.4,5.844,0.0,0.0,29.424,45.859,0.021,0.04,0.003,0.734
11140,중구,2023-11-16,74.9,74.9,좋음,"실외 활동에 좋은 날씨예요 · 비 소식, 우산 챙기세요",주의,해로움,적합,적합,주의,8.204,4.744,85.0,6.271,8.264,0.0,34.335,45.7,0.011,0.038,0.003,0.657
11140,중구,2023-11-17,84.0,84.0,좋음,실외 활동에 좋은 날씨예요,해로움,적합,주의,적합,적합,6.371,-4.547,59.3,9.693,0.089,0.0,9.291,19.381,0.021,0.018,0.003,0.402
11140,중구,2023-11-18,82.1,82.1,좋음,"실외 활동에 좋은 날씨예요 · 쌀쌀해요, 옷 챙기세요",해로움,적합,주의,적합,적합,5.804,-6.988,58.9,10.125,0.0,0.0,13.524,22.929,0.029,0.013,0.003,0.407
11140,중구,2023-11-19,81.3,81.3,좋음,실외 활동에 좋은 날씨예요,해로움,주의,주의,적합,주의,13.929,-1.865,68.3,8.8,0.0,0.0,23.866,41.177,0.033,0.025,0.003,0.569
11140,중구,2023-11-20,89.4,89.4,아주좋음,실외 활동하기 아주 좋은 날씨예요,주의,적합,적합,적합,주의,12.354,1.109,58.4,4.586,0.0,0.0,18.035,32.524,0.028,0.034,0.003,0.642
11140,중구,2023-11-21,88.3,88.3,아주좋음,실외 활동하기 아주 좋은 날씨예요,주의,적합,적합,적합,주의,14.637,0.943,59.6,3.981,0.0,0.0,22.327,37.875,0.014,0.047,0.004,0.777
11140,중구,2023-11-22,85.6,85.6,아주좋음,실외 활동하기 아주 좋은 날씨예요,주의,주의,적합,적합,주의,14.537,2.129,68.1,5.23,0.0,0.0,27.49,43.035,0.023,0.045,0.004,0.728
11140,중구,2023-11-23,75.8,75.8,좋음,실외 활동에 좋은 날씨예요 · 미세먼지 주의,해로움,주의,주의,적합,해로움,14.785,-0.212,71.1,10.741,0.075,0.0,48.086,91.653,0.035,0.023,0.003,0.671
11140,중구,2023-11-24,82.7,82.7,좋음,"실외 활동에 좋은 날씨예요 · 쌀쌀해요, 옷 챙기세요",해로움,적합,주의,적합,적합,2.589,-8.168,51.8,9.364,0.0,0.0,7.879,16.787,0.028,0.012,0.002,0.316
11140,중구,2023-11-25,87.0,87.0,아주좋음,"실외 활동하기 아주 좋은 날씨예요 · 쌀쌀해요, 옷 챙기세요",해로움,적합,적합,적합,적합,3.504,-7.111,42.8,5.293,0.0,0.0,9.286,19.116,0.026,0.022,0.003,0.406
11140,중구,2023-11-26,89.7,89.7,아주좋음,실외 활동하기 아주 좋은 날씨예요,해로움,적합,적합,적합,주의,7.654,-0.192,43.6,4.05,0.0,0.0,15.531,25.118,0.021,0.031,0.003,0.481
11140,중구,2023-11-27,78.7,78.7,좋음,실외 활동에 좋은 날씨예요,주의,해로움,주의,적합,주의,9.496,3.177,82.9,8.256,2.575,0.0,24.907,40.982,0.022,0.031,0.003,0.571
11140,중구,2023-11-28,83.6,83.6,좋음,실외 활동에 좋은 날씨예요,해로움,적합,주의,적합,주의,5.582,-3.727,57.5,8.879,0.0,0.0,17.783,30.45,0.028,0.017,0.003,0.435
11140,중구,2023-11-29,83.2,83.2,좋음,"실외 활동에 좋은 날씨예요 · 쌀쌀해요, 옷 챙기세요",해로움,적합,주의,적합,적합,3.421,-6.496,58.9,9.2,0.0,0.0,9.027,18.655,0.028,0.025,0.003,0.42
11140,중구,2023-11-30,83.0,83.0,좋음,"실외 활동에 좋은 날씨예요 · 쌀쌀해요, 옷 챙기세요",해로움,적합,적합,적합,주의,-0.2,-10.251,48.5,7.907,0.0,0.0,7.49,18.288,0.031,0.015,0.002,0.344
11140,중구,2023-12-01,82.4,82.4,좋음,"실외 활동에 좋은 날씨예요 · 쌀쌀해요, 옷 챙기세요",해로움,적합,적합,적합,적합,0.9,-8.481,55.3,6.93,0.0,0.0,10.999,24.231,0.027,0.024,0.003,0.456
11140,중구,2023-12-02,80.7,80.7,좋음,"실외 활동에 좋은 날씨예요 · 쌀쌀해요, 옷 챙기세요",해로움,주의,주의,적합,주의,7.578,-6.307,60.8,9.03,0.0,0.0,19.24,35.425,0.024,0.033,0.003,0.566
11140,중구,2023-12-03,84.2,84.2,좋음,실외 활동에 좋은 날씨예요,해로움,적합,적합,적합,주의,5.881,-3.307,56.3,5.504,0.0,0.0,22.893,38.224,0.027,0.025,0.003,0.582
11140,중구,2023-12-04,84.5,84.5,좋음,실외 활동에 좋은 날씨예요,해로움,적합,적합,적합,주의,8.642,-3.238,59.5,3.788,0.0,0.0,25.834,42.348,0.014,0.046,0.003,0.762
11140,중구,2023-12-05,87.4,87.4,아주좋음,실외 활동하기 아주 좋은 날씨예요,주의,적합,적합,적합,주의,12.096,2.779,55.4,4.241,0.0,0.0,27.658,44.561,0.017,0.048,0.004,0.723
11140,중구,2023-12-06,75.1,75.1,좋음,실외 활동에 좋은 날씨예요 · 미세먼지 주의,주의,주의,적합,적합,해로움,9.233,2.463,76.1,7.733,2.363,0.0,46.435,66.691,0.017,0.044,0.003,0.788
11140,중구,2023-12-07,78.2,78.2,좋음,실외 활동에 좋은 날씨예요,해로움,주의,주의,적합,해로움,11.7,-1.088,64.0,9.481,0.0,0.0,16.77,64.192,0.027,0.027,0.003,0.499
11140,중구,2023-12-08,75.8,75.8,좋음,실외 활동에 좋은 날씨예요 · 미세먼지 주의,주의,주의,주의,적합,해로움,17.162,4.304,73.4,11.169,0.0,0.0,22.761,82.868,0.05,0.028,0.003,0.533
11140,중구,2023-12-09,81.6,81.6,좋음,실외 활동에 좋은 날씨예요,적합,해로움,적합,적합,주의,16.452,10.845,82.9,6.089,0.0,0.0,32.026,73.729,0.05,0.028,0.003,0.608
11140,중구,2023-12-10,84.8,84.8,좋음,실외 활동에 좋은 날씨예요,주의,주의,적합,적합,주의,15.322,5.749,67.9,5.477,0.0,0.0,33.822,76.361,0.028,0.025,0.003,0.647
11140,중구,2023-12-11,70.7,70.7,좋음,"실외 활동에 좋은 날씨예요 · 비 소식, 우산 챙기세요",주의,해로움,주의,주의,적합,12.407,2.743,82.9,11.804,11.774,0.0,2.562,6.049,0.026,0.014,0.002,0.353
11140,중구,2023-12-12,80.2,80.2,좋음,실외 활동에 좋은 날씨예요,주의,주의,주의,적합,적합,9.341,1.338,75.6,9.422,0.404,0.0,3.345,8.977,0.027,0.021,0.002,0.419
11140,중구,2023-12-13,83.8,83.8,좋음,실외 활동에 좋은 날씨예요,주의,주의,적합,적합,적합,10.663,1.182,74.1,4.915,0.0,0.0,6.63,15.051,0.012,0.03,0.003,0.529
11140,중구,2023-12-14,71.7,71.7,좋음,"실외 활동에 좋은 날씨예요 · 비 소식, 우산 챙기세요",주의,해로움,주의,주의,적합,9.304,4.619,85.8,8.586,16.75,0.0,5.103,9.769,0.02,0.021,0.002,0.408
11140,중구,2023-12-15,60.8,60.8,무난,"실외 활동하기 무난해요 — 비 많음, 우산 필수",주의,위험,주의,주의,적합,6.604,2.061,95.4,8.693,31.736,0.0,2.973,5.873,0.028,0.019,0.002,0.371
11140,중구,2023-12-16,55.0,69.9,주의,"⚠️ 한파, 한랭질환 주의 — 실외 활동에 주의하세요",위험,주의,해로움,적합,주의,4.056,-15.725,68.9,14.4,1.589,0.0,9.207,18.624,0.033,0.01,0.002,0.369
11140,중구,2023-12-17,55.0,76.6,주의,"⚠️ 한파, 한랭질환 주의 — 실외 활동에 주의하세요",위험,적합,주의,적합,주의,-6.086,-17.291,48.9,9.743,0.0,0.0,6.941,14.29,0.033,0.01,0.002,0.345
11140,중구,2023-12-18,55.0,80.9,주의,"⚠️ 한파, 한랭질환 주의 — 실외 활동에 주의하세요",위험,적합,적합,적합,적합,-3.429,-13.907,45.1,5.907,0.0,0.0,7.316,15.479,0.028,0.024,0.002,0.416
11140,중구,2023-12-19,81.3,81.3,좋음,"실외 활동에 좋은 날씨예요 · 쌀쌀해요, 옷 챙기세요",해로움,주의,적합,적합,주의,0.146,-8.693,63.1,5.054,0.046,0.0,15.609,26.422,0.02,0.039,0.002,0.578
11140,중구,2023-12-20,55.0,73.7,주의,"⚠️ 한파, 한랭질환 주의 — 실외 활동에 주의하세요",위험,주의,주의,적합,주의,-2.389,-16.477,64.1,8.764,0.225,0.0,26.698,41.699,0.029,0.017,0.002,0.515
11140,중구,2023-12-21,55.0,77.0,주의,"⚠️ 한파, 한랭질환 주의 — 실외 활동에 주의하세요",위험,적합,주의,적합,적합,-8.118,-19.345,57.4,8.289,0.0,0.0,12.462,20.497,0.029,0.015,0.002,0.4
11140,중구,2023-12-22,55.0,76.9,주의,"⚠️ 한파, 한랭질환 주의 — 실외 활동에 주의하세요",위험,적합,주의,적합,적합,-7.879,-19.169,51.8,8.757,0.0,0.0,11.179,21.44,0.027,0.018,0.002,0.414
11140,중구,2023-12-23,55.0,81.3,주의,"⚠️ 한파, 한랭질환 주의 — 실외 활동에 주의하세요",위험,적합,적합,적합,주의,-1.579,-13.415,53.4,3.914,0.0,0.0,18.799,30.085,0.019,0.038,0.003,0.619
11140,중구,2023-12-24,77.6,77.6,좋음,"실외 활동에 좋은 날씨예요 · 쌀쌀해요, 옷 챙기세요",해로움,주의,적합,적합,주의,1.882,-6.799,73.4,4.264,0.2,0.0,28.061,35.653,0.019,0.039,0.003,0.66
11140,중구,2023-12-25,74.0,74.0,좋음,실외 활동에 좋은 날씨예요,해로움,해로움,적합,적합,주의,2.421,-4.03,80.8,5.425,0.418,0.0,34.69,43.237,0.026,0.036,0.003,0.709
11140,중구,2023-12-26,75.8,75.8,좋음,실외 활동에 좋은 날씨예요,해로움,주의,적합,적합,해로움,7.089,-3.408,72.9,7.404,0.0,0.0,35.159,48.518,0.023,0.047,0.003,0.867
11140,중구,2023-12-27,74.9,74.9,좋음,실외 활동에 좋은 날씨예요 · 미세먼지 주의,해로움,주의,적합,적합,해로움,6.557,-3.517,76.6,3.457,0.0,0.0,57.141,76.645,0.013,0.054,0.004,1.058
11140,중구,2023-12-28,77.5,77.5,좋음,실외 활동에 좋은 날씨예요 · 미세먼지 주의,해로움,주의,적합,적합,해로움,5.043,-2.822,69.5,6.179,0.0,0.0,40.352,52.387,0.018,0.045,0.004,0.896
11140,중구,2023-12-29,79.4,79.4,좋음,실외 활동에 좋은 날씨예요,해로움,주의,적합,적합,주의,5.057,-2.247,71.0,4.714,0.0,0.0,32.672,43.104,0.017,0.039,0.003,0.747
11140,중구,2023-12-30,66.2,66.2,무난,"실외 활동하기 무난해요 — 비 소식, 우산 챙기세요",해로움,해로움,적합,적합,주의,2.489,-2.549,92.0,5.064,8.718,0.0,31.524,39.956,0.014,0.036,0.003,0.695
11140,중구,2023-12-31,68.3,68.3,무난,"실외 활동하기 무난해요 — 비 소식, 우산 챙기세요",해로움,위험,적합,적합,주의,4.811,-1.081,95.5,7.268,6.007,0.0,17.925,23.19,0.025,0.028,0.003,0.752
11140,중구,2024-01-01,77.9,77.9,좋음,실외 활동에 좋은 날씨예요,해로움,해로움,적합,적합,주의,6.9,-1.116,83.4,4.896,0.0,0.0,19.857,25.047,0.023,0.03,0.003,0.781
11140,중구,2024-01-02,81.5,81.5,좋음,실외 활동에 좋은 날씨예요,주의,주의,적합,적합,주의,4.564,1.16,72.6,4.718,0.0,0.0,28.925,40.256,0.025,0.026,0.003,0.566
11140,중구,2024-01-03,75.3,75.3,좋음,실외 활동에 좋은 날씨예요,해로움,해로움,적합,적합,주의,4.163,-1.6,80.4,6.589,0.557,0.0,29.587,42.672,0.023,0.031,0.003,0.593
11140,중구,2024-01-04,76.3,76.3,좋음,실외 활동에 좋은 날씨예요,해로움,주의,적합,적합,해로움,4.912,-4.537,74.3,5.207,0.0,0.0,35.992,52.494,0.025,0.036,0.003,0.743
11140,중구,2024-01-05,73.7,73.7,좋음,실외 활동에 좋은 날씨예요 · 미세먼지 주의,해로움,주의,적합,적합,해로움,9.372,-0.411,77.1,7.235,0.0,0.0,55.88,82.387,0.033,0.034,0.003,0.797
11140,중구,2024-01-06,82.4,82.4,좋음,실외 활동에 좋은 날씨예요,해로움,주의,적합,적합,적합,5.059,-4.145,63.9,6.863,0.978,0.0,13.101,25.452,0.026,0.021,0.003,0.46
11140,중구,2024-01-07,55.0,78.7,주의,"⚠️ 한파, 한랭질환 주의 — 실외 활동에 주의하세요",해로움,적합,주의,적합,적합,-0.87,-12.311,57.4,10.044,0.0,0.0,13.552,24.085,0.029,0.012,0.003,0.446
11140,중구,2024-01-08,82.3,82.3,좋음,"실외 활동에 좋은 날씨예요 · 쌀쌀해요, 옷 챙기세요",해로움,적합,적합,적합,적합,-0.068,-11.182,57.8,5.504,0.0,0.0,13.215,24.001,0.022,0.029,0.003,0.542
11140,중구,2024-01-09,75.8,75.8,좋음,실외 활동에 좋은 날씨예요,해로움,해로움,적합,적합,주의,0.529,-2.657,84.0,3.825,1.004,0.0,25.315,34.663,0.005,0.043,0.003,0.687
11140,중구,2024-01-10,70.5,70.5,좋음,실외 활동에 좋은 날씨예요 · 미세먼지 주의,해로움,해로움,적합,적합,해로움,3.393,-4.875,85.9,4.296,0.0,0.0,55.432,69.262,0.011,0.041,0.003,0.818
11140,중구,2024-01-11,72.1,72.1,좋음,실외 활동에 좋은 날씨예요 · 미세먼지 주의,해로움,해로움,적합,적합,해로움,4.8,-4.253,80.6,5.996,0.0,0.0,49.557,64.004,0.014,0.041,0.003,0.707
11140,중구,2024-01-12,80.7,80.7,좋음,실외 활동에 좋은 날씨예요,해로움,주의,적합,적합,주의,4.775,-3.05,61.6,6.564,0.0,0.0,34.297,55.09,0.027,0.027,0.003,0.573
11140,중구,2024-01-13,85.4,85.4,아주좋음,실외 활동하기 아주 좋은 날씨예요,해로움,적합,적합,적합,주의,5.629,-4.178,44.3,4.775,0.0,0.0,13.373,27.611,0.023,0.033,0.003,0.581
11140,중구,2024-01-14,75.5,75.5,좋음,실외 활동에 좋은 날씨예요,해로움,주의,적합,적합,주의,3.496,-5.007,74.5,7.157,2.307,0.0,23.387,33.304,0.023,0.035,0.003,0.743
11140,중구,2024-01-15,82.5,82.5,좋음,"실외 활동에 좋은 날씨예요 · 쌀쌀해요, 옷 챙기세요",해로움,적합,적합,적합,적합,1.1,-9.266,51.3,6.275,0.0,0.0,10.153,23.596,0.029,0.02,0.003,0.421
11140,중구,2024-01-16,83.2,83.2,좋음,"실외 활동에 좋은 날씨예요 · 쌀쌀해요, 옷 챙기세요",해로움,적합,적합,적합,주의,3.821,-8.074,49.8,4.396,0.0,0.0,18.106,33.626,0.025,0.039,0.003,0.656
11140,중구,2024-01-17,72.7,72.7,좋음,"실외 활동에 좋은 날씨예요 · 비 소식, 우산 챙기세요",해로움,주의,적합,적합,주의,1.843,-3.465,78.5,4.021,7.579,0.0,26.987,37.343,0.004,0.047,0.003,0.805
11140,중구,2024-01-18,77.5,77.5,좋음,실외 활동에 좋은 날씨예요,해로움,해로움,적합,적합,주의,9.411,-0.119,81.5,6.707,0.411,0.0,20.337,26.386,0.025,0.029,0.003,0.579
11140,중구,2024-01-19,84.2,84.2,좋음,실외 활동에 좋은 날씨예요,주의,주의,주의,적합,주의,8.879,1.56,65.4,8.625,0.0,0.0,8.085,14.378,0.032,0.018,0.003,0.42
11140,중구,2024-01-20,80.0,80.0,좋음,실외 활동에 좋은 날씨예요,해로움,주의,주의,적합,주의,5.05,-1.355,69.5,9.436,0.496,0.0,2.342,5.702,0.033,0.013,0.002,0.326
11140,중구,2024-01-21,78.0,78.0,좋음,실외 활동에 좋은 날씨예요,해로움,주의,적합,적합,주의,4.237,-4.708,75.8,7.586,0.104,0.0,9.461,13.779,0.031,0.016,0.002,0.399
11140,중구,2024-01-22,55.0,73.7,주의,"⚠️ 한파, 한랭질환 주의 — 실외 활동에 주의하세요",위험,주의,주의,적합,주의,-2.329,-17.358,65.6,9.771,0.007,0.0,19.909,31.094,0.03,0.012,0.002,0.407
11140,중구,2024-01-23,55.0,75.3,주의,"⚠️ 한파, 한랭질환 주의 — 실외 활동에 주의하세요",위험,적합,주의,적합,주의,-8.154,-19.722,53.6,10.4,0.0,0.0,11.745,22.201,0.03,0.012,0.003,0.361
11140,중구,2024-01-24,55.0,76.8,주의,"⚠️ 한파, 한랭질환 주의 — 실외 활동에 주의하세요",위험,적합,주의,적합,주의,-3.646,-16.149,52.0,10.2,0.0,0.0,11.244,24.033,0.031,0.014,0.003,0.394
11140,중구,2024-01-25,55.0,81.2,주의,"⚠️ 한파, 한랭질환 주의 — 실외 활동에 주의하세요",해로움,적합,적합,적합,적합,-0.346,-12.195,47.8,6.457,0.0,0.0,12.607,23.29,0.027,0.022,0.003,0.45
11140,중구,2024-01-26,80.6,80.6,좋음,"실외 활동에 좋은 날씨예요 · 쌀쌀해요, 옷 챙기세요",해로움,주의,적합,적합,주의,3.957,-7.909,62.5,6.179,0.0,0.0,22.921,35.308,0.022,0.039,0.003,0.645
11140,중구,2024-01-27,75.9,75.9,좋음,실외 활동에 좋은 날씨예요 · 미세먼지 주의,해로움,주의,적합,적합,해로움,4.575,-5.757,70.0,6.732,0.0,0.0,37.409,51.886,0.035,0.036,0.003,0.746
11140,중구,2024-01-28,82.1,82.1,좋음,"실외 활동에 좋은 날씨예요 · 쌀쌀해요, 옷 챙기세요",해로움,주의,적합,적합,주의,3.407,-6.172,62.3,5.85,0.0,0.0,21.318,31.334,0.033,0.026,0.003,0.534
11140,중구,2024-01-29,78.7,78.7,좋음,실외 활동에 좋은 날씨예요,해로움,주의,적합,적합,주의,4.67,-5.952,66.6,5.825,0.0,0.0,31.655,44.839,0.031,0.039,0.003,0.704
11140,중구,2024-01-30,81.6,81.6,좋음,실외 활동에 좋은 날씨예요 · 미세먼지 주의,해로움,적합,적합,적합,해로움,7.829,-4.644,59.3,3.957,0.0,0.0,41.619,59.823,0.024,0.049,0.003,0.868
11140,중구,2024-01-31,81.7,81.7,좋음,실외 활동에 좋은 날씨예요 · 미세먼지 주의,해로움,적합,적합,적합,해로움,10.561,-0.715,54.1,6.307,0.0,0.0,41.171,58.746,0.034,0.046,0.004,0.804
11140,중구,2024-02-01,77.6,77.6,좋음,실외 활동에 좋은 날씨예요 · 미세먼지 주의,해로움,주의,적합,적합,해로움,7.404,-2.75,64.9,5.661,0.0,0.0,59.508,80.53,0.032,0.031,0.003,0.802
11140,중구,2024-02-02,81.7,81.7,좋음,실외 활동에 좋은 날씨예요,해로움,주의,적합,적합,주의,7.55,-0.798,65.5,5.414,0.0,0.0,32.459,45.734,0.025,0.036,0.003,0.619
11140,중구,2024-02-03,82.9,82.9,좋음,실외 활동에 좋은 날씨예요,해로움,주의,적합,적합,주의,8.468,-1.738,63.9,5.504,0.0,0.0,25.928,36.451,0.023,0.035,0.003,0.58
11140,중구,2024-02-04,87.5,87.5,아주좋음,실외 활동하기 아주 좋은 날씨예요,주의,주의,적합,적합,주의,11.278,2.177,60.9,6.185,0.0,0.0,16.582,23.582,0.032,0.025,0.003,0.49
11140,중구,2024-02-05,72.0,72.0,좋음,실외 활동에 좋은 날씨예요,해로움,해로움,주의,적합,주의,6.611,-3.478,81.8,11.129,2.943,0.0,3.291,6.58,0.034,0.015,0.002,0.326
11140,중구,2024-02-06,78.3,78.3,좋음,실외 활동에 좋은 날씨예요,해로움,해로움,적합,적합,주의,3.25,-1.393,83.5,5.322,0.061,0.0,10.301,14.982,0.03,0.025,0.002,0.427
11140,중구,2024-02-07,78.5,78.5,좋음,실외 활동에 좋은 날씨예요,해로움,주의,적합,적합,주의,3.114,-2.248,76.6,5.014,0.0,0.0,26.304,33.334,0.027,0.027,0.002,0.606
11140,중구,2024-02-08,79.6,79.6,좋음,실외 활동에 좋은 날씨예요,해로움,주의,적합,적합,주의,6.064,-4.096,66.9,5.614,0.0,0.0,31.249,40.936,0.034,0.036,0.003,0.671
11140,중구,2024-02-09,79.7,79.7,좋음,실외 활동에 좋은 날씨예요,해로움,주의,적합,적합,주의,5.971,-4.023,66.8,7.225,0.0,0.0,25.33,34.847,0.041,0.03,0.003,0.582
11140,중구,2024-02-10,76.8,76.8,좋음,실외 활동에 좋은 날씨예요 · 미세먼지 주의,해로움,주의,적합,적합,해로움,7.339,-3.017,69.4,7.654,0.0,0.0,36.597,47.623,0.046,0.026,0.003,0.634
11140,중구,2024-02-11,73.8,73.8,좋음,실외 활동에 좋은 날씨예요 · 미세먼지 주의,해로움,주의,주의,적합,해로움,5.689,-4.667,70.6,8.343,0.0,0.0,49.936,63.708,0.045,0.023,0.003,0.653
11140,중구,2024-02-12,79.2,79.2,좋음,실외 활동에 좋은 날씨예요 · 미세먼지 주의,해로움,주의,적합,적합,해로움,10.382,-3.882,62.8,5.446,0.0,0.0,47.499,63.804,0.04,0.033,0.003,0.739
11140,중구,2024-02-13,76.9,76.9,좋음,실외 활동에 좋은 날씨예요 · 미세먼지 주의,주의,주의,주의,적합,해로움,14.5,1.221,70.6,9.425,0.0,0.0,42.695,68.189,0.043,0.039,0.003,0.756
11140,중구,2024-02-14,83.9,83.9,좋음,실외 활동에 좋은 날씨예요,주의,주의,적합,적합,주의,18.043,8.671,76.4,7.186,0.0,0.0,28.055,47.278,0.034,0.038,0.003,0.687
11140,중구,2024-02-15,66.5,66.5,무난,"실외 활동하기 무난해요 — 비 소식, 우산 챙기세요",해로움,해로움,주의,적합,주의,11.479,-1.926,89.9,9.975,8.711,0.0,15.121,22.619,0.037,0.018,0.002,0.419
11140,중구,2024-02-16,81.0,81.0,좋음,실외 활동에 좋은 날씨예요,해로움,주의,적합,적합,주의,7.986,-2.389,72.4,5.646,0.0,0.0,18.082,28.545,0.027,0.03,0.003,0.523
11140,중구,2024-02-17,78.7,78.7,좋음,실외 활동에 좋은 날씨예요,해로움,주의,적합,적합,주의,11.068,-1.76,73.5,5.161,0.0,0.0,31.227,44.911,0.034,0.038,0.003,0.661
11140,중구,2024-02-18,69.2,69.2,무난,"실외 활동하기 무난해요 — 비 소식, 우산 챙기세요",해로움,해로움,적합,주의,주의,10.189,-0.245,81.4,6.664,14.111,0.0,25.678,37.18,0.02,0.034,0.003,0.619
11140,중구,2024-02-19,71.2,71.2,좋음,"실외 활동에 좋은 날씨예요 · 비 소식, 우산 챙기세요",주의,위험,적합,적합,적합,12.111,3.528,95.8,7.681,6.675,0.0,8.657,15.255,0.021,0.03,0.003,0.636
11140,중구,2024-02-20,75.8,75.8,좋음,실외 활동에 좋은 날씨예요,주의,해로움,주의,적합,주의,7.378,1.482,86.3,8.115,1.911,0.0,15.654,28.345,0.024,0.021,0.002,0.494
11140,중구,2024-02-21,64.7,64.7,무난,"실외 활동하기 무난해요 — 비 소식, 우산 챙기세요",해로움,해로움,주의,주의,적합,4.348,-2.903,92.5,8.607,14.233,0.0,2.121,4.513,0.03,0.016,0.002,0.351
11140,중구,2024-02-22,71.1,71.1,좋음,"실외 활동에 좋은 날씨예요 · 비 소식, 우산 챙기세요",해로움,해로움,주의,적합,주의,1.674,-3.333,84.5,8.142,6.011,0.0,2.987,7.005,0.033,0.016,0.002,0.33
11140,중구,2024-02-23,80.7,80.7,좋음,실외 활동에 좋은 날씨예요,해로움,주의,적합,적합,주의,6.163,-3.581,68.8,7.464,0.104,0.0,4.667,9.974,0.035,0.016,0.002,0.326
11140,중구,2024-02-24,80.0,80.0,좋음,실외 활동에 좋은 날씨예요,해로움,주의,적합,적합,주의,6.029,-3.709,68.6,7.6,1.171,0.0,7.392,14.45,0.035,0.015,0.002,0.331
11140,중구,2024-02-25,78.7,78.7,좋음,실외 활동에 좋은 날씨예요,해로움,해로움,적합,적합,주의,6.436,-0.817,80.8,5.621,1.171,0.0,10.651,15.581,0.033,0.017,0.002,0.396
11140,중구,2024-02-26,83.5,83.5,좋음,실외 활동에 좋은 날씨예요,해로움,주의,적합,적합,주의,9.968,-2.257,65.3,5.657,0.0,0.0,18.323,30.193,0.032,0.026,0.003,0.506
11140,중구,2024-02-27,84.7,84.7,좋음,실외 활동에 좋은 날씨예요,해로움,적합,적합,적합,주의,9.746,-1.045,52.0,7.789,0.0,0.0,9.417,20.424,0.036,0.02,0.002,0.357
11140,중구,2024-02-28,88.9,88.9,아주좋음,실외 활동하기 아주 좋은 날씨예요,주의,적합,적합,적합,주의,10.364,2.473,59.5,4.893,0.0,0.0,17.263,34.312,0.029,0.028,0.003,0.429
11140,중구,2024-02-29,79.4,79.4,좋음,실외 활동에 좋은 날씨예요,해로움,주의,주의,적합,해로움,9.661,-0.78,63.6,8.736,0.0,0.0,35.261,57.218,0.038,0.029,0.003,0.57
11140,중구,2024-03-01,75.4,75.4,좋음,"실외 활동에 좋은 날씨예요 · 쌀쌀해요, 옷 챙기세요",해로움,주의,주의,적합,주의,0.629,-11.94,38.9,11.821,0.0,0.0,11.136,37.504,0.04,0.009,0.002,0.301
11140,중구,2024-03-02,55.0,76.1,주의,"⚠️ 한파, 한랭질환 주의 — 실외 활동에 주의하세요",해로움,주의,주의,적합,주의,4.407,-12.207,60.4,11.682,0.0,0.0,13.778,35.448,0.041,0.017,0.003,0.372
11140,중구,2024-03-03,75.2,75.2,좋음,실외 활동에 좋은 날씨예요 · 미세먼지 주의,해로움,주의,주의,적합,해로움,8.336,-1.947,71.5,9.104,0.0,0.0,63.584,113.361,0.045,0.021,0.003,0.595
11140,중구,2024-03-04,83.6,83.6,좋음,실외 활동에 좋은 날씨예요 · 미세먼지 주의,해로움,적합,적합,적합,해로움,11.778,-2.076,45.5,4.611,0.0,0.0,37.442,73.038,0.037,0.039,0.003,0.596
11140,중구,2024-03-05,88.6,88.6,아주좋음,실외 활동하기 아주 좋은 날씨예요,주의,적합,적합,적합,주의,11.178,4.264,45.1,7.511,0.0,0.0,22.172,45.845,0.039,0.031,0.003,0.474
11140,중구,2024-03-06,87.1,87.1,아주좋음,실외 활동하기 아주 좋은 날씨예요,주의,적합,적합,적합,주의,10.618,1.006,58.8,6.571,0.0,0.0,7.469,15.952,0.037,0.021,0.002,0.382
11140,중구,2024-03-07,83.5,83.5,좋음,실외 활동에 좋은 날씨예요,해로움,주의,주의,적합,주의,8.4,-0.557,62.4,8.161,0.629,0.0,17.685,31.134,0.038,0.021,0.002,0.405
11140,중구,2024-03-08,80.6,80.6,좋음,실외 활동에 좋은 날씨예요,해로움,적합,주의,적합,주의,7.059,-3.858,50.6,10.921,0.0,0.0,22.371,44.554,0.043,0.017,0.003,0.415
11140,중구,2024-03-09,83.1,83.1,좋음,실외 활동에 좋은 날씨예요,해로움,적합,적합,적합,주의,7.289,-4.567,50.8,7.079,0.0,0.0,17.587,33.917,0.04,0.018,0.003,0.398
11140,중구,2024-03-10,83.6,83.6,좋음,실외 활동에 좋은 날씨예요,해로움,적합,적합,적합,주의,10.752,-2.984,54.0,7.289,0.0,0.0,17.193,30.598,0.045,0.024,0.003,0.435
11140,중구,2024-03-11,86.0,86.0,아주좋음,실외 활동하기 아주 좋은 날씨예요,주의,주의,적합,적합,주의,11.196,1.247,62.3,6.504,0.0,0.0,18.901,35.688,0.035,0.039,0.003,0.511
11140,중구,2024-03-12,83.1,83.1,좋음,실외 활동에 좋은 날씨예요,주의,주의,적합,적합,주의,10.285,3.563,78.0,5.2,1.039,0.0,21.312,33.531,0.032,0.036,0.003,0.544
11140,중구,2024-03-13,82.5,82.5,좋음,실외 활동에 좋은 날씨예요,해로움,적합,주의,적합,주의,12.325,-1.159,57.6,9.35,0.0,0.0,26.784,46.261,0.055,0.028,0.003,0.525
11140,중구,2024-03-14,84.6,84.6,좋음,실외 활동에 좋은 날씨예요 · 미세먼지 주의,주의,적합,적합,적합,해로움,15.523,1.626,58.3,7.192,0.0,0.0,36.315,61.152,0.052,0.03,0.003,0.496
11140,중구,2024-03-15,82.7,82.7,좋음,실외 활동에 좋은 날씨예요,주의,주의,적합,적합,주의,14.714,2.352,68.5,7.939,0.0,0.0,31.411,50.53,0.05,0.029,0.003,0.466
11140,중구,2024-03-16,86.8,86.8,아주좋음,실외 활동하기 아주 좋은 날씨예요,주의,적합,적합,적합,주의,18.704,3.575,54.5,7.411,0.0,0.0,31.284,51.602,0.054,0.03,0.003,0.498
11140,중구,2024-03-17,81.4,81.4,좋음,실외 활동에 좋은 날씨예요 · 미세먼지 주의,주의,적합,주의,적합,해로움,12.452,2.897,48.0,10.763,0.021,0.0,19.298,93.495,0.051,0.012,0.002,0.334
11140,중구,2024-03-18,81.2,81.2,좋음,실외 활동에 좋은 날씨예요,해로움,주의,적합,적합,주의,13.577,-0.229,28.6,7.342,0.0,0.0,7.693,22.841,0.039,0.023,0.003,0.35
11140,중구,2024-03-19,82.5,82.5,좋음,실외 활동에 좋은 날씨예요,주의,주의,주의,적합,주의,10.607,1.464,60.8,12.348,0.079,0.0,25.998,51.057,0.048,0.02,0.003,0.408
11140,중구,2024-03-20,82.5,82.5,좋음,실외 활동에 좋은 날씨예요,해로움,적합,주의,적합,주의,8.85,-1.373,46.5,10.046,0.0,0.0,23.022,39.925,0.045,0.014,0.002,0.364
11140,중구,2024-03-21,83.8,83.8,좋음,실외 활동에 좋은 날씨예요,해로움,적합,적합,적합,주의,11.415,-2.026,46.5,7.57,0.0,0.0,20.483,36.528,0.044,0.027,0.003,0.438
11140,중구,2024-03-22,79.4,79.4,좋음,"실외 활동에 좋은 날씨예요 · 비 소식, 우산 챙기세요",주의,적합,주의,적합,주의,15.693,1.185,57.0,11.463,6.086,0.0,18.411,43.476,0.05,0.028,0.003,0.436
11140,중구,2024-03-23,89.6,89.6,아주좋음,실외 활동하기 아주 좋은 날씨예요,주의,주의,적합,적합,주의,18.327,8.296,66.0,7.285,0.218,0.0,24.704,57.769,0.053,0.02,0.002,0.442
11140,중구,2024-03-24,93.0,93.0,아주좋음,실외 활동하기 아주 좋은 날씨예요,주의,적합,적합,적합,주의,23.182,8.984,42.5,6.464,0.0,0.0,16.05,35.497,0.052,0.024,0.003,0.468
11140,중구,2024-03-25,84.6,84.6,좋음,"실외 활동에 좋은 날씨예요 · 비 소식, 우산 챙기세요",주의,주의,주의,적합,주의,15.037,5.128,63.0,9.333,5.057,0.0,7.491,18.848,0.04,0.018,0.002,0.348
11140,중구,2024-03-26,72.7,72.7,좋음,"실외 활동에 좋은 날씨예요 · 비 소식, 우산 챙기세요",주의,주의,적합,주의,주의,12.359,0.896,77.3,7.732,12.857,0.0,3.574,8.386,0.042,0.018,0.002,0.34
11140,중구,2024-03-27,86.9,86.9,아주좋음,실외 활동하기 아주 좋은 날씨예요,주의,주의,적합,적합,주의,16.7,3.876,68.4,6.136,0.0,0.0,15.389,26.6,0.043,0.028,0.003,0.46
11140,중구,2024-03-28,85.0,85.0,아주좋음,실외 활동하기 아주 좋은 날씨예요,주의,해로움,적합,적합,주의,12.032,7.512,81.8,6.318,1.586,0.0,15.938,31.648,0.034,0.028,0.003,0.48
11140,중구,2024-03-29,55.0,73.6,주의,"⚠️ 미세먼지 매우 나쁨, 마스크 착용 — 실외 활동에 주의하세요",주의,주의,주의,적합,위험,12.668,2.892,73.0,8.829,1.711,0.0,40.62,231.051,0.04,0.023,0.002,0.463
11140,중구,2024-03-30,81.6,81.6,좋음,실외 활동에 좋은 날씨예요 · 미세먼지 주의,주의,적합,주의,적합,해로움,16.421,1.493,56.5,8.307,0.0,0.0,22.352,90.864,0.047,0.025,0.003,0.456
11140,중구,2024-03-31,86.9,86.9,아주좋음,실외 활동하기 아주 좋은 날씨예요,주의,주의,적합,적합,주의,17.446,2.071,39.9,6.532,0.0,0.0,11.54,42.735,0.047,0.017,0.003,0.401
11140,중구,2024-04-01,85.8,85.8,아주좋음,실외 활동하기 아주 좋은 날씨예요,주의,주의,적합,적합,주의,19.236,4.944,32.0,7.361,0.0,0.0,14.146,45.198,0.048,0.029,0.003,0.436
11140,중구,2024-04-02,89.5,89.5,아주좋음,실외 활동하기 아주 좋은 날씨예요,주의,주의,적합,적합,주의,24.089,6.467,37.5,6.496,0.0,0.0,23.076,54.017,0.06,0.041,0.003,0.54
11140,중구,2024-04-03,94.7,94.7,아주좋음,실외 활동하기 아주 좋은 날씨예요,적합,적합,적합,적합,주의,19.0,13.121,55.9,4.779,0.071,0.0,21.649,44.062,0.039,0.038,0.003,0.54
11140,중구,2024-04-04,93.4,93.4,아주좋음,실외 활동하기 아주 좋은 날씨예요,적합,적합,적합,적합,주의,20.239,12.099,52.1,7.118,0.0,0.0,14.997,33.347,0.05,0.02,0.003,0.395
11140,중구,2024-04-05,92.0,92.0,아주좋음,실외 활동하기 아주 좋은 날씨예요,적합,적합,적합,적합,주의,18.964,9.594,51.3,7.936,0.0,0.0,20.521,42.481,0.058,0.02,0.003,0.402
11140,중구,2024-04-06,89.4,89.4,아주좋음,실외 활동하기 아주 좋은 날씨예요 · 미세먼지 주의,주의,적합,적합,적합,해로움,19.279,7.162,48.6,7.154,0.0,0.0,39.074,65.713,0.059,0.033,0.003,0.553
11140,중구,2024-04-07,87.7,87.7,아주좋음,실외 활동하기 아주 좋은 날씨예요,주의,주의,적합,적합,주의,23.511,7.0,33.4,6.468,0.0,0.0,32.463,55.184,0.076,0.029,0.003,0.545
11140,중구,2024-04-08,93.0,93.0,아주좋음,실외 활동하기 아주 좋은 날씨예요,적합,적합,적합,적합,주의,22.696,10.183,46.5,5.782,0.0,0.0,28.309,57.087,0.055,0.041,0.003,0.58
11140,중구,2024-04-09,88.4,88.4,아주좋음,실외 활동하기 아주 좋은 날씨예요,적합,주의,주의,적합,주의,20.646,10.251,32.4,9.979,0.0,0.0,18.289,40.927,0.052,0.018,0.003,0.382
11140,중구,2024-04-10,91.9,91.9,아주좋음,실외 활동하기 아주 좋은 날씨예요,적합,주의,적합,적합,주의,18.514,9.687,62.6,6.921,0.0,0.0,17.797,43.197,0.056,0.014,0.003,0.357
11140,중구,2024-04-11,94.2,94.2,아주좋음,실외 활동하기 아주 좋은 날씨예요,적합,주의,적합,적합,주의,21.271,11.506,61.0,4.754,0.0,0.0,21.038,49.772,0.049,0.026,0.003,0.466
11140,중구,2024-04-12,93.2,93.2,아주좋음,실외 활동하기 아주 좋은 날씨예요,적합,적합,적합,적합,주의,24.271,11.075,59.6,6.418,0.0,0.0,23.685,48.471,0.057,0.03,0.003,0.493
11140,중구,2024-04-13,90.8,90.8,아주좋음,실외 활동하기 아주 좋은 날씨예요,주의,적합,적합,적합,주의,27.41,10.733,52.4,6.454,0.0,0.0,18.09,40.533,0.057,0.024,0.003,0.428
11140,중구,2024-04-14,86.2,86.2,아주좋음,실외 활동하기 아주 좋은 날씨예요,주의,적합,적합,적합,주의,29.204,12.55,47.1,7.036,0.0,0.0,22.269,44.61,0.077,0.025,0.003,0.512
11140,중구,2024-04-15,78.3,78.3,좋음,"실외 활동에 좋은 날씨예요 · 비 소식, 우산 챙기세요",적합,주의,주의,주의,주의,20.329,11.306,77.4,8.282,15.825,0.286,11.599,22.919,0.048,0.02,0.003,0.398
11140,중구,2024-04-16,81.9,81.9,좋음,실외 활동에 좋은 날씨예요 · 미세먼지 주의,적합,해로움,적합,적합,해로움,18.036,10.567,82.6,6.661,1.957,0.043,28.295,85.07,0.048,0.021,0.003,0.505
11140,중구,2024-04-17,85.6,85.6,아주좋음,실외 활동하기 아주 좋은 날씨예요 · 미세먼지 주의,주의,주의,적합,적합,위험,22.146,8.662,65.3,6.586,0.0,0.0,41.726,141.53,0.042,0.027,0.003,0.555
11140,중구,2024-04-18,87.8,87.8,아주좋음,실외 활동하기 아주 좋은 날씨예요 · 미세먼지 주의,적합,적합,적합,적합,위험,25.454,10.058,53.3,7.207,0.0,0.0,27.221,113.564,0.055,0.03,0.003,0.513
11140,중구,2024-04-19,89.7,89.7,아주좋음,실외 활동하기 아주 좋은 날씨예요 · 미세먼지 주의,적합,적합,적합,적합,해로움,24.632,11.122,51.8,6.582,0.0,0.0,30.33,95.773,0.091,0.031,0.004,0.524
11140,중구,2024-04-20,82.9,82.9,좋음,실외 활동에 좋은 날씨예요,적합,주의,주의,적합,주의,17.914,12.829,77.3,8.264,4.796,0.043,26.045,59.901,0.06,0.024,0.003,0.512
11140,중구,2024-04-21,91.3,91.3,아주좋음,실외 활동하기 아주 좋은 날씨예요,적합,주의,주의,적합,주의,21.075,13.257,65.5,8.068,0.0,0.0,6.759,17.409,0.048,0.009,0.002,0.323
11140,중구,2024-04-22,93.5,93.5,아주좋음,실외 활동하기 아주 좋은 날씨예요,적합,적합,적합,적합,주의,24.007,14.7,49.4,6.921,0.0,0.0,15.88,31.434,0.053,0.015,0.002,0.332
11140,중구,2024-04-23,92.7,92.7,아주좋음,실외 활동하기 아주 좋은 날씨예요,적합,적합,주의,적합,주의,23.493,12.688,55.0,8.146,0.054,0.0,10.217,21.603,0.052,0.014,0.002,0.321
11140,중구,2024-04-24,80.4,80.4,좋음,"실외 활동에 좋은 날씨예요 · 비 소식, 우산 챙기세요",적합,해로움,적합,주의,주의,17.186,10.406,80.1,6.961,10.857,0.154,5.566,13.023,0.04,0.014,0.002,0.331
11140,중구,2024-04-25,88.8,88.8,아주좋음,실외 활동하기 아주 좋은 날씨예요,적합,주의,적합,적합,주의,21.221,9.905,75.6,5.404,0.0,0.0,19.756,32.247,0.064,0.022,0.002,0.458
11140,중구,2024-04-26,91.7,91.7,아주좋음,실외 활동하기 아주 좋은 날씨예요,주의,주의,적합,적합,주의,26.115,10.936,61.1,5.918,0.0,0.0,26.858,66.53,0.063,0.031,0.003,0.544
11140,중구,2024-04-27,91.1,91.1,아주좋음,실외 활동하기 아주 좋은 날씨예요,주의,적합,적합,적합,주의,26.682,10.661,56.4,6.704,0.0,0.0,23.917,51.345,0.068,0.027,0.003,0.516
11140,중구,2024-04-28,87.6,87.6,아주좋음,실외 활동하기 아주 좋은 날씨예요,주의,적합,적합,적합,주의,28.92,11.906,53.5,5.079,0.0,0.0,20.811,38.844,0.086,0.026,0.003,0.518
11140,중구,2024-04-29,91.9,91.9,아주좋음,실외 활동하기 아주 좋은 날씨예요,적합,적합,적합,적합,주의,25.889,16.4,48.0,7.736,0.0,0.0,19.99,43.369,0.064,0.019,0.003,0.392
11140,중구,2024-04-30,91.7,91.7,아주좋음,실외 활동하기 아주 좋은 날씨예요,적합,주의,적합,적합,주의,22.443,15.257,62.5,6.061,0.0,0.0,33.417,59.315,0.056,0.025,0.004,0.516
11140,중구,2024-05-01,93.6,93.6,아주좋음,실외 활동하기 아주 좋은 날씨예요,적합,적합,적합,적합,주의,23.768,13.686,46.0,6.386,0.0,0.0,14.158,26.85,0.058,0.014,0.003,0.34
11140,중구,2024-05-02,92.5,92.5,아주좋음,실외 활동하기 아주 좋은 날씨예요,적합,적합,적합,적합,주의,24.093,12.306,48.4,7.485,0.0,0.0,18.757,36.266,0.064,0.024,0.003,0.396
11140,중구,2024-05-03,89.1,89.1,아주좋음,실외 활동하기 아주 좋은 날씨예요,주의,적합,적합,적합,주의,28.025,11.05,46.9,5.641,0.0,0.0,24.966,48.907,0.082,0.032,0.003,0.465
11140,중구,2024-05-04,85.7,85.7,아주좋음,실외 활동하기 아주 좋은 날씨예요,주의,적합,적합,적합,해로움,28.686,13.463,44.8,6.867,0.0,0.0,33.148,56.728,0.11,0.032,0.004,0.548
11140,중구,2024-05-05,63.8,63.8,무난,"실외 활동하기 무난해요 — 비 많음, 우산 필수",적합,해로움,주의,주의,주의,20.641,15.381,87.4,10.167,42.011,0.3,14.375,23.054,0.073,0.013,0.003,0.393
11140,중구,2024-05-06,75.0,75.0,좋음,"실외 활동에 좋은 날씨예요 · 비 소식, 우산 챙기세요",적합,해로움,적합,주의,주의,15.619,13.185,92.9,7.789,11.141,0.152,7.187,11.837,0.049,0.012,0.002,0.373
11140,중구,2024-05-07,85.6,85.6,아주좋음,실외 활동하기 아주 좋은 날씨예요,적합,주의,주의,적합,주의,15.419,11.704,77.3,8.196,2.385,0.044,13.041,22.006,0.049,0.014,0.002,0.382
11140,중구,2024-05-08,92.4,92.4,아주좋음,실외 활동하기 아주 좋은 날씨예요,주의,적합,적합,적합,주의,21.748,8.376,58.8,7.563,0.0,0.0,9.241,21.668,0.045,0.016,0.002,0.322
11140,중구,2024-05-09,90.0,90.0,아주좋음,실외 활동하기 아주 좋은 날씨예요,적합,주의,주의,적합,주의,22.261,10.104,63.6,8.893,0.0,0.0,14.654,30.811,0.069,0.02,0.003,0.38
11140,중구,2024-05-10,92.1,92.1,아주좋음,실외 활동하기 아주 좋은 날씨예요,적합,적합,주의,적합,주의,24.539,12.225,55.6,8.182,0.0,0.0,14.634,30.932,0.065,0.019,0.003,0.382
11140,중구,2024-05-11,70.9,70.9,좋음,"실외 활동에 좋은 날씨예요 · 비 소식, 우산 챙기세요",적합,주의,주의,주의,주의,22.579,13.193,80.0,12.357,27.882,0.275,7.987,21.239,0.048,0.014,0.002,0.329
11140,중구,2024-05-12,88.0,88.0,아주좋음,실외 활동하기 아주 좋은 날씨예요,적합,주의,주의,적합,해로움,22.274,10.979,65.0,8.896,0.0,0.0,15.166,67.954,0.05,0.011,0.002,0.333
11140,중구,2024-05-13,92.7,92.7,아주좋음,실외 활동하기 아주 좋은 날씨예요,적합,적합,적합,적합,주의,25.174,11.314,51.9,7.448,0.0,0.0,13.809,31.358,0.058,0.021,0.003,0.4
11140,중구,2024-05-14,92.2,92.2,아주좋음,실외 활동하기 아주 좋은 날씨예요,적합,적합,적합,적합,주의,25.114,11.979,43.3,7.614,0.0,0.0,13.822,29.282,0.066,0.025,0.003,0.388
11140,중구,2024-05-15,73.6,73.6,좋음,"실외 활동에 좋은 날씨예요 · 비 소식, 우산 챙기세요",주의,주의,주의,주의,주의,19.318,6.14,74.3,10.211,21.057,0.139,7.948,23.149,0.051,0.016,0.003,0.332
11140,중구,2024-05-16,88.8,88.8,아주좋음,실외 활동하기 아주 좋은 날씨예요,주의,주의,주의,적합,주의,20.129,5.934,61.3,8.871,0.45,0.011,6.867,18.35,0.05,0.015,0.003,0.321
11140,중구,2024-05-17,90.9,90.9,아주좋음,실외 활동하기 아주 좋은 날씨예요,적합,주의,적합,적합,주의,25.546,10.717,63.6,6.946,0.0,0.0,19.512,42.792,0.074,0.023,0.003,0.456
11140,중구,2024-05-18,90.2,90.2,아주좋음,실외 활동하기 아주 좋은 날씨예요,주의,주의,적합,적합,주의,26.761,14.896,65.3,6.629,0.0,0.0,11.406,27.955,0.058,0.018,0.003,0.391
11140,중구,2024-05-19,87.4,87.4,아주좋음,실외 활동하기 아주 좋은 날씨예요,주의,주의,적합,적합,주의,28.287,15.375,63.1,7.046,0.0,0.0,11.45,24.747,0.067,0.013,0.003,0.336
11140,중구,2024-05-20,89.1,89.1,아주좋음,실외 활동하기 아주 좋은 날씨예요,적합,주의,적합,적합,주의,23.407,16.357,75.0,6.754,0.0,0.0,16.119,31.557,0.045,0.017,0.003,0.34
11140,중구,2024-05-21,85.7,85.7,아주좋음,실외 활동하기 아주 좋은 날씨예요,주의,주의,적합,적합,주의,28.639,16.107,68.1,5.775,0.0,0.0,27.481,44.991,0.07,0.02,0.003,0.414
11140,중구,2024-05-22,88.0,88.0,아주좋음,실외 활동하기 아주 좋은 날씨예요,주의,주의,적합,적합,해로움,26.368,15.996,68.9,6.689,0.0,0.0,35.514,54.25,0.067,0.022,0.003,0.467
11140,중구,2024-05-23,89.3,89.3,아주좋음,실외 활동하기 아주 좋은 날씨예요,주의,주의,적합,적합,주의,26.854,15.482,67.9,6.643,0.0,0.0,18.82,32.353,0.055,0.021,0.003,0.361
11140,중구,2024-05-24,89.0,89.0,아주좋음,실외 활동하기 아주 좋은 날씨예요,적합,주의,적합,적합,주의,24.504,15.45,75.1,5.996,0.0,0.0,24.369,37.402,0.04,0.017,0.002,0.367
11140,중구,2024-05-25,93.0,93.0,아주좋음,실외 활동하기 아주 좋은 날씨예요,적합,주의,적합,적합,주의,24.593,18.121,62.8,5.896,0.0,0.0,18.835,35.107,0.057,0.017,0.003,0.357
11140,중구,2024-05-26,82.2,82.2,좋음,"실외 활동에 좋은 날씨예요 · 비 소식, 우산 챙기세요",적합,주의,주의,적합,주의,24.35,16.829,74.3,8.275,8.561,0.107,13.033,24.786,0.051,0.012,0.002,0.354
11140,중구,2024-05-27,90.8,90.8,아주좋음,실외 활동하기 아주 좋은 날씨예요,적합,주의,주의,적합,주의,23.411,14.368,63.4,9.754,0.0,0.0,10.131,27.376,0.051,0.012,0.002,0.368
11140,중구,2024-05-28,92.4,92.4,아주좋음,실외 활동하기 아주 좋은 날씨예요,주의,적합,주의,적합,주의,26.036,13.989,54.8,8.132,0.0,0.0,7.125,17.699,0.048,0.017,0.002,0.317
11140,중구,2024-05-29,90.6,90.6,아주좋음,실외 활동하기 아주 좋은 날씨예요,주의,적합,적합,적합,주의,27.561,14.775,51.6,6.579,0.0,0.0,11.771,25.65,0.057,0.025,0.003,0.38
11140,중구,2024-05-30,95.0,95.0,아주좋음,실외 활동하기 아주 좋은 날씨예요,적합,적합,적합,적합,주의,24.821,15.943,49.1,4.296,0.0,0.0,15.161,29.321,0.054,0.032,0.003,0.448
11140,중구,2024-05-31,92.0,92.0,아주좋음,실외 활동하기 아주 좋은 날씨예요,적합,적합,적합,적합,주의,25.796,15.968,60.0,7.925,0.071,0.036,13.55,25.588,0.06,0.019,0.003,0.353
11140,중구,2024-06-01,92.3,92.3,아주좋음,실외 활동하기 아주 좋은 날씨예요,적합,주의,주의,적합,주의,25.8,17.136,61.3,8.246,0.018,0.0,13.691,29.1,0.051,0.011,0.002,0.327
11140,중구,2024-06-02,91.3,91.3,아주좋음,실외 활동하기 아주 좋은 날씨예요,주의,적합,주의,적합,주의,26.522,15.293,51.9,8.678,0.0,0.0,9.861,21.772,0.058,0.011,0.003,0.309
11140,중구,2024-06-03,90.2,90.2,아주좋음,실외 활동하기 아주 좋은 날씨예요,주의,적합,적합,적합,주의,28.355,15.259,47.4,6.807,0.0,0.0,7.165,15.447,0.052,0.014,0.002,0.292
11140,중구,2024-06-04,88.4,88.4,아주좋음,실외 활동하기 아주 좋은 날씨예요,주의,주의,적합,적합,주의,29.352,15.811,42.1,6.474,0.0,0.0,8.546,19.202,0.056,0.017,0.002,0.297
11140,중구,2024-06-05,85.0,85.0,아주좋음,실외 활동하기 아주 좋은 날씨예요,주의,주의,적합,적합,주의,30.431,17.286,53.9,5.957,0.0,0.0,21.898,40.035,0.084,0.029,0.003,0.432
11140,중구,2024-06-06,82.1,82.1,좋음,실외 활동에 좋은 날씨예요,주의,주의,적합,적합,해로움,31.095,18.675,54.3,6.614,0.054,0.0,27.95,44.051,0.104,0.024,0.003,0.433
11140,중구,2024-06-07,89.6,89.6,아주좋음,실외 활동하기 아주 좋은 날씨예요,주의,주의,적합,적합,주의,28.263,17.543,54.3,5.568,0.171,0.029,19.078,32.546,0.078,0.024,0.003,0.381
11140,중구,2024-06-08,80.0,80.0,좋음,"실외 활동에 좋은 날씨예요 · 비 소식, 우산 챙기세요",적합,주의,적합,주의,주의,24.929,17.0,79.5,5.75,17.104,0.443,16.625,25.08,0.062,0.015,0.002,0.369
11140,중구,2024-06-09,86.2,86.2,아주좋음,실외 활동하기 아주 좋은 날씨예요,주의,주의,적합,적합,주의,29.236,16.907,68.9,6.286,0.0,0.0,18.187,29.605,0.084,0.015,0.003,0.405
11140,중구,2024-06-10,80.0,80.0,좋음,실외 활동에 좋은 날씨예요,주의,주의,적합,적합,해로움,31.438,18.311,66.3,6.811,0.0,0.0,28.139,48.137,0.096,0.02,0.003,0.493
11140,중구,2024-06-11,78.8,78.8,좋음,실외 활동에 좋은 날씨예요 · 미세먼지 주의,주의,주의,적합,적합,해로움,31.855,20.696,62.4,6.85,0.0,0.0,36.063,61.006,0.1,0.018,0.003,0.491
11140,중구,2024-06-12,78.7,78.7,좋음,실외 활동에 좋은 날씨예요,주의,주의,적합,적합,해로움,32.348,18.364,60.8,7.114,0.0,0.0,16.57,32.434,0.093,0.022,0.003,0.388
11140,중구,2024-06-13,78.0,78.0,좋음,실외 활동에 좋은 날씨예요,주의,주의,적합,적합,주의,32.967,19.279,51.4,6.446,0.0,0.0,16.872,32.86,0.075,0.026,0.003,0.39
11140,중구,2024-06-14,75.0,75.0,좋음,실외 활동에 좋은 날씨예요 · 더위 주의,해로움,주의,주의,적합,주의,33.337,20.229,56.0,8.521,0.0,0.0,20.575,36.058,0.084,0.025,0.004,0.385
11140,중구,2024-06-15,83.8,83.8,좋음,실외 활동에 좋은 날씨예요,주의,주의,적합,적합,주의,28.414,20.389,72.3,5.957,4.861,0.182,18.565,27.016,0.041,0.015,0.003,0.327
11140,중구,2024-06-16,82.9,82.9,좋음,실외 활동에 좋은 날씨예요,주의,주의,주의,적합,주의,30.112,19.1,58.4,8.046,0.0,0.0,12.918,23.235,0.059,0.012,0.003,0.331
11140,중구,2024-06-17,82.8,82.8,좋음,실외 활동에 좋은 날씨예요,주의,주의,적합,적합,주의,30.535,17.857,48.4,7.471,0.0,0.0,11.487,22.514,0.067,0.022,0.003,0.342
11140,중구,2024-06-18,77.6,77.6,좋음,실외 활동에 좋은 날씨예요,주의,주의,적합,적합,주의,32.735,19.136,59.5,6.893,0.0,0.0,14.53,27.506,0.078,0.023,0.003,0.353
11140,중구,2024-06-19,55.0,71.4,주의,"⚠️ 폭염, 온열질환 주의 — 실외 활동에 주의하세요",해로움,해로움,적합,적합,해로움,35.886,20.361,54.3,5.539,0.0,0.0,26.222,43.123,0.141,0.026,0.004,0.452
11140,중구,2024-06-20,55.0,72.6,주의,"⚠️ 폭염, 온열질환 주의 — 실외 활동에 주의하세요",해로움,해로움,적합,적합,해로움,35.122,22.175,45.1,6.079,0.0,0.0,27.956,43.414,0.113,0.027,0.004,0.472
11140,중구,2024-06-21,74.6,74.6,좋음,실외 활동에 좋은 날씨예요 · 더위 주의,해로움,해로움,적합,적합,주의,33.686,21.85,49.8,7.125,0.0,0.0,22.39,38.153,0.089,0.029,0.004,0.429
11140,중구,2024-06-22,79.2,79.2,좋음,"실외 활동에 좋은 날씨예요 · 비 소식, 우산 챙기세요",주의,해로움,적합,주의,주의,26.154,21.811,80.6,5.286,18.911,0.168,21.093,29.674,0.054,0.019,0.003,0.462
11140,중구,2024-06-23,75.4,75.4,좋음,"실외 활동에 좋은 날씨예요 · 비 소식, 우산 챙기세요",주의,해로움,적합,적합,주의,30.33,21.686,79.5,7.957,6.789,0.107,9.127,16.356,0.049,0.009,0.002,0.346
11140,중구,2024-06-24,84.1,84.1,좋음,실외 활동에 좋은 날씨예요,주의,주의,주의,적합,주의,28.751,20.696,70.4,8.071,0.125,0.0,19.384,53.45,0.068,0.015,0.002,0.385
11140,중구,2024-06-25,88.0,88.0,아주좋음,실외 활동하기 아주 좋은 날씨예요,주의,주의,주의,적합,주의,27.4,19.15,61.9,9.107,0.0,0.0,8.666,21.441,0.056,0.014,0.003,0.312
11140,중구,2024-06-26,80.9,80.9,좋음,실외 활동에 좋은 날씨예요,주의,주의,적합,적합,주의,31.509,18.243,61.0,6.529,0.0,0.0,12.769,25.617,0.074,0.02,0.003,0.36
11140,중구,2024-06-27,82.0,82.0,좋음,실외 활동에 좋은 날씨예요,주의,주의,적합,적합,주의,31.101,19.761,55.0,5.107,0.0,0.0,16.858,31.803,0.084,0.027,0.003,0.414
11140,중구,2024-06-28,76.8,76.8,좋음,실외 활동에 좋은 날씨예요,주의,주의,적합,적합,해로움,32.567,20.396,54.6,7.007,0.0,0.0,25.598,40.684,0.109,0.027,0.003,0.448
11140,중구,2024-06-29,59.8,59.8,주의,"가벼운 실외 활동은 괜찮아요 — 비 많음, 우산 필수",주의,해로움,주의,주의,주의,32.193,21.093,65.1,8.768,31.832,0.739,19.979,30.577,0.077,0.018,0.003,0.412
11140,중구,2024-06-30,67.3,67.3,무난,"실외 활동하기 무난해요 — 비 소식, 우산 챙기세요",주의,해로움,주의,주의,주의,26.082,21.918,88.5,11.389,29.418,0.568,12.24,20.713,0.049,0.009,0.002,0.336
11140,중구,2024-07-01,80.0,80.0,좋음,실외 활동에 좋은 날씨예요,주의,해로움,적합,적합,주의,31.655,21.532,69.1,4.989,0.0,0.0,15.572,27.703,0.087,0.017,0.002,0.367
11140,중구,2024-07-02,60.5,60.5,무난,"실외 활동하기 무난해요 — 비 많음, 우산 필수",적합,해로움,주의,해로움,주의,25.379,21.35,90.0,8.575,57.932,0.857,9.849,18.103,0.053,0.017,0.002,0.378
11140,중구,2024-07-03,83.8,83.8,좋음,실외 활동에 좋은 날씨예요,주의,해로움,주의,적합,주의,26.964,23.368,80.3,9.318,1.136,0.043,15.721,27.595,0.06,0.013,0.002,0.421
11140,중구,2024-07-04,72.1,72.1,좋음,실외 활동에 좋은 날씨예요,주의,해로움,주의,적합,주의,31.433,23.1,74.8,9.482,3.718,0.129,29.425,39.108,0.081,0.015,0.002,0.476
11140,중구,2024-07-05,77.6,77.6,좋음,"실외 활동에 좋은 날씨예요 · 비 소식, 우산 챙기세요",주의,해로움,주의,적합,주의,26.796,21.057,80.5,12.693,5.575,0.118,11.167,19.715,0.065,0.015,0.002,0.436
11140,중구,2024-07-06,70.9,70.9,좋음,실외 활동에 좋은 날씨예요,주의,해로움,주의,적합,주의,30.892,21.579,84.1,12.089,4.779,0.071,16.904,29.266,0.052,0.015,0.002,0.412
11140,중구,2024-07-07,72.7,72.7,좋음,"실외 활동에 좋은 날씨예요 · 비 소식, 우산 챙기세요",주의,해로움,적합,주의,주의,28.582,21.107,85.1,6.146,19.096,0.957,12.999,21.898,0.058,0.012,0.002,0.423
11140,중구,2024-07-08,76.0,76.0,좋음,"실외 활동에 좋은 날씨예요 · 비 소식, 우산 챙기세요",적합,해로움,적합,주의,주의,24.732,22.689,93.4,6.382,18.343,0.254,6.19,11.792,0.035,0.018,0.002,0.351
11140,중구,2024-07-09,85.5,85.5,아주좋음,실외 활동하기 아주 좋은 날씨예요,주의,해로움,적합,적합,주의,26.836,22.257,86.9,6.814,1.011,0.007,9.041,16.445,0.034,0.018,0.002,0.366
11140,중구,2024-07-10,72.0,72.0,좋음,"실외 활동에 좋은 날씨예요 · 비 소식, 우산 챙기세요",주의,해로움,적합,적합,주의,32.642,22.271,77.1,7.071,6.407,0.05,5.682,13.239,0.052,0.015,0.002,0.332
11140,중구,2024-07-11,82.2,82.2,좋음,실외 활동에 좋은 날씨예요,주의,해로움,적합,적합,주의,29.639,22.539,79.6,6.136,0.0,0.0,25.181,36.581,0.082,0.02,0.003,0.482
11140,중구,2024-07-12,82.6,82.6,좋음,실외 활동에 좋은 날씨예요,주의,해로움,적합,적합,주의,30.769,21.55,79.5,4.175,0.0,0.0,27.145,39.509,0.075,0.023,0.003,0.526
11140,중구,2024-07-13,73.5,73.5,좋음,실외 활동에 좋은 날씨예요 · 더위 주의,해로움,해로움,적합,적합,해로움,33.905,22.904,70.0,6.143,0.089,0.0,38.201,50.068,0.081,0.018,0.003,0.563
11140,중구,2024-07-14,75.2,75.2,좋음,실외 활동에 좋은 날씨예요,주의,해로움,적합,적합,주의,32.476,24.339,65.9,6.929,0.068,0.014,23.163,30.507,0.075,0.01,0.002,0.395
11140,중구,2024-07-15,76.4,76.4,좋음,실외 활동에 좋은 날씨예요,주의,해로움,적합,적합,주의,32.477,24.13,64.6,6.23,0.232,0.0,6.143,12.374,0.053,0.014,0.002,0.32
11140,중구,2024-07-16,68.1,68.1,무난,"실외 활동하기 무난해요 — 비 소식, 우산 챙기세요",주의,해로움,적합,주의,주의,31.247,23.833,78.4,7.259,16.5,0.261,7.203,13.761,0.044,0.015,0.002,0.345
11140,중구,2024-07-17,54.0,54.0,주의,"가벼운 실외 활동은 괜찮아요 — 비 많음, 우산 필수",주의,해로움,주의,해로움,적합,29.359,23.257,91.6,9.682,68.118,2.261,4.555,11.854,0.022,0.013,0.002,0.294
11140,중구,2024-07-18,45.4,45.4,주의,"⚠️ 호우, 침수·안전 주의 — 실외 활동에 주의하세요",주의,위험,주의,위험,적합,26.125,22.982,95.3,12.364,123.939,0.721,4.679,10.295,0.022,0.017,0.002,0.324
11140,중구,2024-07-19,76.8,76.8,좋음,실외 활동에 좋은 날씨예요,주의,해로움,적합,적합,주의,32.137,23.693,80.1,6.168,0.325,0.004,16.286,24.766,0.063,0.016,0.002,0.378
11140,중구,2024-07-20,64.2,64.2,무난,"실외 활동하기 무난해요 — 비 소식, 우산 챙기세요",주의,해로움,주의,주의,주의,31.25,24.482,80.4,10.746,16.729,0.493,9.112,16.297,0.046,0.011,0.002,0.317
11140,중구,2024-07-21,67.0,67.0,무난,"실외 활동하기 무난해요 — 비 소식, 우산 챙기세요",주의,해로움,주의,적합,주의,30.945,22.582,83.6,13.432,8.036,0.15,9.131,19.281,0.056,0.009,0.002,0.285
11140,중구,2024-07-22,55.1,55.1,주의,"가벼운 실외 활동은 괜찮아요 — 비 많음, 우산 필수",주의,해로움,주의,해로움,적합,28.642,24.143,89.0,12.393,52.55,1.15,6.063,14.437,0.029,0.011,0.002,0.278
11140,중구,2024-07-23,77.8,77.8,좋음,실외 활동에 좋은 날씨예요,주의,해로움,주의,적합,적합,28.123,25.354,87.9,11.643,2.429,0.036,5.503,12.167,0.022,0.011,0.002,0.263
11140,중구,2024-07-24,65.3,65.3,무난,"실외 활동하기 무난해요 — 비 소식, 우산 챙기세요",주의,위험,적합,주의,적합,32.448,25.268,85.0,7.411,15.4,0.443,6.354,15.231,0.022,0.012,0.002,0.283
11140,중구,2024-07-25,60.0,60.0,무난,"실외 활동하기 무난해요 — 더위 주의, 비 소식, 우산 챙기세요",해로움,위험,주의,주의,주의,34.258,24.671,79.8,8.746,17.957,0.539,9.103,20.658,0.04,0.015,0.002,0.301
11140,중구,2024-07-26,63.0,63.0,무난,"실외 활동하기 무난해요 — 더위 주의, 비 소식, 우산 챙기세요",해로움,위험,주의,주의,주의,34.129,24.718,81.9,9.546,10.411,0.179,8.09,15.951,0.03,0.015,0.002,0.294
11140,중구,2024-07-27,61.5,61.5,무난,"실외 활동하기 무난해요 — 비 소식, 우산 챙기세요",주의,위험,적합,주의,적합,32.964,26.729,83.6,7.718,21.446,0.539,7.566,16.319,0.024,0.012,0.002,0.296
11140,중구,2024-07-28,70.2,70.2,좋음,실외 활동에 좋은 날씨예요 · 더위 주의,해로움,위험,주의,적합,적합,33.489,26.961,76.0,10.493,0.018,0.0,6.643,17.293,0.02,0.007,0.002,0.252
11140,중구,2024-07-29,80.8,80.8,좋음,실외 활동에 좋은 날씨예요,주의,해로움,주의,적합,적합,28.414,26.625,84.0,8.95,0.071,0.0,8.0,21.798,0.026,0.01,0.002,0.231
11140,중구,2024-07-30,73.7,73.7,좋음,실외 활동에 좋은 날씨예요 · 더위 주의,해로움,위험,적합,적합,주의,33.075,26.271,78.8,6.911,0.0,0.0,12.143,25.096,0.053,0.013,0.002,0.266
11140,중구,2024-07-31,72.7,72.7,좋음,실외 활동에 좋은 날씨예요 · 더위 주의,해로움,위험,적합,적합,주의,34.409,26.482,74.5,6.189,0.0,0.0,7.741,17.339,0.033,0.012,0.002,0.254
11140,중구,2024-08-01,72.2,72.2,좋음,실외 활동에 좋은 날씨예요 · 더위 주의,해로움,위험,적합,적합,주의,34.231,27.064,75.5,6.039,0.082,0.011,9.088,19.558,0.04,0.012,0.002,0.275
11140,중구,2024-08-02,71.8,71.8,좋음,실외 활동에 좋은 날씨예요 · 더위 주의,해로움,위험,적합,적합,주의,33.716,27.779,79.4,6.607,0.339,0.0,16.074,28.296,0.05,0.013,0.002,0.33
11140,중구,2024-08-03,55.0,70.2,주의,"⚠️ 폭염, 온열질환 주의 — 실외 활동에 주의하세요",해로움,위험,적합,적합,주의,35.391,26.814,75.0,5.843,0.0,0.0,23.018,31.893,0.067,0.012,0.002,0.386
11140,중구,2024-08-04,55.0,68.4,주의,"⚠️ 폭염, 온열질환 주의 — 실외 활동에 주의하세요",해로움,위험,적합,적합,주의,36.818,26.437,69.3,5.17,0.143,0.0,22.106,30.002,0.085,0.014,0.002,0.431
11140,중구,2024-08-05,61.2,61.2,무난,"실외 활동하기 무난해요 — 더위 주의, 비 소식, 우산 챙기세요",해로움,위험,적합,주의,주의,34.954,25.907,75.5,7.982,13.475,0.029,21.42,29.171,0.068,0.017,0.002,0.405
11140,중구,2024-08-06,71.4,71.4,좋음,실외 활동에 좋은 날씨예요 · 더위 주의,해로움,위험,적합,적합,주의,34.169,24.975,74.8,5.504,2.143,0.0,9.88,17.566,0.062,0.018,0.002,0.357
11140,중구,2024-08-07,68.2,68.2,무난,"실외 활동하기 무난해요 — 더위 주의, 비 소식, 우산 챙기세요",해로움,위험,적합,적합,주의,34.3,25.521,72.0,6.5,5.425,0.121,11.442,19.313,0.048,0.016,0.002,0.321
11140,중구,2024-08-08,75.2,75.2,좋음,"실외 활동에 좋은 날씨예요 · 비 소식, 우산 챙기세요",주의,위험,적합,적합,주의,32.024,25.496,77.5,4.782,5.571,0.0,13.623,21.065,0.046,0.017,0.002,0.325
11140,중구,2024-08-09,70.8,70.8,좋음,실외 활동에 좋은 날씨예요 · 더위 주의,해로움,위험,적합,적합,주의,34.762,24.893,74.1,5.707,2.339,0.0,18.622,28.465,0.071,0.019,0.002,0.365
11140,중구,2024-08-10,72.0,72.0,좋음,실외 활동에 좋은 날씨예요 · 더위 주의,해로움,위험,적합,적합,주의,34.69,25.646,70.8,5.325,0.0,0.0,23.69,33.112,0.073,0.018,0.003,0.41
11140,중구,2024-08-11,71.4,71.4,좋음,실외 활동에 좋은 날씨예요 · 더위 주의,해로움,위험,적합,적합,주의,34.976,26.886,67.8,5.393,0.0,0.0,21.489,28.739,0.06,0.013,0.002,0.363
11140,중구,2024-08-12,55.0,69.8,주의,"⚠️ 폭염, 온열질환 주의 — 실외 활동에 주의하세요",해로움,위험,적합,적합,주의,35.339,27.164,70.5,5.386,0.589,0.0,19.02,27.682,0.07,0.018,0.003,0.353
11140,중구,2024-08-13,55.0,62.8,주의,"⚠️ 폭염, 온열질환 주의 — 실외 활동에 주의하세요",해로움,위험,적합,적합,주의,36.955,27.136,70.0,7.441,6.268,0.0,17.114,26.172,0.067,0.017,0.002,0.361
11140,중구,2024-08-14,55.0,63.7,주의,"⚠️ 폭염, 온열질환 주의 — 실외 활동에 주의하세요",해로움,위험,주의,적합,주의,36.836,26.632,73.0,8.211,3.589,0.107,16.612,25.282,0.075,0.02,0.002,0.377
11140,중구,2024-08-15,55.0,68.2,주의,"⚠️ 폭염, 온열질환 주의 — 실외 활동에 주의하세요",해로움,위험,적합,적합,주의,35.717,26.104,74.6,6.729,2.229,0.218,15.517,23.174,0.07,0.015,0.002,0.35
11140,중구,2024-08-16,55.0,71.2,주의,"⚠️ 폭염, 온열질환 주의 — 실외 활동에 주의하세요",해로움,위험,적합,적합,주의,35.679,26.464,69.4,5.504,0.0,0.0,14.307,22.37,0.064,0.017,0.002,0.348
11140,중구,2024-08-17,55.0,67.1,주의,"⚠️ 폭염, 온열질환 주의 — 실외 활동에 주의하세요",해로움,위험,적합,적합,주의,35.671,26.743,71.0,6.918,2.982,0.393,14.805,22.3,0.075,0.015,0.002,0.355
11140,중구,2024-08-18,55.0,68.0,주의,"⚠️ 폭염, 온열질환 주의 — 실외 활동에 주의하세요",해로움,위험,적합,적합,주의,35.199,26.325,73.8,7.025,3.571,0.0,14.071,20.406,0.067,0.011,0.002,0.343
11140,중구,2024-08-19,55.0,67.3,주의,"⚠️ 폭염, 온열질환 주의 — 실외 활동에 주의하세요",해로움,위험,적합,적합,주의,36.523,25.796,72.3,6.982,1.35,0.082,17.151,25.955,0.074,0.018,0.002,0.402
11140,중구,2024-08-20,55.0,68.0,주의,"⚠️ 폭염, 온열질환 주의 — 실외 활동에 주의하세요",해로움,위험,적합,적합,주의,36.311,26.643,68.3,6.593,0.018,0.0,17.413,25.574,0.06,0.016,0.003,0.348
11140,중구,2024-08-21,55.0,55.0,주의,"가벼운 실외 활동은 괜찮아요 — 비 많음, 우산 필수",주의,위험,주의,주의,주의,31.375,26.35,85.9,9.321,41.882,0.525,5.982,13.805,0.032,0.012,0.002,0.281
11140,중구,2024-08-22,72.0,72.0,좋음,실외 활동에 좋은 날씨예요,주의,위험,주의,적합,주의,31.281,26.575,79.9,10.639,1.807,0.018,5.78,16.408,0.034,0.011,0.002,0.284
11140,중구,2024-08-23,73.8,73.8,좋음,실외 활동에 좋은 날씨예요,주의,해로움,적합,적합,주의,32.864,25.414,73.5,7.043,0.268,0.0,20.289,29.946,0.075,0.017,0.002,0.433
11140,중구,2024-08-24,72.2,72.2,좋음,"실외 활동에 좋은 날씨예요 · 비 소식, 우산 챙기세요",주의,해로움,적합,적합,주의,32.258,24.586,78.8,6.021,6.339,0.054,30.139,39.87,0.074,0.018,0.002,0.537
11140,중구,2024-08-25,73.0,73.0,좋음,실외 활동에 좋은 날씨예요 · 더위 주의,해로움,위험,적합,적합,주의,33.471,24.479,76.6,5.57,1.75,0.0,29.2,38.171,0.079,0.015,0.003,0.537
11140,중구,2024-08-26,76.3,76.3,좋음,실외 활동에 좋은 날씨예요,주의,해로움,적합,적합,주의,31.87,24.829,77.8,4.77,2.393,0.0,27.185,37.494,0.057,0.023,0.003,0.54
11140,중구,2024-08-27,81.6,81.6,좋음,실외 활동에 좋은 날씨예요,주의,해로움,적합,적합,주의,30.533,23.993,69.8,5.968,0.207,0.011,12.647,22.86,0.037,0.018,0.003,0.403
11140,중구,2024-08-28,74.7,74.7,좋음,실외 활동에 좋은 날씨예요 · 더위 주의,해로움,해로움,적합,적합,주의,33.951,22.614,62.1,6.529,0.0,0.0,7.608,14.624,0.051,0.014,0.002,0.331
11140,중구,2024-08-29,73.8,73.8,좋음,실외 활동에 좋은 날씨예요 · 더위 주의,해로움,해로움,적합,적합,주의,33.725,23.182,61.0,7.846,0.0,0.0,4.498,10.486,0.045,0.012,0.002,0.296
11140,중구,2024-08-30,74.7,74.7,좋음,실외 활동에 좋은 날씨예요 · 더위 주의,해로움,해로움,적합,적합,주의,33.88,23.407,64.0,6.718,0.0,0.0,6.698,15.679,0.047,0.015,0.002,0.324
11140,중구,2024-08-31,76.1,76.1,좋음,실외 활동에 좋은 날씨예요 · 더위 주의,해로움,해로움,적합,적합,주의,33.548,22.329,65.6,5.375,0.0,0.0,19.558,37.095,0.077,0.015,0.003,0.411
11140,중구,2024-09-01,78.4,78.4,좋음,실외 활동에 좋은 날씨예요,주의,해로움,적합,적합,주의,32.082,23.439,64.9,6.496,0.0,0.0,20.263,30.753,0.069,0.013,0.003,0.431
11140,중구,2024-09-02,85.7,85.7,아주좋음,실외 활동하기 아주 좋은 날씨예요,주의,주의,적합,적합,주의,27.354,21.596,73.6,6.493,1.543,0.071,12.142,20.627,0.041,0.018,0.003,0.399
11140,중구,2024-09-03,79.7,79.7,좋음,실외 활동에 좋은 날씨예요,주의,주의,적합,적합,주의,32.182,22.932,54.5,6.943,0.0,0.0,5.231,13.62,0.054,0.014,0.002,0.309
11140,중구,2024-09-04,77.4,77.4,좋음,실외 활동에 좋은 날씨예요 · 더위 주의,해로움,해로움,적합,적합,주의,33.269,22.821,61.4,5.55,0.0,0.0,10.38,20.729,0.077,0.018,0.003,0.36
11140,중구,2024-09-05,73.1,73.1,좋음,"실외 활동에 좋은 날씨예요 · 비 소식, 우산 챙기세요",주의,해로움,적합,적합,주의,29.404,24.461,79.1,7.943,9.461,0.168,13.306,24.657,0.065,0.018,0.003,0.384
11140,중구,2024-09-06,86.4,86.4,아주좋음,실외 활동하기 아주 좋은 날씨예요,적합,주의,적합,적합,주의,25.368,22.386,79.3,6.389,2.9,0.011,7.886,16.603,0.03,0.016,0.002,0.38
11140,중구,2024-09-07,79.2,79.2,좋음,실외 활동에 좋은 날씨예요,주의,해로움,적합,적합,주의,31.852,22.254,68.9,5.082,0.0,0.0,14.025,23.643,0.084,0.016,0.002,0.409
11140,중구,2024-09-08,78.0,78.0,좋음,실외 활동에 좋은 날씨예요,주의,해로움,적합,적합,주의,32.585,22.314,69.6,4.939,0.0,0.0,22.088,30.226,0.086,0.015,0.002,0.468
11140,중구,2024-09-09,76.9,76.9,좋음,실외 활동에 좋은 날씨예요 · 더위 주의,해로움,해로움,적합,적합,주의,33.815,23.618,69.0,5.021,0.0,0.0,19.895,29.18,0.073,0.02,0.003,0.468
11140,중구,2024-09-10,74.7,74.7,좋음,실외 활동에 좋은 날씨예요 · 더위 주의,해로움,위험,적합,적합,주의,34.587,25.007,67.3,5.5,0.0,0.0,21.02,30.586,0.08,0.022,0.003,0.456
11140,중구,2024-09-11,55.0,73.1,주의,"⚠️ 폭염, 온열질환 주의 — 실외 활동에 주의하세요",해로움,위험,적합,적합,주의,36.033,24.818,71.5,6.2,0.461,0.014,22.554,32.082,0.07,0.024,0.003,0.447
11140,중구,2024-09-12,64.9,64.9,무난,"실외 활동하기 무난해요 — 비 많음, 우산 필수",주의,해로움,적합,주의,주의,26.968,24.379,91.5,4.321,45.007,0.279,5.889,10.427,0.051,0.017,0.002,0.378
11140,중구,2024-09-13,75.6,75.6,좋음,"실외 활동에 좋은 날씨예요 · 비 소식, 우산 챙기세요",주의,해로움,적합,주의,적합,28.878,24.121,91.4,6.671,11.861,0.093,7.636,15.342,0.014,0.016,0.003,0.351
11140,중구,2024-09-14,79.8,79.8,좋음,실외 활동에 좋은 날씨예요,주의,해로움,적합,적합,주의,32.851,24.95,80.3,5.086,0.125,0.0,6.397,12.591,0.036,0.013,0.002,0.322
11140,중구,2024-09-15,78.7,78.7,좋음,실외 활동에 좋은 날씨예요,주의,해로움,적합,적합,주의,32.598,23.979,73.6,7.871,0.0,0.0,6.273,13.033,0.031,0.008,0.002,0.31
11140,중구,2024-09-16,71.8,71.8,좋음,실외 활동에 좋은 날씨예요 · 더위 주의,해로움,해로움,적합,적합,주의,33.092,20.854,74.0,6.993,9.357,0.286,3.373,8.441,0.046,0.009,0.002,0.296
11140,중구,2024-09-17,78.0,78.0,좋음,실외 활동에 좋은 날씨예요 · 더위 주의,해로움,위험,적합,적합,주의,34.257,25.425,77.0,5.225,0.0,0.0,6.548,13.044,0.041,0.011,0.002,0.332
11140,중구,2024-09-18,75.9,75.9,좋음,실외 활동에 좋은 날씨예요 · 더위 주의,해로움,위험,적합,적합,주의,34.312,25.868,76.8,5.546,1.061,0.025,10.356,16.921,0.043,0.011,0.002,0.332
11140,중구,2024-09-19,77.3,77.3,좋음,실외 활동에 좋은 날씨예요 · 더위 주의,해로움,위험,적합,적합,주의,33.807,25.514,77.4,4.293,0.0,0.0,12.869,20.4,0.061,0.018,0.003,0.361
11140,중구,2024-09-20,55.3,55.3,주의,"가벼운 실외 활동은 괜찮아요 — 비 많음, 우산 필수",주의,해로움,주의,해로움,주의,28.892,17.696,89.8,10.218,54.357,0.564,7.853,13.639,0.035,0.015,0.002,0.348
11140,중구,2024-09-21,71.9,71.9,좋음,"실외 활동에 좋은 날씨예요 · 비 소식, 우산 챙기세요",적합,해로움,주의,주의,주의,22.274,16.963,82.3,10.304,21.232,0.371,2.128,5.464,0.036,0.008,0.002,0.261
11140,중구,2024-09-22,89.1,89.1,아주좋음,실외 활동하기 아주 좋은 날씨예요,주의,주의,적합,적합,적합,26.511,17.337,67.4,7.941,0.0,0.0,2.249,5.172,0.029,0.007,0.002,0.252
11140,중구,2024-09-23,91.0,91.0,아주좋음,실외 활동하기 아주 좋은 날씨예요,적합,적합,적합,적합,주의,25.95,16.462,58.3,7.219,0.0,0.0,3.179,9.1,0.037,0.011,0.002,0.267
11140,중구,2024-09-24,91.4,91.4,아주좋음,실외 활동하기 아주 좋은 날씨예요,주의,적합,적합,적합,주의,26.77,15.407,57.9,5.4,0.0,0.0,5.264,13.485,0.048,0.018,0.002,0.326
11140,중구,2024-09-25,89.4,89.4,아주좋음,실외 활동하기 아주 좋은 날씨예요,주의,주의,적합,적합,주의,28.124,17.83,65.6,4.589,0.0,0.0,8.027,18.382,0.044,0.022,0.002,0.376
11140,중구,2024-09-26,85.3,85.3,아주좋음,실외 활동하기 아주 좋은 날씨예요,주의,주의,적합,적합,주의,28.529,20.6,75.1,5.278,0.804,0.041,10.687,19.266,0.056,0.02,0.002,0.386
11140,중구,2024-09-27,85.5,85.5,아주좋음,실외 활동하기 아주 좋은 날씨예요,주의,주의,적합,적합,주의,28.605,18.889,72.8,6.922,0.0,0.0,9.081,17.093,0.045,0.015,0.002,0.355
11140,중구,2024-09-28,87.4,87.4,아주좋음,실외 활동하기 아주 좋은 날씨예요,주의,주의,적합,적합,주의,28.168,19.415,59.3,7.033,0.0,0.0,5.629,12.98,0.043,0.011,0.002,0.301
11140,중구,2024-09-29,86.8,86.8,아주좋음,실외 활동하기 아주 좋은 날씨예요,주의,주의,적합,적합,주의,29.091,18.574,61.5,6.241,0.0,0.0,4.059,9.146,0.043,0.009,0.002,0.289
11140,중구,2024-09-30,87.5,87.5,아주좋음,실외 활동하기 아주 좋은 날씨예요,주의,주의,적합,적합,주의,28.579,18.041,63.0,5.678,0.0,0.0,6.717,15.154,0.054,0.019,0.002,0.348
11140,중구,2024-10-01,86.1,86.1,아주좋음,실외 활동하기 아주 좋은 날씨예요,적합,주의,주의,적합,주의,21.733,13.333,67.5,8.833,2.37,0.078,6.783,15.672,0.04,0.014,0.002,0.323
11140,중구,2024-10-02,91.2,91.2,아주좋음,실외 활동하기 아주 좋은 날씨예요,적합,적합,적합,적합,주의,20.137,11.345,48.8,7.122,0.0,0.0,6.538,16.236,0.038,0.013,0.002,0.3
11140,중구,2024-10-03,91.7,91.7,아주좋음,실외 활동하기 아주 좋은 날씨예요,적합,적합,적합,적합,주의,22.193,10.508,59.0,6.614,0.0,0.0,6.866,15.627,0.039,0.016,0.002,0.318
11140,중구,2024-10-04,93.2,93.2,아주좋음,실외 활동하기 아주 좋은 날씨예요,적합,적합,적합,적합,주의,23.841,11.788,60.0,4.886,0.0,0.0,7.77,16.745,0.042,0.02,0.002,0.354
11140,중구,2024-10-05,92.9,92.9,아주좋음,실외 활동하기 아주 좋은 날씨예요,적합,주의,적합,적합,주의,24.081,11.676,60.4,4.414,0.0,0.0,12.486,23.475,0.053,0.023,0.003,0.403
11140,중구,2024-10-06,91.9,91.9,아주좋음,실외 활동하기 아주 좋은 날씨예요,적합,주의,적합,적합,적합,17.952,12.311,73.5,4.232,0.0,0.0,13.171,22.21,0.026,0.022,0.002,0.448
11140,중구,2024-10-07,90.0,90.0,아주좋음,실외 활동하기 아주 좋은 날씨예요,적합,주의,적합,적합,주의,21.019,13.826,73.9,4.471,0.0,0.0,22.869,38.558,0.045,0.024,0.003,0.526
11140,중구,2024-10-08,89.1,89.1,아주좋음,실외 활동하기 아주 좋은 날씨예요,적합,주의,적합,적합,주의,23.57,12.644,73.9,5.45,0.0,0.0,22.456,36.964,0.037,0.02,0.003,0.501
11140,중구,2024-10-09,91.5,91.5,아주좋음,실외 활동하기 아주 좋은 날씨예요,적합,주의,적합,적합,주의,23.978,13.544,64.1,5.764,0.0,0.0,6.739,13.809,0.044,0.015,0.002,0.347
11140,중구,2024-10-10,91.7,91.7,아주좋음,실외 활동하기 아주 좋은 날씨예요,적합,주의,적합,적합,주의,23.77,15.13,66.3,5.032,0.054,0.0,10.629,20.162,0.043,0.02,0.003,0.38
11140,중구,2024-10-11,89.7,89.7,아주좋음,실외 활동하기 아주 좋은 날씨예요,적합,주의,적합,적합,주의,24.339,13.732,68.8,5.014,0.0,0.0,22.044,35.095,0.064,0.025,0.003,0.476
11140,중구,2024-10-12,92.2,92.2,아주좋음,실외 활동하기 아주 좋은 날씨예요,적합,주의,적합,적합,주의,24.764,12.961,60.6,4.471,0.0,0.0,24.066,38.176,0.056,0.028,0.003,0.518
11140,중구,2024-10-13,91.9,91.9,아주좋음,실외 활동하기 아주 좋은 날씨예요,적합,주의,적합,적합,주의,22.654,12.502,67.0,4.661,0.0,0.0,17.485,27.202,0.042,0.019,0.003,0.458
11140,중구,2024-10-14,92.3,92.3,아주좋음,실외 활동하기 아주 좋은 날씨예요,적합,주의,적합,적합,적합,21.468,17.007,70.3,4.546,0.0,0.0,10.605,20.583,0.025,0.023,0.003,0.403
11140,중구,2024-10-15,89.2,89.2,아주좋음,실외 활동하기 아주 좋은 날씨예요,적합,해로움,적합,적합,적합,21.993,16.789,85.0,4.439,0.518,0.014,13.055,20.933,0.021,0.023,0.003,0.442
11140,중구,2024-10-16,89.2,89.2,아주좋음,실외 활동하기 아주 좋은 날씨예요,적합,주의,적합,적합,주의,24.068,14.271,76.9,4.493,0.0,0.0,23.201,36.614,0.042,0.027,0.003,0.536
11140,중구,2024-10-17,90.5,90.5,아주좋음,실외 활동하기 아주 좋은 날씨예요,적합,주의,적합,적합,주의,25.786,13.654,70.4,4.582,0.0,0.0,21.608,36.918,0.041,0.029,0.003,0.524
11140,중구,2024-10-18,67.2,67.2,무난,"실외 활동하기 무난해요 — 비 많음, 우산 필수",적합,해로움,적합,주의,적합,19.114,15.707,86.1,7.161,40.521,0.746,11.931,21.23,0.02,0.022,0.003,0.435
11140,중구,2024-10-19,85.6,85.6,아주좋음,실외 활동하기 아주 좋은 날씨예요,적합,주의,주의,적합,주의,21.079,12.679,75.0,9.675,0.571,0.032,3.889,8.165,0.035,0.01,0.002,0.317
11140,중구,2024-10-20,89.1,89.1,아주좋음,실외 활동하기 아주 좋은 날씨예요,적합,적합,주의,적합,주의,17.789,10.183,56.0,9.671,0.0,0.0,4.082,12.193,0.035,0.007,0.002,0.242
11140,중구,2024-10-21,91.7,91.7,아주좋음,실외 활동하기 아주 좋은 날씨예요,적합,주의,적합,적합,적합,19.264,9.157,66.4,5.896,0.0,0.0,5.745,16.494,0.028,0.02,0.002,0.34
11140,중구,2024-10-22,74.8,74.8,좋음,"실외 활동에 좋은 날씨예요 · 비 소식, 우산 챙기세요",적합,해로움,적합,주의,적합,16.561,14.346,90.8,7.579,18.129,0.129,6.006,11.923,0.012,0.023,0.002,0.446
11140,중구,2024-10-23,82.9,82.9,좋음,실외 활동에 좋은 날씨예요,주의,주의,주의,적합,주의,16.207,8.846,75.3,10.718,1.904,0.071,6.789,15.398,0.036,0.012,0.002,0.355
11140,중구,2024-10-24,87.8,87.8,아주좋음,실외 활동하기 아주 좋은 날씨예요,주의,주의,적합,적합,주의,18.514,6.69,71.4,6.718,0.0,0.0,16.043,27.873,0.04,0.023,0.003,0.475
11140,중구,2024-10-25,92.6,92.6,아주좋음,실외 활동하기 아주 좋은 날씨예요,주의,주의,적합,적합,주의,21.921,8.901,64.1,4.693,0.0,0.0,14.849,27.187,0.026,0.03,0.003,0.544
11140,중구,2024-10-26,91.3,91.3,아주좋음,실외 활동하기 아주 좋은 날씨예요,적합,주의,적합,적합,주의,23.621,10.71,68.3,5.389,0.0,0.0,12.245,23.027,0.034,0.026,0.003,0.501
11140,중구,2024-10-27,89.4,89.4,아주좋음,실외 활동하기 아주 좋은 날씨예요,적합,주의,적합,적합,주의,19.211,13.571,79.4,4.793,0.0,0.0,16.51,27.839,0.039,0.019,0.003,0.451
11140,중구,2024-10-28,87.6,87.6,아주좋음,실외 활동하기 아주 좋은 날씨예요,적합,주의,적합,적합,주의,20.614,11.821,75.9,6.739,0.0,0.0,21.424,32.856,0.029,0.018,0.003,0.502
11140,중구,2024-10-29,92.1,92.1,아주좋음,실외 활동하기 아주 좋은 날씨예요,적합,주의,적합,적합,주의,18.864,12.689,64.6,5.675,0.036,0.0,7.331,15.932,0.031,0.022,0.002,0.393
11140,중구,2024-10-30,90.2,90.2,아주좋음,실외 활동하기 아주 좋은 날씨예요,적합,주의,적합,적합,주의,21.371,10.908,71.3,5.221,0.0,0.0,16.112,28.99,0.044,0.025,0.003,0.503
11140,중구,2024-10-31,91.6,91.6,아주좋음,실외 활동하기 아주 좋은 날씨예요,적합,주의,적합,적합,주의,22.471,10.646,67.8,4.2,0.0,0.0,21.094,35.487,0.036,0.034,0.003,0.561
11140,중구,2024-11-01,90.8,90.8,아주좋음,실외 활동하기 아주 좋은 날씨예요,적합,주의,적합,적합,주의,18.807,12.482,70.8,3.964,0.0,0.0,23.932,39.809,0.021,0.039,0.003,0.62
11140,중구,2024-11-02,91.7,91.7,아주좋음,실외 활동하기 아주 좋은 날씨예요,적합,적합,적합,적합,주의,24.714,12.375,58.9,6.032,0.0,0.0,20.029,33.024,0.043,0.022,0.003,0.474
11140,중구,2024-11-03,88.3,88.3,아주좋음,실외 활동하기 아주 좋은 날씨예요,적합,주의,적합,적합,주의,23.354,12.117,71.1,7.061,0.0,0.0,14.957,26.017,0.048,0.015,0.003,0.398
11140,중구,2024-11-04,88.0,88.0,아주좋음,실외 활동하기 아주 좋은 날씨예요,주의,주의,주의,적합,주의,19.114,8.787,62.0,9.204,0.182,0.0,13.052,26.711,0.043,0.014,0.003,0.345
11140,중구,2024-11-05,88.6,88.6,아주좋음,실외 활동하기 아주 좋은 날씨예요,주의,적합,주의,적합,주의,15.129,5.149,49.8,8.025,0.0,0.0,10.022,26.738,0.031,0.015,0.003,0.333
11140,중구,2024-11-06,88.6,88.6,아주좋음,실외 활동하기 아주 좋은 날씨예요,주의,적합,적합,적합,주의,12.654,3.04,46.1,6.85,0.0,0.0,12.618,27.773,0.032,0.018,0.003,0.383
11140,중구,2024-11-07,89.3,89.3,아주좋음,실외 활동하기 아주 좋은 날씨예요,주의,적합,적합,적합,주의,14.939,1.603,48.1,4.054,0.0,0.0,22.949,42.915,0.027,0.033,0.003,0.539
11140,중구,2024-11-08,90.1,90.1,아주좋음,실외 활동하기 아주 좋은 날씨예요,주의,적합,적합,적합,주의,17.632,2.999,50.8,3.914,0.0,0.0,22.045,37.526,0.032,0.039,0.003,0.585
11140,중구,2024-11-09,92.3,92.3,아주좋음,실외 활동하기 아주 좋은 날씨예요,주의,적합,적합,적합,주의,20.057,6.416,55.8,3.8,0.0,0.0,19.872,33.615,0.034,0.038,0.003,0.607
11140,중구,2024-11-10,93.0,93.0,아주좋음,실외 활동하기 아주 좋은 날씨예요,적합,주의,적합,적합,주의,20.579,9.922,64.0,4.361,0.0,0.0,15.721,26.197,0.038,0.028,0.003,0.521
11140,중구,2024-11-11,90.3,90.3,아주좋음,실외 활동하기 아주 좋은 날씨예요,적합,주의,적합,적합,주의,21.104,9.062,64.5,4.157,0.0,0.0,30.791,52.91,0.037,0.036,0.003,0.661
11140,중구,2024-11-12,89.8,89.8,아주좋음,실외 활동하기 아주 좋은 날씨예요,적합,주의,적합,적합,주의,19.15,10.237,66.8,5.668,0.0,0.0,24.086,39.558,0.039,0.026,0.003,0.514
11140,중구,2024-11-13,90.3,90.3,아주좋음,실외 활동하기 아주 좋은 날씨예요,주의,주의,적합,적합,주의,20.5,7.999,62.9,5.718,0.0,0.0,22.091,40.912,0.036,0.035,0.003,0.606
11140,중구,2024-11-14,92.2,92.2,아주좋음,실외 활동하기 아주 좋은 날씨예요,적합,주의,적합,적합,주의,16.896,12.693,68.4,4.1,0.004,0.0,17.566,34.716,0.019,0.033,0.003,0.527
11140,중구,2024-11-15,91.7,91.7,아주좋음,실외 활동하기 아주 좋은 날씨예요,적합,주의,적합,적합,주의,21.218,13.275,65.1,5.721,0.018,0.0,16.408,28.842,0.029,0.028,0.003,0.492
11140,중구,2024-11-16,84.1,84.1,좋음,실외 활동에 좋은 날씨예요,적합,주의,적합,적합,주의,22.686,14.082,72.5,7.964,4.875,0.0,13.81,23.68,0.036,0.02,0.003,0.445
11140,중구,2024-11-17,85.1,85.1,아주좋음,실외 활동하기 아주 좋은 날씨예요,주의,적합,주의,적합,주의,14.514,0.555,47.6,9.475,0.0,0.0,9.109,19.904,0.032,0.008,0.003,0.328
11140,중구,2024-11-18,82.7,82.7,좋음,실외 활동에 좋은 날씨예요,해로움,주의,주의,적합,주의,7.589,-1.977,30.9,8.689,0.0,0.0,7.319,17.957,0.031,0.014,0.003,0.318
11140,중구,2024-11-19,89.2,89.2,아주좋음,실외 활동하기 아주 좋은 날씨예요,해로움,적합,적합,적합,주의,10.921,-0.385,49.5,4.696,0.0,0.0,12.612,26.394,0.02,0.031,0.003,0.438
11140,중구,2024-11-20,88.2,88.2,아주좋음,실외 활동하기 아주 좋은 날씨예요,주의,주의,적합,적합,주의,9.989,2.038,65.8,3.714,0.054,0.0,24.151,40.792,0.008,0.04,0.003,0.624
11140,중구,2024-11-21,82.5,82.5,좋음,실외 활동에 좋은 날씨예요 · 미세먼지 주의,주의,주의,적합,적합,해로움,14.096,5.237,71.9,7.429,0.518,0.0,36.18,55.985,0.028,0.032,0.003,0.653
11140,중구,2024-11-22,87.0,87.0,아주좋음,실외 활동하기 아주 좋은 날씨예요,주의,적합,적합,적합,주의,10.761,1.679,48.0,7.075,0.0,0.0,19.539,35.029,0.032,0.019,0.003,0.432
11140,중구,2024-11-23,89.0,89.0,아주좋음,실외 활동하기 아주 좋은 날씨예요,주의,적합,적합,적합,적합,12.311,0.68,47.1,5.432,0.0,0.0,14.165,24.659,0.029,0.026,0.003,0.467
11140,중구,2024-11-24,91.1,91.1,아주좋음,실외 활동하기 아주 좋은 날씨예요,주의,적합,적합,적합,적합,13.375,2.033,58.4,4.164,0.0,0.0,11.033,18.597,0.027,0.026,0.003,0.474
11140,중구,2024-11-25,86.6,86.6,아주좋음,실외 활동하기 아주 좋은 날씨예요,주의,적합,주의,적합,적합,15.529,1.798,57.6,8.593,0.0,0.0,12.781,23.318,0.027,0.027,0.003,0.46
11140,중구,2024-11-26,62.4,62.4,무난,"실외 활동하기 무난해요 — 비 소식, 우산 챙기세요",해로움,해로움,주의,주의,주의,12.893,-1.534,86.4,12.504,25.036,0.0,5.088,10.836,0.031,0.014,0.002,0.332
11140,중구,2024-11-27,68.9,68.9,무난,"실외 활동하기 무난해요 — 비 소식, 우산 챙기세요",해로움,해로움,주의,주의,적합,2.068,-2.643,90.6,8.635,15.746,0.0,6.466,10.873,0.028,0.018,0.002,0.357
11140,중구,2024-11-28,77.7,77.7,좋음,실외 활동에 좋은 날씨예요,해로움,해로움,적합,적합,적합,3.996,-2.666,82.0,7.688,4.657,0.0,12.251,18.734,0.026,0.019,0.002,0.421
11140,중구,2024-11-29,83.3,83.3,좋음,실외 활동에 좋은 날씨예요,해로움,주의,적합,적합,주의,4.144,-4.125,76.3,5.441,0.0,0.0,17.977,31.375,0.022,0.028,0.003,0.52
11140,중구,2024-11-30,83.0,83.0,좋음,실외 활동에 좋은 날씨예요,해로움,해로움,적합,적합,주의,6.114,-1.396,81.6,5.325,0.232,0.0,15.917,25.975,0.016,0.033,0.003,0.624
11140,중구,2024-12-01,76.2,76.2,좋음,실외 활동에 좋은 날씨예요,주의,해로움,적합,적합,주의,9.025,0.553,89.3,4.568,0.304,0.0,22.882,32.982,0.015,0.028,0.003,0.646
11140,중구,2024-12-02,75.8,75.8,좋음,실외 활동에 좋은 날씨예요,해로움,주의,주의,적합,주의,13.482,-0.536,79.9,8.146,0.0,0.0,26.858,44.164,0.03,0.029,0.003,0.65
11140,중구,2024-12-03,83.9,83.9,좋음,실외 활동에 좋은 날씨예요,해로움,적합,적합,적합,적합,4.896,-3.98,48.6,7.581,0.0,0.0,7.434,19.04,0.029,0.018,0.003,0.358
11140,중구,2024-12-04,85.3,85.3,아주좋음,실외 활동하기 아주 좋은 날씨예요,해로움,적합,적합,적합,적합,6.415,-2.401,52.1,6.693,0.0,0.0,11.162,24.267,0.026,0.024,0.003,0.414
11140,중구,2024-12-05,82.1,82.1,좋음,실외 활동에 좋은 날씨예요,해로움,주의,주의,적합,적합,8.586,-1.973,62.8,8.914,1.261,0.0,10.962,23.18,0.028,0.026,0.003,0.451
11140,중구,2024-12-06,82.1,82.1,좋음,실외 활동에 좋은 날씨예요,해로움,적합,주의,적합,주의,5.221,-3.567,49.3,10.025,0.0,0.0,9.145,26.515,0.03,0.016,0.003,0.359
11140,중구,2024-12-07,82.8,82.8,좋음,실외 활동에 좋은 날씨예요,해로움,적합,주의,적합,적합,4.136,-5.418,56.9,8.196,0.0,0.0,11.721,23.555,0.03,0.017,0.003,0.405
11140,중구,2024-12-08,82.8,82.8,좋음,"실외 활동에 좋은 날씨예요 · 쌀쌀해요, 옷 챙기세요",해로움,적합,적합,적합,주의,3.704,-6.344,46.5,7.611,0.0,0.0,12.048,23.214,0.031,0.014,0.003,0.376
11140,중구,2024-12-09,84.7,84.7,좋음,실외 활동에 좋은 날씨예요,해로움,적합,적합,적합,주의,6.461,-4.729,56.1,4.954,0.0,0.0,17.398,34.435,0.022,0.034,0.003,0.584
11140,중구,2024-12-10,82.0,82.0,좋음,실외 활동에 좋은 날씨예요,해로움,적합,적합,적합,주의,6.868,-3.529,58.9,7.275,0.0,0.0,26.536,42.672,0.024,0.035,0.003,0.691
11140,중구,2024-12-11,83.0,83.0,좋음,실외 활동에 좋은 날씨예요 · 미세먼지 주의,해로움,적합,적합,적합,해로움,7.254,-1.444,50.3,4.564,0.0,0.0,37.826,61.624,0.021,0.032,0.004,0.754
11140,중구,2024-12-12,83.4,83.4,좋음,실외 활동에 좋은 날씨예요,해로움,적합,적합,적합,주의,4.739,-4.638,45.8,5.843,0.0,0.0,22.071,41.171,0.021,0.027,0.004,0.536
11140,중구,2024-12-13,83.7,83.7,좋음,실외 활동에 좋은 날씨예요,해로움,적합,적합,적합,주의,4.454,-3.229,42.1,7.986,0.0,0.0,15.474,28.852,0.027,0.023,0.003,0.439
11140,중구,2024-12-14,83.1,83.1,좋음,실외 활동에 좋은 날씨예요,해로움,적합,적합,적합,적합,2.393,-5.512,51.0,7.457,0.0,0.0,14.977,28.844,0.03,0.019,0.003,0.449
11140,중구,2024-12-15,82.5,82.5,좋음,실외 활동에 좋은 날씨예요,해로움,적합,주의,적합,주의,5.389,-4.353,54.1,9.075,0.0,0.0,9.62,20.799,0.034,0.019,0.003,0.388
11140,중구,2024-12-16,82.3,82.3,좋음,실외 활동에 좋은 날씨예요,해로움,주의,적합,적합,주의,3.854,-4.221,65.9,5.714,0.0,0.0,16.11,30.392,0.027,0.035,0.003,0.562
11140,중구,2024-12-17,83.1,83.1,좋음,"실외 활동에 좋은 날씨예요 · 쌀쌀해요, 옷 챙기세요",해로움,적합,적합,적합,적합,3.371,-6.184,51.8,7.264,0.0,0.0,14.039,26.778,0.024,0.025,0.003,0.482
11140,중구,2024-12-18,82.4,82.4,좋음,"실외 활동에 좋은 날씨예요 · 쌀쌀해요, 옷 챙기세요",해로움,적합,적합,적합,주의,0.126,-8.918,47.1,6.004,0.0,0.0,16.155,32.631,0.024,0.019,0.003,0.458
11140,중구,2024-12-19,81.5,81.5,좋음,"실외 활동에 좋은 날씨예요 · 쌀쌀해요, 옷 챙기세요",해로움,적합,적합,적합,주의,3.8,-7.833,47.4,4.336,0.0,0.0,30.121,54.215,0.015,0.037,0.004,0.699
11140,중구,2024-12-20,81.8,81.8,좋음,실외 활동에 좋은 날씨예요 · 미세먼지 주의,해로움,주의,적합,적합,해로움,4.304,-3.425,60.9,4.329,0.121,0.0,38.242,58.247,0.006,0.048,0.004,0.811
11140,중구,2024-12-21,70.8,70.8,좋음,"실외 활동에 좋은 날씨예요 · 쌀쌀해요, 옷 챙기세요",해로움,주의,주의,적합,해로움,1.846,-7.894,74.1,8.579,2.211,0.0,38.373,49.227,0.028,0.022,0.003,0.601
11140,중구,2024-12-22,81.1,81.1,좋음,"실외 활동에 좋은 날씨예요 · 쌀쌀해요, 옷 챙기세요",해로움,적합,적합,적합,주의,0.696,-10.072,52.9,7.657,0.0,0.0,9.724,21.134,0.031,0.016,0.003,0.374
11140,중구,2024-12-23,82.4,82.4,좋음,"실외 활동에 좋은 날씨예요 · 쌀쌀해요, 옷 챙기세요",해로움,적합,적합,적합,주의,6.2,-6.979,58.5,6.941,0.0,0.0,16.689,29.067,0.023,0.033,0.003,0.598
11140,중구,2024-12-24,84.3,84.3,좋음,실외 활동에 좋은 날씨예요,해로움,적합,적합,적합,주의,4.082,-5.253,50.3,4.996,0.0,0.0,18.953,34.29,0.024,0.033,0.003,0.565
11140,중구,2024-12-25,83.0,83.0,좋음,실외 활동에 좋은 날씨예요,해로움,주의,적합,적합,주의,6.132,-2.433,63.1,6.396,0.057,0.0,20.978,32.599,0.025,0.036,0.003,0.617
11140,중구,2024-12-26,76.9,76.9,좋음,"실외 활동에 좋은 날씨예요 · 쌀쌀해요, 옷 챙기세요",해로움,적합,주의,적합,주의,4.279,-8.426,57.9,9.779,0.036,0.0,32.587,64.651,0.028,0.019,0.003,0.485
11140,중구,2024-12-27,80.7,80.7,좋음,"실외 활동에 좋은 날씨예요 · 쌀쌀해요, 옷 챙기세요",해로움,적합,주의,적합,주의,1.382,-9.115,51.4,8.396,0.0,0.0,13.287,30.499,0.03,0.018,0.003,0.375
11140,중구,2024-12-28,80.6,80.6,좋음,"실외 활동에 좋은 날씨예요 · 쌀쌀해요, 옷 챙기세요",해로움,적합,주의,적합,주의,0.589,-9.43,48.3,8.468,0.0,0.0,13.507,29.988,0.03,0.015,0.003,0.372
11140,중구,2024-12-29,85.7,85.7,아주좋음,실외 활동하기 아주 좋은 날씨예요,해로움,적합,적합,적합,적합,5.096,-4.949,56.1,4.471,0.0,0.0,14.389,25.856,0.023,0.029,0.003,0.512
11140,중구,2024-12-30,78.1,78.1,좋음,실외 활동에 좋은 날씨예요,주의,주의,주의,적합,주의,9.961,0.334,68.5,9.793,0.0,0.0,32.185,55.444,0.033,0.033,0.003,0.622
11140,중구,2024-12-31,80.3,80.3,좋음,실외 활동에 좋은 날씨예요,해로움,적합,주의,적합,주의,5.154,-5.283,45.8,8.45,0.0,0.0,18.187,51.254,0.03,0.019,0.003,0.438
11140,중구,2025-01-01,80.7,80.7,좋음,실외 활동에 좋은 날씨예요,해로움,주의,적합,적합,주의,8.5,-4.209,64.3,7.979,0.0,0.0,20.869,41.502,0.036,0.029,0.003,0.574
11140,중구,2025-01-02,82.9,82.9,좋음,실외 활동에 좋은 날씨예요,해로움,적합,적합,적합,주의,5.857,-4.852,48.8,7.207,0.0,0.0,18.779,36.028,0.03,0.026,0.003,0.543
11140,중구,2025-01-03,82.7,82.7,좋음,"실외 활동에 좋은 날씨예요 · 쌀쌀해요, 옷 챙기세요",해로움,적합,적합,적합,적합,2.671,-7.204,52.0,7.257,0.0,0.0,13.814,24.817,0.028,0.021,0.003,0.432
11140,중구,2025-01-04,82.9,82.9,좋음,"실외 활동에 좋은 날씨예요 · 쌀쌀해요, 옷 챙기세요",해로움,적합,적합,적합,주의,5.029,-6.741,49.6,6.05,0.0,0.0,19.175,32.067,0.027,0.028,0.003,0.527
11140,중구,2025-01-05,72.9,72.9,좋음,실외 활동에 좋은 날씨예요,해로움,해로움,적합,적합,주의,2.75,-2.691,85.0,5.204,3.704,0.0,25.074,34.413,0.017,0.03,0.002,0.571
11140,중구,2025-01-06,70.7,70.7,좋음,실외 활동에 좋은 날씨예요 · 미세먼지 주의,해로움,주의,주의,적합,해로움,3.514,-5.49,75.6,8.925,2.125,0.0,41.981,55.298,0.031,0.024,0.003,0.633
11140,중구,2025-01-07,80.7,80.7,좋음,"실외 활동에 좋은 날씨예요 · 쌀쌀해요, 옷 챙기세요",해로움,적합,주의,적합,주의,1.093,-8.614,53.5,8.9,0.004,0.0,13.716,28.014,0.03,0.017,0.003,0.404
11140,중구,2025-01-08,79.3,79.3,좋음,"실외 활동에 좋은 날씨예요 · 쌀쌀해요, 옷 챙기세요",해로움,적합,주의,적합,주의,0.539,-10.212,55.1,9.846,0.0,0.0,16.171,28.846,0.028,0.022,0.003,0.462
11140,중구,2025-01-09,55.0,73.8,주의,"⚠️ 한파, 한랭질환 주의 — 실외 활동에 주의하세요",위험,주의,주의,적합,주의,-6.422,-17.713,38.4,11.979,0.0,0.0,8.838,28.084,0.031,0.01,0.002,0.317
11140,중구,2025-01-10,55.0,81.2,주의,"⚠️ 한파, 한랭질환 주의 — 실외 활동에 주의하세요",위험,적합,적합,적합,적합,-2.478,-14.26,48.0,5.232,0.0,0.0,13.41,24.856,0.026,0.025,0.003,0.436
11140,중구,2025-01-11,81.4,81.4,좋음,"실외 활동에 좋은 날씨예요 · 쌀쌀해요, 옷 챙기세요",해로움,적합,적합,적합,주의,-0.496,-11.13,57.4,4.975,0.0,0.0,21.195,31.835,0.021,0.033,0.003,0.543
11140,중구,2025-01-12,80.4,80.4,좋음,"실외 활동에 좋은 날씨예요 · 쌀쌀해요, 옷 챙기세요",해로움,적합,적합,적합,주의,2.011,-9.576,59.9,5.032,0.0,0.0,29.134,38.962,0.024,0.036,0.003,0.665
11140,중구,2025-01-13,72.4,72.4,좋음,"실외 활동에 좋은 날씨예요 · 쌀쌀해요, 옷 챙기세요",해로움,주의,적합,적합,해로움,3.954,-7.478,76.9,6.514,0.332,0.0,40.103,54.733,0.016,0.042,0.003,0.782
11140,중구,2025-01-14,74.8,74.8,좋음,실외 활동에 좋은 날씨예요 · 미세먼지 주의,해로움,주의,적합,적합,해로움,5.657,-3.444,72.0,7.796,0.307,0.0,42.226,59.319,0.03,0.032,0.003,0.69
11140,중구,2025-01-15,79.6,79.6,좋음,"실외 활동에 좋은 날씨예요 · 쌀쌀해요, 옷 챙기세요",해로움,적합,주의,적합,주의,-0.85,-9.213,40.8,8.993,0.0,0.0,11.199,33.658,0.029,0.014,0.003,0.37
11140,중구,2025-01-16,80.7,80.7,좋음,"실외 활동에 좋은 날씨예요 · 쌀쌀해요, 옷 챙기세요",해로움,주의,적합,적합,주의,3.011,-6.414,65.1,6.85,0.0,0.0,18.949,34.985,0.022,0.03,0.003,0.518
11140,중구,2025-01-17,80.2,80.2,좋음,"실외 활동에 좋은 날씨예요 · 쌀쌀해요, 옷 챙기세요",해로움,주의,적합,적합,주의,5.182,-6.373,62.4,5.171,0.0,0.0,32.637,54.527,0.016,0.035,0.003,0.664
11140,중구,2025-01-18,83.1,83.1,좋음,실외 활동에 좋은 날씨예요,해로움,적합,적합,적합,주의,6.618,-5.124,54.1,3.979,0.0,0.0,28.464,47.679,0.015,0.047,0.004,0.811
11140,중구,2025-01-19,81.2,81.2,좋음,실외 활동에 좋은 날씨예요,해로움,주의,적합,적합,주의,8.436,-2.9,65.0,4.818,0.0,0.0,32.304,47.007,0.028,0.042,0.003,0.752
11140,중구,2025-01-20,75.6,75.6,좋음,실외 활동에 좋은 날씨예요 · 미세먼지 주의,해로움,주의,적합,적합,해로움,6.807,-0.4,73.1,4.461,0.0,0.0,72.123,93.195,0.029,0.044,0.003,0.883
11140,중구,2025-01-21,55.0,71.0,주의,"⚠️ 미세먼지 매우 나쁨, 마스크 착용 — 실외 활동에 주의하세요",해로움,주의,적합,적합,위험,6.025,-2.276,79.8,4.443,0.0,0.0,92.098,114.774,0.013,0.054,0.003,1.075
11140,중구,2025-01-22,76.0,76.0,좋음,실외 활동에 좋은 날씨예요 · 미세먼지 주의,해로움,주의,적합,적합,해로움,7.336,-1.247,70.3,5.564,0.0,0.0,64.175,84.737,0.027,0.043,0.004,0.806
11140,중구,2025-01-23,81.7,81.7,좋음,실외 활동에 좋은 날씨예요,해로움,적합,적합,적합,해로움,7.368,-3.616,54.3,5.3,0.0,0.0,35.901,53.007,0.025,0.041,0.003,0.727
11140,중구,2025-01-24,83.3,83.3,좋음,실외 활동에 좋은 날씨예요,해로움,적합,적합,적합,주의,9.479,-4.045,45.9,4.618,0.0,0.0,28.443,47.676,0.022,0.042,0.003,0.715
11140,중구,2025-01-25,84.4,84.4,좋음,실외 활동에 좋은 날씨예요,해로움,적합,적합,적합,주의,10.346,-2.159,52.8,7.514,0.0,0.0,12.047,21.582,0.034,0.025,0.003,0.477
11140,중구,2025-01-26,85.6,85.6,아주좋음,실외 활동하기 아주 좋은 날씨예요,해로움,적합,적합,적합,주의,7.029,-0.293,50.5,7.218,0.0,0.0,6.198,12.803,0.035,0.017,0.003,0.338
11140,중구,2025-01-27,70.0,70.0,좋음,"실외 활동에 좋은 날씨예요 · 쌀쌀해요, 옷 챙기세요",해로움,주의,주의,적합,주의,4.646,-6.497,77.9,10.886,3.843,0.0,16.674,45.575,0.033,0.012,0.002,0.351
11140,중구,2025-01-28,74.4,74.4,좋음,"실외 활동에 좋은 날씨예요 · 쌀쌀해요, 옷 챙기세요",해로움,주의,주의,적합,주의,-2.514,-9.564,71.3,10.329,0.271,0.0,20.324,31.938,0.035,0.01,0.002,0.408
11140,중구,2025-01-29,77.0,77.0,좋음,"실외 활동에 좋은 날씨예요 · 쌀쌀해요, 옷 챙기세요",해로움,주의,주의,적합,주의,-1.554,-10.259,66.1,9.054,0.007,0.0,19.444,28.481,0.036,0.01,0.002,0.351
11140,중구,2025-01-30,83.3,83.3,좋음,"실외 활동에 좋은 날씨예요 · 쌀쌀해요, 옷 챙기세요",해로움,적합,적합,적합,주의,-0.9,-8.588,46.6,5.257,0.0,0.0,12.85,21.468,0.035,0.019,0.003,0.385
11140,중구,2025-01-31,76.4,76.4,좋음,실외 활동에 좋은 날씨예요,해로움,해로움,적합,적합,주의,0.239,-4.204,80.1,4.293,1.336,0.0,24.183,34.199,0.017,0.037,0.002,0.577
11140,중구,2025-02-01,77.7,77.7,좋음,실외 활동에 좋은 날씨예요,해로움,주의,적합,적합,해로움,6.933,-3.171,74.3,4.257,0.0,0.0,35.457,46.785,0.025,0.035,0.003,0.686
11140,중구,2025-02-02,79.7,79.7,좋음,실외 활동에 좋은 날씨예요,해로움,주의,적합,적합,주의,6.825,-4.278,67.1,5.921,0.0,0.0,28.96,41.832,0.033,0.027,0.003,0.628
11140,중구,2025-02-03,55.0,76.2,주의,"⚠️ 한파, 한랭질환 주의 — 실외 활동에 주의하세요",위험,적합,주의,적합,주의,0.786,-13.458,48.8,11.875,0.0,0.0,17.633,30.63,0.038,0.012,0.003,0.413
11140,중구,2025-02-04,55.0,76.4,주의,"⚠️ 한파, 한랭질환 주의 — 실외 활동에 주의하세요",위험,적합,주의,적합,주의,-5.618,-16.937,50.8,9.907,0.0,0.0,10.322,21.287,0.036,0.011,0.002,0.347
11140,중구,2025-02-05,55.0,76.4,주의,"⚠️ 한파, 한랭질환 주의 — 실외 활동에 주의하세요",위험,적합,주의,적합,주의,-3.732,-16.657,49.1,10.196,0.0,0.0,8.982,19.207,0.035,0.013,0.003,0.366
11140,중구,2025-02-06,55.0,78.3,주의,"⚠️ 한파, 한랭질환 주의 — 실외 활동에 주의하세요",위험,적합,주의,적합,주의,-0.629,-13.881,59.9,8.036,1.136,0.0,12.466,23.888,0.032,0.025,0.003,0.461
11140,중구,2025-02-07,55.0,73.9,주의,"⚠️ 한파, 한랭질환 주의 — 실외 활동에 주의하세요",위험,주의,주의,적합,주의,-4.504,-16.613,60.1,13.118,0.139,0.0,12.843,31.982,0.036,0.015,0.003,0.375
11140,중구,2025-02-08,55.0,78.4,주의,"⚠️ 한파, 한랭질환 주의 — 실외 활동에 주의하세요",위험,적합,적합,적합,주의,-3.674,-15.92,54.5,7.489,0.0,0.0,10.87,25.819,0.034,0.013,0.002,0.363
11140,중구,2025-02-09,55.0,78.8,주의,"⚠️ 한파, 한랭질환 주의 — 실외 활동에 주의하세요",해로움,주의,적합,적합,주의,0.858,-12.432,63.8,7.067,0.0,0.0,14.425,26.016,0.035,0.021,0.003,0.47
11140,중구,2025-02-10,80.5,80.5,좋음,"실외 활동에 좋은 날씨예요 · 쌀쌀해요, 옷 챙기세요",해로움,주의,적합,적합,주의,2.159,-9.45,61.0,7.279,0.0,0.0,18.222,27.16,0.03,0.031,0.003,0.557
11140,중구,2025-02-11,80.8,80.8,좋음,"실외 활동에 좋은 날씨예요 · 쌀쌀해요, 옷 챙기세요",해로움,적합,적합,적합,주의,6.241,-6.998,59.8,5.039,0.0,0.0,32.724,45.327,0.027,0.044,0.003,0.724
11140,중구,2025-02-12,72.6,72.6,좋음,실외 활동에 좋은 날씨예요,해로움,주의,주의,적합,주의,2.7,-4.757,75.8,10.425,0.982,0.0,29.196,40.98,0.031,0.037,0.003,0.591
11140,중구,2025-02-13,80.3,80.3,좋음,"실외 활동에 좋은 날씨예요 · 쌀쌀해요, 옷 챙기세요",해로움,적합,주의,적합,주의,5.679,-8.534,53.1,9.029,0.0,0.0,10.329,29.312,0.034,0.025,0.003,0.426
11140,중구,2025-02-14,78.9,78.9,좋음,실외 활동에 좋은 날씨예요,해로움,주의,적합,적합,주의,9.857,-2.73,67.4,6.368,0.0,0.0,34.32,65.72,0.033,0.041,0.003,0.696
11140,중구,2025-02-15,76.5,76.5,좋음,실외 활동에 좋은 날씨예요 · 미세먼지 주의,해로움,주의,적합,적합,해로움,7.836,-1.097,76.5,4.95,0.0,0.0,43.592,65.388,0.036,0.038,0.003,0.679
11140,중구,2025-02-16,72.7,72.7,좋음,실외 활동에 좋은 날씨예요 · 미세먼지 주의,해로움,주의,주의,적합,해로움,9.496,-2.285,75.6,9.179,0.0,0.0,48.269,68.793,0.048,0.028,0.003,0.641
11140,중구,2025-02-17,79.1,79.1,좋음,"실외 활동에 좋은 날씨예요 · 쌀쌀해요, 옷 챙기세요",해로움,주의,주의,적합,주의,3.529,-7.142,39.1,9.811,0.0,0.0,9.41,35.894,0.042,0.014,0.003,0.338
11140,중구,2025-02-18,79.0,79.0,좋음,"실외 활동에 좋은 날씨예요 · 쌀쌀해요, 옷 챙기세요",해로움,적합,주의,적합,주의,2.396,-8.848,40.3,10.829,0.0,0.0,9.971,26.462,0.037,0.014,0.003,0.352
11140,중구,2025-02-19,80.2,80.2,좋음,"실외 활동에 좋은 날씨예요 · 쌀쌀해요, 옷 챙기세요",해로움,적합,주의,적합,주의,1.207,-9.344,44.8,8.775,0.0,0.0,11.225,25.901,0.036,0.015,0.003,0.38
11140,중구,2025-02-20,79.8,79.8,좋음,"실외 활동에 좋은 날씨예요 · 쌀쌀해요, 옷 챙기세요",해로움,적합,주의,적합,주의,1.786,-10.129,43.3,8.729,0.0,0.0,12.773,27.297,0.037,0.017,0.003,0.417
11140,중구,2025-02-21,79.5,79.5,좋음,"실외 활동에 좋은 날씨예요 · 쌀쌀해요, 옷 챙기세요",해로움,적합,주의,적합,주의,2.125,-10.211,45.3,9.143,0.0,0.0,15.628,30.371,0.038,0.018,0.003,0.421
11140,중구,2025-02-22,80.5,80.5,좋음,"실외 활동에 좋은 날씨예요 · 쌀쌀해요, 옷 챙기세요",해로움,적합,주의,적합,주의,2.304,-8.901,49.1,8.196,0.0,0.0,17.75,31.697,0.039,0.015,0.003,0.391
11140,중구,2025-02-23,78.8,78.8,좋음,"실외 활동에 좋은 날씨예요 · 쌀쌀해요, 옷 챙기세요",해로움,적합,주의,적합,주의,0.319,-10.729,45.4,9.411,0.0,0.0,15.867,32.011,0.041,0.012,0.003,0.37
11140,중구,2025-02-24,80.9,80.9,좋음,"실외 활동에 좋은 날씨예요 · 쌀쌀해요, 옷 챙기세요",해로움,적합,적합,적합,주의,4.196,-9.179,49.8,7.536,0.0,0.0,15.722,31.152,0.038,0.023,0.003,0.451
11140,중구,2025-02-25,76.6,76.6,좋음,"실외 활동에 좋은 날씨예요 · 쌀쌀해요, 옷 챙기세요",해로움,주의,주의,적합,주의,5.881,-6.197,72.6,9.018,0.0,0.0,17.145,31.789,0.04,0.03,0.003,0.496
11140,중구,2025-02-26,80.6,80.6,좋음,실외 활동에 좋은 날씨예요,해로움,적합,주의,적합,주의,8.868,-1.992,49.4,8.475,0.0,0.0,32.061,65.792,0.04,0.026,0.003,0.495
11140,중구,2025-02-27,79.0,79.0,좋음,실외 활동에 좋은 날씨예요,해로움,주의,적합,적합,주의,13.764,-2.861,29.4,6.057,0.0,0.0,15.131,41.252,0.036,0.043,0.004,0.605
11140,중구,2025-02-28,85.8,85.8,아주좋음,실외 활동하기 아주 좋은 날씨예요,주의,적합,적합,적합,주의,13.036,2.014,52.4,4.743,0.0,0.0,32.173,51.788,0.033,0.053,0.004,0.799
11140,중구,2025-03-01,81.6,81.6,좋음,실외 활동에 좋은 날씨예요 · 미세먼지 주의,주의,주의,적합,적합,해로움,13.018,1.62,68.5,6.168,0.111,0.0,49.465,65.035,0.026,0.044,0.003,0.758
11140,중구,2025-03-02,71.6,71.6,좋음,"실외 활동에 좋은 날씨예요 · 비 소식, 우산 챙기세요",해로움,주의,주의,주의,주의,15.407,-0.36,68.0,11.839,11.136,0.0,29.73,42.981,0.045,0.024,0.003,0.527
11140,중구,2025-03-03,74.1,74.1,좋음,"실외 활동에 좋은 날씨예요 · 비 소식, 우산 챙기세요",해로움,주의,주의,적합,주의,6.546,-3.042,63.5,12.189,8.193,0.0,4.998,12.592,0.043,0.01,0.002,0.275
11140,중구,2025-03-04,77.5,77.5,좋음,실외 활동에 좋은 날씨예요,해로움,주의,주의,적합,주의,3.582,-3.031,68.3,10.261,2.625,0.0,3.849,10.014,0.044,0.014,0.002,0.312
11140,중구,2025-03-05,85.8,85.8,아주좋음,실외 활동하기 아주 좋은 날씨예요,주의,주의,적합,적합,주의,8.711,0.453,63.3,6.307,0.0,0.0,4.173,8.987,0.037,0.02,0.002,0.359
11140,중구,2025-03-06,83.2,83.2,좋음,실외 활동에 좋은 날씨예요,해로움,적합,적합,적합,주의,10.146,-1.728,55.1,7.339,0.0,0.0,27.679,46.209,0.045,0.024,0.003,0.553
11140,중구,2025-03-07,82.4,82.4,좋음,실외 활동에 좋은 날씨예요 · 미세먼지 주의,해로움,적합,적합,적합,해로움,10.726,-1.298,49.3,5.846,0.0,0.0,48.263,71.389,0.049,0.036,0.004,0.662
11140,중구,2025-03-08,84.0,84.0,좋음,실외 활동에 좋은 날씨예요 · 미세먼지 주의,주의,적합,적합,적합,해로움,10.796,1.219,55.0,7.375,0.0,0.0,38.804,55.204,0.049,0.028,0.003,0.527
11140,중구,2025-03-09,81.7,81.7,좋음,실외 활동에 좋은 날씨예요 · 미세먼지 주의,해로움,주의,적합,적합,해로움,13.104,-0.082,67.3,5.561,0.0,0.0,39.931,55.012,0.049,0.027,0.003,0.55
11140,중구,2025-03-10,82.1,82.1,좋음,실외 활동에 좋은 날씨예요 · 미세먼지 주의,주의,적합,적합,적합,해로움,14.515,0.727,59.8,7.707,0.0,0.0,55.59,72.217,0.056,0.034,0.003,0.637
11140,중구,2025-03-11,84.7,84.7,좋음,실외 활동에 좋은 날씨예요 · 미세먼지 주의,주의,적합,적합,적합,해로움,15.946,1.534,58.0,6.082,0.0,0.0,44.243,59.549,0.049,0.036,0.003,0.587
11140,중구,2025-03-12,84.4,84.4,좋음,실외 활동에 좋은 날씨예요,주의,주의,적합,적합,주의,12.275,4.864,72.3,7.061,0.0,0.0,30.613,47.72,0.04,0.033,0.003,0.501
11140,중구,2025-03-13,83.8,83.8,좋음,실외 활동에 좋은 날씨예요,주의,적합,적합,적합,해로움,15.354,1.441,54.6,7.268,0.0,0.0,28.643,80.151,0.038,0.027,0.003,0.498
11140,중구,2025-03-14,84.8,84.8,좋음,실외 활동에 좋은 날씨예요,주의,주의,적합,적합,주의,19.221,3.862,31.4,5.946,0.0,0.0,20.573,59.581,0.046,0.031,0.003,0.526
11140,중구,2025-03-15,91.0,91.0,아주좋음,실외 활동하기 아주 좋은 날씨예요,주의,주의,주의,적합,주의,16.514,8.303,39.1,9.196,0.0,0.0,11.851,34.651,0.048,0.015,0.003,0.324
11140,중구,2025-03-16,81.4,81.4,좋음,실외 활동에 좋은 날씨예요,해로움,적합,주의,적합,주의,9.725,-1.569,56.3,11.043,1.064,0.0,19.345,36.566,0.047,0.01,0.002,0.341
11140,중구,2025-03-17,81.9,81.9,좋음,실외 활동에 좋은 날씨예요,해로움,적합,주의,적합,주의,6.782,-3.721,46.0,8.836,0.246,0.0,20.499,36.839,0.046,0.015,0.003,0.37
11140,중구,2025-03-18,74.1,74.1,좋음,"실외 활동에 좋은 날씨예요 · 비 소식, 우산 챙기세요",해로움,주의,주의,적합,주의,5.822,-3.043,70.6,9.579,6.425,0.0,22.12,30.748,0.047,0.016,0.002,0.387
11140,중구,2025-03-19,80.7,80.7,좋음,실외 활동에 좋은 날씨예요,해로움,적합,주의,적합,주의,7.015,-4.315,49.5,8.221,0.0,0.0,31.588,44.892,0.05,0.021,0.003,0.431
11140,중구,2025-03-20,80.7,80.7,좋음,실외 활동에 좋은 날씨예요 · 미세먼지 주의,해로움,주의,주의,적합,해로움,15.089,-0.66,62.8,9.2,0.0,0.0,36.589,57.736,0.061,0.024,0.003,0.489
11140,중구,2025-03-21,86.6,86.6,아주좋음,실외 활동하기 아주 좋은 날씨예요 · 미세먼지 주의,주의,주의,적합,적합,해로움,18.8,5.713,61.3,7.986,0.0,0.0,48.028,82.876,0.063,0.025,0.003,0.532
11140,중구,2025-03-22,86.0,86.0,아주좋음,실외 활동하기 아주 좋은 날씨예요 · 미세먼지 주의,주의,적합,주의,적합,해로움,20.179,5.371,53.8,9.246,0.0,0.0,47.683,80.762,0.063,0.027,0.004,0.584
11140,중구,2025-03-23,87.9,87.9,아주좋음,실외 활동하기 아주 좋은 날씨예요 · 미세먼지 주의,주의,적합,적합,적합,해로움,23.836,6.084,49.0,6.943,0.0,0.0,47.803,85.925,0.073,0.025,0.004,0.591
11140,중구,2025-03-24,89.4,89.4,아주좋음,실외 활동하기 아주 좋은 날씨예요 · 미세먼지 주의,적합,적합,주의,적합,해로움,21.075,10.601,56.1,8.854,0.0,0.0,48.278,93.532,0.066,0.024,0.004,0.559
11140,중구,2025-03-25,79.6,79.6,좋음,실외 활동에 좋은 날씨예요 · 미세먼지 주의,주의,주의,해로움,적합,위험,21.632,6.394,63.5,15.521,0.0,0.0,58.334,146.3,0.061,0.019,0.003,0.543
11140,중구,2025-03-26,84.7,84.7,좋음,실외 활동에 좋은 날씨예요 · 미세먼지 주의,주의,적합,적합,적합,위험,24.111,4.815,46.4,6.539,0.0,0.0,20.368,110.163,0.047,0.034,0.003,0.556
11140,중구,2025-03-27,85.9,85.9,아주좋음,실외 활동하기 아주 좋은 날씨예요,주의,주의,주의,적합,주의,18.879,5.74,65.1,9.657,0.189,0.0,23.079,61.453,0.052,0.018,0.003,0.421
11140,중구,2025-03-28,83.8,83.8,좋음,실외 활동에 좋은 날씨예요,주의,적합,주의,적합,주의,12.17,0.751,41.6,10.746,0.0,0.0,18.903,41.67,0.044,0.012,0.003,0.364
11140,중구,2025-03-29,80.1,80.1,좋음,실외 활동에 좋은 날씨예요,해로움,적합,주의,적합,주의,7.354,-3.054,40.8,13.154,0.179,0.0,9.396,24.774,0.044,0.013,0.003,0.321
11140,중구,2025-03-30,81.4,81.4,좋음,실외 활동에 좋은 날씨예요,해로움,적합,주의,적합,주의,7.836,-4.182,51.1,9.964,0.107,0.0,9.143,24.223,0.046,0.012,0.002,0.318
11140,중구,2025-03-31,85.3,85.3,아주좋음,실외 활동하기 아주 좋은 날씨예요,해로움,적합,적합,적합,주의,13.857,-0.0,50.5,7.096,0.0,0.0,17.036,35.542,0.05,0.024,0.003,0.42
11140,중구,2025-04-01,86.1,86.1,아주좋음,실외 활동하기 아주 좋은 날씨예요,주의,적합,적합,적합,주의,16.761,2.814,53.0,7.032,0.0,0.0,34.146,62.055,0.066,0.03,0.003,0.502
11140,중구,2025-04-02,85.7,85.7,아주좋음,실외 활동하기 아주 좋은 날씨예요,주의,적합,주의,적합,주의,14.607,3.382,55.4,9.125,0.0,0.0,31.16,52.355,0.058,0.033,0.003,0.5
11140,중구,2025-04-03,86.4,86.4,아주좋음,실외 활동하기 아주 좋은 날씨예요,주의,적합,적합,적합,주의,16.507,2.615,58.6,7.571,0.0,0.0,27.185,41.152,0.054,0.024,0.003,0.414
11140,중구,2025-04-04,87.4,87.4,아주좋음,실외 활동하기 아주 좋은 날씨예요,주의,적합,주의,적합,주의,16.407,4.498,54.5,8.093,0.0,0.0,30.639,45.293,0.061,0.027,0.003,0.441
11140,중구,2025-04-05,73.5,73.5,좋음,"실외 활동에 좋은 날씨예요 · 비 소식, 우산 챙기세요",주의,해로움,적합,주의,주의,9.586,6.451,86.1,5.286,20.243,0.154,18.677,27.81,0.044,0.022,0.002,0.457
11140,중구,2025-04-06,86.8,86.8,아주좋음,실외 활동하기 아주 좋은 날씨예요,주의,주의,주의,적합,주의,16.011,5.288,67.3,8.322,0.018,0.0,17.89,33.563,0.053,0.015,0.003,0.387
11140,중구,2025-04-07,85.7,85.7,아주좋음,실외 활동하기 아주 좋은 날씨예요,주의,적합,주의,적합,주의,20.459,3.596,54.5,9.641,0.0,0.0,27.318,56.071,0.072,0.023,0.003,0.474
11140,중구,2025-04-08,89.8,89.8,아주좋음,실외 활동하기 아주 좋은 날씨예요,적합,적합,주의,적합,주의,18.667,9.37,55.0,9.478,0.0,0.0,28.71,67.222,0.074,0.02,0.003,0.436
11140,중구,2025-04-09,90.7,90.7,아주좋음,실외 활동하기 아주 좋은 날씨예요,주의,적합,적합,적합,주의,18.256,7.569,51.6,7.863,0.252,0.03,24.935,48.94,0.051,0.032,0.003,0.506
11140,중구,2025-04-10,90.4,90.4,아주좋음,실외 활동하기 아주 좋은 날씨예요,주의,주의,적합,적합,주의,19.03,7.831,60.6,7.5,0.143,0.0,30.543,48.596,0.06,0.024,0.003,0.494
11140,중구,2025-04-11,90.2,90.2,아주좋음,실외 활동하기 아주 좋은 날씨예요 · 미세먼지 주의,주의,적합,적합,적합,해로움,24.211,7.137,51.8,6.343,0.0,0.0,37.079,57.874,0.06,0.034,0.003,0.587
11140,중구,2025-04-12,70.3,70.3,좋음,"실외 활동에 좋은 날씨예요 · 비 소식, 우산 챙기세요",해로움,주의,주의,주의,주의,22.675,-0.584,66.5,11.914,16.782,0.15,22.128,38.323,0.055,0.024,0.003,0.474
11140,중구,2025-04-13,72.3,72.3,좋음,실외 활동에 좋은 날씨예요 · 바람 강함,해로움,주의,해로움,적합,주의,8.859,-1.932,71.1,14.839,3.454,0.096,8.878,45.424,0.043,0.009,0.002,0.297
11140,중구,2025-04-14,70.1,70.1,좋음,"실외 활동에 좋은 날씨예요 · 비 소식, 우산 챙기세요",주의,해로움,주의,적합,주의,6.389,0.108,87.4,9.321,7.836,0.139,9.012,17.239,0.041,0.018,0.002,0.379
11140,중구,2025-04-15,81.0,81.0,좋음,실외 활동에 좋은 날씨예요,주의,주의,주의,적합,주의,14.211,0.227,70.3,9.285,0.0,0.0,14.667,25.283,0.048,0.02,0.002,0.438
11140,중구,2025-04-16,87.3,87.3,아주좋음,실외 활동하기 아주 좋은 날씨예요,주의,적합,주의,적합,주의,22.511,4.619,58.0,8.839,0.0,0.0,23.73,42.599,0.072,0.024,0.003,0.468
11140,중구,2025-04-17,90.2,90.2,아주좋음,실외 활동하기 아주 좋은 날씨예요,적합,주의,주의,적합,주의,25.019,14.852,63.5,8.132,0.0,0.0,24.081,62.753,0.067,0.021,0.003,0.429
11140,중구,2025-04-18,89.1,89.1,아주좋음,실외 활동하기 아주 좋은 날씨예요,적합,주의,적합,적합,주의,23.807,14.841,67.9,7.075,0.0,0.0,32.492,72.977,0.068,0.024,0.003,0.482
11140,중구,2025-04-19,75.4,75.4,좋음,"실외 활동에 좋은 날씨예요 · 비 소식, 우산 챙기세요",적합,해로움,주의,적합,주의,20.957,11.918,89.1,13.236,7.061,0.129,19.321,40.159,0.049,0.016,0.002,0.394
11140,중구,2025-04-20,90.9,90.9,아주좋음,실외 활동하기 아주 좋은 날씨예요,적합,주의,적합,적합,주의,24.604,9.822,70.0,5.161,0.0,0.0,13.763,23.485,0.059,0.015,0.002,0.449
11140,중구,2025-04-21,89.9,89.9,아주좋음,실외 활동하기 아주 좋은 날씨예요,주의,주의,적합,적합,주의,26.869,13.675,65.3,6.914,0.0,0.0,13.989,28.017,0.057,0.022,0.003,0.449
11140,중구,2025-04-22,70.8,70.8,좋음,"실외 활동에 좋은 날씨예요 · 비 많음, 우산 필수",적합,해로움,적합,주의,주의,19.85,14.411,87.8,6.446,31.868,0.3,10.512,18.97,0.04,0.02,0.002,0.449
11140,중구,2025-04-23,92.3,92.3,아주좋음,실외 활동하기 아주 좋은 날씨예요,적합,주의,적합,적합,주의,23.236,10.965,62.4,6.921,0.0,0.0,6.533,17.171,0.06,0.018,0.002,0.388
11140,중구,2025-04-24,90.7,90.7,아주좋음,실외 활동하기 아주 좋은 날씨예요,적합,적합,주의,적합,주의,19.839,9.95,52.4,9.736,0.0,0.0,26.712,47.929,0.06,0.019,0.003,0.409
11140,중구,2025-04-25,87.9,87.9,아주좋음,실외 활동하기 아주 좋은 날씨예요,주의,주의,주의,적합,주의,17.957,6.942,38.4,10.857,0.0,0.0,23.609,52.836,0.049,0.015,0.003,0.343
11140,중구,2025-04-26,89.2,89.2,아주좋음,실외 활동하기 아주 좋은 날씨예요,주의,적합,주의,적합,주의,20.007,5.854,53.1,8.636,0.0,0.0,13.48,37.605,0.055,0.019,0.003,0.354
11140,중구,2025-04-27,91.6,91.6,아주좋음,실외 활동하기 아주 좋은 날씨예요,적합,적합,주의,적합,주의,19.643,10.406,46.4,9.164,0.0,0.0,9.324,27.372,0.057,0.015,0.003,0.339
11140,중구,2025-04-28,90.7,90.7,아주좋음,실외 활동하기 아주 좋은 날씨예요,적합,적합,주의,적합,주의,20.693,9.327,45.6,10.143,0.0,0.0,14.899,37.769,0.056,0.016,0.003,0.33
11140,중구,2025-04-29,88.5,88.5,아주좋음,실외 활동하기 아주 좋은 날씨예요,주의,주의,적합,적합,주의,21.268,7.06,34.1,7.404,0.0,0.0,23.761,40.973,0.06,0.022,0.003,0.397
11140,중구,2025-04-30,88.6,88.6,아주좋음,실외 활동하기 아주 좋은 날씨예요,주의,주의,주의,적합,주의,26.182,9.621,36.3,9.525,0.0,0.0,20.318,43.649,0.067,0.025,0.003,0.433
11140,중구,2025-05-01,79.7,79.7,좋음,"실외 활동에 좋은 날씨예요 · 비 소식, 우산 챙기세요",적합,주의,적합,주의,주의,18.039,10.719,69.6,7.65,19.379,0.321,17.026,34.554,0.052,0.018,0.003,0.392
11140,중구,2025-05-02,90.5,90.5,아주좋음,실외 활동하기 아주 좋은 날씨예요,주의,적합,주의,적합,주의,18.689,7.383,59.3,9.621,0.0,0.0,11.322,24.965,0.051,0.014,0.003,0.336
11140,중구,2025-05-03,80.7,80.7,좋음,"실외 활동에 좋은 날씨예요 · 비 소식, 우산 챙기세요",주의,해로움,적합,적합,주의,13.875,8.1,80.5,7.361,7.511,0.079,9.758,18.563,0.048,0.015,0.002,0.34
11140,중구,2025-05-04,86.9,86.9,아주좋음,실외 활동하기 아주 좋은 날씨예요,주의,주의,주의,적합,주의,20.336,6.468,60.9,12.614,0.0,0.0,12.372,34.327,0.066,0.014,0.003,0.373
11140,중구,2025-05-05,90.6,90.6,아주좋음,실외 활동하기 아주 좋은 날씨예요,주의,주의,적합,적합,주의,15.136,8.422,64.5,7.311,0.0,0.0,13.809,28.661,0.058,0.017,0.003,0.39
11140,중구,2025-05-06,92.1,92.1,아주좋음,실외 활동하기 아주 좋은 날씨예요,주의,적합,적합,적합,주의,19.511,7.525,57.5,6.754,0.0,0.0,9.284,21.855,0.053,0.015,0.002,0.347
11140,중구,2025-05-07,92.1,92.1,아주좋음,실외 활동하기 아주 좋은 날씨예요,적합,주의,적합,적합,주의,21.157,9.118,61.5,7.189,0.0,0.0,15.346,32.837,0.055,0.021,0.003,0.391
11140,중구,2025-05-08,91.6,91.6,아주좋음,실외 활동하기 아주 좋은 날씨예요,적합,적합,적합,적합,주의,25.139,9.134,53.5,7.061,0.0,0.0,21.138,57.447,0.068,0.023,0.003,0.404
11140,중구,2025-05-09,76.3,76.3,좋음,"실외 활동에 좋은 날씨예요 · 비 소식, 우산 챙기세요",적합,해로움,주의,주의,주의,17.411,13.521,81.8,8.393,14.932,0.129,16.467,48.775,0.055,0.022,0.002,0.406
11140,중구,2025-05-10,73.7,73.7,좋음,"실외 활동에 좋은 날씨예요 · 비 소식, 우산 챙기세요",적합,위험,주의,주의,주의,15.307,11.254,95.5,8.975,11.843,0.096,13.334,23.155,0.043,0.013,0.002,0.44
11140,중구,2025-05-11,86.8,86.8,아주좋음,실외 활동하기 아주 좋은 날씨예요,적합,주의,적합,적합,주의,20.936,10.814,76.9,6.771,0.0,0.0,31.307,53.876,0.066,0.014,0.003,0.504
11140,중구,2025-05-12,90.6,90.6,아주좋음,실외 활동하기 아주 좋은 날씨예요,적합,주의,적합,적합,주의,23.921,9.599,62.6,7.318,0.0,0.0,31.412,49.094,0.075,0.023,0.003,0.472
11140,중구,2025-05-13,89.1,89.1,아주좋음,실외 활동하기 아주 좋은 날씨예요,주의,적합,주의,적합,주의,26.618,13.254,47.4,10.004,0.0,0.0,25.886,43.313,0.079,0.026,0.003,0.47
11140,중구,2025-05-14,90.0,90.0,아주좋음,실외 활동하기 아주 좋은 날씨예요,주의,적합,적합,적합,주의,26.8,13.275,52.8,7.604,0.0,0.0,25.104,41.52,0.082,0.025,0.003,0.471
11140,중구,2025-05-15,86.0,86.0,아주좋음,실외 활동하기 아주 좋은 날씨예요,적합,해로움,적합,적합,주의,22.696,16.104,80.9,6.314,1.307,0.014,21.118,31.652,0.054,0.017,0.002,0.417
11140,중구,2025-05-16,61.7,61.7,무난,"실외 활동하기 무난해요 — 비 많음, 우산 필수",적합,해로움,적합,해로움,주의,22.439,17.289,92.6,7.929,51.582,0.507,20.994,34.391,0.038,0.022,0.003,0.463
11140,중구,2025-05-17,81.6,81.6,좋음,실외 활동에 좋은 날씨예요,적합,해로움,주의,적합,주의,25.079,14.371,86.4,9.125,3.061,0.079,8.827,20.092,0.045,0.014,0.002,0.34
11140,중구,2025-05-18,92.8,92.8,아주좋음,실외 활동하기 아주 좋은 날씨예요,적합,적합,적합,적합,주의,21.629,11.049,59.3,7.675,0.0,0.0,15.195,34.028,0.053,0.01,0.002,0.338
11140,중구,2025-05-19,88.2,88.2,아주좋음,실외 활동하기 아주 좋은 날씨예요,적합,주의,주의,적합,주의,21.093,9.884,70.4,8.114,1.146,0.029,19.208,37.989,0.051,0.019,0.003,0.414
11140,중구,2025-05-20,80.4,80.4,좋음,실외 활동에 좋은 날씨예요,주의,해로움,주의,적합,주의,27.905,17.536,85.5,8.132,0.839,0.025,9.136,20.235,0.051,0.015,0.002,0.359
11140,중구,2025-05-21,77.8,77.8,좋음,실외 활동에 좋은 날씨예요,주의,해로움,적합,적합,주의,31.087,21.539,75.5,6.411,0.0,0.0,9.936,19.216,0.056,0.015,0.003,0.349
11140,중구,2025-05-22,84.2,84.2,좋음,실외 활동에 좋은 날씨예요,주의,주의,적합,적합,주의,28.827,18.893,68.0,6.561,0.457,0.025,13.427,26.836,0.057,0.015,0.002,0.369
11140,중구,2025-05-23,91.8,91.8,아주좋음,실외 활동하기 아주 좋은 날씨예요,적합,적합,적합,적합,주의,21.829,14.664,53.8,7.182,2.311,0.029,19.52,30.655,0.047,0.015,0.002,0.355
11140,중구,2025-05-24,87.8,87.8,아주좋음,실외 활동하기 아주 좋은 날씨예요,적합,주의,적합,적합,주의,18.414,12.589,69.1,7.479,4.1,0.086,13.492,20.555,0.041,0.01,0.002,0.301
11140,중구,2025-05-25,92.5,92.5,아주좋음,실외 활동하기 아주 좋은 날씨예요,적합,주의,적합,적합,주의,22.864,10.843,61.0,7.436,0.0,0.0,11.737,19.99,0.057,0.012,0.003,0.328
11140,중구,2025-05-26,91.9,91.9,아주좋음,실외 활동하기 아주 좋은 날씨예요,주의,적합,적합,적합,주의,26.375,12.537,59.4,5.775,0.0,0.0,25.112,39.801,0.08,0.021,0.003,0.447
11140,중구,2025-05-27,89.5,89.5,아주좋음,실외 활동하기 아주 좋은 날씨예요 · 미세먼지 주의,주의,적합,적합,적합,해로움,27.099,14.018,57.0,5.971,0.0,0.0,37.04,55.038,0.101,0.022,0.004,0.507
11140,중구,2025-05-28,88.5,88.5,아주좋음,실외 활동하기 아주 좋은 날씨예요 · 미세먼지 주의,주의,주의,적합,적합,해로움,27.139,15.543,62.0,6.85,0.0,0.0,38.765,55.259,0.09,0.021,0.004,0.49
11140,중구,2025-05-29,88.9,88.9,아주좋음,실외 활동하기 아주 좋은 날씨예요,주의,적합,적합,적합,주의,27.512,15.079,58.4,7.014,0.482,0.0,26.25,39.538,0.08,0.019,0.003,0.423
11140,중구,2025-05-30,88.8,88.8,아주좋음,실외 활동하기 아주 좋은 날씨예요,주의,주의,적합,적합,주의,28.283,15.75,55.0,5.504,0.0,0.0,25.773,40.407,0.069,0.023,0.003,0.436
11140,중구,2025-05-31,90.3,90.3,아주좋음,실외 활동하기 아주 좋은 날씨예요,주의,적합,적합,적합,해로움,26.991,16.007,55.0,5.807,0.0,0.0,28.897,44.219,0.094,0.022,0.003,0.439
11140,중구,2025-06-01,86.3,86.3,아주좋음,실외 활동하기 아주 좋은 날씨예요 · 미세먼지 주의,주의,주의,적합,적합,해로움,29.396,16.139,57.8,6.829,0.0,0.0,38.604,54.406,0.094,0.018,0.003,0.469
11140,중구,2025-06-02,94.5,94.5,아주좋음,실외 활동하기 아주 좋은 날씨예요 · 미세먼지 주의,적합,주의,적합,적합,해로움,23.118,18.514,64.3,4.793,0.0,0.0,36.602,55.533,0.074,0.031,0.003,0.527
11140,중구,2025-06-03,91.3,91.3,아주좋음,실외 활동하기 아주 좋은 날씨예요,적합,적합,주의,적합,주의,25.454,16.532,56.9,9.375,0.0,0.0,25.085,43.279,0.069,0.014,0.003,0.376
11140,중구,2025-06-04,89.4,89.4,아주좋음,실외 활동하기 아주 좋은 날씨예요,적합,적합,주의,적합,주의,25.929,14.729,55.3,11.661,0.0,0.0,8.495,30.222,0.053,0.014,0.003,0.315
11140,중구,2025-06-05,90.9,90.9,아주좋음,실외 활동하기 아주 좋은 날씨예요,주의,적합,적합,적합,주의,27.421,14.932,49.8,7.314,0.0,0.0,12.021,26.93,0.069,0.02,0.003,0.335
11140,중구,2025-06-06,81.5,81.5,좋음,실외 활동에 좋은 날씨예요,주의,주의,주의,적합,주의,30.146,17.568,42.6,10.539,0.0,0.0,14.615,32.506,0.081,0.017,0.003,0.369
11140,중구,2025-06-07,86.5,86.5,아주좋음,실외 활동하기 아주 좋은 날씨예요,주의,주의,적합,적합,주의,28.154,19.139,61.4,7.979,0.111,0.021,22.831,42.838,0.07,0.013,0.003,0.375
11140,중구,2025-06-08,81.8,81.8,좋음,실외 활동에 좋은 날씨예요,주의,주의,적합,적합,주의,30.477,20.371,69.3,6.546,0.164,0.021,16.259,27.78,0.068,0.01,0.002,0.329
11140,중구,2025-06-09,82.8,82.8,좋음,실외 활동에 좋은 날씨예요,주의,주의,적합,적합,주의,30.25,19.882,66.6,6.907,0.0,0.0,20.053,32.711,0.084,0.014,0.002,0.389
11140,중구,2025-06-10,90.7,90.7,아주좋음,실외 활동하기 아주 좋은 날씨예요,적합,주의,적합,적합,주의,25.386,18.232,71.6,7.404,0.0,0.0,11.111,20.291,0.05,0.015,0.002,0.356
11140,중구,2025-06-11,87.4,87.4,아주좋음,실외 활동하기 아주 좋은 날씨예요,주의,주의,주의,적합,주의,28.612,15.657,54.6,8.0,0.0,0.0,13.228,27.11,0.063,0.018,0.003,0.371
11140,중구,2025-06-12,78.7,78.7,좋음,실외 활동에 좋은 날씨예요,주의,주의,적합,적합,해로움,32.679,17.193,50.4,6.621,0.0,0.0,20.225,35.844,0.096,0.021,0.003,0.435
11140,중구,2025-06-13,84.6,84.6,좋음,실외 활동에 좋은 날씨예요,주의,주의,적합,적합,해로움,28.946,18.921,60.9,6.657,1.482,0.054,27.382,43.608,0.094,0.027,0.004,0.473
11140,중구,2025-06-14,78.2,78.2,좋음,실외 활동에 좋은 날씨예요,주의,주의,적합,적합,주의,32.624,19.654,66.3,6.446,0.0,0.0,15.377,25.652,0.071,0.014,0.003,0.346
11140,중구,2025-06-15,68.1,68.1,무난,"실외 활동하기 무난해요 — 비 소식, 우산 챙기세요",주의,해로움,주의,적합,주의,32.987,20.889,69.6,9.175,9.171,0.282,14.803,24.383,0.061,0.011,0.003,0.335
11140,중구,2025-06-16,73.5,73.5,좋음,"실외 활동에 좋은 날씨예요 · 비 소식, 우산 챙기세요",적합,해로움,주의,주의,주의,25.864,21.371,87.8,9.354,17.607,0.468,18.717,33.896,0.063,0.013,0.002,0.406
11140,중구,2025-06-17,83.4,83.4,좋음,실외 활동에 좋은 날씨예요,주의,주의,적합,적합,주의,29.572,20.607,73.3,6.321,0.0,0.0,22.559,44.968,0.088,0.015,0.003,0.394
11140,중구,2025-06-18,80.6,80.6,좋음,실외 활동에 좋은 날씨예요,주의,주의,적합,적합,해로움,31.157,20.575,65.3,5.996,0.0,0.0,25.49,44.527,0.099,0.02,0.003,0.444
11140,중구,2025-06-19,72.7,72.7,좋음,실외 활동에 좋은 날씨예요 · 더위 주의,해로움,해로움,적합,적합,주의,34.252,20.539,57.9,7.493,0.368,0.029,18.411,32.415,0.082,0.022,0.003,0.416
11140,중구,2025-06-20,52.7,52.7,주의,"가벼운 실외 활동은 괜찮아요 — 비 많음, 우산 필수",주의,해로움,주의,해로움,주의,28.414,21.911,93.4,13.061,54.557,0.286,3.785,9.458,0.038,0.009,0.002,0.25
11140,중구,2025-06-21,86.9,86.9,아주좋음,실외 활동하기 아주 좋은 날씨예요,적합,해로움,적합,적합,주의,24.511,20.036,88.1,7.25,0.221,0.018,13.263,22.041,0.034,0.014,0.002,0.346
11140,중구,2025-06-22,85.9,85.9,아주좋음,실외 활동하기 아주 좋은 날씨예요,주의,주의,적합,적합,주의,28.977,17.386,68.6,6.975,0.0,0.0,17.135,30.458,0.083,0.012,0.003,0.386
11140,중구,2025-06-23,78.6,78.6,좋음,실외 활동에 좋은 날씨예요,주의,주의,적합,적합,해로움,32.612,18.486,64.8,5.289,0.0,0.0,21.676,36.217,0.092,0.019,0.003,0.44
11140,중구,2025-06-24,84.6,84.6,좋음,실외 활동에 좋은 날씨예요,주의,주의,적합,적합,주의,28.241,20.011,63.4,7.136,2.136,0.075,12.235,23.543,0.05,0.018,0.003,0.378
11140,중구,2025-06-25,82.0,82.0,좋음,"실외 활동에 좋은 날씨예요 · 비 소식, 우산 챙기세요",적합,해로움,적합,적합,주의,21.957,18.925,88.9,6.386,7.661,0.1,4.789,10.886,0.041,0.014,0.002,0.334
11140,중구,2025-06-26,89.7,89.7,아주좋음,실외 활동하기 아주 좋은 날씨예요,적합,해로움,적합,적합,주의,24.864,19.593,85.3,4.804,0.664,0.036,9.039,17.814,0.039,0.018,0.002,0.397
11140,중구,2025-06-27,84.8,84.8,좋음,실외 활동에 좋은 날씨예요,주의,주의,적합,적합,주의,29.702,20.536,78.1,4.743,0.0,0.0,18.242,30.301,0.066,0.023,0.003,0.5
11140,중구,2025-06-28,84.3,84.3,좋음,실외 활동에 좋은 날씨예요,주의,해로움,적합,적합,주의,28.778,23.707,85.0,5.011,0.521,0.018,21.554,32.763,0.049,0.018,0.003,0.45
11140,중구,2025-06-29,79.4,79.4,좋음,실외 활동에 좋은 날씨예요,주의,해로움,적합,적합,주의,31.344,24.311,77.1,5.975,0.018,0.0,9.783,16.635,0.034,0.009,0.002,0.303
11140,중구,2025-06-30,76.7,76.7,좋음,실외 활동에 좋은 날씨예요,주의,해로움,적합,적합,적합,32.105,24.607,74.6,6.693,0.0,0.0,5.443,11.637,0.027,0.011,0.002,0.269
11140,중구,2025-07-01,73.6,73.6,좋음,실외 활동에 좋은 날씨예요,주의,위험,적합,적합,적합,32.81,25.7,78.6,7.489,0.871,0.032,5.037,11.646,0.022,0.01,0.002,0.252
11140,중구,2025-07-02,75.9,75.9,좋음,실외 활동에 좋은 날씨예요,주의,위험,적합,적합,적합,31.718,26.146,76.3,7.811,0.0,0.0,6.245,13.899,0.023,0.01,0.003,0.256
11140,중구,2025-07-03,75.2,75.2,좋음,실외 활동에 좋은 날씨예요,주의,해로움,적합,적합,주의,32.772,25.954,75.5,6.8,0.0,0.0,15.205,24.219,0.034,0.011,0.003,0.29
11140,중구,2025-07-04,78.1,78.1,좋음,실외 활동에 좋은 날씨예요,주의,해로움,주의,적합,주의,30.615,25.129,77.0,8.336,0.018,0.0,12.901,24.834,0.034,0.011,0.002,0.315
11140,중구,2025-07-05,75.4,75.4,좋음,실외 활동에 좋은 날씨예요,주의,해로움,적합,적합,주의,32.677,25.675,72.9,6.661,0.0,0.0,10.22,22.215,0.045,0.01,0.002,0.283
11140,중구,2025-07-06,74.0,74.0,좋음,실외 활동에 좋은 날씨예요 · 더위 주의,해로움,위험,적합,적합,주의,33.464,25.964,74.3,5.854,0.0,0.0,14.629,26.377,0.06,0.009,0.002,0.301
11140,중구,2025-07-07,72.8,72.8,좋음,실외 활동에 좋은 날씨예요 · 더위 주의,해로움,위험,적합,적합,주의,34.019,26.157,79.0,5.393,0.0,0.0,30.39,45.985,0.085,0.016,0.002,0.456
11140,중구,2025-07-08,52.7,52.7,주의,"⚠️ 폭염, 온열질환 주의 — 실외 활동에 주의하세요",위험,위험,주의,주의,주의,39.07,25.621,72.5,10.018,18.707,0.229,26.828,39.843,0.072,0.017,0.002,0.427
11140,중구,2025-07-09,55.0,68.0,주의,"⚠️ 폭염, 온열질환 주의 — 실외 활동에 주의하세요",해로움,위험,적합,적합,주의,36.934,26.8,61.1,6.118,0.0,0.0,14.788,24.19,0.053,0.014,0.002,0.364
11140,중구,2025-07-10,55.0,68.9,주의,"⚠️ 폭염, 온열질환 주의 — 실외 활동에 주의하세요",해로움,해로움,주의,적합,주의,36.18,26.579,46.6,8.186,0.0,0.0,7.959,17.735,0.052,0.012,0.002,0.291
11140,중구,2025-07-11,55.0,71.1,주의,"⚠️ 폭염, 온열질환 주의 — 실외 활동에 주의하세요",해로움,해로움,적합,적합,주의,35.658,24.046,47.1,7.486,0.0,0.0,6.621,15.698,0.052,0.012,0.002,0.267
11140,중구,2025-07-12,55.0,70.9,주의,"⚠️ 폭염, 온열질환 주의 — 실외 활동에 주의하세요",해로움,해로움,적합,적합,주의,36.245,23.514,47.5,6.504,0.0,0.0,7.045,15.99,0.065,0.014,0.002,0.279
11140,중구,2025-07-13,79.6,79.6,좋음,실외 활동에 좋은 날씨예요,주의,해로움,적합,적합,주의,31.191,24.318,66.8,5.357,0.196,0.0,18.514,31.162,0.068,0.018,0.003,0.406
11140,중구,2025-07-14,75.4,75.4,좋음,"실외 활동에 좋은 날씨예요 · 비 소식, 우산 챙기세요",주의,주의,적합,주의,주의,28.914,21.1,78.3,7.271,13.789,0.143,12.271,21.777,0.046,0.015,0.003,0.36
11140,중구,2025-07-15,84.8,84.8,좋음,실외 활동에 좋은 날씨예요,주의,해로움,적합,적합,주의,26.571,21.111,84.1,5.936,4.357,0.046,4.194,10.463,0.036,0.014,0.002,0.321
11140,중구,2025-07-16,64.2,64.2,무난,"실외 활동하기 무난해요 — 비 많음, 우산 필수",적합,해로움,주의,주의,주의,24.929,21.675,90.1,8.318,48.718,0.964,10.532,20.651,0.041,0.017,0.002,0.388
11140,중구,2025-07-17,55.8,55.8,주의,"가벼운 실외 활동은 괜찮아요 — 비 많음, 우산 필수",적합,해로움,주의,해로움,주의,24.932,21.546,94.3,9.636,72.589,1.161,4.217,8.803,0.053,0.015,0.002,0.354
11140,중구,2025-07-18,77.5,77.5,좋음,"실외 활동에 좋은 날씨예요 · 비 소식, 우산 챙기세요",주의,해로움,적합,주의,주의,27.82,22.268,89.5,5.186,12.093,0.339,5.226,12.515,0.046,0.02,0.002,0.383
11140,중구,2025-07-19,56.9,56.9,주의,"가벼운 실외 활동은 괜찮아요 — 비 많음, 우산 필수",주의,위험,적합,해로움,주의,26.871,20.911,95.4,7.486,67.0,1.146,3.902,10.085,0.045,0.015,0.002,0.332
11140,중구,2025-07-20,64.4,64.4,무난,"실외 활동하기 무난해요 — 비 소식, 우산 챙기세요",주의,해로움,적합,주의,적합,32.463,24.5,82.8,7.925,18.439,0.257,6.076,16.954,0.022,0.008,0.002,0.258
11140,중구,2025-07-21,74.4,74.4,좋음,실외 활동에 좋은 날씨예요,주의,위험,적합,적합,적합,32.79,24.696,77.4,7.393,0.089,0.0,7.806,19.18,0.023,0.012,0.003,0.285
11140,중구,2025-07-22,73.2,73.2,좋음,실외 활동에 좋은 날씨예요 · 더위 주의,해로움,위험,적합,적합,주의,33.526,25.75,75.6,7.211,0.093,0.004,6.323,17.192,0.031,0.011,0.003,0.239
11140,중구,2025-07-23,74.7,74.7,좋음,실외 활동에 좋은 날씨예요 · 더위 주의,해로움,해로움,적합,적합,주의,33.99,24.786,70.4,5.479,0.0,0.0,7.062,17.503,0.04,0.014,0.002,0.271
11140,중구,2025-07-24,55.0,72.3,주의,"⚠️ 폭염, 온열질환 주의 — 실외 활동에 주의하세요",해로움,위험,적합,적합,주의,35.019,24.957,68.0,5.175,0.0,0.0,13.775,25.516,0.073,0.016,0.003,0.314
11140,중구,2025-07-25,55.0,68.6,주의,"⚠️ 폭염, 온열질환 주의 — 실외 활동에 주의하세요",해로움,위험,적합,적합,주의,37.12,25.021,64.6,5.007,0.0,0.0,20.931,32.208,0.089,0.019,0.003,0.366
11140,중구,2025-07-26,55.0,67.9,주의,"⚠️ 폭염, 온열질환 주의 — 실외 활동에 주의하세요",해로움,위험,적합,적합,주의,37.804,26.664,61.9,4.968,0.0,0.0,14.511,23.326,0.06,0.016,0.003,0.326
11140,중구,2025-07-27,55.0,67.0,주의,"⚠️ 폭염, 온열질환 주의 — 실외 활동에 주의하세요",위험,위험,적합,적합,주의,38.267,27.146,62.4,5.293,0.0,0.0,11.879,19.223,0.064,0.012,0.002,0.291
11140,중구,2025-07-28,55.0,66.2,주의,"⚠️ 폭염, 온열질환 주의 — 실외 활동에 주의하세요",해로움,위험,적합,적합,주의,37.151,27.564,67.3,6.507,0.75,0.0,24.324,37.253,0.078,0.017,0.003,0.376
11140,중구,2025-07-29,55.0,67.1,주의,"⚠️ 폭염, 온열질환 주의 — 실외 활동에 주의하세요",해로움,위험,적합,적합,해로움,37.304,26.671,64.0,5.296,0.036,0.0,24.952,39.185,0.107,0.019,0.003,0.401
11140,중구,2025-07-30,55.0,68.6,주의,"⚠️ 폭염, 온열질환 주의 — 실외 활동에 주의하세요",해로움,위험,적합,적합,주의,36.432,27.361,62.9,5.704,0.0,0.0,19.54,30.733,0.068,0.02,0.003,0.369
11140,중구,2025-07-31,71.6,71.6,좋음,실외 활동에 좋은 날씨예요 · 더위 주의,해로움,위험,적합,적합,주의,34.941,28.121,62.3,5.546,0.0,0.0,18.546,29.169,0.067,0.017,0.003,0.337
11140,중구,2025-08-01,55.0,68.2,주의,"⚠️ 폭염, 온열질환 주의 — 실외 활동에 주의하세요",해로움,위험,적합,적합,해로움,35.88,26.896,66.9,6.675,0.0,0.0,25.28,36.686,0.091,0.018,0.003,0.378
11140,중구,2025-08-02,55.0,68.7,주의,"⚠️ 폭염, 온열질환 주의 — 실외 활동에 주의하세요",해로움,위험,적합,적합,주의,36.3,26.568,62.1,5.964,0.554,0.0,24.362,34.946,0.074,0.015,0.003,0.364
11140,중구,2025-08-03,73.3,73.3,좋음,실외 활동에 좋은 날씨예요,주의,해로움,적합,적합,주의,32.419,23.396,69.0,6.863,2.707,0.05,20.945,28.961,0.05,0.014,0.003,0.355
11140,중구,2025-08-04,72.0,72.0,좋음,실외 활동에 좋은 날씨예요 · 더위 주의,해로움,해로움,적합,적합,주의,33.806,23.0,75.5,6.707,2.461,0.032,11.332,18.409,0.054,0.012,0.002,0.315
11140,중구,2025-08-05,73.4,73.4,좋음,실외 활동에 좋은 날씨예요 · 더위 주의,해로움,해로움,적합,적합,주의,33.636,24.414,67.4,6.914,0.0,0.0,10.983,19.614,0.056,0.015,0.003,0.326
11140,중구,2025-08-06,68.9,68.9,무난,"실외 활동하기 무난해요 — 비 소식, 우산 챙기세요",주의,해로움,주의,주의,주의,29.902,25.232,89.0,8.993,14.661,0.343,8.814,19.766,0.033,0.013,0.002,0.318
11140,중구,2025-08-07,75.3,75.3,좋음,실외 활동에 좋은 날씨예요,주의,해로움,적합,적합,주의,32.911,24.879,70.8,6.482,0.018,0.0,9.271,18.699,0.056,0.012,0.003,0.368
11140,중구,2025-08-08,77.4,77.4,좋음,실외 활동에 좋은 날씨예요,주의,해로움,적합,적합,주의,31.832,23.239,74.8,6.407,0.261,0.225,15.143,28.58,0.074,0.017,0.003,0.396
11140,중구,2025-08-09,88.8,88.8,아주좋음,실외 활동하기 아주 좋은 날씨예요,주의,해로움,적합,적합,주의,26.804,22.775,82.1,4.236,1.464,0.1,15.473,24.95,0.042,0.018,0.003,0.438
11140,중구,2025-08-10,76.5,76.5,좋음,실외 활동에 좋은 날씨예요 · 더위 주의,해로움,해로움,적합,적합,주의,33.711,20.921,70.0,5.096,0.0,0.0,12.194,21.364,0.061,0.012,0.003,0.37
11140,중구,2025-08-11,82.4,82.4,좋음,실외 활동에 좋은 날씨예요,주의,해로움,적합,적합,주의,29.6,24.289,73.9,5.632,0.482,0.0,17.341,27.93,0.05,0.018,0.003,0.431
11140,중구,2025-08-12,73.0,73.0,좋음,실외 활동에 좋은 날씨예요 · 더위 주의,해로움,해로움,적합,적합,주의,34.394,22.764,62.9,6.864,0.143,0.0,12.133,20.739,0.063,0.015,0.003,0.375
11140,중구,2025-08-13,48.1,48.1,주의,"⚠️ 호우, 침수·안전 주의 — 실외 활동에 주의하세요",주의,해로움,주의,위험,주의,27.865,22.121,91.8,11.414,104.186,1.168,3.652,10.094,0.042,0.013,0.002,0.309
11140,중구,2025-08-14,65.3,65.3,무난,"실외 활동하기 무난해요 — 비 많음, 우산 필수",주의,해로움,적합,주의,적합,27.618,23.771,91.1,7.686,37.796,0.879,5.521,12.114,0.028,0.014,0.002,0.311
11140,중구,2025-08-15,77.5,77.5,좋음,실외 활동에 좋은 날씨예요,주의,해로움,적합,적합,주의,31.564,23.811,84.3,4.975,2.786,0.0,9.586,20.077,0.042,0.014,0.003,0.345
11140,중구,2025-08-16,75.2,75.2,좋음,실외 활동에 좋은 날씨예요 · 더위 주의,해로움,해로움,적합,적합,적합,33.017,24.55,76.0,6.704,0.0,0.0,5.017,13.935,0.028,0.01,0.003,0.255
11140,중구,2025-08-17,76.0,76.0,좋음,실외 활동에 좋은 날씨예요,주의,해로움,적합,적합,적합,32.93,25.068,76.3,5.954,0.0,0.0,7.797,15.215,0.028,0.008,0.003,0.24
11140,중구,2025-08-18,71.1,71.1,좋음,실외 활동에 좋은 날씨예요 · 더위 주의,해로움,위험,주의,적합,주의,33.534,26.143,75.6,8.043,1.382,0.046,17.573,26.107,0.033,0.012,0.003,0.263
11140,중구,2025-08-19,72.3,72.3,좋음,실외 활동에 좋은 날씨예요 · 더위 주의,해로움,위험,주의,적합,적합,33.265,25.779,75.3,8.032,0.786,0.0,5.093,14.482,0.024,0.01,0.003,0.244
11140,중구,2025-08-20,72.7,72.7,좋음,실외 활동에 좋은 날씨예요 · 더위 주의,해로움,위험,적합,적합,주의,33.421,25.821,74.5,6.725,1.054,0.0,6.716,16.112,0.033,0.012,0.003,0.259
11140,중구,2025-08-21,71.4,71.4,좋음,실외 활동에 좋은 날씨예요 · 더위 주의,해로움,위험,적합,적합,주의,34.855,26.125,70.6,6.532,0.0,0.0,8.316,17.273,0.049,0.014,0.003,0.264
11140,중구,2025-08-22,72.1,72.1,좋음,실외 활동에 좋은 날씨예요 · 더위 주의,해로움,위험,적합,적합,주의,34.293,25.411,71.5,6.968,0.0,0.0,6.515,14.151,0.041,0.014,0.003,0.266
11140,중구,2025-08-23,75.2,75.2,좋음,실외 활동에 좋은 날씨예요,주의,위험,적합,적합,주의,32.951,26.086,74.9,5.446,0.0,0.0,9.77,18.644,0.045,0.014,0.003,0.29
11140,중구,2025-08-24,55.0,70.7,주의,"⚠️ 폭염, 온열질환 주의 — 실외 활동에 주의하세요",해로움,위험,적합,적합,주의,35.551,26.179,69.4,5.936,0.0,0.0,13.354,22.589,0.056,0.012,0.003,0.339
11140,중구,2025-08-25,63.1,63.1,무난,"실외 활동하기 무난해요 — 더위 주의, 비 소식, 우산 챙기세요",해로움,위험,주의,주의,주의,33.524,25.532,80.6,9.543,12.45,0.507,11.038,22.99,0.043,0.013,0.002,0.321
11140,중구,2025-08-26,67.7,67.7,무난,"실외 활동하기 무난해요 — 비 소식, 우산 챙기세요",주의,해로움,적합,적합,주의,32.568,24.536,81.8,7.257,9.907,0.089,7.503,15.668,0.052,0.014,0.002,0.349
11140,중구,2025-08-27,77.6,77.6,좋음,실외 활동에 좋은 날씨예요,주의,해로움,적합,적합,주의,32.704,23.193,73.8,5.389,0.0,0.0,9.808,21.373,0.068,0.017,0.002,0.396
11140,중구,2025-08-28,75.6,75.6,좋음,실외 활동에 좋은 날씨예요,주의,해로움,적합,적합,주의,31.993,24.354,72.9,7.296,0.0,0.0,11.885,22.168,0.055,0.016,0.003,0.364
11140,중구,2025-08-29,63.5,63.5,무난,"실외 활동하기 무난해요 — 더위 주의, 비 소식, 우산 챙기세요",해로움,위험,주의,주의,주의,33.566,26.389,82.0,9.239,11.829,0.446,7.316,18.762,0.036,0.011,0.002,0.267
11140,중구,2025-08-30,61.1,61.1,무난,"실외 활동하기 무난해요 — 더위 주의, 비 소식, 우산 챙기세요",해로움,위험,적합,주의,주의,33.178,24.889,81.1,7.033,25.157,0.382,6.085,13.631,0.033,0.013,0.002,0.278
11140,중구,2025-08-31,74.8,74.8,좋음,실외 활동에 좋은 날씨예요,주의,해로움,적합,적합,주의,32.714,24.633,75.3,6.856,0.407,0.0,14.646,23.006,0.033,0.011,0.003,0.281
11140,중구,2025-09-01,65.7,65.7,무난,"실외 활동하기 무난해요 — 비 소식, 우산 챙기세요",주의,해로움,주의,주의,주의,29.459,23.633,87.3,8.622,28.663,0.315,5.409,11.572,0.032,0.012,0.002,0.292
11140,중구,2025-09-02,81.9,81.9,좋음,실외 활동에 좋은 날씨예요,주의,해로움,적합,적합,주의,31.429,21.967,74.6,4.73,0.0,0.0,8.518,19.556,0.058,0.015,0.002,0.356
11140,중구,2025-09-03,79.0,79.0,좋음,실외 활동에 좋은 날씨예요,주의,해로움,적합,적합,주의,32.496,22.275,67.5,5.568,0.0,0.0,11.313,22.392,0.06,0.018,0.002,0.386
11140,중구,2025-09-04,67.3,67.3,무난,"실외 활동하기 무난해요 — 비 소식, 우산 챙기세요",주의,해로움,적합,주의,주의,30.169,22.639,82.1,6.418,28.829,1.229,4.694,10.926,0.04,0.013,0.002,0.319
11140,중구,2025-09-05,77.9,77.9,좋음,실외 활동에 좋은 날씨예요 · 더위 주의,해로움,해로움,적합,적합,주의,33.544,22.882,68.5,5.8,0.0,0.0,7.95,17.583,0.057,0.016,0.003,0.335
11140,중구,2025-09-06,63.1,63.1,무난,"실외 활동하기 무난해요 — 비 소식, 우산 챙기세요",주의,해로움,주의,주의,주의,31.124,24.539,86.6,10.05,25.914,0.532,9.385,17.666,0.038,0.012,0.002,0.337
11140,중구,2025-09-07,83.9,83.9,좋음,실외 활동에 좋은 날씨예요,주의,해로움,적합,적합,주의,29.312,21.796,77.5,5.561,0.543,0.018,7.404,16.643,0.048,0.01,0.002,0.347
11140,중구,2025-09-08,84.7,84.7,좋음,실외 활동에 좋은 날씨예요,주의,주의,적합,적합,주의,30.16,20.57,73.0,4.581,0.0,0.0,12.209,27.945,0.059,0.018,0.003,0.449
11140,중구,2025-09-09,89.4,89.4,아주좋음,실외 활동하기 아주 좋은 날씨예요,주의,주의,적합,적합,주의,27.204,20.9,71.9,4.319,0.036,0.0,16.427,34.945,0.049,0.019,0.003,0.458
11140,중구,2025-09-10,83.1,83.1,좋음,실외 활동에 좋은 날씨예요,주의,주의,적합,적합,주의,31.842,18.252,61.1,5.704,0.0,0.0,11.997,26.216,0.046,0.02,0.003,0.4
11140,중구,2025-09-11,81.8,81.8,좋음,실외 활동에 좋은 날씨예요,주의,주의,적합,적합,주의,31.775,19.148,57.6,6.463,0.0,0.0,8.983,20.995,0.046,0.017,0.003,0.348
11140,중구,2025-09-12,82.3,82.3,좋음,"실외 활동에 좋은 날씨예요 · 비 소식, 우산 챙기세요",주의,주의,적합,적합,주의,26.307,20.471,68.8,6.825,8.243,0.096,7.256,17.908,0.036,0.014,0.002,0.303
11140,중구,2025-09-13,58.8,58.8,주의,"가벼운 실외 활동은 괜찮아요 — 비 많음, 우산 필수",주의,해로움,적합,해로움,주의,27.284,19.961,81.0,7.721,59.811,0.804,2.541,6.094,0.042,0.009,0.002,0.266
11140,중구,2025-09-14,85.9,85.9,아주좋음,실외 활동하기 아주 좋은 날씨예요,주의,주의,적합,적합,주의,29.347,20.989,72.0,4.229,0.0,0.0,5.709,12.719,0.057,0.013,0.002,0.324
11140,중구,2025-09-15,82.8,82.8,좋음,실외 활동에 좋은 날씨예요,주의,해로움,적합,적합,주의,30.606,20.507,71.6,4.682,0.0,0.0,10.987,20.353,0.063,0.02,0.002,0.406
11140,중구,2025-09-16,69.9,69.9,무난,"실외 활동하기 무난해요 — 비 소식, 우산 챙기세요",주의,해로움,주의,주의,주의,27.745,21.307,86.8,10.764,16.214,0.529,11.758,20.716,0.039,0.023,0.003,0.429
11140,중구,2025-09-17,63.5,63.5,무난,"실외 활동하기 무난해요 — 비 많음, 우산 필수",적합,해로움,적합,주의,주의,23.961,20.829,92.0,7.471,43.882,1.471,5.816,12.683,0.031,0.016,0.002,0.382
11140,중구,2025-09-18,88.5,88.5,아주좋음,실외 활동하기 아주 좋은 날씨예요,주의,주의,적합,적합,적합,26.111,19.325,74.4,7.368,0.0,0.0,3.672,12.222,0.029,0.011,0.002,0.289
11140,중구,2025-09-19,80.1,80.1,좋음,"실외 활동에 좋은 날씨예요 · 비 소식, 우산 챙기세요",적합,해로움,적합,주의,적합,21.425,17.436,82.0,6.457,11.993,0.254,4.604,12.946,0.023,0.014,0.002,0.3
11140,중구,2025-09-20,69.7,69.7,무난,"실외 활동하기 무난해요 — 비 많음, 우산 필수",적합,해로움,적합,주의,주의,24.085,17.189,85.4,6.571,34.529,0.414,2.904,6.52,0.031,0.011,0.002,0.29
11140,중구,2025-09-21,89.8,89.8,아주좋음,실외 활동하기 아주 좋은 날씨예요,주의,주의,적합,적합,주의,27.007,16.8,67.0,6.1,0.0,0.0,2.911,7.159,0.037,0.009,0.002,0.256
11140,중구,2025-09-22,92.1,92.1,아주좋음,실외 활동하기 아주 좋은 날씨예요,적합,적합,적합,적합,주의,25.014,17.229,59.8,6.446,0.0,0.0,4.518,12.2,0.036,0.014,0.002,0.281
11140,중구,2025-09-23,89.6,89.6,아주좋음,실외 활동하기 아주 좋은 날씨예요,주의,주의,적합,적합,주의,26.639,18.682,56.5,7.168,0.0,0.0,5.307,14.31,0.04,0.015,0.002,0.288
11140,중구,2025-09-24,71.9,71.9,좋음,"실외 활동에 좋은 날씨예요 · 비 소식, 우산 챙기세요",적합,해로움,적합,주의,주의,23.882,20.129,81.8,7.161,28.114,0.879,5.583,13.104,0.034,0.018,0.002,0.335
11140,중구,2025-09-25,88.3,88.3,아주좋음,실외 활동하기 아주 좋은 날씨예요,주의,주의,적합,적합,주의,26.646,19.377,80.0,4.219,0.368,0.011,8.589,17.696,0.048,0.021,0.003,0.404
11140,중구,2025-09-26,87.8,87.8,아주좋음,실외 활동하기 아주 좋은 날씨예요,주의,주의,적합,적합,주의,27.131,17.339,78.1,4.332,0.0,0.0,17.896,30.179,0.056,0.022,0.002,0.512
11140,중구,2025-09-27,88.0,88.0,아주좋음,실외 활동하기 아주 좋은 날씨예요,주의,주의,적합,적합,주의,27.204,17.489,71.1,5.789,0.0,0.0,15.641,27.036,0.051,0.019,0.002,0.453
11140,중구,2025-09-28,66.0,66.0,무난,"실외 활동하기 무난해요 — 비 많음, 우산 필수",적합,해로움,적합,주의,주의,22.089,17.664,85.6,5.714,43.214,0.464,9.617,15.424,0.046,0.012,0.002,0.391
11140,중구,2025-09-29,89.4,89.4,아주좋음,실외 활동하기 아주 좋은 날씨예요,적합,주의,적합,적합,주의,24.679,16.518,77.8,4.836,0.0,0.0,16.831,28.433,0.045,0.017,0.002,0.431
11140,중구,2025-09-30,89.1,89.1,아주좋음,실외 활동하기 아주 좋은 날씨예요,적합,해로움,적합,적합,주의,24.118,16.754,81.3,4.111,0.0,0.0,20.682,34.042,0.042,0.028,0.003,0.535
11140,중구,2025-10-01,86.4,86.4,아주좋음,실외 활동하기 아주 좋은 날씨예요,주의,주의,적합,적합,주의,26.179,16.325,78.1,6.2,0.018,0.0,19.726,31.453,0.061,0.024,0.003,0.518
11140,중구,2025-10-02,90.0,90.0,아주좋음,실외 활동하기 아주 좋은 날씨예요,주의,주의,적합,적합,주의,26.243,16.982,74.5,3.736,0.0,0.0,17.095,28.948,0.054,0.027,0.003,0.497
11140,중구,2025-10-03,87.8,87.8,아주좋음,실외 활동하기 아주 좋은 날씨예요,적합,주의,적합,적합,주의,22.629,19.136,75.5,6.629,1.1,0.011,15.647,25.122,0.036,0.014,0.002,0.379
11140,중구,2025-10-04,90.0,90.0,아주좋음,실외 활동하기 아주 좋은 날씨예요,적합,주의,적합,적합,주의,24.296,20.096,74.6,5.032,0.5,0.0,4.992,10.782,0.039,0.012,0.002,0.325
11140,중구,2025-10-05,82.8,82.8,좋음,"실외 활동에 좋은 날씨예요 · 비 소식, 우산 챙기세요",적합,해로움,적합,적합,적합,22.218,20.271,89.6,4.043,9.45,0.371,4.406,9.518,0.024,0.012,0.002,0.37
11140,중구,2025-10-06,64.8,64.8,무난,"실외 활동하기 무난해요 — 비 많음, 우산 필수",적합,해로움,주의,주의,주의,20.711,15.281,93.8,9.096,36.636,0.289,2.516,6.057,0.032,0.007,0.002,0.254
11140,중구,2025-10-07,77.2,77.2,좋음,"실외 활동에 좋은 날씨예요 · 비 소식, 우산 챙기세요",적합,해로움,적합,적합,주의,19.819,15.459,94.9,7.943,8.057,0.071,2.161,4.582,0.035,0.008,0.002,0.261
11140,중구,2025-10-08,88.8,88.8,아주좋음,실외 활동하기 아주 좋은 날씨예요,주의,주의,적합,적합,주의,27.768,16.807,72.8,5.05,0.071,0.0,4.589,11.39,0.038,0.011,0.002,0.316
11140,중구,2025-10-09,90.0,90.0,아주좋음,실외 활동하기 아주 좋은 날씨예요,적합,주의,적합,적합,주의,22.589,16.911,69.6,6.871,0.232,0.007,4.568,11.538,0.031,0.008,0.002,0.27
11140,중구,2025-10-10,66.3,66.3,무난,"실외 활동하기 무난해요 — 비 많음, 우산 필수",적합,위험,적합,주의,적합,17.915,15.785,98.1,6.225,40.189,0.25,3.163,7.044,0.025,0.014,0.002,0.318
11140,중구,2025-10-11,72.9,72.9,좋음,"실외 활동에 좋은 날씨예요 · 비 소식, 우산 챙기세요",적합,해로움,적합,주의,주의,24.733,17.311,93.1,7.289,18.643,0.171,5.575,13.937,0.037,0.013,0.002,0.354
11140,중구,2025-10-12,87.5,87.5,아주좋음,실외 활동하기 아주 좋은 날씨예요,적합,해로움,적합,적합,적합,21.73,17.044,84.6,6.671,0.057,0.004,2.404,6.087,0.028,0.008,0.002,0.307
11140,중구,2025-10-13,70.8,70.8,좋음,"실외 활동에 좋은 날씨예요 · 비 소식, 우산 챙기세요",적합,해로움,적합,주의,주의,18.13,13.652,94.4,7.979,23.843,0.168,2.168,4.862,0.031,0.011,0.002,0.279
11140,중구,2025-10-14,87.2,87.2,아주좋음,실외 활동하기 아주 좋은 날씨예요,적합,해로움,적합,적합,주의,20.77,14.193,80.3,6.921,0.504,0.014,2.365,5.468,0.034,0.012,0.002,0.279
11140,중구,2025-10-15,86.5,86.5,아주좋음,실외 활동하기 아주 좋은 날씨예요,적합,주의,적합,적합,주의,25.07,15.707,74.8,6.968,2.732,0.043,3.522,9.565,0.033,0.015,0.002,0.307
11140,중구,2025-10-16,86.8,86.8,아주좋음,실외 활동하기 아주 좋은 날씨예요,적합,주의,적합,적합,주의,24.892,16.527,75.3,7.104,2.314,0.021,3.2,7.552,0.033,0.012,0.002,0.293
11140,중구,2025-10-17,80.3,80.3,좋음,"실외 활동에 좋은 날씨예요 · 비 소식, 우산 챙기세요",적합,주의,적합,주의,주의,24.521,15.204,74.8,7.736,10.136,0.189,4.955,12.385,0.036,0.016,0.002,0.316
11140,중구,2025-10-18,78.0,78.0,좋음,"실외 활동에 좋은 날씨예요 · 비 소식, 우산 챙기세요",적합,해로움,적합,주의,적합,17.815,13.885,87.8,7.111,10.864,0.1,7.312,12.452,0.03,0.011,0.002,0.361
11140,중구,2025-10-19,88.3,88.3,아주좋음,실외 활동하기 아주 좋은 날씨예요,주의,주의,적합,적합,주의,20.211,8.374,71.5,7.663,0.0,0.0,8.884,17.486,0.034,0.01,0.002,0.374
11140,중구,2025-10-20,88.8,88.8,아주좋음,실외 활동하기 아주 좋은 날씨예요,주의,주의,적합,적합,주의,16.364,4.78,65.9,6.579,0.0,0.0,10.329,23.266,0.03,0.012,0.002,0.321
11140,중구,2025-10-21,90.0,90.0,아주좋음,실외 활동하기 아주 좋은 날씨예요,주의,주의,적합,적합,주의,14.5,4.874,68.3,4.746,0.0,0.0,11.862,27.669,0.028,0.018,0.003,0.371
11140,중구,2025-10-22,90.4,90.4,아주좋음,실외 활동하기 아주 좋은 날씨예요,주의,주의,적합,적합,적합,19.361,6.11,72.1,4.707,0.0,0.0,8.563,18.852,0.027,0.02,0.002,0.381
11140,중구,2025-10-23,91.8,91.8,아주좋음,실외 활동하기 아주 좋은 날씨예요,적합,주의,적합,적합,주의,20.836,11.387,70.3,4.989,0.0,0.0,4.754,11.546,0.032,0.017,0.002,0.333
11140,중구,2025-10-24,91.4,91.4,아주좋음,실외 활동하기 아주 좋은 날씨예요,적합,주의,적합,적합,주의,20.864,11.114,66.5,5.786,0.0,0.0,4.511,10.941,0.036,0.019,0.002,0.341
11140,중구,2025-10-25,91.0,91.0,아주좋음,실외 활동하기 아주 좋은 날씨예요,적합,주의,적합,적합,주의,18.768,11.976,66.9,5.921,0.0,0.0,10.244,21.868,0.04,0.018,0.003,0.381
11140,중구,2025-10-26,86.9,86.9,아주좋음,실외 활동하기 아주 좋은 날씨예요,적합,주의,주의,적합,주의,14.596,10.797,70.1,8.246,0.125,0.014,23.16,38.686,0.038,0.017,0.003,0.502
11140,중구,2025-10-27,85.2,85.2,아주좋음,실외 활동하기 아주 좋은 날씨예요,주의,적합,주의,적합,주의,11.643,2.363,45.0,9.779,0.0,0.0,10.678,29.245,0.035,0.012,0.003,0.295
11140,중구,2025-10-28,89.3,89.3,아주좋음,실외 활동하기 아주 좋은 날씨예요,주의,적합,적합,적합,주의,13.793,1.806,52.4,5.554,0.0,0.0,8.787,23.074,0.032,0.023,0.003,0.39
11140,중구,2025-10-29,90.4,90.4,아주좋음,실외 활동하기 아주 좋은 날씨예요,주의,주의,적합,적합,주의,17.271,5.192,65.0,4.729,0.0,0.0,14.459,28.335,0.033,0.032,0.003,0.498
11140,중구,2025-10-30,90.3,90.3,아주좋음,실외 활동하기 아주 좋은 날씨예요,주의,주의,적합,적합,주의,17.671,7.052,70.3,3.825,0.0,0.0,21.685,35.846,0.028,0.037,0.003,0.556
11140,중구,2025-10-31,89.1,89.1,아주좋음,실외 활동하기 아주 좋은 날씨예요,적합,주의,적합,적합,주의,20.279,10.513,69.9,6.018,0.004,0.025,22.956,37.009,0.038,0.028,0.003,0.506
11140,중구,2025-11-01,84.8,84.8,좋음,실외 활동에 좋은 날씨예요,주의,주의,주의,적합,주의,17.339,8.743,73.0,8.704,2.318,0.0,13.317,22.855,0.041,0.015,0.003,0.402
11140,중구,2025-11-02,84.6,84.6,좋음,실외 활동에 좋은 날씨예요,주의,적합,주의,적합,주의,11.457,1.527,57.0,9.839,0.061,0.0,8.458,28.979,0.033,0.01,0.002,0.315
11140,중구,2025-11-03,89.2,89.2,아주좋음,실외 활동하기 아주 좋은 날씨예요,해로움,적합,적합,적합,적합,13.832,-0.08,54.1,5.111,0.0,0.0,11.191,21.949,0.029,0.024,0.003,0.432
11140,중구,2025-11-04,90.9,90.9,아주좋음,실외 활동하기 아주 좋은 날씨예요,주의,주의,적합,적합,주의,15.786,4.647,60.6,4.775,0.0,0.0,17.194,30.076,0.029,0.034,0.003,0.559
11140,중구,2025-11-05,91.1,91.1,아주좋음,실외 활동하기 아주 좋은 날씨예요,주의,적합,적합,적합,주의,18.064,5.238,60.0,4.332,0.0,0.0,21.591,37.099,0.032,0.036,0.003,0.593
11140,중구,2025-11-06,87.2,87.2,아주좋음,실외 활동하기 아주 좋은 날씨예요,주의,주의,적합,적합,주의,18.382,6.485,69.9,4.771,0.0,0.0,32.649,54.588,0.032,0.037,0.003,0.693
11140,중구,2025-11-07,87.7,87.7,아주좋음,실외 활동하기 아주 좋은 날씨예요,주의,주의,적합,적합,주의,19.821,7.683,66.3,5.604,0.0,0.0,32.552,50.666,0.035,0.033,0.003,0.641
11140,중구,2025-11-08,90.9,90.9,아주좋음,실외 활동하기 아주 좋은 날씨예요,적합,주의,적합,적합,주의,17.096,11.264,69.4,5.618,0.0,0.0,16.149,26.801,0.033,0.023,0.003,0.461
11140,중구,2025-11-09,87.0,87.0,아주좋음,실외 활동하기 아주 좋은 날씨예요,적합,주의,주의,적합,주의,17.821,9.377,64.1,9.746,0.0,0.0,19.199,43.065,0.046,0.015,0.003,0.459
11140,중구,2025-11-10,86.1,86.1,아주좋음,실외 활동하기 아주 좋은 날씨예요,주의,주의,주의,적합,주의,12.189,3.677,37.6,8.618,0.0,0.0,6.434,21.795,0.043,0.013,0.003,0.321
11140,중구,2025-11-11,90.0,90.0,아주좋음,실외 활동하기 아주 좋은 날씨예요,주의,적합,적합,적합,주의,14.604,2.878,57.6,5.321,0.0,0.0,10.213,27.42,0.027,0.028,0.003,0.465
11140,중구,2025-11-12,90.0,90.0,아주좋음,실외 활동하기 아주 좋은 날씨예요,주의,주의,적합,적합,주의,16.854,5.089,65.5,4.65,0.0,0.0,18.269,37.778,0.035,0.034,0.003,0.554
11140,중구,2025-11-13,87.0,87.0,아주좋음,실외 활동하기 아주 좋은 날씨예요,주의,주의,적합,적합,주의,17.3,5.495,65.4,6.629,0.0,0.0,25.76,50.503,0.039,0.032,0.003,0.583
11140,중구,2025-11-14,88.8,88.8,아주좋음,실외 활동하기 아주 좋은 날씨예요,주의,적합,적합,적합,주의,14.746,3.494,53.8,6.486,0.0,0.0,14.742,33.269,0.033,0.027,0.003,0.49
11140,중구,2025-11-15,90.5,90.5,아주좋음,실외 활동하기 아주 좋은 날씨예요,주의,적합,적합,적합,주의,16.55,3.003,49.1,3.975,0.0,0.0,20.105,37.568,0.028,0.037,0.003,0.634
11140,중구,2025-11-16,84.7,84.7,좋음,실외 활동에 좋은 날씨예요,주의,적합,주의,적합,주의,18.35,4.117,58.4,9.414,0.921,0.0,23.428,39.598,0.047,0.026,0.003,0.541
11140,중구,2025-11-17,80.1,80.1,좋음,실외 활동에 좋은 날씨예요,해로움,주의,주의,적합,주의,9.543,-4.001,37.4,10.118,0.0,0.0,10.079,41.393,0.041,0.01,0.003,0.296
11140,중구,2025-11-18,84.4,84.4,좋음,실외 활동에 좋은 날씨예요,해로움,적합,적합,적합,주의,6.039,-4.286,47.1,7.893,0.0,0.0,10.844,29.679,0.025,0.014,0.003,0.346
11140,중구,2025-11-19,87.2,87.2,아주좋음,실외 활동하기 아주 좋은 날씨예요,해로움,적합,적합,적합,주의,7.839,-2.511,50.1,5.475,0.0,0.0,14.621,33.911,0.024,0.025,0.003,0.464
11140,중구,2025-11-20,83.4,83.4,좋음,실외 활동에 좋은 날씨예요,해로움,적합,주의,적합,주의,13.768,-0.591,58.8,9.4,0.0,0.0,20.809,43.082,0.032,0.029,0.003,0.52
11140,중구,2025-11-21,85.6,85.6,아주좋음,실외 활동하기 아주 좋은 날씨예요,해로움,적합,주의,적합,주의,11.846,-0.464,58.5,8.139,0.0,0.0,9.469,25.987,0.031,0.026,0.003,0.426
11140,중구,2025-11-22,87.0,87.0,아주좋음,실외 활동하기 아주 좋은 날씨예요,주의,주의,적합,적합,주의,14.8,4.344,65.3,6.668,0.0,0.0,22.915,41.962,0.037,0.034,0.003,0.595
11140,중구,2025-11-23,85.1,85.1,아주좋음,실외 활동하기 아주 좋은 날씨예요,주의,주의,적합,적합,주의,14.536,5.956,69.6,7.164,0.0,0.0,29.959,47.007,0.048,0.028,0.003,0.566
11140,중구,2025-11-24,82.2,82.2,좋음,실외 활동에 좋은 날씨예요 · 미세먼지 주의,주의,주의,적합,적합,해로움,16.646,7.965,72.5,7.471,0.0,0.0,52.913,79.349,0.055,0.03,0.003,0.605
11140,중구,2025-11-25,70.7,70.7,좋음,실외 활동에 좋은 날씨예요 · 미세먼지 주의,주의,해로움,주의,적합,해로움,9.582,3.787,81.1,9.45,6.243,0.0,61.387,81.902,0.035,0.024,0.003,0.633
11140,중구,2025-11-26,85.5,85.5,아주좋음,실외 활동하기 아주 좋은 날씨예요,주의,주의,적합,적합,주의,10.182,2.755,66.4,5.136,0.0,0.0,32.754,46.763,0.032,0.027,0.003,0.5
11140,중구,2025-11-27,71.9,71.9,좋음,"실외 활동에 좋은 날씨예요 · 비 소식, 우산 챙기세요",주의,주의,주의,적합,주의,9.011,0.058,77.4,10.461,9.982,0.0,20.071,34.808,0.028,0.024,0.002,0.447
11140,중구,2025-11-28,86.5,86.5,아주좋음,실외 활동하기 아주 좋은 날씨예요,해로움,적합,적합,적합,적합,7.032,-2.267,56.4,7.079,0.0,0.0,13.317,24.13,0.027,0.022,0.002,0.417
11140,중구,2025-11-29,87.3,87.3,아주좋음,실외 활동하기 아주 좋은 날씨예요,해로움,적합,적합,적합,주의,10.657,-1.707,57.1,5.561,0.004,0.0,15.524,29.47,0.014,0.034,0.003,0.552
11140,중구,2025-11-30,81.8,81.8,좋음,실외 활동에 좋은 날씨예요 · 미세먼지 주의,주의,주의,적합,적합,해로움,15.796,7.598,78.8,7.086,0.0,0.0,28.674,82.262,0.051,0.026,0.003,0.648
11140,중구,2025-12-01,82.9,82.9,좋음,실외 활동에 좋은 날씨예요,주의,적합,주의,적합,주의,12.068,0.266,50.5,9.321,0.0,0.0,20.296,48.987,0.035,0.016,0.003,0.408
11140,중구,2025-12-02,79.7,79.7,좋음,"실외 활동에 좋은 날씨예요 · 쌀쌀해요, 옷 챙기세요",해로움,적합,주의,적합,주의,3.496,-9.452,41.1,10.054,0.0,0.0,6.97,19.141,0.032,0.012,0.002,0.326
11140,중구,2025-12-03,55.0,78.5,주의,"⚠️ 한파, 한랭질환 주의 — 실외 활동에 주의하세요",해로움,적합,주의,적합,적합,-3.05,-12.811,41.4,9.829,0.0,0.0,7.21,19.91,0.03,0.011,0.002,0.337
11140,중구,2025-12-04,55.0,77.5,주의,"⚠️ 한파, 한랭질환 주의 — 실외 활동에 주의하세요",해로움,적합,주의,적합,적합,2.171,-12.793,49.6,9.736,2.268,0.0,10.507,22.814,0.025,0.021,0.003,0.435
11140,중구,2025-12-05,81.9,81.9,좋음,"실외 활동에 좋은 날씨예요 · 쌀쌀해요, 옷 챙기세요",해로움,적합,적합,적합,적합,1.918,-8.901,53.6,7.518,0.0,0.0,14.188,26.713,0.024,0.025,0.003,0.514
11140,중구,2025-12-06,80.0,80.0,좋음,실외 활동에 좋은 날씨예요,해로움,주의,적합,적합,주의,6.675,-4.04,70.9,6.057,0.289,0.0,16.669,27.668,0.011,0.036,0.003,0.637
11140,중구,2025-12-07,74.4,74.4,좋음,실외 활동에 좋은 날씨예요 · 미세먼지 주의,주의,주의,주의,적합,해로움,12.914,1.144,77.4,8.107,0.0,0.0,51.854,79.841,0.046,0.033,0.003,0.975
11140,중구,2025-12-08,84.0,84.0,좋음,실외 활동에 좋은 날씨예요,해로움,적합,적합,적합,주의,7.329,-2.265,45.4,7.318,0.0,0.0,16.502,35.405,0.039,0.019,0.003,0.435
11140,중구,2025-12-09,85.5,85.5,아주좋음,실외 활동하기 아주 좋은 날씨예요,해로움,적합,적합,적합,주의,7.975,-2.823,59.0,5.661,0.0,0.0,11.87,23.4,0.02,0.032,0.003,0.518
11140,중구,2025-12-10,81.3,81.3,좋음,실외 활동에 좋은 날씨예요,해로움,주의,적합,적합,주의,9.264,-0.063,73.1,4.836,0.0,0.0,23.478,41.49,0.012,0.041,0.003,0.671
11140,중구,2025-12-11,69.6,69.6,무난,"실외 활동하기 무난해요 — 비 소식, 우산 챙기세요",해로움,주의,주의,주의,주의,8.511,-4.211,68.3,9.554,14.443,0.0,26.185,39.821,0.031,0.027,0.003,0.567
11140,중구,2025-12-12,85.7,85.7,아주좋음,실외 활동하기 아주 좋은 날씨예요,해로움,적합,적합,적합,적합,6.725,-4.713,56.3,5.104,0.0,0.0,11.915,21.681,0.026,0.024,0.003,0.453
11140,중구,2025-12-13,74.5,74.5,좋음,"실외 활동에 좋은 날씨예요 · 비 소식, 우산 챙기세요",해로움,해로움,적합,적합,적합,4.763,-2.073,81.5,6.622,6.714,0.0,7.048,11.905,0.021,0.022,0.002,0.419
11140,중구,2025-12-14,77.9,77.9,좋음,실외 활동에 좋은 날씨예요,해로움,주의,적합,적합,주의,2.964,-3.613,76.5,7.237,0.021,0.0,18.151,25.315,0.032,0.015,0.002,0.507
11140,중구,2025-12-15,78.8,78.8,좋음,실외 활동에 좋은 날씨예요,해로움,주의,적합,적합,주의,3.929,-4.145,76.4,4.464,0.0,0.0,22.664,31.817,0.02,0.035,0.003,0.622
11140,중구,2025-12-16,75.3,75.3,좋음,실외 활동에 좋은 날씨예요,주의,해로움,적합,적합,주의,4.689,1.306,88.5,3.929,1.843,0.0,27.91,39.74,0.005,0.035,0.003,0.659
11140,중구,2025-12-17,78.3,78.3,좋음,실외 활동에 좋은 날씨예요 · 미세먼지 주의,해로움,주의,적합,적합,해로움,7.339,-0.395,72.8,5.493,0.0,0.0,39.334,65.984,0.03,0.025,0.003,0.622
11140,중구,2025-12-18,85.4,85.4,아주좋음,실외 활동하기 아주 좋은 날씨예요,해로움,주의,적합,적합,주의,7.764,-2.795,60.6,4.282,0.0,0.0,21.223,33.453,0.022,0.034,0.003,0.611
11140,중구,2025-12-19,82.6,82.6,좋음,실외 활동에 좋은 날씨예요,해로움,주의,적합,적합,주의,9.879,-1.896,66.5,4.775,0.0,0.0,25.221,38.792,0.009,0.039,0.003,0.729
11140,중구,2025-12-20,77.0,77.0,좋음,실외 활동에 좋은 날씨예요,해로움,주의,주의,적합,주의,10.689,-0.12,74.1,8.621,0.1,0.0,30.532,47.605,0.026,0.03,0.003,0.709
11140,중구,2025-12-21,81.5,81.5,좋음,"실외 활동에 좋은 날씨예요 · 쌀쌀해요, 옷 챙기세요",해로움,적합,주의,적합,주의,2.182,-6.536,42.0,8.911,0.0,0.0,8.535,26.155,0.027,0.011,0.003,0.343
11140,중구,2025-12-22,84.5,84.5,좋음,"실외 활동에 좋은 날씨예요 · 쌀쌀해요, 옷 챙기세요",해로움,적합,적합,적합,주의,4.832,-6.911,44.8,4.554,0.0,0.0,13.459,30.93,0.022,0.029,0.003,0.559
11140,중구,2025-12-23,75.1,75.1,좋음,"실외 활동에 좋은 날씨예요 · 비 소식, 우산 챙기세요",해로움,주의,적합,적합,주의,4.889,-2.182,70.9,7.593,8.064,0.0,11.881,22.214,0.007,0.036,0.003,0.59
11140,중구,2025-12-24,78.7,78.7,좋음,실외 활동에 좋은 날씨예요,해로움,주의,적합,적합,주의,5.568,-2.39,79.0,5.529,0.0,0.0,19.204,27.091,0.024,0.024,0.002,0.528
11140,중구,2025-12-25,55.0,76.9,주의,"⚠️ 한파, 한랭질환 주의 — 실외 활동에 주의하세요",위험,적합,주의,적합,주의,0.371,-13.899,54.1,11.407,0.0,0.0,14.773,27.294,0.032,0.012,0.003,0.403
11140,중구,2025-12-26,55.0,77.7,주의,"⚠️ 한파, 한랭질환 주의 — 실외 활동에 주의하세요",위험,주의,주의,적합,적합,-4.364,-16.113,38.9,8.996,0.0,0.0,7.929,19.196,0.025,0.013,0.003,0.352
11140,중구,2025-12-27,83.3,83.3,좋음,"실외 활동에 좋은 날씨예요 · 쌀쌀해요, 옷 챙기세요",해로움,적합,적합,적합,주의,0.185,-9.896,52.1,4.452,0.0,0.0,16.163,29.324,0.019,0.03,0.003,0.514
11140,중구,2025-12-28,77.8,77.8,좋음,실외 활동에 좋은 날씨예요,해로움,주의,적합,적합,주의,6.326,-1.965,76.4,4.944,0.689,0.0,28.711,42.351,0.017,0.027,0.003,0.544
11140,중구,2025-12-29,74.6,74.6,좋음,실외 활동에 좋은 날씨예요 · 미세먼지 주의,해로움,주의,적합,적합,해로움,9.248,-1.645,74.1,7.415,1.243,0.0,42.341,61.274,0.035,0.03,0.003,0.658
11140,중구,2025-12-30,83.2,83.2,좋음,실외 활동에 좋은 날씨예요,해로움,적합,적합,적합,주의,3.529,-5.559,45.1,7.343,0.0,0.0,9.002,21.06,0.031,0.018,0.003,0.383
11140,중구,2025-12-31,55.0,79.2,주의,"⚠️ 한파, 한랭질환 주의 — 실외 활동에 주의하세요",위험,적합,주의,적합,주의,-1.071,-13.301,40.9,8.246,0.0,0.0,8.175,21.363,0.031,0.012,0.003,0.38
11170,용산구,2023-01-01,78.1,78.1,좋음,"실외 활동에 좋은 날씨예요 · 쌀쌀해요, 옷 챙기세요",해로움,적합,주의,적합,해로움,3.879,-6.809,54.5,8.114,0.0,0.0,36.97,52.234,0.032,0.025,0.004,0.675
11170,용산구,2023-01-02,82.3,82.3,좋음,"실외 활동에 좋은 날씨예요 · 쌀쌀해요, 옷 챙기세요",해로움,적합,적합,적합,적합,-0.432,-9.947,45.9,6.182,0.0,0.0,11.671,25.534,0.027,0.022,0.003,0.475
11170,용산구,2023-01-03,81.1,81.1,좋음,"실외 활동에 좋은 날씨예요 · 쌀쌀해요, 옷 챙기세요",해로움,적합,적합,적합,주의,0.489,-11.014,49.0,6.25,0.0,0.0,16.983,30.736,0.021,0.032,0.003,0.597
11170,용산구,2023-01-04,81.6,81.6,좋음,"실외 활동에 좋은 날씨예요 · 쌀쌀해요, 옷 챙기세요",해로움,적합,적합,적합,주의,3.357,-7.16,51.4,6.039,0.0,0.0,23.117,36.247,0.02,0.043,0.004,0.716
11170,용산구,2023-01-05,81.2,81.2,좋음,"실외 활동에 좋은 날씨예요 · 쌀쌀해요, 옷 챙기세요",해로움,적합,적합,적합,해로움,3.314,-6.276,58.1,4.314,0.0,0.0,36.083,50.298,0.009,0.054,0.004,0.946
11170,용산구,2023-01-06,70.8,70.8,좋음,"실외 활동에 좋은 날씨예요 · 쌀쌀해요, 옷 챙기세요",해로움,주의,적합,적합,해로움,5.386,-6.396,71.9,5.882,3.55,0.0,61.521,77.725,0.019,0.049,0.004,0.911
11170,용산구,2023-01-07,55.0,68.6,주의,"⚠️ 미세먼지 매우 나쁨, 마스크 착용 — 실외 활동에 주의하세요",해로움,해로움,적합,적합,위험,4.311,-3.223,80.9,6.671,0.057,0.0,89.602,120.404,0.03,0.031,0.003,0.963
11170,용산구,2023-01-08,75.0,75.0,좋음,실외 활동에 좋은 날씨예요 · 미세먼지 주의,해로움,주의,적합,적합,해로움,5.586,-4.468,69.3,4.154,0.0,0.0,58.944,131.286,0.019,0.038,0.003,0.866
11170,용산구,2023-01-09,79.4,79.4,좋음,실외 활동에 좋은 날씨예요 · 미세먼지 주의,해로움,주의,적합,적합,해로움,7.254,-3.053,60.1,6.768,0.0,0.0,40.406,93.473,0.026,0.033,0.004,0.688
11170,용산구,2023-01-10,82.7,82.7,좋음,실외 활동에 좋은 날씨예요,해로움,적합,적합,적합,주의,8.139,-4.371,59.9,3.921,0.0,0.0,33.452,62.129,0.021,0.046,0.004,0.777
11170,용산구,2023-01-11,80.8,80.8,좋음,실외 활동에 좋은 날씨예요 · 미세먼지 주의,해로움,주의,적합,적합,해로움,8.571,-2.907,61.9,4.15,0.0,0.0,48.582,75.299,0.009,0.062,0.004,1.022
11170,용산구,2023-01-12,82.1,82.1,좋음,실외 활동에 좋은 날씨예요 · 미세먼지 주의,해로움,적합,적합,적합,해로움,12.639,-1.945,46.6,4.4,0.0,0.0,44.727,65.947,0.011,0.057,0.004,0.929
11170,용산구,2023-01-13,60.6,60.6,무난,"실외 활동하기 무난해요 — 비 많음, 우산 필수",주의,위험,적합,주의,주의,9.6,3.291,99.1,6.693,31.868,0.0,13.506,21.878,0.013,0.038,0.004,0.753
11170,용산구,2023-01-14,75.7,75.7,좋음,실외 활동에 좋은 날씨예요,주의,해로움,적합,적합,적합,7.918,2.692,92.9,6.75,2.129,0.0,8.097,12.915,0.02,0.025,0.003,0.62
11170,용산구,2023-01-15,70.7,70.7,좋음,실외 활동에 좋은 날씨예요,해로움,해로움,적합,적합,적합,3.733,-5.376,93.9,6.378,3.168,0.0,10.498,14.572,0.024,0.015,0.002,0.423
11170,용산구,2023-01-16,81.5,81.5,좋음,"실외 활동에 좋은 날씨예요 · 쌀쌀해요, 옷 챙기세요",해로움,주의,적합,적합,적합,-1.169,-9.592,63.1,6.348,0.018,0.0,12.798,22.665,0.025,0.019,0.003,0.426
11170,용산구,2023-01-17,82.0,82.0,좋음,"실외 활동에 좋은 날씨예요 · 쌀쌀해요, 옷 챙기세요",해로움,주의,적합,적합,주의,-0.311,-7.57,65.1,4.379,0.0,0.0,17.754,33.358,0.018,0.035,0.003,0.568
11170,용산구,2023-01-18,81.5,81.5,좋음,"실외 활동에 좋은 날씨예요 · 쌀쌀해요, 옷 챙기세요",해로움,주의,적합,적합,주의,2.546,-6.145,60.5,6.154,0.0,0.0,24.488,54.329,0.025,0.033,0.003,0.616
11170,용산구,2023-01-19,74.6,74.6,좋음,"실외 활동에 좋은 날씨예요 · 쌀쌀해요, 옷 챙기세요",해로움,주의,주의,적합,주의,4.621,-8.042,69.3,8.05,1.143,0.0,25.078,62.989,0.026,0.036,0.003,0.665
11170,용산구,2023-01-20,73.7,73.7,좋음,"실외 활동에 좋은 날씨예요 · 쌀쌀해요, 옷 챙기세요",해로움,적합,주의,적합,해로움,2.757,-11.87,52.4,10.939,0.0,0.0,16.669,65.149,0.028,0.016,0.003,0.402
11170,용산구,2023-01-21,83.0,83.0,좋음,"실외 활동에 좋은 날씨예요 · 쌀쌀해요, 옷 챙기세요",해로움,적합,적합,적합,적합,1.007,-11.507,55.4,4.646,0.0,0.0,10.952,24.885,0.022,0.025,0.003,0.466
11170,용산구,2023-01-22,84.1,84.1,좋음,실외 활동에 좋은 날씨예요,해로움,주의,적합,적합,주의,2.754,-4.588,62.8,5.55,0.018,0.0,12.579,27.652,0.021,0.026,0.003,0.459
11170,용산구,2023-01-23,75.1,75.1,좋음,"실외 활동에 좋은 날씨예요 · 쌀쌀해요, 옷 챙기세요",해로움,주의,주의,적합,주의,4.768,-9.887,66.6,8.889,0.0,0.0,29.523,54.603,0.031,0.025,0.003,0.601
11170,용산구,2023-01-24,55.0,72.2,주의,"⚠️ 한파, 한랭질환 주의 — 실외 활동에 주의하세요",위험,적합,주의,적합,주의,-6.663,-24.201,51.9,11.504,0.0,0.0,9.889,28.064,0.03,0.008,0.002,0.346
11170,용산구,2023-01-25,55.0,78.2,주의,"⚠️ 한파, 한랭질환 주의 — 실외 활동에 주의하세요",위험,적합,적합,적합,적합,-5.978,-20.227,45.1,5.914,0.0,0.0,9.052,22.62,0.027,0.025,0.003,0.449
11170,용산구,2023-01-26,74.3,74.3,좋음,"실외 활동에 좋은 날씨예요 · 쌀쌀해요, 옷 챙기세요",해로움,해로움,적합,적합,주의,-3.368,-11.377,80.1,5.0,0.082,0.0,19.78,30.948,0.009,0.035,0.003,0.546
11170,용산구,2023-01-27,55.0,75.8,주의,"⚠️ 한파, 한랭질환 주의 — 실외 활동에 주의하세요",위험,적합,주의,적합,주의,-3.543,-14.196,56.5,11.175,0.0,0.0,19.453,40.183,0.028,0.019,0.003,0.496
11170,용산구,2023-01-28,55.0,77.7,주의,"⚠️ 한파, 한랭질환 주의 — 실외 활동에 주의하세요",위험,적합,적합,적합,주의,-0.661,-14.605,54.9,7.686,0.0,0.0,12.504,38.421,0.025,0.02,0.003,0.431
11170,용산구,2023-01-29,77.0,77.0,좋음,"실외 활동에 좋은 날씨예요 · 쌀쌀해요, 옷 챙기세요",해로움,적합,주의,적합,주의,4.782,-11.548,58.3,9.604,0.0,0.0,14.876,46.043,0.028,0.024,0.003,0.528
11170,용산구,2023-01-30,81.3,81.3,좋음,"실외 활동에 좋은 날씨예요 · 쌀쌀해요, 옷 챙기세요",해로움,적합,적합,적합,주의,4.186,-6.438,55.9,7.346,0.0,0.0,16.241,43.708,0.028,0.028,0.003,0.533
11170,용산구,2023-01-31,77.9,77.9,좋음,"실외 활동에 좋은 날씨예요 · 쌀쌀해요, 옷 챙기세요",해로움,주의,주의,적합,주의,8.171,-6.176,69.1,8.529,0.0,0.0,16.213,38.51,0.031,0.036,0.003,0.557
11170,용산구,2023-02-01,75.1,75.1,좋음,실외 활동에 좋은 날씨예요,해로움,주의,주의,적합,해로움,5.9,-5.475,68.4,9.432,0.0,0.0,35.435,64.952,0.034,0.024,0.003,0.562
11170,용산구,2023-02-02,81.6,81.6,좋음,"실외 활동에 좋은 날씨예요 · 쌀쌀해요, 옷 챙기세요",해로움,적합,적합,적합,주의,1.339,-7.676,50.3,6.186,0.0,0.0,16.018,43.416,0.026,0.022,0.003,0.445
11170,용산구,2023-02-03,83.2,83.2,좋음,실외 활동에 좋은 날씨예요,해로움,적합,적합,적합,주의,3.482,-5.956,47.4,5.864,0.0,0.0,19.102,40.677,0.024,0.028,0.003,0.515
11170,용산구,2023-02-04,81.2,81.2,좋음,"실외 활동에 좋은 날씨예요 · 쌀쌀해요, 옷 챙기세요",해로움,적합,적합,적합,주의,5.639,-6.543,49.8,6.607,0.0,0.0,25.967,41.372,0.029,0.034,0.003,0.606
11170,용산구,2023-02-05,75.3,75.3,좋음,실외 활동에 좋은 날씨예요 · 미세먼지 주의,해로움,주의,적합,적합,해로움,7.2,-4.395,71.0,6.111,0.0,0.0,49.941,66.644,0.04,0.041,0.003,0.801
11170,용산구,2023-02-06,76.1,76.1,좋음,실외 활동에 좋은 날씨예요 · 미세먼지 주의,해로움,주의,적합,적합,해로움,8.339,-2.562,72.3,4.329,0.0,0.0,59.373,79.51,0.03,0.049,0.003,0.874
11170,용산구,2023-02-07,75.9,75.9,좋음,실외 활동에 좋은 날씨예요 · 미세먼지 주의,해로움,주의,적합,적합,해로움,8.95,-1.749,72.9,4.618,0.0,0.0,60.476,80.347,0.024,0.049,0.003,0.868
11170,용산구,2023-02-08,78.6,78.6,좋음,실외 활동에 좋은 날씨예요 · 미세먼지 주의,해로움,주의,적합,적합,해로움,8.054,-3.434,62.1,6.779,0.0,0.0,48.205,67.561,0.033,0.034,0.003,0.732
11170,용산구,2023-02-09,81.8,81.8,좋음,실외 활동에 좋은 날씨예요,해로움,적합,적합,적합,주의,9.636,-5.195,49.9,7.318,0.0,0.0,23.23,37.578,0.03,0.032,0.003,0.535
11170,용산구,2023-02-10,78.9,78.9,좋음,실외 활동에 좋은 날씨예요,해로움,주의,적합,적합,주의,6.811,-0.579,79.6,6.282,0.396,0.0,16.82,22.843,0.031,0.025,0.003,0.434
11170,용산구,2023-02-11,78.6,78.6,좋음,실외 활동에 좋은 날씨예요,해로움,주의,적합,적합,해로움,8.254,-2.21,73.0,4.261,0.0,0.0,35.286,45.659,0.02,0.041,0.003,0.692
11170,용산구,2023-02-12,76.3,76.3,좋음,실외 활동에 좋은 날씨예요 · 미세먼지 주의,해로움,주의,적합,적합,해로움,7.796,-2.152,70.0,5.711,0.0,0.0,56.733,69.831,0.028,0.036,0.003,0.793
11170,용산구,2023-02-13,83.9,83.9,좋음,실외 활동에 좋은 날씨예요,주의,주의,적합,적합,주의,8.654,0.895,66.5,5.811,0.0,0.0,23.172,34.228,0.03,0.028,0.003,0.591
11170,용산구,2023-02-14,82.6,82.6,좋음,실외 활동에 좋은 날씨예요,해로움,적합,적합,적합,주의,6.354,-4.473,54.9,6.532,0.0,0.0,23.948,38.808,0.03,0.022,0.003,0.512
11170,용산구,2023-02-15,85.0,85.0,아주좋음,실외 활동하기 아주 좋은 날씨예요,해로움,적합,적합,적합,주의,8.143,-2.948,46.4,6.525,0.0,0.0,9.967,18.532,0.031,0.024,0.003,0.387
11170,용산구,2023-02-16,80.7,80.7,좋음,실외 활동에 좋은 날씨예요,해로움,주의,적합,적합,주의,5.243,-2.941,68.3,7.504,0.0,0.0,18.715,28.658,0.032,0.028,0.003,0.433
11170,용산구,2023-02-17,80.7,80.7,좋음,실외 활동에 좋은 날씨예요,해로움,주의,적합,적합,주의,9.489,-2.191,67.8,4.446,0.0,0.0,32.621,46.823,0.025,0.044,0.003,0.613
11170,용산구,2023-02-18,83.5,83.5,좋음,실외 활동에 좋은 날씨예요 · 미세먼지 주의,주의,적합,적합,적합,해로움,8.143,2.352,58.3,3.321,0.0,0.0,63.853,84.016,0.011,0.054,0.003,0.864
11170,용산구,2023-02-19,79.2,79.2,좋음,실외 활동에 좋은 날씨예요,해로움,적합,주의,적합,주의,6.607,-2.629,56.1,9.868,0.246,0.0,33.166,47.975,0.039,0.02,0.003,0.474
11170,용산구,2023-02-20,78.8,78.8,좋음,"실외 활동에 좋은 날씨예요 · 쌀쌀해요, 옷 챙기세요",해로움,적합,주의,적합,주의,2.982,-6.787,46.4,10.464,0.0,0.0,9.426,38.882,0.034,0.018,0.003,0.355
11170,용산구,2023-02-21,83.1,83.1,좋음,"실외 활동에 좋은 날씨예요 · 쌀쌀해요, 옷 챙기세요",해로움,적합,적합,적합,주의,4.382,-7.42,42.4,5.929,0.0,0.0,15.581,32.036,0.031,0.025,0.003,0.412
11170,용산구,2023-02-22,81.6,81.6,좋음,실외 활동에 좋은 날씨예요,해로움,적합,적합,적합,주의,7.768,-5.904,50.6,6.289,0.0,0.0,26.501,43.361,0.028,0.041,0.004,0.568
11170,용산구,2023-02-23,81.4,81.4,좋음,실외 활동에 좋은 날씨예요,해로움,주의,적합,적합,주의,9.1,-3.03,65.5,6.275,0.0,0.0,24.513,41.69,0.034,0.031,0.003,0.496
11170,용산구,2023-02-24,80.5,80.5,좋음,실외 활동에 좋은 날씨예요,해로움,적합,주의,적합,주의,8.743,-2.738,57.9,9.136,0.0,0.0,29.521,51.425,0.038,0.025,0.003,0.486
11170,용산구,2023-02-25,82.3,82.3,좋음,실외 활동에 좋은 날씨예요,해로움,적합,적합,적합,주의,5.757,-5.448,44.0,7.579,0.0,0.0,18.375,38.14,0.036,0.017,0.003,0.419
11170,용산구,2023-02-26,83.7,83.7,좋음,실외 활동에 좋은 날씨예요,해로움,적합,적합,적합,주의,8.818,-4.736,46.6,5.768,0.0,0.0,21.115,36.974,0.038,0.024,0.003,0.504
11170,용산구,2023-02-27,82.2,82.2,좋음,실외 활동에 좋은 날씨예요,해로움,적합,적합,적합,주의,11.968,-2.828,47.4,6.154,0.0,0.0,31.071,49.052,0.03,0.046,0.004,0.657
11170,용산구,2023-02-28,81.7,81.7,좋음,실외 활동에 좋은 날씨예요,해로움,주의,적합,적합,주의,8.771,-2.298,63.4,7.1,0.0,0.0,24.758,37.591,0.035,0.04,0.003,0.602
11170,용산구,2023-03-01,84.4,84.4,좋음,실외 활동에 좋은 날씨예요,주의,적합,주의,적합,주의,9.414,0.968,54.4,10.482,0.0,0.0,18.272,35.579,0.042,0.021,0.003,0.396
11170,용산구,2023-03-02,79.5,79.5,좋음,실외 활동에 좋은 날씨예요,해로움,주의,주의,적합,주의,6.625,-3.829,37.8,8.993,0.0,0.0,10.994,52.585,0.037,0.018,0.003,0.353
11170,용산구,2023-03-03,81.5,81.5,좋음,실외 활동에 좋은 날씨예요,해로움,주의,적합,적합,주의,10.225,-3.334,65.0,7.586,0.0,0.0,16.698,40.52,0.035,0.03,0.003,0.471
11170,용산구,2023-03-04,83.5,83.5,좋음,실외 활동에 좋은 날씨예요 · 미세먼지 주의,주의,주의,적합,적합,해로움,13.796,2.423,68.4,5.286,0.0,0.0,41.031,69.724,0.039,0.035,0.003,0.602
11170,용산구,2023-03-05,84.2,84.2,좋음,실외 활동에 좋은 날씨예요 · 미세먼지 주의,주의,적합,적합,적합,해로움,15.243,1.247,54.0,5.986,0.0,0.0,48.529,73.034,0.054,0.037,0.003,0.671
11170,용산구,2023-03-06,84.4,84.4,좋음,실외 활동에 좋은 날씨예요,주의,적합,적합,적합,주의,16.061,0.737,41.9,7.039,0.0,0.0,32.719,56.192,0.052,0.046,0.004,0.628
11170,용산구,2023-03-07,88.5,88.5,아주좋음,실외 활동하기 아주 좋은 날씨예요,주의,주의,적합,적합,주의,18.832,5.298,60.9,6.521,0.0,0.0,32.954,63.513,0.049,0.04,0.004,0.602
11170,용산구,2023-03-08,87.2,87.2,아주좋음,실외 활동하기 아주 좋은 날씨예요,주의,주의,적합,적합,주의,18.136,6.72,66.3,7.371,0.829,0.0,30.516,64.127,0.049,0.038,0.004,0.599
11170,용산구,2023-03-09,77.1,77.1,좋음,실외 활동에 좋은 날씨예요 · 미세먼지 주의,주의,해로움,적합,적합,해로움,13.511,5.946,85.9,7.257,3.579,0.0,42.593,64.168,0.039,0.035,0.003,0.6
11170,용산구,2023-03-10,85.6,85.6,아주좋음,실외 활동하기 아주 좋은 날씨예요 · 미세먼지 주의,주의,주의,적합,적합,해로움,22.264,4.189,62.1,6.121,0.0,0.0,54.161,94.804,0.046,0.041,0.004,0.756
11170,용산구,2023-03-11,89.0,89.0,아주좋음,실외 활동하기 아주 좋은 날씨예요 · 미세먼지 주의,적합,적합,주의,적합,해로움,23.046,9.105,52.0,8.118,0.0,0.0,51.863,99.708,0.066,0.038,0.004,0.726
11170,용산구,2023-03-12,74.1,74.1,좋음,"실외 활동에 좋은 날씨예요 · 비 소식, 우산 챙기세요",해로움,주의,주의,적합,주의,12.296,-2.193,68.0,12.025,5.254,0.0,24.366,54.633,0.061,0.014,0.003,0.48
11170,용산구,2023-03-13,80.7,80.7,좋음,실외 활동에 좋은 날씨예요,해로움,주의,주의,적합,주의,7.386,-4.306,38.9,9.671,0.0,0.0,8.14,34.256,0.037,0.017,0.003,0.338
11170,용산구,2023-03-14,83.9,83.9,좋음,실외 활동에 좋은 날씨예요,주의,적합,주의,적합,주의,15.471,0.872,45.9,9.711,0.0,0.0,10.068,41.644,0.043,0.023,0.003,0.399
11170,용산구,2023-03-15,81.8,81.8,좋음,실외 활동에 좋은 날씨예요,주의,주의,주의,적합,주의,15.189,1.604,66.6,10.007,0.0,0.0,12.574,48.416,0.036,0.026,0.003,0.467
11170,용산구,2023-03-16,80.5,80.5,좋음,실외 활동에 좋은 날씨예요,해로움,주의,적합,적합,해로움,9.5,-1.355,36.8,7.818,0.0,0.0,10.74,59.482,0.036,0.018,0.003,0.381
11170,용산구,2023-03-17,84.0,84.0,좋음,실외 활동에 좋은 날씨예요,해로움,주의,적합,적합,주의,12.732,-0.377,34.3,4.982,0.0,0.0,15.297,43.153,0.03,0.026,0.003,0.464
11170,용산구,2023-03-18,84.7,84.7,좋음,실외 활동에 좋은 날씨예요,주의,적합,적합,적합,주의,14.268,1.289,46.4,7.982,0.0,0.0,28.828,60.909,0.045,0.023,0.003,0.562
11170,용산구,2023-03-19,82.4,82.4,좋음,실외 활동에 좋은 날씨예요 · 미세먼지 주의,주의,적합,적합,적합,해로움,15.029,0.663,59.6,6.55,0.0,0.0,60.276,94.575,0.057,0.028,0.003,0.749
11170,용산구,2023-03-20,83.5,83.5,좋음,실외 활동에 좋은 날씨예요 · 미세먼지 주의,주의,적합,적합,적합,해로움,16.664,1.495,50.4,6.039,0.0,0.0,60.179,86.071,0.044,0.045,0.003,0.786
11170,용산구,2023-03-21,86.6,86.6,아주좋음,실외 활동하기 아주 좋은 날씨예요 · 미세먼지 주의,주의,주의,적합,적합,해로움,21.436,4.114,35.1,4.754,0.0,0.0,37.539,65.016,0.053,0.051,0.004,0.707
11170,용산구,2023-03-22,91.0,91.0,아주좋음,실외 활동하기 아주 좋은 날씨예요 · 미세먼지 주의,주의,적합,적합,적합,해로움,24.757,7.806,44.8,5.818,0.0,0.0,36.877,68.721,0.055,0.046,0.004,0.732
11170,용산구,2023-03-23,87.7,87.7,아주좋음,실외 활동하기 아주 좋은 날씨예요 · 미세먼지 주의,적합,적합,적합,적합,위험,23.643,12.043,48.9,7.836,0.0,0.0,29.111,113.105,0.047,0.023,0.003,0.528
11170,용산구,2023-03-24,84.6,84.6,좋음,실외 활동에 좋은 날씨예요 · 미세먼지 주의,주의,주의,적합,적합,위험,18.007,6.758,36.8,5.743,0.0,0.0,25.799,138.101,0.034,0.024,0.003,0.475
11170,용산구,2023-03-25,87.0,87.0,아주좋음,실외 활동하기 아주 좋은 날씨예요 · 미세먼지 주의,주의,적합,적합,적합,해로움,18.257,6.704,59.9,6.511,0.0,0.0,26.458,100.257,0.043,0.021,0.003,0.459
11170,용산구,2023-03-26,81.6,81.6,좋음,실외 활동에 좋은 날씨예요,주의,주의,주의,적합,주의,14.521,2.272,34.0,9.636,0.0,0.0,15.373,59.064,0.046,0.012,0.003,0.37
11170,용산구,2023-03-27,84.4,84.4,좋음,실외 활동에 좋은 날씨예요,주의,적합,주의,적합,주의,14.039,0.096,44.8,8.293,0.0,0.0,20.27,47.9,0.05,0.023,0.003,0.434
11170,용산구,2023-03-28,85.9,85.9,아주좋음,실외 활동하기 아주 좋은 날씨예요,주의,적합,적합,적합,주의,15.521,1.96,53.3,6.586,0.0,0.0,28.636,66.71,0.052,0.033,0.003,0.505
11170,용산구,2023-03-29,86.7,86.7,아주좋음,실외 활동하기 아주 좋은 날씨예요 · 미세먼지 주의,주의,적합,적합,적합,해로움,19.804,3.92,50.3,6.764,0.0,0.0,38.374,80.649,0.052,0.038,0.004,0.585
11170,용산구,2023-03-30,87.8,87.8,아주좋음,실외 활동하기 아주 좋은 날씨예요 · 미세먼지 주의,주의,적합,적합,적합,해로움,21.271,5.225,42.5,6.9,0.0,0.0,39.399,80.54,0.064,0.04,0.004,0.622
11170,용산구,2023-03-31,88.8,88.8,아주좋음,실외 활동하기 아주 좋은 날씨예요 · 미세먼지 주의,주의,적합,적합,적합,해로움,23.554,6.613,42.5,6.129,0.0,0.0,47.766,99.122,0.069,0.042,0.004,0.628
11170,용산구,2023-04-01,90.0,90.0,아주좋음,실외 활동하기 아주 좋은 날씨예요 · 미세먼지 주의,주의,적합,적합,적합,해로움,25.407,8.528,40.4,6.425,0.0,0.0,49.21,89.14,0.08,0.041,0.004,0.647
11170,용산구,2023-04-02,87.7,87.7,아주좋음,실외 활동하기 아주 좋은 날씨예요,적합,주의,적합,적합,주의,24.707,11.729,29.6,7.604,0.0,0.0,30.048,47.454,0.062,0.024,0.003,0.468
11170,용산구,2023-04-03,87.2,87.2,아주좋음,실외 활동하기 아주 좋은 날씨예요,적합,주의,적합,적합,주의,25.529,10.698,29.4,7.504,0.0,0.0,31.725,49.147,0.065,0.029,0.003,0.462
11170,용산구,2023-04-04,86.8,86.8,아주좋음,"실외 활동하기 아주 좋은 날씨예요 · 비 소식, 우산 챙기세요",적합,적합,주의,적합,주의,21.689,12.143,40.4,9.525,7.211,0.111,20.443,37.224,0.05,0.022,0.003,0.391
11170,용산구,2023-04-05,60.0,60.0,무난,"실외 활동하기 무난해요 — 비 많음, 우산 필수",주의,위험,주의,주의,주의,14.986,7.302,97.8,8.843,45.207,0.321,11.866,18.096,0.043,0.017,0.002,0.437
11170,용산구,2023-04-06,74.9,74.9,좋음,실외 활동에 좋은 날씨예요 · 미세먼지 주의,주의,해로움,적합,적합,해로움,10.136,6.194,94.6,6.329,2.489,0.054,52.58,62.249,0.043,0.021,0.002,0.696
11170,용산구,2023-04-07,81.6,81.6,좋음,실외 활동에 좋은 날씨예요 · 미세먼지 주의,주의,주의,주의,적합,해로움,15.764,2.581,65.0,10.454,0.0,0.0,41.766,73.442,0.046,0.021,0.003,0.503
11170,용산구,2023-04-08,83.7,83.7,좋음,실외 활동에 좋은 날씨예요,주의,적합,주의,적합,주의,15.104,0.915,51.1,10.143,0.0,0.0,7.601,39.671,0.043,0.017,0.003,0.341
11170,용산구,2023-04-09,84.3,84.3,좋음,실외 활동에 좋은 날씨예요,주의,적합,주의,적합,주의,18.082,2.222,56.8,8.889,0.0,0.0,15.734,59.392,0.057,0.019,0.003,0.445
11170,용산구,2023-04-10,87.4,87.4,아주좋음,실외 활동하기 아주 좋은 날씨예요,주의,적합,주의,적합,주의,19.411,4.888,50.8,9.782,0.0,0.0,17.79,46.164,0.059,0.025,0.003,0.443
11170,용산구,2023-04-11,81.1,81.1,좋음,실외 활동에 좋은 날씨예요,적합,주의,주의,적합,해로움,17.707,9.244,73.4,13.264,1.729,0.093,19.215,68.374,0.051,0.019,0.003,0.359
11170,용산구,2023-04-12,55.0,78.6,주의,"⚠️ 미세먼지 매우 나쁨, 마스크 착용 — 실외 활동에 주의하세요",주의,적합,주의,적합,위험,15.786,3.169,45.1,9.825,0.0,0.0,29.49,263.464,0.04,0.023,0.003,0.362
11170,용산구,2023-04-13,55.0,82.8,주의,"⚠️ 미세먼지 매우 나쁨, 마스크 착용 — 실외 활동에 주의하세요",주의,적합,적합,적합,위험,17.907,4.923,45.0,5.711,0.0,0.0,26.712,189.158,0.035,0.034,0.003,0.481
11170,용산구,2023-04-14,89.1,89.1,아주좋음,실외 활동하기 아주 좋은 날씨예요 · 미세먼지 주의,적합,적합,적합,적합,해로움,21.936,11.043,58.6,6.707,0.0,0.0,19.777,92.58,0.052,0.032,0.003,0.49
11170,용산구,2023-04-15,82.3,82.3,좋음,실외 활동에 좋은 날씨예요,주의,해로움,적합,적합,주의,17.004,8.379,81.8,6.707,2.896,0.129,20.507,59.384,0.041,0.023,0.003,0.463
11170,용산구,2023-04-16,80.9,80.9,좋음,실외 활동에 좋은 날씨예요 · 미세먼지 주의,주의,주의,주의,적합,위험,16.496,6.161,71.4,9.539,0.036,0.0,30.234,106.532,0.047,0.015,0.002,0.434
11170,용산구,2023-04-17,86.7,86.7,아주좋음,실외 활동하기 아주 좋은 날씨예요 · 미세먼지 주의,주의,적합,적합,적합,해로움,18.679,5.757,59.0,6.004,0.0,0.0,28.409,100.273,0.052,0.025,0.003,0.459
11170,용산구,2023-04-18,86.6,86.6,아주좋음,실외 활동하기 아주 좋은 날씨예요,적합,주의,적합,적합,주의,18.332,9.875,78.6,6.461,1.5,0.021,17.283,43.33,0.043,0.022,0.002,0.483
11170,용산구,2023-04-19,86.1,86.1,아주좋음,실외 활동하기 아주 좋은 날씨예요,주의,주의,적합,적합,주의,28.703,11.105,66.1,6.95,0.0,0.0,17.65,36.698,0.06,0.023,0.003,0.485
11170,용산구,2023-04-20,83.0,83.0,좋음,실외 활동에 좋은 날씨예요,적합,해로움,적합,적합,주의,18.65,14.068,92.1,6.825,0.161,0.018,12.865,24.241,0.05,0.019,0.002,0.422
11170,용산구,2023-04-21,91.6,91.6,아주좋음,실외 활동하기 아주 좋은 날씨예요,적합,적합,적합,적합,주의,23.093,11.377,50.4,7.489,0.0,0.0,14.267,55.817,0.047,0.015,0.003,0.371
11170,용산구,2023-04-22,84.9,84.9,좋음,실외 활동에 좋은 날씨예요,적합,주의,적합,적합,주의,22.214,12.475,22.9,7.4,0.0,0.0,11.99,54.172,0.046,0.015,0.003,0.31
11170,용산구,2023-04-23,89.7,89.7,아주좋음,실외 활동하기 아주 좋은 날씨예요,적합,주의,적합,적합,주의,22.236,10.27,34.1,6.911,0.0,0.0,14.684,53.049,0.052,0.017,0.003,0.365
11170,용산구,2023-04-24,91.7,91.7,아주좋음,실외 활동하기 아주 좋은 날씨예요,적합,적합,적합,적합,주의,20.861,10.805,40.5,7.764,0.0,0.0,15.352,50.941,0.051,0.018,0.003,0.35
11170,용산구,2023-04-25,90.3,90.3,아주좋음,실외 활동하기 아주 좋은 날씨예요,주의,주의,적합,적합,주의,13.343,8.311,68.6,6.375,0.425,0.014,15.005,33.241,0.042,0.023,0.003,0.387
11170,용산구,2023-04-26,86.7,86.7,아주좋음,실외 활동하기 아주 좋은 날씨예요,주의,주의,주의,적합,주의,13.521,5.399,69.9,8.336,0.0,0.0,13.169,27.965,0.04,0.016,0.002,0.362
11170,용산구,2023-04-27,89.1,89.1,아주좋음,실외 활동하기 아주 좋은 날씨예요,주의,주의,적합,적합,주의,20.593,4.526,61.6,6.014,0.0,0.0,21.076,38.118,0.057,0.029,0.003,0.49
11170,용산구,2023-04-28,89.3,89.3,아주좋음,실외 활동하기 아주 좋은 날씨예요,주의,주의,적합,적합,주의,21.804,7.761,62.0,7.793,1.8,0.061,16.545,35.942,0.055,0.029,0.003,0.49
11170,용산구,2023-04-29,71.0,71.0,좋음,"실외 활동에 좋은 날씨예요 · 비 소식, 우산 챙기세요",적합,해로움,주의,주의,주의,15.618,9.751,88.1,9.557,24.361,0.175,12.242,26.967,0.043,0.015,0.002,0.404
11170,용산구,2023-04-30,85.2,85.2,아주좋음,실외 활동하기 아주 좋은 날씨예요,주의,주의,주의,적합,주의,18.539,6.526,72.9,8.868,0.468,0.004,13.088,38.878,0.058,0.012,0.003,0.361
11170,용산구,2023-05-01,91.4,91.4,아주좋음,실외 활동하기 아주 좋은 날씨예요,주의,적합,주의,적합,주의,20.9,8.682,57.0,8.711,0.0,0.0,16.577,42.85,0.052,0.016,0.003,0.373
11170,용산구,2023-05-02,92.8,92.8,아주좋음,실외 활동하기 아주 좋은 날씨예요,주의,적합,적합,적합,주의,24.246,8.531,40.5,6.118,0.0,0.0,12.65,32.441,0.054,0.03,0.003,0.427
11170,용산구,2023-05-03,92.0,92.0,아주좋음,실외 활동하기 아주 좋은 날씨예요,주의,적합,적합,적합,주의,26.286,11.832,52.5,7.186,0.0,0.0,17.134,40.783,0.061,0.028,0.003,0.44
11170,용산구,2023-05-04,91.1,91.1,아주좋음,실외 활동하기 아주 좋은 날씨예요,주의,주의,적합,적합,주의,26.018,15.121,65.5,6.525,0.0,0.0,21.725,43.192,0.055,0.021,0.003,0.387
11170,용산구,2023-05-05,69.1,69.1,무난,"실외 활동하기 무난해요 — 비 소식, 우산 챙기세요",적합,위험,주의,주의,주의,21.396,15.343,95.3,8.596,25.382,0.332,4.677,11.406,0.042,0.013,0.002,0.352
11170,용산구,2023-05-06,63.4,63.4,무난,"실외 활동하기 무난해요 — 비 많음, 우산 필수",적합,해로움,주의,주의,주의,15.486,11.171,85.6,11.65,46.571,0.332,8.061,14.072,0.043,0.009,0.002,0.322
11170,용산구,2023-05-07,92.8,92.8,아주좋음,실외 활동하기 아주 좋은 날씨예요,적합,적합,적합,적합,주의,18.404,10.22,47.1,6.971,0.071,0.0,24.061,32.195,0.044,0.014,0.002,0.351
11170,용산구,2023-05-08,91.2,91.2,아주좋음,실외 활동하기 아주 좋은 날씨예요,주의,적합,적합,적합,주의,22.5,6.968,55.3,7.039,0.0,0.0,22.568,36.203,0.052,0.028,0.003,0.431
11170,용산구,2023-05-09,91.2,91.2,아주좋음,실외 활동하기 아주 좋은 날씨예요,주의,적합,적합,적합,주의,24.336,8.957,55.4,7.439,0.0,0.0,28.58,51.014,0.075,0.032,0.003,0.497
11170,용산구,2023-05-10,91.9,91.9,아주좋음,실외 활동하기 아주 좋은 날씨예요,주의,적합,적합,적합,주의,26.311,10.109,53.3,5.518,0.0,0.0,31.565,55.53,0.068,0.032,0.004,0.502
11170,용산구,2023-05-11,90.1,90.1,아주좋음,실외 활동하기 아주 좋은 날씨예요,주의,적합,적합,적합,주의,26.993,12.117,50.1,6.818,0.0,0.0,25.901,50.299,0.082,0.03,0.004,0.498
11170,용산구,2023-05-12,93.1,93.1,아주좋음,실외 활동하기 아주 좋은 날씨예요,적합,적합,적합,적합,주의,24.939,12.554,50.9,5.496,0.0,0.0,30.584,53.02,0.061,0.034,0.005,0.515
11170,용산구,2023-05-13,91.9,91.9,아주좋음,실외 활동하기 아주 좋은 날씨예요,적합,주의,적합,적합,주의,24.093,11.677,62.0,7.039,0.0,0.0,24.288,40.594,0.065,0.019,0.003,0.41
11170,용산구,2023-05-14,92.7,92.7,아주좋음,실외 활동하기 아주 좋은 날씨예요,적합,적합,적합,적합,주의,23.904,12.205,56.5,7.211,0.0,0.0,13.112,23.64,0.064,0.016,0.003,0.359
11170,용산구,2023-05-15,88.2,88.2,아주좋음,실외 활동하기 아주 좋은 날씨예요,주의,적합,적합,적합,주의,28.177,12.479,54.6,6.754,0.0,0.0,20.632,37.421,0.08,0.025,0.003,0.433
11170,용산구,2023-05-16,78.2,78.2,좋음,실외 활동에 좋은 날씨예요,주의,주의,적합,적합,해로움,31.577,16.571,51.9,7.575,0.0,0.0,31.293,57.416,0.096,0.025,0.003,0.513
11170,용산구,2023-05-17,82.3,82.3,좋음,실외 활동에 좋은 날씨예요,주의,주의,주의,적합,주의,29.156,17.439,63.6,10.418,0.0,0.0,14.575,35.878,0.063,0.016,0.003,0.395
11170,용산구,2023-05-18,86.7,86.7,아주좋음,실외 활동하기 아주 좋은 날씨예요,주의,주의,적합,적합,주의,26.638,18.293,74.8,7.754,0.814,0.046,18.218,35.014,0.039,0.017,0.003,0.377
11170,용산구,2023-05-19,89.5,89.5,아주좋음,실외 활동하기 아주 좋은 날씨예요,주의,주의,적합,적합,주의,27.597,16.611,61.4,6.929,0.0,0.0,12.311,23.072,0.051,0.016,0.002,0.349
11170,용산구,2023-05-20,88.0,88.0,아주좋음,실외 활동하기 아주 좋은 날씨예요,주의,주의,주의,적합,주의,26.743,16.021,66.9,9.121,0.0,0.0,14.172,24.69,0.061,0.015,0.003,0.37
11170,용산구,2023-05-21,85.5,85.5,아주좋음,실외 활동하기 아주 좋은 날씨예요,적합,주의,적합,적합,해로움,22.004,15.025,74.0,7.7,0.079,0.007,22.193,78.475,0.05,0.01,0.003,0.356
11170,용산구,2023-05-22,87.0,87.0,아주좋음,실외 활동하기 아주 좋은 날씨예요 · 미세먼지 주의,주의,주의,적합,적합,위험,26.046,15.368,61.3,6.089,0.536,0.0,30.188,127.451,0.049,0.02,0.003,0.414
11170,용산구,2023-05-23,90.0,90.0,아주좋음,실외 활동하기 아주 좋은 날씨예요,주의,적합,적합,적합,해로움,26.871,13.711,48.0,6.636,0.0,0.0,16.103,62.411,0.05,0.021,0.003,0.353
11170,용산구,2023-05-24,93.3,93.3,아주좋음,실외 활동하기 아주 좋은 날씨예요,적합,적합,적합,적합,주의,25.864,14.393,49.8,5.696,0.0,0.0,17.088,39.854,0.063,0.029,0.004,0.448
11170,용산구,2023-05-25,89.6,89.6,아주좋음,실외 활동하기 아주 좋은 날씨예요,주의,적합,주의,적합,주의,27.467,14.932,46.6,8.046,0.0,0.0,13.573,34.126,0.062,0.02,0.003,0.36
11170,용산구,2023-05-26,89.9,89.9,아주좋음,실외 활동하기 아주 좋은 날씨예요,주의,적합,적합,적합,주의,27.209,15.321,57.4,7.286,0.304,0.018,13.725,33.25,0.07,0.02,0.003,0.37
11170,용산구,2023-05-27,72.6,72.6,좋음,"실외 활동에 좋은 날씨예요 · 비 소식, 우산 챙기세요",적합,해로움,적합,주의,주의,20.9,17.675,87.4,4.486,29.975,0.207,15.328,28.771,0.044,0.022,0.003,0.457
11170,용산구,2023-05-28,64.7,64.7,무난,"실외 활동하기 무난해요 — 비 많음, 우산 필수",적합,위험,적합,주의,적합,20.314,17.986,98.9,7.121,41.993,0.175,5.146,9.925,0.021,0.013,0.002,0.35
11170,용산구,2023-05-29,80.1,80.1,좋음,실외 활동에 좋은 날씨예요,주의,해로움,적합,적합,주의,28.994,18.75,83.4,4.504,3.779,0.05,7.142,14.915,0.036,0.017,0.002,0.41
11170,용산구,2023-05-30,84.4,84.4,좋음,실외 활동에 좋은 날씨예요,주의,주의,적합,적합,주의,28.916,19.7,69.5,6.967,0.0,0.0,19.408,36.854,0.041,0.019,0.003,0.442
11170,용산구,2023-05-31,87.5,87.5,아주좋음,실외 활동하기 아주 좋은 날씨예요,주의,주의,적합,적합,주의,28.291,18.504,60.8,6.429,0.0,0.0,13.352,28.356,0.062,0.018,0.003,0.371
11170,용산구,2023-06-01,93.3,93.3,아주좋음,실외 활동하기 아주 좋은 날씨예요,주의,주의,적합,적합,주의,26.561,19.261,66.9,4.861,0.0,0.0,21.911,39.202,0.063,0.023,0.003,0.455
11170,용산구,2023-06-02,90.2,90.2,아주좋음,실외 활동하기 아주 좋은 날씨예요,적합,주의,적합,적합,주의,25.486,17.518,77.4,6.304,0.0,0.0,17.101,32.024,0.054,0.018,0.003,0.394
11170,용산구,2023-06-03,87.3,87.3,아주좋음,실외 활동하기 아주 좋은 날씨예요,주의,주의,주의,적합,주의,28.242,16.314,60.1,9.293,0.0,0.0,13.911,34.264,0.064,0.017,0.003,0.381
11170,용산구,2023-06-04,88.5,88.5,아주좋음,실외 활동하기 아주 좋은 날씨예요,주의,주의,적합,적합,주의,28.324,15.754,61.0,7.4,0.0,0.0,17.957,36.738,0.076,0.013,0.003,0.403
11170,용산구,2023-06-05,89.1,89.1,아주좋음,실외 활동하기 아주 좋은 날씨예요,주의,주의,주의,적합,주의,26.289,16.875,66.9,9.354,0.0,0.0,14.67,30.482,0.061,0.017,0.003,0.365
11170,용산구,2023-06-06,89.6,89.6,아주좋음,실외 활동하기 아주 좋은 날씨예요,적합,주의,적합,적합,주의,25.704,16.529,72.9,7.789,0.036,0.0,10.33,20.91,0.062,0.012,0.003,0.31
11170,용산구,2023-06-07,91.7,91.7,아주좋음,실외 활동하기 아주 좋은 날씨예요,적합,주의,적합,적합,주의,25.375,18.418,75.3,5.486,0.0,0.0,19.33,34.953,0.057,0.018,0.003,0.416
11170,용산구,2023-06-08,84.3,84.3,좋음,"실외 활동에 좋은 날씨예요 · 비 소식, 우산 챙기세요",적합,해로움,적합,적합,주의,24.414,17.571,80.5,7.729,8.193,0.054,11.0,21.054,0.046,0.017,0.003,0.405
11170,용산구,2023-06-09,85.7,85.7,아주좋음,실외 활동하기 아주 좋은 날씨예요,주의,주의,적합,적합,주의,28.703,17.529,64.0,6.125,2.846,0.021,13.89,26.255,0.072,0.022,0.003,0.431
11170,용산구,2023-06-10,81.4,81.4,좋음,실외 활동에 좋은 날씨예요,주의,주의,주의,적합,주의,28.824,18.65,70.0,9.686,2.529,0.061,20.256,34.378,0.081,0.019,0.003,0.456
11170,용산구,2023-06-11,78.1,78.1,좋음,"실외 활동에 좋은 날씨예요 · 비 소식, 우산 챙기세요",주의,주의,적합,주의,주의,27.668,17.65,76.1,5.682,17.025,0.575,13.277,21.991,0.063,0.012,0.002,0.394
11170,용산구,2023-06-12,88.4,88.4,아주좋음,실외 활동하기 아주 좋은 날씨예요,주의,주의,적합,적합,주의,27.921,17.621,70.5,6.421,0.018,0.0,18.014,30.91,0.064,0.023,0.003,0.458
11170,용산구,2023-06-13,89.2,89.2,아주좋음,실외 활동하기 아주 좋은 날씨예요,주의,주의,적합,적합,주의,26.825,18.454,70.0,7.436,0.0,0.0,15.127,27.45,0.066,0.019,0.003,0.404
11170,용산구,2023-06-14,86.6,86.6,아주좋음,실외 활동하기 아주 좋은 날씨예요,주의,해로움,적합,적합,주의,26.029,17.114,80.3,5.975,3.325,1.093,18.956,30.665,0.067,0.022,0.003,0.435
11170,용산구,2023-06-15,87.0,87.0,아주좋음,실외 활동하기 아주 좋은 날씨예요,주의,주의,적합,적합,주의,28.535,17.654,70.8,6.554,0.036,0.0,20.042,31.896,0.066,0.022,0.003,0.445
11170,용산구,2023-06-16,85.8,85.8,아주좋음,실외 활동하기 아주 좋은 날씨예요,주의,주의,적합,적합,주의,29.641,18.189,64.4,6.161,0.0,0.0,16.219,26.689,0.063,0.021,0.003,0.414
11170,용산구,2023-06-17,83.1,83.1,좋음,실외 활동에 좋은 날씨예요,주의,주의,적합,적합,주의,31.037,18.061,57.1,6.232,0.0,0.0,12.779,22.578,0.071,0.023,0.003,0.398
11170,용산구,2023-06-18,78.3,78.3,좋음,실외 활동에 좋은 날씨예요 · 더위 주의,해로움,주의,적합,적합,주의,33.217,20.193,60.5,5.679,0.0,0.0,16.332,27.216,0.072,0.016,0.003,0.405
11170,용산구,2023-06-19,73.6,73.6,좋음,실외 활동에 좋은 날씨예요 · 더위 주의,해로움,해로움,적합,적합,해로움,34.342,22.05,57.8,6.268,0.0,0.0,28.945,46.3,0.091,0.024,0.003,0.511
11170,용산구,2023-06-20,81.9,81.9,좋음,"실외 활동에 좋은 날씨예요 · 비 소식, 우산 챙기세요",주의,주의,적합,적합,주의,26.411,19.661,64.5,7.636,8.693,0.229,20.629,36.01,0.08,0.024,0.003,0.461
11170,용산구,2023-06-21,73.7,73.7,좋음,"실외 활동에 좋은 날씨예요 · 비 소식, 우산 챙기세요",적합,해로움,적합,주의,적합,22.2,18.346,92.6,5.771,27.425,0.3,4.941,11.219,0.027,0.014,0.003,0.352
11170,용산구,2023-06-22,87.6,87.6,아주좋음,실외 활동하기 아주 좋은 날씨예요,주의,주의,적합,적합,주의,27.068,18.475,77.1,7.368,0.196,0.0,9.589,20.324,0.041,0.015,0.003,0.37
11170,용산구,2023-06-23,84.5,84.5,좋음,실외 활동에 좋은 날씨예요,주의,주의,적합,적합,주의,30.209,19.357,76.6,4.621,0.0,0.0,22.81,35.303,0.074,0.022,0.003,0.516
11170,용산구,2023-06-24,78.8,78.8,좋음,실외 활동에 좋은 날씨예요,주의,해로움,적합,적합,해로움,31.972,21.311,70.5,5.389,0.0,0.0,25.232,37.392,0.09,0.02,0.003,0.48
11170,용산구,2023-06-25,75.8,75.8,좋음,실외 활동에 좋은 날씨예요 · 더위 주의,해로움,해로움,적합,적합,주의,33.391,22.182,64.9,5.6,0.0,0.0,21.788,31.339,0.07,0.014,0.003,0.43
11170,용산구,2023-06-26,67.4,67.4,무난,"실외 활동하기 무난해요 — 비 많음, 우산 필수",주의,해로움,주의,주의,주의,27.372,21.318,88.6,9.032,30.332,0.396,9.645,17.122,0.047,0.014,0.003,0.385
11170,용산구,2023-06-27,78.5,78.5,좋음,실외 활동에 좋은 날씨예요,주의,주의,주의,적합,주의,30.006,21.311,73.1,8.793,2.071,0.089,10.315,21.381,0.063,0.015,0.003,0.37
11170,용산구,2023-06-28,80.3,80.3,좋음,실외 활동에 좋은 날씨예요,주의,해로움,적합,적합,주의,30.69,23.589,77.4,6.093,0.0,0.0,20.679,31.492,0.058,0.017,0.003,0.427
11170,용산구,2023-06-29,59.6,59.6,주의,"가벼운 실외 활동은 괜찮아요 — 비 많음, 우산 필수",적합,위험,주의,해로움,주의,25.618,22.643,95.4,8.225,57.171,1.207,21.032,32.884,0.045,0.017,0.002,0.414
11170,용산구,2023-06-30,80.8,80.8,좋음,실외 활동에 좋은 날씨예요,주의,해로움,적합,적합,주의,30.035,22.864,89.8,4.911,0.679,0.014,23.684,35.687,0.058,0.023,0.003,0.497
11170,용산구,2023-07-01,73.9,73.9,좋음,실외 활동에 좋은 날씨예요 · 더위 주의,해로움,해로움,적합,적합,주의,33.916,22.804,76.9,6.279,0.0,0.0,17.794,27.47,0.07,0.018,0.003,0.447
11170,용산구,2023-07-02,80.2,80.2,좋음,실외 활동에 좋은 날씨예요,주의,해로움,적합,적합,주의,31.361,22.621,79.5,4.975,0.0,0.0,12.713,19.665,0.052,0.014,0.003,0.385
11170,용산구,2023-07-03,55.0,71.9,주의,"⚠️ 폭염, 온열질환 주의 — 실외 활동에 주의하세요",해로움,위험,적합,적합,주의,35.362,23.318,72.0,5.525,0.0,0.0,20.884,32.898,0.079,0.021,0.003,0.449
11170,용산구,2023-07-04,54.1,54.1,주의,"가벼운 실외 활동은 괜찮아요 — 비 많음, 우산 필수",주의,해로움,주의,해로움,주의,29.673,23.679,86.8,8.307,61.457,1.018,22.246,31.636,0.062,0.019,0.003,0.441
11170,용산구,2023-07-05,71.9,71.9,좋음,"실외 활동에 좋은 날씨예요 · 비 소식, 우산 챙기세요",주의,해로움,주의,주의,주의,27.78,21.907,82.6,10.132,16.225,0.493,14.708,27.447,0.064,0.014,0.003,0.436
11170,용산구,2023-07-06,73.7,73.7,좋음,실외 활동에 좋은 날씨예요,주의,해로움,주의,적합,주의,32.77,22.332,70.9,8.582,0.0,0.0,26.19,46.917,0.084,0.018,0.003,0.556
11170,용산구,2023-07-07,76.6,76.6,좋음,실외 활동에 좋은 날씨예요,주의,해로움,주의,적합,주의,31.911,22.625,64.9,8.293,0.0,0.0,19.988,41.745,0.068,0.021,0.003,0.481
11170,용산구,2023-07-08,82.9,82.9,좋음,실외 활동에 좋은 날씨예요,주의,해로움,적합,적합,주의,30.116,21.5,76.5,5.764,0.0,0.0,6.539,12.715,0.049,0.014,0.003,0.367
11170,용산구,2023-07-09,66.5,66.5,무난,"실외 활동하기 무난해요 — 비 많음, 우산 필수",주의,해로움,주의,주의,주의,27.742,20.793,86.4,8.732,32.786,0.879,8.936,16.333,0.052,0.012,0.002,0.371
11170,용산구,2023-07-10,70.5,70.5,좋음,"실외 활동에 좋은 날씨예요 · 비 소식, 우산 챙기세요",주의,해로움,적합,적합,주의,32.071,22.721,80.4,7.336,8.839,0.411,19.357,33.211,0.066,0.018,0.003,0.443
11170,용산구,2023-07-11,55.0,56.2,주의,"⚠️ 호우, 침수·안전 주의 — 실외 활동에 주의하세요",적합,해로움,적합,위험,주의,25.868,20.793,92.4,6.944,83.975,0.55,10.253,19.155,0.056,0.022,0.003,0.433
11170,용산구,2023-07-12,82.6,82.6,좋음,실외 활동에 좋은 날씨예요,주의,해로움,적합,적합,주의,29.904,21.771,86.4,4.568,0.436,0.018,15.127,25.108,0.053,0.023,0.003,0.42
11170,용산구,2023-07-13,53.1,53.1,주의,"⚠️ 호우, 침수·안전 주의 — 실외 활동에 주의하세요",주의,해로움,주의,위험,주의,26.525,23.768,95.0,8.061,86.521,1.25,15.228,23.782,0.034,0.023,0.003,0.436
11170,용산구,2023-07-14,54.3,54.3,주의,"가벼운 실외 활동은 괜찮아요 — 비 많음, 우산 필수",적합,위험,주의,해로움,주의,25.204,23.539,99.1,9.121,76.418,0.725,10.449,17.469,0.031,0.016,0.003,0.373
11170,용산구,2023-07-15,80.9,80.9,좋음,실외 활동에 좋은 날씨예요,주의,해로움,주의,적합,주의,26.043,23.482,93.5,8.854,3.261,0.021,13.849,23.427,0.041,0.014,0.003,0.407
11170,용산구,2023-07-16,80.3,80.3,좋음,"실외 활동에 좋은 날씨예요 · 비 소식, 우산 챙기세요",적합,해로움,적합,적합,주의,25.954,23.071,89.5,6.811,8.346,0.343,15.856,30.874,0.043,0.013,0.003,0.372
11170,용산구,2023-07-17,83.6,83.6,좋음,실외 활동에 좋은 날씨예요,주의,해로움,적합,적합,주의,28.622,23.067,86.1,5.989,0.514,0.054,14.462,26.548,0.036,0.02,0.003,0.378
11170,용산구,2023-07-18,81.4,81.4,좋음,"실외 활동에 좋은 날씨예요 · 비 소식, 우산 챙기세요",주의,해로움,적합,적합,적합,27.925,22.982,87.9,4.463,8.939,0.029,7.505,15.383,0.021,0.016,0.003,0.352
11170,용산구,2023-07-19,75.7,75.7,좋음,실외 활동에 좋은 날씨예요 · 더위 주의,해로움,해로움,적합,적합,주의,33.443,21.761,78.8,5.764,0.0,0.0,17.047,30.419,0.055,0.018,0.003,0.418
11170,용산구,2023-07-20,74.6,74.6,좋음,실외 활동에 좋은 날씨예요 · 더위 주의,해로움,해로움,적합,적합,해로움,33.62,22.979,74.0,5.418,0.0,0.0,39.42,56.738,0.087,0.026,0.003,0.576
11170,용산구,2023-07-21,55.0,71.2,주의,"⚠️ 폭염, 온열질환 주의 — 실외 활동에 주의하세요",해로움,위험,적합,적합,해로움,35.275,23.464,69.6,4.911,0.0,0.0,46.646,62.191,0.124,0.027,0.003,0.622
11170,용산구,2023-07-22,66.5,66.5,무난,"실외 활동하기 무난해요 — 비 소식, 우산 챙기세요",주의,해로움,주의,적합,해로움,32.775,23.796,73.9,9.025,8.386,0.361,20.913,30.365,0.093,0.013,0.003,0.368
11170,용산구,2023-07-23,66.3,66.3,무난,"실외 활동하기 무난해요 — 비 많음, 우산 필수",주의,해로움,주의,주의,적합,26.007,23.929,94.3,8.221,39.614,0.325,4.769,9.929,0.015,0.008,0.002,0.265
11170,용산구,2023-07-24,78.6,78.6,좋음,실외 활동에 좋은 날씨예요,주의,해로움,적합,적합,주의,31.252,23.986,83.1,5.407,1.104,0.014,13.866,22.225,0.053,0.017,0.003,0.378
11170,용산구,2023-07-25,73.9,73.9,좋음,실외 활동에 좋은 날씨예요,주의,해로움,적합,적합,주의,31.753,24.839,80.5,7.9,2.218,0.196,10.228,18.525,0.038,0.014,0.003,0.305
11170,용산구,2023-07-26,72.5,72.5,좋음,"실외 활동에 좋은 날씨예요 · 비 소식, 우산 챙기세요",주의,해로움,적합,적합,적합,32.148,24.668,80.9,7.175,8.875,0.036,5.739,13.271,0.024,0.014,0.003,0.294
11170,용산구,2023-07-27,73.9,73.9,좋음,실외 활동에 좋은 날씨예요 · 더위 주의,해로움,위험,적합,적합,주의,33.978,24.157,78.1,5.654,0.429,0.0,12.591,21.941,0.047,0.018,0.003,0.333
11170,용산구,2023-07-28,55.0,70.6,주의,"⚠️ 폭염, 온열질환 주의 — 실외 활동에 주의하세요",해로움,위험,적합,적합,주의,35.458,24.763,72.4,6.464,0.089,0.0,22.19,31.909,0.048,0.018,0.003,0.337
11170,용산구,2023-07-29,71.6,71.6,좋음,실외 활동에 좋은 날씨예요 · 더위 주의,해로움,위험,적합,적합,주의,34.814,25.507,72.1,6.782,0.0,0.0,20.978,28.732,0.051,0.014,0.003,0.312
11170,용산구,2023-07-30,55.0,58.4,주의,"⚠️ 폭염, 온열질환 주의 — 실외 활동에 주의하세요",해로움,해로움,주의,주의,주의,36.119,23.882,72.5,8.711,22.268,0.714,10.014,15.945,0.058,0.013,0.003,0.298
11170,용산구,2023-07-31,70.6,70.6,좋음,실외 활동에 좋은 날씨예요 · 더위 주의,해로움,위험,적합,적합,주의,34.632,24.961,76.3,6.214,2.743,0.011,21.447,29.715,0.058,0.019,0.003,0.361
11170,용산구,2023-08-01,55.0,71.0,주의,"⚠️ 폭염, 온열질환 주의 — 실외 활동에 주의하세요",해로움,위험,적합,적합,주의,35.54,25.139,71.6,5.05,0.0,0.0,22.134,30.749,0.09,0.019,0.003,0.373
11170,용산구,2023-08-02,71.7,71.7,좋음,실외 활동에 좋은 날씨예요 · 더위 주의,해로움,위험,적합,적합,주의,34.772,25.8,67.8,6.325,0.0,0.0,23.409,33.742,0.058,0.019,0.003,0.365
11170,용산구,2023-08-03,72.6,72.6,좋음,실외 활동에 좋은 날씨예요 · 더위 주의,해로움,위험,적합,적합,주의,34.72,24.55,67.0,6.118,0.0,0.0,14.475,22.54,0.047,0.018,0.003,0.305
11170,용산구,2023-08-04,55.0,71.5,주의,"⚠️ 폭염, 온열질환 주의 — 실외 활동에 주의하세요",해로움,위험,적합,적합,주의,35.326,25.796,67.6,5.946,0.0,0.0,12.642,21.222,0.048,0.017,0.003,0.297
11170,용산구,2023-08-05,55.0,70.0,주의,"⚠️ 폭염, 온열질환 주의 — 실외 활동에 주의하세요",해로움,위험,적합,적합,주의,36.047,25.789,69.0,6.104,0.0,0.0,12.63,20.622,0.049,0.012,0.003,0.258
11170,용산구,2023-08-06,55.0,67.0,주의,"⚠️ 폭염, 온열질환 주의 — 실외 활동에 주의하세요",해로움,위험,적합,적합,주의,35.036,26.604,76.5,7.338,3.443,0.175,14.942,22.105,0.056,0.013,0.003,0.297
11170,용산구,2023-08-07,55.0,68.0,주의,"⚠️ 폭염, 온열질환 주의 — 실외 활동에 주의하세요",해로움,위험,적합,적합,주의,36.319,26.937,68.4,7.456,0.643,0.0,5.747,11.422,0.036,0.012,0.003,0.275
11170,용산구,2023-08-08,55.0,69.5,주의,"⚠️ 폭염, 온열질환 주의 — 실외 활동에 주의하세요",해로움,위험,적합,적합,주의,36.472,25.881,60.5,6.604,0.0,0.0,3.865,9.377,0.035,0.011,0.003,0.259
11170,용산구,2023-08-09,76.2,76.2,좋음,실외 활동에 좋은 날씨예요,주의,해로움,주의,적합,적합,31.639,24.23,67.6,8.568,0.239,0.007,3.563,8.811,0.022,0.01,0.003,0.259
11170,용산구,2023-08-10,52.2,52.2,주의,"⚠️ 호우, 침수·안전 주의 — 실외 활동에 주의하세요",적합,해로움,주의,위험,주의,24.85,20.821,91.9,11.632,84.396,0.486,2.234,5.45,0.045,0.01,0.002,0.251
11170,용산구,2023-08-11,65.8,65.8,무난,"실외 활동하기 무난해요 — 비 많음, 우산 필수",적합,해로움,주의,주의,주의,25.886,21.461,93.1,9.907,35.811,0.486,10.093,18.403,0.037,0.016,0.003,0.398
11170,용산구,2023-08-12,86.6,86.6,아주좋음,실외 활동하기 아주 좋은 날씨예요,적합,해로움,적합,적합,주의,24.814,22.146,91.0,5.807,1.393,0.043,10.842,18.958,0.035,0.016,0.002,0.379
11170,용산구,2023-08-13,79.1,79.1,좋음,실외 활동에 좋은 날씨예요,주의,해로움,적합,적합,주의,32.029,22.446,76.9,4.689,0.018,0.0,18.655,29.345,0.064,0.014,0.003,0.447
11170,용산구,2023-08-14,73.9,73.9,좋음,실외 활동에 좋은 날씨예요 · 더위 주의,해로움,해로움,적합,적합,주의,33.984,24.089,75.4,5.793,0.0,0.0,27.54,40.547,0.072,0.019,0.003,0.53
11170,용산구,2023-08-15,75.0,75.0,좋음,실외 활동에 좋은 날씨예요 · 더위 주의,해로움,해로움,적합,적합,주의,33.45,24.261,71.4,5.8,0.0,0.0,16.093,25.991,0.053,0.012,0.003,0.384
11170,용산구,2023-08-16,76.5,76.5,좋음,실외 활동에 좋은 날씨예요,주의,해로움,적합,적합,주의,32.855,24.171,72.0,5.975,0.189,0.011,10.578,19.445,0.059,0.016,0.003,0.387
11170,용산구,2023-08-17,75.3,75.3,좋음,실외 활동에 좋은 날씨예요 · 더위 주의,해로움,해로움,적합,적합,주의,33.404,23.654,73.0,5.246,0.0,0.0,17.541,26.988,0.077,0.021,0.003,0.525
11170,용산구,2023-08-18,71.6,71.6,좋음,실외 활동에 좋은 날씨예요 · 더위 주의,해로움,위험,적합,적합,주의,34.529,25.104,72.1,5.596,1.093,0.004,26.221,37.257,0.089,0.024,0.003,0.522
11170,용산구,2023-08-19,72.4,72.4,좋음,실외 활동에 좋은 날씨예요 · 더위 주의,해로움,해로움,적합,적합,주의,34.668,25.454,68.9,5.889,0.0,0.0,18.775,27.909,0.081,0.02,0.003,0.459
11170,용산구,2023-08-20,76.1,76.1,좋음,실외 활동에 좋은 날씨예요 · 더위 주의,해로움,해로움,적합,적합,주의,33.181,24.993,71.8,5.121,0.0,0.0,17.751,26.683,0.064,0.014,0.003,0.415
11170,용산구,2023-08-21,72.1,72.1,좋음,실외 활동에 좋은 날씨예요 · 더위 주의,해로움,위험,적합,적합,주의,33.973,25.554,69.8,7.211,0.232,0.0,15.976,25.741,0.047,0.018,0.003,0.388
11170,용산구,2023-08-22,58.2,58.2,주의,"가벼운 실외 활동은 괜찮아요 — 비 많음, 우산 필수",주의,해로움,주의,주의,주의,32.837,24.871,80.3,9.204,30.896,1.036,12.921,20.697,0.031,0.015,0.003,0.313
11170,용산구,2023-08-23,63.0,63.0,무난,"실외 활동하기 무난해요 — 비 많음, 우산 필수",주의,해로움,적합,주의,주의,28.063,22.925,91.3,6.532,45.189,0.557,5.206,10.273,0.036,0.017,0.003,0.359
11170,용산구,2023-08-24,80.0,80.0,좋음,"실외 활동에 좋은 날씨예요 · 비 소식, 우산 챙기세요",주의,해로움,적합,적합,주의,28.329,21.871,84.8,6.121,6.561,0.154,3.094,7.775,0.04,0.014,0.002,0.341
11170,용산구,2023-08-25,78.4,78.4,좋음,실외 활동에 좋은 날씨예요,주의,해로움,적합,적합,주의,30.749,23.782,77.9,7.282,1.107,0.0,9.247,19.463,0.047,0.016,0.003,0.408
11170,용산구,2023-08-26,79.4,79.4,좋음,실외 활동에 좋은 날씨예요,주의,해로움,적합,적합,주의,31.31,22.446,72.3,5.868,0.0,0.0,24.223,39.228,0.085,0.017,0.003,0.548
11170,용산구,2023-08-27,83.7,83.7,좋음,실외 활동에 좋은 날씨예요,주의,해로움,적합,적합,주의,29.747,22.368,75.0,5.029,0.036,0.0,18.438,28.903,0.057,0.013,0.003,0.459
11170,용산구,2023-08-28,77.7,77.7,좋음,"실외 활동에 좋은 날씨예요 · 비 소식, 우산 챙기세요",적합,해로움,적합,주의,주의,25.693,20.4,87.5,7.575,14.139,0.104,7.996,14.816,0.033,0.014,0.002,0.362
11170,용산구,2023-08-29,66.6,66.6,무난,"실외 활동하기 무난해요 — 비 많음, 우산 필수",주의,해로움,적합,주의,적합,26.307,22.029,89.6,7.625,41.689,0.971,6.933,14.141,0.025,0.015,0.003,0.35
11170,용산구,2023-08-30,87.2,87.2,아주좋음,실외 활동하기 아주 좋은 날씨예요,적합,해로움,적합,적합,적합,25.339,20.879,88.0,3.85,4.214,0.082,9.985,19.935,0.028,0.022,0.003,0.476
11170,용산구,2023-08-31,85.8,85.8,아주좋음,실외 활동하기 아주 좋은 날씨예요,주의,주의,적합,적합,주의,29.44,20.375,76.9,5.039,0.0,0.0,12.441,23.535,0.053,0.02,0.003,0.436
11170,용산구,2023-09-01,83.1,83.1,좋음,실외 활동에 좋은 날씨예요,주의,주의,적합,적합,주의,30.347,19.239,70.6,5.954,0.0,0.0,14.039,27.557,0.061,0.019,0.003,0.442
11170,용산구,2023-09-02,82.9,82.9,좋음,실외 활동에 좋은 날씨예요,주의,주의,적합,적합,주의,31.518,19.418,63.9,4.521,0.0,0.0,17.087,29.368,0.062,0.02,0.003,0.452
11170,용산구,2023-09-03,84.1,84.1,좋음,실외 활동에 좋은 날씨예요,주의,해로움,적합,적합,주의,29.12,22.032,77.8,4.97,2.218,0.004,10.859,17.719,0.034,0.012,0.002,0.386
11170,용산구,2023-09-04,82.4,82.4,좋음,실외 활동에 좋은 날씨예요,주의,해로움,적합,적합,적합,31.045,23.721,79.9,4.725,1.136,0.007,9.158,18.31,0.029,0.017,0.003,0.4
11170,용산구,2023-09-05,75.8,75.8,좋음,실외 활동에 좋은 날씨예요 · 더위 주의,해로움,해로움,적합,적합,주의,33.78,24.246,69.5,6.196,3.0,0.0,9.031,18.341,0.046,0.018,0.003,0.362
11170,용산구,2023-09-06,79.4,79.4,좋음,실외 활동에 좋은 날씨예요,주의,해로움,적합,적합,주의,32.809,23.35,65.1,6.643,0.0,0.0,9.554,19.857,0.035,0.015,0.003,0.359
11170,용산구,2023-09-07,81.9,81.9,좋음,실외 활동에 좋은 날씨예요,주의,주의,적합,적합,주의,31.96,20.607,54.8,6.296,0.0,0.0,9.578,19.12,0.041,0.015,0.003,0.359
11170,용산구,2023-09-08,83.1,83.1,좋음,실외 활동에 좋은 날씨예요,주의,주의,적합,적합,주의,31.171,19.493,60.3,5.707,0.0,0.0,8.746,19.045,0.051,0.018,0.003,0.367
11170,용산구,2023-09-09,80.6,80.6,좋음,실외 활동에 좋은 날씨예요,주의,주의,적합,적합,주의,31.929,20.596,66.3,5.419,0.0,0.0,16.738,31.173,0.068,0.02,0.003,0.439
11170,용산구,2023-09-10,81.1,81.1,좋음,실외 활동에 좋은 날씨예요,주의,주의,적합,적합,주의,30.635,21.511,68.1,5.282,0.0,0.0,22.424,35.556,0.082,0.017,0.003,0.463
11170,용산구,2023-09-11,82.8,82.8,좋음,실외 활동에 좋은 날씨예요,주의,주의,적합,적합,주의,30.48,22.507,67.3,5.468,0.0,0.0,18.982,30.818,0.061,0.02,0.003,0.416
11170,용산구,2023-09-12,82.7,82.7,좋음,실외 활동에 좋은 날씨예요,주의,주의,적합,적합,주의,30.865,21.136,69.8,5.025,0.0,0.0,16.857,30.362,0.058,0.021,0.003,0.409
11170,용산구,2023-09-13,76.5,76.5,좋음,"실외 활동에 좋은 날씨예요 · 비 소식, 우산 챙기세요",적합,해로움,적합,주의,주의,24.671,19.289,84.5,5.596,19.336,0.104,13.834,22.498,0.035,0.021,0.003,0.408
11170,용산구,2023-09-14,87.0,87.0,아주좋음,실외 활동하기 아주 좋은 날씨예요,주의,주의,적합,적합,주의,27.869,18.971,72.4,7.064,0.0,0.0,3.324,9.441,0.035,0.014,0.003,0.328
11170,용산구,2023-09-15,86.0,86.0,아주좋음,실외 활동하기 아주 좋은 날씨예요,적합,해로움,적합,적합,주의,24.086,19.925,82.3,5.825,2.789,0.032,4.023,10.191,0.034,0.015,0.002,0.348
11170,용산구,2023-09-16,74.4,74.4,좋음,"실외 활동에 좋은 날씨예요 · 비 소식, 우산 챙기세요",주의,해로움,적합,주의,적합,26.582,21.664,87.8,4.4,26.329,1.0,5.419,11.528,0.022,0.016,0.002,0.383
11170,용산구,2023-09-17,81.6,81.6,좋음,실외 활동에 좋은 날씨예요,주의,해로움,적합,적합,주의,28.795,21.721,84.8,4.786,2.821,0.407,10.361,15.567,0.055,0.014,0.003,0.39
11170,용산구,2023-09-18,83.4,83.4,좋음,실외 활동에 좋은 날씨예요,주의,주의,적합,적합,주의,30.192,21.525,79.1,6.014,0.0,0.0,10.993,18.936,0.045,0.019,0.003,0.395
11170,용산구,2023-09-19,84.4,84.4,좋음,실외 활동에 좋은 날씨예요,주의,해로움,적합,적합,주의,28.486,20.579,81.1,5.282,0.0,0.0,17.692,29.362,0.061,0.021,0.003,0.422
11170,용산구,2023-09-20,67.6,67.6,무난,"실외 활동하기 무난해요 — 비 소식, 우산 챙기세요",적합,해로움,주의,주의,주의,23.596,18.746,90.4,8.925,29.832,0.343,14.665,22.081,0.041,0.018,0.003,0.411
11170,용산구,2023-09-21,88.7,88.7,아주좋음,실외 활동하기 아주 좋은 날씨예요,적합,주의,적합,적합,주의,23.504,16.886,70.9,7.75,0.054,0.0,4.603,11.992,0.036,0.015,0.003,0.328
11170,용산구,2023-09-22,90.8,90.8,아주좋음,실외 활동하기 아주 좋은 날씨예요,주의,주의,적합,적합,주의,26.625,15.046,68.4,5.086,0.0,0.0,9.509,21.037,0.038,0.022,0.003,0.421
11170,용산구,2023-09-23,89.8,89.8,아주좋음,실외 활동하기 아주 좋은 날씨예요,주의,주의,적합,적합,주의,27.17,16.254,63.9,6.514,0.0,0.0,9.481,18.833,0.039,0.018,0.003,0.392
11170,용산구,2023-09-24,90.9,90.9,아주좋음,실외 활동하기 아주 좋은 날씨예요,적합,주의,적합,적합,주의,25.671,17.386,56.4,7.204,0.0,0.0,4.63,11.728,0.04,0.009,0.002,0.289
11170,용산구,2023-09-25,90.4,90.4,아주좋음,실외 활동하기 아주 좋은 날씨예요,적합,주의,적합,적합,주의,25.814,17.375,66.4,5.436,1.693,0.036,4.464,13.514,0.034,0.018,0.002,0.347
11170,용산구,2023-09-26,74.0,74.0,좋음,"실외 활동에 좋은 날씨예요 · 비 소식, 우산 챙기세요",적합,위험,적합,주의,적합,20.921,18.343,95.8,5.143,23.189,0.218,3.185,6.812,0.022,0.019,0.002,0.401
11170,용산구,2023-09-27,84.6,84.6,좋음,"실외 활동에 좋은 날씨예요 · 비 소식, 우산 챙기세요",적합,해로움,적합,적합,적합,23.539,19.671,90.1,4.4,5.907,0.05,5.06,10.81,0.019,0.019,0.002,0.427
11170,용산구,2023-09-28,84.4,84.4,좋음,실외 활동에 좋은 날씨예요,주의,주의,적합,적합,주의,27.131,19.067,78.3,5.996,0.0,0.0,31.777,47.341,0.07,0.013,0.003,0.622
11170,용산구,2023-09-29,90.9,90.9,아주좋음,실외 활동하기 아주 좋은 날씨예요,주의,주의,적합,적합,주의,26.867,17.344,61.5,4.996,0.0,0.0,18.618,34.274,0.056,0.014,0.003,0.53
11170,용산구,2023-09-30,83.9,83.9,좋음,실외 활동에 좋은 날씨예요,적합,주의,적합,적합,주의,22.5,16.822,77.0,7.693,2.556,0.156,12.479,27.599,0.054,0.012,0.003,0.419
11170,용산구,2023-10-01,90.5,90.5,아주좋음,실외 활동하기 아주 좋은 날씨예요,적합,적합,적합,적합,주의,23.93,13.978,59.5,7.604,0.0,0.0,8.712,25.549,0.043,0.01,0.003,0.335
11170,용산구,2023-10-02,91.1,91.1,아주좋음,실외 활동하기 아주 좋은 날씨예요,적합,적합,적합,적합,주의,24.574,12.204,53.8,7.048,0.0,0.0,8.668,18.371,0.042,0.018,0.003,0.38
11170,용산구,2023-10-03,92.9,92.9,아주좋음,실외 활동하기 아주 좋은 날씨예요,적합,주의,적합,적합,주의,22.47,13.581,66.3,4.667,0.0,0.0,10.833,20.111,0.033,0.02,0.003,0.426
11170,용산구,2023-10-04,75.3,75.3,좋음,"실외 활동에 좋은 날씨예요 · 비 소식, 우산 챙기세요",적합,주의,주의,주의,주의,23.526,13.556,75.5,9.044,16.804,0.433,12.657,22.655,0.047,0.022,0.003,0.451
11170,용산구,2023-10-05,88.8,88.8,아주좋음,실외 활동하기 아주 좋은 날씨예요,적합,적합,주의,적합,주의,19.241,10.744,46.1,8.567,0.0,0.0,6.483,32.55,0.037,0.012,0.003,0.31
11170,용산구,2023-10-06,93.0,93.0,아주좋음,실외 활동하기 아주 좋은 날씨예요,적합,적합,적합,적합,주의,21.326,9.199,55.3,5.4,0.0,0.0,9.425,24.016,0.031,0.024,0.003,0.428
11170,용산구,2023-10-07,92.6,92.6,아주좋음,실외 활동하기 아주 좋은 날씨예요,적합,주의,적합,적합,주의,21.181,11.339,62.6,5.456,0.0,0.0,11.34,22.758,0.032,0.021,0.003,0.424
11170,용산구,2023-10-08,92.2,92.2,아주좋음,실외 활동하기 아주 좋은 날씨예요,적합,주의,적합,적합,적합,19.507,14.741,67.1,5.522,0.0,0.0,5.398,11.609,0.029,0.012,0.002,0.347
11170,용산구,2023-10-09,90.7,90.7,아주좋음,실외 활동하기 아주 좋은 날씨예요,적합,주의,적합,적합,주의,22.011,13.563,68.1,5.844,0.544,0.026,5.703,12.643,0.035,0.015,0.002,0.351
11170,용산구,2023-10-10,92.0,92.0,아주좋음,실외 활동하기 아주 좋은 날씨예요,적합,주의,적합,적합,주의,23.311,11.63,67.1,5.244,0.0,0.0,11.376,21.556,0.034,0.021,0.003,0.442
11170,용산구,2023-10-11,92.9,92.9,아주좋음,실외 활동하기 아주 좋은 날씨예요,적합,적합,적합,적합,주의,23.944,12.423,57.5,5.169,0.0,0.0,14.933,26.023,0.036,0.029,0.003,0.487
11170,용산구,2023-10-12,92.8,92.8,아주좋음,실외 활동하기 아주 좋은 날씨예요,적합,주의,적합,적합,주의,24.304,11.66,62.4,4.188,0.0,0.0,16.607,28.043,0.047,0.03,0.003,0.495
11170,용산구,2023-10-13,91.4,91.4,아주좋음,실외 활동하기 아주 좋은 날씨예요,적합,주의,적합,적합,주의,21.778,14.015,69.6,4.089,0.0,0.0,21.905,35.426,0.041,0.033,0.003,0.536
11170,용산구,2023-10-14,85.4,85.4,아주좋음,실외 활동하기 아주 좋은 날씨예요,적합,해로움,적합,적합,주의,18.375,12.407,84.9,4.396,3.457,0.079,19.624,28.029,0.032,0.029,0.003,0.544
11170,용산구,2023-10-15,86.5,86.5,아주좋음,실외 활동하기 아주 좋은 날씨예요,적합,주의,적합,적합,주의,21.382,11.094,80.0,6.568,0.018,0.0,16.759,25.636,0.055,0.018,0.003,0.526
11170,용산구,2023-10-16,91.0,91.0,아주좋음,실외 활동하기 아주 좋은 날씨예요,적합,적합,적합,적합,주의,19.889,10.168,57.0,6.043,0.0,0.0,18.735,44.541,0.046,0.019,0.003,0.485
11170,용산구,2023-10-17,92.2,92.2,아주좋음,실외 활동하기 아주 좋은 날씨예요,주의,적합,적합,적합,주의,20.9,7.108,55.6,4.696,0.0,0.0,14.06,34.426,0.037,0.03,0.003,0.502
11170,용산구,2023-10-18,89.7,89.7,아주좋음,실외 활동하기 아주 좋은 날씨예요,주의,주의,적합,적합,주의,21.707,8.752,67.0,6.263,0.0,0.0,17.163,32.986,0.045,0.03,0.003,0.547
11170,용산구,2023-10-19,79.9,79.9,좋음,"실외 활동에 좋은 날씨예요 · 비 소식, 우산 챙기세요",적합,해로움,적합,적합,주의,18.321,14.696,82.5,6.846,8.668,0.268,18.464,30.501,0.038,0.029,0.003,0.549
11170,용산구,2023-10-20,87.5,87.5,아주좋음,실외 활동하기 아주 좋은 날씨예요,주의,적합,주의,적합,적합,15.632,6.49,46.9,10.364,0.0,0.0,6.693,21.275,0.03,0.012,0.003,0.34
11170,용산구,2023-10-21,86.2,86.2,아주좋음,실외 활동하기 아주 좋은 날씨예요,주의,적합,주의,적합,주의,16.844,4.23,54.8,9.152,1.356,0.041,6.912,18.988,0.032,0.017,0.003,0.389
11170,용산구,2023-10-22,88.8,88.8,아주좋음,실외 활동하기 아주 좋은 날씨예요,주의,주의,적합,적합,주의,18.722,4.829,67.3,5.826,0.0,0.0,10.571,23.837,0.038,0.021,0.003,0.464
11170,용산구,2023-10-23,89.4,89.4,아주좋음,실외 활동하기 아주 좋은 날씨예요,적합,주의,적합,적합,주의,21.138,10.75,73.8,5.365,0.0,0.0,16.518,31.595,0.047,0.031,0.003,0.547
11170,용산구,2023-10-24,88.4,88.4,아주좋음,실외 활동하기 아주 좋은 날씨예요,적합,주의,적합,적합,주의,19.781,11.188,78.5,5.241,0.0,0.0,21.273,34.29,0.039,0.033,0.003,0.563
11170,용산구,2023-10-25,89.1,89.1,아주좋음,실외 활동하기 아주 좋은 날씨예요,적합,주의,적합,적합,주의,21.742,11.977,78.6,4.081,0.0,0.0,23.47,36.953,0.049,0.034,0.003,0.584
11170,용산구,2023-10-26,83.1,83.1,좋음,실외 활동에 좋은 날씨예요,적합,주의,적합,적합,주의,21.388,14.042,79.4,7.285,1.446,0.0,33.262,49.368,0.061,0.028,0.003,0.556
11170,용산구,2023-10-27,90.2,90.2,아주좋음,실외 활동하기 아주 좋은 날씨예요,적합,주의,적합,적합,주의,20.119,11.96,71.1,5.344,0.0,0.0,15.842,30.167,0.047,0.021,0.003,0.474
11170,용산구,2023-10-28,92.9,92.9,아주좋음,실외 활동하기 아주 좋은 날씨예요,적합,주의,적합,적합,주의,20.519,9.279,62.9,4.204,0.0,0.0,19.236,36.459,0.034,0.031,0.003,0.595
11170,용산구,2023-10-29,92.9,92.9,아주좋음,실외 활동하기 아주 좋은 날씨예요,적합,주의,적합,적합,주의,21.265,9.399,61.6,4.463,0.0,0.0,17.624,30.361,0.043,0.025,0.003,0.522
11170,용산구,2023-10-30,89.7,89.7,아주좋음,실외 활동하기 아주 좋은 날씨예요,적합,주의,적합,적합,주의,21.365,9.782,72.0,4.459,0.0,0.0,25.669,43.806,0.044,0.037,0.003,0.6
11170,용산구,2023-10-31,87.0,87.0,아주좋음,실외 활동하기 아주 좋은 날씨예요,적합,주의,적합,적합,주의,20.558,11.892,76.0,5.533,0.0,0.0,29.979,49.101,0.053,0.03,0.003,0.568
11170,용산구,2023-11-01,85.1,85.1,아주좋음,실외 활동하기 아주 좋은 날씨예요,적합,해로움,적합,적합,주의,20.838,16.558,81.8,7.1,0.0,0.0,24.828,47.334,0.055,0.021,0.003,0.462
11170,용산구,2023-11-02,86.6,86.6,아주좋음,실외 활동하기 아주 좋은 날씨예요,적합,주의,주의,적합,주의,25.867,17.781,70.9,8.056,0.0,0.0,18.668,39.132,0.057,0.018,0.003,0.436
11170,용산구,2023-11-03,83.9,83.9,좋음,실외 활동에 좋은 날씨예요,적합,해로움,적합,적합,주의,22.537,17.056,83.3,7.633,2.0,0.0,15.803,34.205,0.04,0.019,0.003,0.401
11170,용산구,2023-11-04,87.9,87.9,아주좋음,실외 활동하기 아주 좋은 날씨예요,적합,주의,적합,적합,주의,20.979,14.046,75.5,5.679,0.0,0.0,18.041,48.396,0.029,0.017,0.003,0.46
11170,용산구,2023-11-05,75.5,75.5,좋음,"실외 활동에 좋은 날씨예요 · 비 소식, 우산 챙기세요",적합,해로움,주의,주의,적합,21.118,14.65,87.0,8.968,14.05,0.0,9.388,14.586,0.029,0.012,0.002,0.385
11170,용산구,2023-11-06,54.7,54.7,주의,"가벼운 실외 활동은 괜찮아요 — 비 많음, 우산 필수",주의,해로움,주의,해로움,주의,19.689,4.308,84.9,13.586,51.046,0.0,7.607,21.158,0.033,0.01,0.002,0.377
11170,용산구,2023-11-07,82.0,82.0,좋음,실외 활동에 좋은 날씨예요,주의,주의,주의,적합,주의,9.933,0.945,62.5,12.215,0.232,0.0,7.708,21.452,0.033,0.016,0.002,0.35
11170,용산구,2023-11-08,90.0,90.0,아주좋음,실외 활동하기 아주 좋은 날씨예요,주의,적합,적합,적합,주의,15.879,1.605,55.1,4.246,0.0,0.0,12.631,26.312,0.018,0.036,0.003,0.593
11170,용산구,2023-11-09,82.1,82.1,좋음,실외 활동에 좋은 날씨예요,주의,주의,주의,적합,주의,18.707,5.445,73.1,8.154,4.539,0.0,16.929,31.237,0.027,0.033,0.003,0.627
11170,용산구,2023-11-10,84.9,84.9,좋음,실외 활동에 좋은 날씨예요,해로움,적합,주의,적합,적합,9.307,-2.607,53.1,8.564,0.0,0.0,9.099,17.643,0.03,0.013,0.002,0.352
11170,용산구,2023-11-11,87.0,87.0,아주좋음,실외 활동하기 아주 좋은 날씨예요,해로움,적합,적합,적합,적합,6.782,-3.319,47.9,6.421,0.0,0.0,10.352,19.677,0.027,0.017,0.003,0.378
11170,용산구,2023-11-12,85.7,85.7,아주좋음,실외 활동하기 아주 좋은 날씨예요,해로움,적합,적합,적합,주의,5.482,-3.598,53.8,7.15,0.0,0.0,10.922,19.756,0.033,0.012,0.002,0.368
11170,용산구,2023-11-13,86.6,86.6,아주좋음,실외 활동하기 아주 좋은 날씨예요,해로움,적합,적합,적합,적합,7.018,-3.531,54.0,6.4,0.0,0.0,13.344,24.765,0.028,0.022,0.003,0.444
11170,용산구,2023-11-14,86.3,86.3,아주좋음,실외 활동하기 아주 좋은 날씨예요,해로움,주의,적합,적합,주의,10.919,-1.32,66.1,5.674,0.0,0.0,15.477,28.077,0.024,0.031,0.003,0.53
11170,용산구,2023-11-15,83.8,83.8,좋음,실외 활동에 좋은 날씨예요,주의,주의,적합,적합,주의,12.296,1.639,71.4,5.844,0.0,0.0,29.424,45.859,0.021,0.04,0.003,0.734
11170,용산구,2023-11-16,74.9,74.9,좋음,"실외 활동에 좋은 날씨예요 · 비 소식, 우산 챙기세요",주의,해로움,적합,적합,주의,8.204,4.744,85.0,6.271,8.264,0.0,34.335,45.7,0.011,0.038,0.003,0.657
11170,용산구,2023-11-17,84.0,84.0,좋음,실외 활동에 좋은 날씨예요,해로움,적합,주의,적합,적합,6.371,-4.547,59.3,9.693,0.089,0.0,9.291,19.381,0.021,0.018,0.003,0.402
11170,용산구,2023-11-18,82.1,82.1,좋음,"실외 활동에 좋은 날씨예요 · 쌀쌀해요, 옷 챙기세요",해로움,적합,주의,적합,적합,5.804,-6.988,58.9,10.125,0.0,0.0,13.524,22.929,0.029,0.013,0.003,0.407
11170,용산구,2023-11-19,81.3,81.3,좋음,실외 활동에 좋은 날씨예요,해로움,주의,주의,적합,주의,13.929,-1.865,68.3,8.8,0.0,0.0,23.866,41.177,0.033,0.025,0.003,0.569
11170,용산구,2023-11-20,89.4,89.4,아주좋음,실외 활동하기 아주 좋은 날씨예요,주의,적합,적합,적합,주의,12.354,1.109,58.4,4.586,0.0,0.0,18.035,32.524,0.028,0.034,0.003,0.642
11170,용산구,2023-11-21,88.3,88.3,아주좋음,실외 활동하기 아주 좋은 날씨예요,주의,적합,적합,적합,주의,14.637,0.943,59.6,3.981,0.0,0.0,22.327,37.875,0.014,0.047,0.004,0.777
11170,용산구,2023-11-22,85.6,85.6,아주좋음,실외 활동하기 아주 좋은 날씨예요,주의,주의,적합,적합,주의,14.537,2.129,68.1,5.23,0.0,0.0,27.49,43.035,0.023,0.045,0.004,0.728
11170,용산구,2023-11-23,75.8,75.8,좋음,실외 활동에 좋은 날씨예요 · 미세먼지 주의,해로움,주의,주의,적합,해로움,14.785,-0.212,71.1,10.741,0.075,0.0,48.086,91.653,0.035,0.023,0.003,0.671
11170,용산구,2023-11-24,82.7,82.7,좋음,"실외 활동에 좋은 날씨예요 · 쌀쌀해요, 옷 챙기세요",해로움,적합,주의,적합,적합,2.589,-8.168,51.8,9.364,0.0,0.0,7.879,16.787,0.028,0.012,0.002,0.316
11170,용산구,2023-11-25,87.0,87.0,아주좋음,"실외 활동하기 아주 좋은 날씨예요 · 쌀쌀해요, 옷 챙기세요",해로움,적합,적합,적합,적합,3.504,-7.111,42.8,5.293,0.0,0.0,9.286,19.116,0.026,0.022,0.003,0.406
11170,용산구,2023-11-26,89.7,89.7,아주좋음,실외 활동하기 아주 좋은 날씨예요,해로움,적합,적합,적합,주의,7.654,-0.192,43.6,4.05,0.0,0.0,15.531,25.118,0.021,0.031,0.003,0.481
11170,용산구,2023-11-27,78.7,78.7,좋음,실외 활동에 좋은 날씨예요,주의,해로움,주의,적합,주의,9.496,3.177,82.9,8.256,2.575,0.0,24.907,40.982,0.022,0.031,0.003,0.571
11170,용산구,2023-11-28,83.6,83.6,좋음,실외 활동에 좋은 날씨예요,해로움,적합,주의,적합,주의,5.582,-3.727,57.5,8.879,0.0,0.0,17.783,30.45,0.028,0.017,0.003,0.435
11170,용산구,2023-11-29,83.2,83.2,좋음,"실외 활동에 좋은 날씨예요 · 쌀쌀해요, 옷 챙기세요",해로움,적합,주의,적합,적합,3.421,-6.496,58.9,9.2,0.0,0.0,9.027,18.655,0.028,0.025,0.003,0.42
11170,용산구,2023-11-30,83.0,83.0,좋음,"실외 활동에 좋은 날씨예요 · 쌀쌀해요, 옷 챙기세요",해로움,적합,적합,적합,주의,-0.2,-10.251,48.5,7.907,0.0,0.0,7.49,18.288,0.031,0.015,0.002,0.344
11170,용산구,2023-12-01,82.4,82.4,좋음,"실외 활동에 좋은 날씨예요 · 쌀쌀해요, 옷 챙기세요",해로움,적합,적합,적합,적합,0.9,-8.481,55.3,6.93,0.0,0.0,10.999,24.231,0.027,0.024,0.003,0.456
11170,용산구,2023-12-02,80.7,80.7,좋음,"실외 활동에 좋은 날씨예요 · 쌀쌀해요, 옷 챙기세요",해로움,주의,주의,적합,주의,7.578,-6.307,60.8,9.03,0.0,0.0,19.24,35.425,0.024,0.033,0.003,0.566
11170,용산구,2023-12-03,84.2,84.2,좋음,실외 활동에 좋은 날씨예요,해로움,적합,적합,적합,주의,5.881,-3.307,56.3,5.504,0.0,0.0,22.893,38.224,0.027,0.025,0.003,0.582
11170,용산구,2023-12-04,84.5,84.5,좋음,실외 활동에 좋은 날씨예요,해로움,적합,적합,적합,주의,8.642,-3.238,59.5,3.788,0.0,0.0,25.834,42.348,0.014,0.046,0.003,0.762
11170,용산구,2023-12-05,87.4,87.4,아주좋음,실외 활동하기 아주 좋은 날씨예요,주의,적합,적합,적합,주의,12.096,2.779,55.4,4.241,0.0,0.0,27.658,44.561,0.017,0.048,0.004,0.723
11170,용산구,2023-12-06,75.1,75.1,좋음,실외 활동에 좋은 날씨예요 · 미세먼지 주의,주의,주의,적합,적합,해로움,9.233,2.463,76.1,7.733,2.363,0.0,46.435,66.691,0.017,0.044,0.003,0.788
11170,용산구,2023-12-07,78.2,78.2,좋음,실외 활동에 좋은 날씨예요,해로움,주의,주의,적합,해로움,11.7,-1.088,64.0,9.481,0.0,0.0,16.77,64.192,0.027,0.027,0.003,0.499
11170,용산구,2023-12-08,75.8,75.8,좋음,실외 활동에 좋은 날씨예요 · 미세먼지 주의,주의,주의,주의,적합,해로움,17.162,4.304,73.4,11.169,0.0,0.0,22.761,82.868,0.05,0.028,0.003,0.533
11170,용산구,2023-12-09,81.6,81.6,좋음,실외 활동에 좋은 날씨예요,적합,해로움,적합,적합,주의,16.452,10.845,82.9,6.089,0.0,0.0,32.026,73.729,0.05,0.028,0.003,0.608
11170,용산구,2023-12-10,84.8,84.8,좋음,실외 활동에 좋은 날씨예요,주의,주의,적합,적합,주의,15.322,5.749,67.9,5.477,0.0,0.0,33.822,76.361,0.028,0.025,0.003,0.647
11170,용산구,2023-12-11,70.7,70.7,좋음,"실외 활동에 좋은 날씨예요 · 비 소식, 우산 챙기세요",주의,해로움,주의,주의,적합,12.407,2.743,82.9,11.804,11.774,0.0,2.562,6.049,0.026,0.014,0.002,0.353
11170,용산구,2023-12-12,80.2,80.2,좋음,실외 활동에 좋은 날씨예요,주의,주의,주의,적합,적합,9.341,1.338,75.6,9.422,0.404,0.0,3.345,8.977,0.027,0.021,0.002,0.419
11170,용산구,2023-12-13,83.8,83.8,좋음,실외 활동에 좋은 날씨예요,주의,주의,적합,적합,적합,10.663,1.182,74.1,4.915,0.0,0.0,6.63,15.051,0.012,0.03,0.003,0.529
11170,용산구,2023-12-14,71.7,71.7,좋음,"실외 활동에 좋은 날씨예요 · 비 소식, 우산 챙기세요",주의,해로움,주의,주의,적합,9.304,4.619,85.8,8.586,16.75,0.0,5.103,9.769,0.02,0.021,0.002,0.408
11170,용산구,2023-12-15,60.8,60.8,무난,"실외 활동하기 무난해요 — 비 많음, 우산 필수",주의,위험,주의,주의,적합,6.604,2.061,95.4,8.693,31.736,0.0,2.973,5.873,0.028,0.019,0.002,0.371
11170,용산구,2023-12-16,55.0,69.9,주의,"⚠️ 한파, 한랭질환 주의 — 실외 활동에 주의하세요",위험,주의,해로움,적합,주의,4.056,-15.725,68.9,14.4,1.589,0.0,9.207,18.624,0.033,0.01,0.002,0.369
11170,용산구,2023-12-17,55.0,76.6,주의,"⚠️ 한파, 한랭질환 주의 — 실외 활동에 주의하세요",위험,적합,주의,적합,주의,-6.086,-17.291,48.9,9.743,0.0,0.0,6.941,14.29,0.033,0.01,0.002,0.345
11170,용산구,2023-12-18,55.0,80.9,주의,"⚠️ 한파, 한랭질환 주의 — 실외 활동에 주의하세요",위험,적합,적합,적합,적합,-3.429,-13.907,45.1,5.907,0.0,0.0,7.316,15.479,0.028,0.024,0.002,0.416
11170,용산구,2023-12-19,81.3,81.3,좋음,"실외 활동에 좋은 날씨예요 · 쌀쌀해요, 옷 챙기세요",해로움,주의,적합,적합,주의,0.146,-8.693,63.1,5.054,0.046,0.0,15.609,26.422,0.02,0.039,0.002,0.578
11170,용산구,2023-12-20,55.0,73.7,주의,"⚠️ 한파, 한랭질환 주의 — 실외 활동에 주의하세요",위험,주의,주의,적합,주의,-2.389,-16.477,64.1,8.764,0.225,0.0,26.698,41.699,0.029,0.017,0.002,0.515
11170,용산구,2023-12-21,55.0,77.0,주의,"⚠️ 한파, 한랭질환 주의 — 실외 활동에 주의하세요",위험,적합,주의,적합,적합,-8.118,-19.345,57.4,8.289,0.0,0.0,12.462,20.497,0.029,0.015,0.002,0.4
11170,용산구,2023-12-22,55.0,76.9,주의,"⚠️ 한파, 한랭질환 주의 — 실외 활동에 주의하세요",위험,적합,주의,적합,적합,-7.879,-19.169,51.8,8.757,0.0,0.0,11.179,21.44,0.027,0.018,0.002,0.414
11170,용산구,2023-12-23,55.0,81.3,주의,"⚠️ 한파, 한랭질환 주의 — 실외 활동에 주의하세요",위험,적합,적합,적합,주의,-1.579,-13.415,53.4,3.914,0.0,0.0,18.799,30.085,0.019,0.038,0.003,0.619
11170,용산구,2023-12-24,77.6,77.6,좋음,"실외 활동에 좋은 날씨예요 · 쌀쌀해요, 옷 챙기세요",해로움,주의,적합,적합,주의,1.882,-6.799,73.4,4.264,0.2,0.0,28.061,35.653,0.019,0.039,0.003,0.66
11170,용산구,2023-12-25,74.0,74.0,좋음,실외 활동에 좋은 날씨예요,해로움,해로움,적합,적합,주의,2.421,-4.03,80.8,5.425,0.418,0.0,34.69,43.237,0.026,0.036,0.003,0.709
11170,용산구,2023-12-26,75.8,75.8,좋음,실외 활동에 좋은 날씨예요,해로움,주의,적합,적합,해로움,7.089,-3.408,72.9,7.404,0.0,0.0,35.159,48.518,0.023,0.047,0.003,0.867
11170,용산구,2023-12-27,74.9,74.9,좋음,실외 활동에 좋은 날씨예요 · 미세먼지 주의,해로움,주의,적합,적합,해로움,6.557,-3.517,76.6,3.457,0.0,0.0,57.141,76.645,0.013,0.054,0.004,1.058
11170,용산구,2023-12-28,77.5,77.5,좋음,실외 활동에 좋은 날씨예요 · 미세먼지 주의,해로움,주의,적합,적합,해로움,5.043,-2.822,69.5,6.179,0.0,0.0,40.352,52.387,0.018,0.045,0.004,0.896
11170,용산구,2023-12-29,79.4,79.4,좋음,실외 활동에 좋은 날씨예요,해로움,주의,적합,적합,주의,5.057,-2.247,71.0,4.714,0.0,0.0,32.672,43.104,0.017,0.039,0.003,0.747
11170,용산구,2023-12-30,66.2,66.2,무난,"실외 활동하기 무난해요 — 비 소식, 우산 챙기세요",해로움,해로움,적합,적합,주의,2.489,-2.549,92.0,5.064,8.718,0.0,31.524,39.956,0.014,0.036,0.003,0.695
11170,용산구,2023-12-31,68.3,68.3,무난,"실외 활동하기 무난해요 — 비 소식, 우산 챙기세요",해로움,위험,적합,적합,주의,4.811,-1.081,95.5,7.268,6.007,0.0,17.925,23.19,0.025,0.028,0.003,0.752
11170,용산구,2024-01-01,77.9,77.9,좋음,실외 활동에 좋은 날씨예요,해로움,해로움,적합,적합,주의,6.9,-1.116,83.4,4.896,0.0,0.0,19.857,25.047,0.023,0.03,0.003,0.781
11170,용산구,2024-01-02,81.5,81.5,좋음,실외 활동에 좋은 날씨예요,주의,주의,적합,적합,주의,4.564,1.16,72.6,4.718,0.0,0.0,28.925,40.256,0.025,0.026,0.003,0.566
11170,용산구,2024-01-03,75.3,75.3,좋음,실외 활동에 좋은 날씨예요,해로움,해로움,적합,적합,주의,4.163,-1.6,80.4,6.589,0.557,0.0,29.587,42.672,0.023,0.031,0.003,0.593
11170,용산구,2024-01-04,76.3,76.3,좋음,실외 활동에 좋은 날씨예요,해로움,주의,적합,적합,해로움,4.912,-4.537,74.3,5.207,0.0,0.0,35.992,52.494,0.025,0.036,0.003,0.743
11170,용산구,2024-01-05,73.7,73.7,좋음,실외 활동에 좋은 날씨예요 · 미세먼지 주의,해로움,주의,적합,적합,해로움,9.372,-0.411,77.1,7.235,0.0,0.0,55.88,82.387,0.033,0.034,0.003,0.797
11170,용산구,2024-01-06,82.4,82.4,좋음,실외 활동에 좋은 날씨예요,해로움,주의,적합,적합,적합,5.059,-4.145,63.9,6.863,0.978,0.0,13.101,25.452,0.026,0.021,0.003,0.46
11170,용산구,2024-01-07,55.0,78.7,주의,"⚠️ 한파, 한랭질환 주의 — 실외 활동에 주의하세요",해로움,적합,주의,적합,적합,-0.87,-12.311,57.4,10.044,0.0,0.0,13.552,24.085,0.029,0.012,0.003,0.446
11170,용산구,2024-01-08,82.3,82.3,좋음,"실외 활동에 좋은 날씨예요 · 쌀쌀해요, 옷 챙기세요",해로움,적합,적합,적합,적합,-0.068,-11.182,57.8,5.504,0.0,0.0,13.215,24.001,0.022,0.029,0.003,0.542
11170,용산구,2024-01-09,75.8,75.8,좋음,실외 활동에 좋은 날씨예요,해로움,해로움,적합,적합,주의,0.529,-2.657,84.0,3.825,1.004,0.0,25.315,34.663,0.005,0.043,0.003,0.687
11170,용산구,2024-01-10,70.5,70.5,좋음,실외 활동에 좋은 날씨예요 · 미세먼지 주의,해로움,해로움,적합,적합,해로움,3.393,-4.875,85.9,4.296,0.0,0.0,55.432,69.262,0.011,0.041,0.003,0.818
11170,용산구,2024-01-11,72.1,72.1,좋음,실외 활동에 좋은 날씨예요 · 미세먼지 주의,해로움,해로움,적합,적합,해로움,4.8,-4.253,80.6,5.996,0.0,0.0,49.557,64.004,0.014,0.041,0.003,0.707
11170,용산구,2024-01-12,80.7,80.7,좋음,실외 활동에 좋은 날씨예요,해로움,주의,적합,적합,주의,4.775,-3.05,61.6,6.564,0.0,0.0,34.297,55.09,0.027,0.027,0.003,0.573
11170,용산구,2024-01-13,85.4,85.4,아주좋음,실외 활동하기 아주 좋은 날씨예요,해로움,적합,적합,적합,주의,5.629,-4.178,44.3,4.775,0.0,0.0,13.373,27.611,0.023,0.033,0.003,0.581
11170,용산구,2024-01-14,75.5,75.5,좋음,실외 활동에 좋은 날씨예요,해로움,주의,적합,적합,주의,3.496,-5.007,74.5,7.157,2.307,0.0,23.387,33.304,0.023,0.035,0.003,0.743
11170,용산구,2024-01-15,82.5,82.5,좋음,"실외 활동에 좋은 날씨예요 · 쌀쌀해요, 옷 챙기세요",해로움,적합,적합,적합,적합,1.1,-9.266,51.3,6.275,0.0,0.0,10.153,23.596,0.029,0.02,0.003,0.421
11170,용산구,2024-01-16,83.2,83.2,좋음,"실외 활동에 좋은 날씨예요 · 쌀쌀해요, 옷 챙기세요",해로움,적합,적합,적합,주의,3.821,-8.074,49.8,4.396,0.0,0.0,18.106,33.626,0.025,0.039,0.003,0.656
11170,용산구,2024-01-17,72.7,72.7,좋음,"실외 활동에 좋은 날씨예요 · 비 소식, 우산 챙기세요",해로움,주의,적합,적합,주의,1.843,-3.465,78.5,4.021,7.579,0.0,26.987,37.343,0.004,0.047,0.003,0.805
11170,용산구,2024-01-18,77.5,77.5,좋음,실외 활동에 좋은 날씨예요,해로움,해로움,적합,적합,주의,9.411,-0.119,81.5,6.707,0.411,0.0,20.337,26.386,0.025,0.029,0.003,0.579
11170,용산구,2024-01-19,84.2,84.2,좋음,실외 활동에 좋은 날씨예요,주의,주의,주의,적합,주의,8.879,1.56,65.4,8.625,0.0,0.0,8.085,14.378,0.032,0.018,0.003,0.42
11170,용산구,2024-01-20,80.0,80.0,좋음,실외 활동에 좋은 날씨예요,해로움,주의,주의,적합,주의,5.05,-1.355,69.5,9.436,0.496,0.0,2.342,5.702,0.033,0.013,0.002,0.326
11170,용산구,2024-01-21,78.0,78.0,좋음,실외 활동에 좋은 날씨예요,해로움,주의,적합,적합,주의,4.237,-4.708,75.8,7.586,0.104,0.0,9.461,13.779,0.031,0.016,0.002,0.399
11170,용산구,2024-01-22,55.0,73.7,주의,"⚠️ 한파, 한랭질환 주의 — 실외 활동에 주의하세요",위험,주의,주의,적합,주의,-2.329,-17.358,65.6,9.771,0.007,0.0,19.909,31.094,0.03,0.012,0.002,0.407
11170,용산구,2024-01-23,55.0,75.3,주의,"⚠️ 한파, 한랭질환 주의 — 실외 활동에 주의하세요",위험,적합,주의,적합,주의,-8.154,-19.722,53.6,10.4,0.0,0.0,11.745,22.201,0.03,0.012,0.003,0.361
11170,용산구,2024-01-24,55.0,76.8,주의,"⚠️ 한파, 한랭질환 주의 — 실외 활동에 주의하세요",위험,적합,주의,적합,주의,-3.646,-16.149,52.0,10.2,0.0,0.0,11.244,24.033,0.031,0.014,0.003,0.394
11170,용산구,2024-01-25,55.0,81.2,주의,"⚠️ 한파, 한랭질환 주의 — 실외 활동에 주의하세요",해로움,적합,적합,적합,적합,-0.346,-12.195,47.8,6.457,0.0,0.0,12.607,23.29,0.027,0.022,0.003,0.45
11170,용산구,2024-01-26,80.6,80.6,좋음,"실외 활동에 좋은 날씨예요 · 쌀쌀해요, 옷 챙기세요",해로움,주의,적합,적합,주의,3.957,-7.909,62.5,6.179,0.0,0.0,22.921,35.308,0.022,0.039,0.003,0.645
11170,용산구,2024-01-27,75.9,75.9,좋음,실외 활동에 좋은 날씨예요 · 미세먼지 주의,해로움,주의,적합,적합,해로움,4.575,-5.757,70.0,6.732,0.0,0.0,37.409,51.886,0.035,0.036,0.003,0.746
11170,용산구,2024-01-28,82.1,82.1,좋음,"실외 활동에 좋은 날씨예요 · 쌀쌀해요, 옷 챙기세요",해로움,주의,적합,적합,주의,3.407,-6.172,62.3,5.85,0.0,0.0,21.318,31.334,0.033,0.026,0.003,0.534
11170,용산구,2024-01-29,78.7,78.7,좋음,실외 활동에 좋은 날씨예요,해로움,주의,적합,적합,주의,4.67,-5.952,66.6,5.825,0.0,0.0,31.655,44.839,0.031,0.039,0.003,0.704
11170,용산구,2024-01-30,81.6,81.6,좋음,실외 활동에 좋은 날씨예요 · 미세먼지 주의,해로움,적합,적합,적합,해로움,7.829,-4.644,59.3,3.957,0.0,0.0,41.619,59.823,0.024,0.049,0.003,0.868
11170,용산구,2024-01-31,81.7,81.7,좋음,실외 활동에 좋은 날씨예요 · 미세먼지 주의,해로움,적합,적합,적합,해로움,10.561,-0.715,54.1,6.307,0.0,0.0,41.171,58.746,0.034,0.046,0.004,0.804
11170,용산구,2024-02-01,77.6,77.6,좋음,실외 활동에 좋은 날씨예요 · 미세먼지 주의,해로움,주의,적합,적합,해로움,7.404,-2.75,64.9,5.661,0.0,0.0,59.508,80.53,0.032,0.031,0.003,0.802
11170,용산구,2024-02-02,81.7,81.7,좋음,실외 활동에 좋은 날씨예요,해로움,주의,적합,적합,주의,7.55,-0.798,65.5,5.414,0.0,0.0,32.459,45.734,0.025,0.036,0.003,0.619
11170,용산구,2024-02-03,82.9,82.9,좋음,실외 활동에 좋은 날씨예요,해로움,주의,적합,적합,주의,8.468,-1.738,63.9,5.504,0.0,0.0,25.928,36.451,0.023,0.035,0.003,0.58
11170,용산구,2024-02-04,87.5,87.5,아주좋음,실외 활동하기 아주 좋은 날씨예요,주의,주의,적합,적합,주의,11.278,2.177,60.9,6.185,0.0,0.0,16.582,23.582,0.032,0.025,0.003,0.49
11170,용산구,2024-02-05,72.0,72.0,좋음,실외 활동에 좋은 날씨예요,해로움,해로움,주의,적합,주의,6.611,-3.478,81.8,11.129,2.943,0.0,3.291,6.58,0.034,0.015,0.002,0.326
11170,용산구,2024-02-06,78.3,78.3,좋음,실외 활동에 좋은 날씨예요,해로움,해로움,적합,적합,주의,3.25,-1.393,83.5,5.322,0.061,0.0,10.301,14.982,0.03,0.025,0.002,0.427
11170,용산구,2024-02-07,78.5,78.5,좋음,실외 활동에 좋은 날씨예요,해로움,주의,적합,적합,주의,3.114,-2.248,76.6,5.014,0.0,0.0,26.304,33.334,0.027,0.027,0.002,0.606
11170,용산구,2024-02-08,79.6,79.6,좋음,실외 활동에 좋은 날씨예요,해로움,주의,적합,적합,주의,6.064,-4.096,66.9,5.614,0.0,0.0,31.249,40.936,0.034,0.036,0.003,0.671
11170,용산구,2024-02-09,79.7,79.7,좋음,실외 활동에 좋은 날씨예요,해로움,주의,적합,적합,주의,5.971,-4.023,66.8,7.225,0.0,0.0,25.33,34.847,0.041,0.03,0.003,0.582
11170,용산구,2024-02-10,76.8,76.8,좋음,실외 활동에 좋은 날씨예요 · 미세먼지 주의,해로움,주의,적합,적합,해로움,7.339,-3.017,69.4,7.654,0.0,0.0,36.597,47.623,0.046,0.026,0.003,0.634
11170,용산구,2024-02-11,73.8,73.8,좋음,실외 활동에 좋은 날씨예요 · 미세먼지 주의,해로움,주의,주의,적합,해로움,5.689,-4.667,70.6,8.343,0.0,0.0,49.936,63.708,0.045,0.023,0.003,0.653
11170,용산구,2024-02-12,79.2,79.2,좋음,실외 활동에 좋은 날씨예요 · 미세먼지 주의,해로움,주의,적합,적합,해로움,10.382,-3.882,62.8,5.446,0.0,0.0,47.499,63.804,0.04,0.033,0.003,0.739
11170,용산구,2024-02-13,76.9,76.9,좋음,실외 활동에 좋은 날씨예요 · 미세먼지 주의,주의,주의,주의,적합,해로움,14.5,1.221,70.6,9.425,0.0,0.0,42.695,68.189,0.043,0.039,0.003,0.756
11170,용산구,2024-02-14,83.9,83.9,좋음,실외 활동에 좋은 날씨예요,주의,주의,적합,적합,주의,18.043,8.671,76.4,7.186,0.0,0.0,28.055,47.278,0.034,0.038,0.003,0.687
11170,용산구,2024-02-15,66.5,66.5,무난,"실외 활동하기 무난해요 — 비 소식, 우산 챙기세요",해로움,해로움,주의,적합,주의,11.479,-1.926,89.9,9.975,8.711,0.0,15.121,22.619,0.037,0.018,0.002,0.419
11170,용산구,2024-02-16,81.0,81.0,좋음,실외 활동에 좋은 날씨예요,해로움,주의,적합,적합,주의,7.986,-2.389,72.4,5.646,0.0,0.0,18.082,28.545,0.027,0.03,0.003,0.523
11170,용산구,2024-02-17,78.7,78.7,좋음,실외 활동에 좋은 날씨예요,해로움,주의,적합,적합,주의,11.068,-1.76,73.5,5.161,0.0,0.0,31.227,44.911,0.034,0.038,0.003,0.661
11170,용산구,2024-02-18,69.2,69.2,무난,"실외 활동하기 무난해요 — 비 소식, 우산 챙기세요",해로움,해로움,적합,주의,주의,10.189,-0.245,81.4,6.664,14.111,0.0,25.678,37.18,0.02,0.034,0.003,0.619
11170,용산구,2024-02-19,71.2,71.2,좋음,"실외 활동에 좋은 날씨예요 · 비 소식, 우산 챙기세요",주의,위험,적합,적합,적합,12.111,3.528,95.8,7.681,6.675,0.0,8.657,15.255,0.021,0.03,0.003,0.636
11170,용산구,2024-02-20,75.8,75.8,좋음,실외 활동에 좋은 날씨예요,주의,해로움,주의,적합,주의,7.378,1.482,86.3,8.115,1.911,0.0,15.654,28.345,0.024,0.021,0.002,0.494
11170,용산구,2024-02-21,64.7,64.7,무난,"실외 활동하기 무난해요 — 비 소식, 우산 챙기세요",해로움,해로움,주의,주의,적합,4.348,-2.903,92.5,8.607,14.233,0.0,2.121,4.513,0.03,0.016,0.002,0.351
11170,용산구,2024-02-22,71.1,71.1,좋음,"실외 활동에 좋은 날씨예요 · 비 소식, 우산 챙기세요",해로움,해로움,주의,적합,주의,1.674,-3.333,84.5,8.142,6.011,0.0,2.987,7.005,0.033,0.016,0.002,0.33
11170,용산구,2024-02-23,80.7,80.7,좋음,실외 활동에 좋은 날씨예요,해로움,주의,적합,적합,주의,6.163,-3.581,68.8,7.464,0.104,0.0,4.667,9.974,0.035,0.016,0.002,0.326
11170,용산구,2024-02-24,80.0,80.0,좋음,실외 활동에 좋은 날씨예요,해로움,주의,적합,적합,주의,6.029,-3.709,68.6,7.6,1.171,0.0,7.392,14.45,0.035,0.015,0.002,0.331
11170,용산구,2024-02-25,78.7,78.7,좋음,실외 활동에 좋은 날씨예요,해로움,해로움,적합,적합,주의,6.436,-0.817,80.8,5.621,1.171,0.0,10.651,15.581,0.033,0.017,0.002,0.396
11170,용산구,2024-02-26,83.5,83.5,좋음,실외 활동에 좋은 날씨예요,해로움,주의,적합,적합,주의,9.968,-2.257,65.3,5.657,0.0,0.0,18.323,30.193,0.032,0.026,0.003,0.506
11170,용산구,2024-02-27,84.7,84.7,좋음,실외 활동에 좋은 날씨예요,해로움,적합,적합,적합,주의,9.746,-1.045,52.0,7.789,0.0,0.0,9.417,20.424,0.036,0.02,0.002,0.357
11170,용산구,2024-02-28,88.9,88.9,아주좋음,실외 활동하기 아주 좋은 날씨예요,주의,적합,적합,적합,주의,10.364,2.473,59.5,4.893,0.0,0.0,17.263,34.312,0.029,0.028,0.003,0.429
11170,용산구,2024-02-29,79.4,79.4,좋음,실외 활동에 좋은 날씨예요,해로움,주의,주의,적합,해로움,9.661,-0.78,63.6,8.736,0.0,0.0,35.261,57.218,0.038,0.029,0.003,0.57
11170,용산구,2024-03-01,75.4,75.4,좋음,"실외 활동에 좋은 날씨예요 · 쌀쌀해요, 옷 챙기세요",해로움,주의,주의,적합,주의,0.629,-11.94,38.9,11.821,0.0,0.0,11.136,37.504,0.04,0.009,0.002,0.301
11170,용산구,2024-03-02,55.0,76.1,주의,"⚠️ 한파, 한랭질환 주의 — 실외 활동에 주의하세요",해로움,주의,주의,적합,주의,4.407,-12.207,60.4,11.682,0.0,0.0,13.778,35.448,0.041,0.017,0.003,0.372
11170,용산구,2024-03-03,75.2,75.2,좋음,실외 활동에 좋은 날씨예요 · 미세먼지 주의,해로움,주의,주의,적합,해로움,8.336,-1.947,71.5,9.104,0.0,0.0,63.584,113.361,0.045,0.021,0.003,0.595
11170,용산구,2024-03-04,83.6,83.6,좋음,실외 활동에 좋은 날씨예요 · 미세먼지 주의,해로움,적합,적합,적합,해로움,11.778,-2.076,45.5,4.611,0.0,0.0,37.442,73.038,0.037,0.039,0.003,0.596
11170,용산구,2024-03-05,88.6,88.6,아주좋음,실외 활동하기 아주 좋은 날씨예요,주의,적합,적합,적합,주의,11.178,4.264,45.1,7.511,0.0,0.0,22.172,45.845,0.039,0.031,0.003,0.474
11170,용산구,2024-03-06,87.1,87.1,아주좋음,실외 활동하기 아주 좋은 날씨예요,주의,적합,적합,적합,주의,10.618,1.006,58.8,6.571,0.0,0.0,7.469,15.952,0.037,0.021,0.002,0.382
11170,용산구,2024-03-07,83.5,83.5,좋음,실외 활동에 좋은 날씨예요,해로움,주의,주의,적합,주의,8.4,-0.557,62.4,8.161,0.629,0.0,17.685,31.134,0.038,0.021,0.002,0.405
11170,용산구,2024-03-08,80.6,80.6,좋음,실외 활동에 좋은 날씨예요,해로움,적합,주의,적합,주의,7.059,-3.858,50.6,10.921,0.0,0.0,22.371,44.554,0.043,0.017,0.003,0.415
11170,용산구,2024-03-09,83.1,83.1,좋음,실외 활동에 좋은 날씨예요,해로움,적합,적합,적합,주의,7.289,-4.567,50.8,7.079,0.0,0.0,17.587,33.917,0.04,0.018,0.003,0.398
11170,용산구,2024-03-10,83.6,83.6,좋음,실외 활동에 좋은 날씨예요,해로움,적합,적합,적합,주의,10.752,-2.984,54.0,7.289,0.0,0.0,17.193,30.598,0.045,0.024,0.003,0.435
11170,용산구,2024-03-11,86.0,86.0,아주좋음,실외 활동하기 아주 좋은 날씨예요,주의,주의,적합,적합,주의,11.196,1.247,62.3,6.504,0.0,0.0,18.901,35.688,0.035,0.039,0.003,0.511
11170,용산구,2024-03-12,83.1,83.1,좋음,실외 활동에 좋은 날씨예요,주의,주의,적합,적합,주의,10.285,3.563,78.0,5.2,1.039,0.0,21.312,33.531,0.032,0.036,0.003,0.544
11170,용산구,2024-03-13,82.5,82.5,좋음,실외 활동에 좋은 날씨예요,해로움,적합,주의,적합,주의,12.325,-1.159,57.6,9.35,0.0,0.0,26.784,46.261,0.055,0.028,0.003,0.525
11170,용산구,2024-03-14,84.6,84.6,좋음,실외 활동에 좋은 날씨예요 · 미세먼지 주의,주의,적합,적합,적합,해로움,15.523,1.626,58.3,7.192,0.0,0.0,36.315,61.152,0.052,0.03,0.003,0.496
11170,용산구,2024-03-15,82.7,82.7,좋음,실외 활동에 좋은 날씨예요,주의,주의,적합,적합,주의,14.714,2.352,68.5,7.939,0.0,0.0,31.411,50.53,0.05,0.029,0.003,0.466
11170,용산구,2024-03-16,86.8,86.8,아주좋음,실외 활동하기 아주 좋은 날씨예요,주의,적합,적합,적합,주의,18.704,3.575,54.5,7.411,0.0,0.0,31.284,51.602,0.054,0.03,0.003,0.498
11170,용산구,2024-03-17,81.4,81.4,좋음,실외 활동에 좋은 날씨예요 · 미세먼지 주의,주의,적합,주의,적합,해로움,12.452,2.897,48.0,10.763,0.021,0.0,19.298,93.495,0.051,0.012,0.002,0.334
11170,용산구,2024-03-18,81.2,81.2,좋음,실외 활동에 좋은 날씨예요,해로움,주의,적합,적합,주의,13.577,-0.229,28.6,7.342,0.0,0.0,7.693,22.841,0.039,0.023,0.003,0.35
11170,용산구,2024-03-19,82.5,82.5,좋음,실외 활동에 좋은 날씨예요,주의,주의,주의,적합,주의,10.607,1.464,60.8,12.348,0.079,0.0,25.998,51.057,0.048,0.02,0.003,0.408
11170,용산구,2024-03-20,82.5,82.5,좋음,실외 활동에 좋은 날씨예요,해로움,적합,주의,적합,주의,8.85,-1.373,46.5,10.046,0.0,0.0,23.022,39.925,0.045,0.014,0.002,0.364
11170,용산구,2024-03-21,83.8,83.8,좋음,실외 활동에 좋은 날씨예요,해로움,적합,적합,적합,주의,11.415,-2.026,46.5,7.57,0.0,0.0,20.483,36.528,0.044,0.027,0.003,0.438
11170,용산구,2024-03-22,79.4,79.4,좋음,"실외 활동에 좋은 날씨예요 · 비 소식, 우산 챙기세요",주의,적합,주의,적합,주의,15.693,1.185,57.0,11.463,6.086,0.0,18.411,43.476,0.05,0.028,0.003,0.436
11170,용산구,2024-03-23,89.6,89.6,아주좋음,실외 활동하기 아주 좋은 날씨예요,주의,주의,적합,적합,주의,18.327,8.296,66.0,7.285,0.218,0.0,24.704,57.769,0.053,0.02,0.002,0.442
11170,용산구,2024-03-24,93.0,93.0,아주좋음,실외 활동하기 아주 좋은 날씨예요,주의,적합,적합,적합,주의,23.182,8.984,42.5,6.464,0.0,0.0,16.05,35.497,0.052,0.024,0.003,0.468
11170,용산구,2024-03-25,84.6,84.6,좋음,"실외 활동에 좋은 날씨예요 · 비 소식, 우산 챙기세요",주의,주의,주의,적합,주의,15.037,5.128,63.0,9.333,5.057,0.0,7.491,18.848,0.04,0.018,0.002,0.348
11170,용산구,2024-03-26,72.7,72.7,좋음,"실외 활동에 좋은 날씨예요 · 비 소식, 우산 챙기세요",주의,주의,적합,주의,주의,12.359,0.896,77.3,7.732,12.857,0.0,3.574,8.386,0.042,0.018,0.002,0.34
11170,용산구,2024-03-27,86.9,86.9,아주좋음,실외 활동하기 아주 좋은 날씨예요,주의,주의,적합,적합,주의,16.7,3.876,68.4,6.136,0.0,0.0,15.389,26.6,0.043,0.028,0.003,0.46
11170,용산구,2024-03-28,85.0,85.0,아주좋음,실외 활동하기 아주 좋은 날씨예요,주의,해로움,적합,적합,주의,12.032,7.512,81.8,6.318,1.586,0.0,15.938,31.648,0.034,0.028,0.003,0.48
11170,용산구,2024-03-29,55.0,73.6,주의,"⚠️ 미세먼지 매우 나쁨, 마스크 착용 — 실외 활동에 주의하세요",주의,주의,주의,적합,위험,12.668,2.892,73.0,8.829,1.711,0.0,40.62,231.051,0.04,0.023,0.002,0.463
11170,용산구,2024-03-30,81.6,81.6,좋음,실외 활동에 좋은 날씨예요 · 미세먼지 주의,주의,적합,주의,적합,해로움,16.421,1.493,56.5,8.307,0.0,0.0,22.352,90.864,0.047,0.025,0.003,0.456
11170,용산구,2024-03-31,86.9,86.9,아주좋음,실외 활동하기 아주 좋은 날씨예요,주의,주의,적합,적합,주의,17.446,2.071,39.9,6.532,0.0,0.0,11.54,42.735,0.047,0.017,0.003,0.401
11170,용산구,2024-04-01,85.8,85.8,아주좋음,실외 활동하기 아주 좋은 날씨예요,주의,주의,적합,적합,주의,19.236,4.944,32.0,7.361,0.0,0.0,14.146,45.198,0.048,0.029,0.003,0.436
11170,용산구,2024-04-02,89.5,89.5,아주좋음,실외 활동하기 아주 좋은 날씨예요,주의,주의,적합,적합,주의,24.089,6.467,37.5,6.496,0.0,0.0,23.076,54.017,0.06,0.041,0.003,0.54
11170,용산구,2024-04-03,94.7,94.7,아주좋음,실외 활동하기 아주 좋은 날씨예요,적합,적합,적합,적합,주의,19.0,13.121,55.9,4.779,0.071,0.0,21.649,44.062,0.039,0.038,0.003,0.54
11170,용산구,2024-04-04,93.4,93.4,아주좋음,실외 활동하기 아주 좋은 날씨예요,적합,적합,적합,적합,주의,20.239,12.099,52.1,7.118,0.0,0.0,14.997,33.347,0.05,0.02,0.003,0.395
11170,용산구,2024-04-05,92.0,92.0,아주좋음,실외 활동하기 아주 좋은 날씨예요,적합,적합,적합,적합,주의,18.964,9.594,51.3,7.936,0.0,0.0,20.521,42.481,0.058,0.02,0.003,0.402
11170,용산구,2024-04-06,89.4,89.4,아주좋음,실외 활동하기 아주 좋은 날씨예요 · 미세먼지 주의,주의,적합,적합,적합,해로움,19.279,7.162,48.6,7.154,0.0,0.0,39.074,65.713,0.059,0.033,0.003,0.553
11170,용산구,2024-04-07,87.7,87.7,아주좋음,실외 활동하기 아주 좋은 날씨예요,주의,주의,적합,적합,주의,23.511,7.0,33.4,6.468,0.0,0.0,32.463,55.184,0.076,0.029,0.003,0.545
11170,용산구,2024-04-08,93.0,93.0,아주좋음,실외 활동하기 아주 좋은 날씨예요,적합,적합,적합,적합,주의,22.696,10.183,46.5,5.782,0.0,0.0,28.309,57.087,0.055,0.041,0.003,0.58
11170,용산구,2024-04-09,88.4,88.4,아주좋음,실외 활동하기 아주 좋은 날씨예요,적합,주의,주의,적합,주의,20.646,10.251,32.4,9.979,0.0,0.0,18.289,40.927,0.052,0.018,0.003,0.382
11170,용산구,2024-04-10,91.9,91.9,아주좋음,실외 활동하기 아주 좋은 날씨예요,적합,주의,적합,적합,주의,18.514,9.687,62.6,6.921,0.0,0.0,17.797,43.197,0.056,0.014,0.003,0.357
11170,용산구,2024-04-11,94.2,94.2,아주좋음,실외 활동하기 아주 좋은 날씨예요,적합,주의,적합,적합,주의,21.271,11.506,61.0,4.754,0.0,0.0,21.038,49.772,0.049,0.026,0.003,0.466
11170,용산구,2024-04-12,93.2,93.2,아주좋음,실외 활동하기 아주 좋은 날씨예요,적합,적합,적합,적합,주의,24.271,11.075,59.6,6.418,0.0,0.0,23.685,48.471,0.057,0.03,0.003,0.493
11170,용산구,2024-04-13,90.8,90.8,아주좋음,실외 활동하기 아주 좋은 날씨예요,주의,적합,적합,적합,주의,27.41,10.733,52.4,6.454,0.0,0.0,18.09,40.533,0.057,0.024,0.003,0.428
11170,용산구,2024-04-14,86.2,86.2,아주좋음,실외 활동하기 아주 좋은 날씨예요,주의,적합,적합,적합,주의,29.204,12.55,47.1,7.036,0.0,0.0,22.269,44.61,0.077,0.025,0.003,0.512
11170,용산구,2024-04-15,78.3,78.3,좋음,"실외 활동에 좋은 날씨예요 · 비 소식, 우산 챙기세요",적합,주의,주의,주의,주의,20.329,11.306,77.4,8.282,15.825,0.286,11.599,22.919,0.048,0.02,0.003,0.398
11170,용산구,2024-04-16,81.9,81.9,좋음,실외 활동에 좋은 날씨예요 · 미세먼지 주의,적합,해로움,적합,적합,해로움,18.036,10.567,82.6,6.661,1.957,0.043,28.295,85.07,0.048,0.021,0.003,0.505
11170,용산구,2024-04-17,85.6,85.6,아주좋음,실외 활동하기 아주 좋은 날씨예요 · 미세먼지 주의,주의,주의,적합,적합,위험,22.146,8.662,65.3,6.586,0.0,0.0,41.726,141.53,0.042,0.027,0.003,0.555
11170,용산구,2024-04-18,87.8,87.8,아주좋음,실외 활동하기 아주 좋은 날씨예요 · 미세먼지 주의,적합,적합,적합,적합,위험,25.454,10.058,53.3,7.207,0.0,0.0,27.221,113.564,0.055,0.03,0.003,0.513
11170,용산구,2024-04-19,89.7,89.7,아주좋음,실외 활동하기 아주 좋은 날씨예요 · 미세먼지 주의,적합,적합,적합,적합,해로움,24.632,11.122,51.8,6.582,0.0,0.0,30.33,95.773,0.091,0.031,0.004,0.524
11170,용산구,2024-04-20,82.9,82.9,좋음,실외 활동에 좋은 날씨예요,적합,주의,주의,적합,주의,17.914,12.829,77.3,8.264,4.796,0.043,26.045,59.901,0.06,0.024,0.003,0.512
11170,용산구,2024-04-21,91.3,91.3,아주좋음,실외 활동하기 아주 좋은 날씨예요,적합,주의,주의,적합,주의,21.075,13.257,65.5,8.068,0.0,0.0,6.759,17.409,0.048,0.009,0.002,0.323
11170,용산구,2024-04-22,93.5,93.5,아주좋음,실외 활동하기 아주 좋은 날씨예요,적합,적합,적합,적합,주의,24.007,14.7,49.4,6.921,0.0,0.0,15.88,31.434,0.053,0.015,0.002,0.332
11170,용산구,2024-04-23,92.7,92.7,아주좋음,실외 활동하기 아주 좋은 날씨예요,적합,적합,주의,적합,주의,23.493,12.688,55.0,8.146,0.054,0.0,10.217,21.603,0.052,0.014,0.002,0.321
11170,용산구,2024-04-24,80.4,80.4,좋음,"실외 활동에 좋은 날씨예요 · 비 소식, 우산 챙기세요",적합,해로움,적합,주의,주의,17.186,10.406,80.1,6.961,10.857,0.154,5.566,13.023,0.04,0.014,0.002,0.331
11170,용산구,2024-04-25,88.8,88.8,아주좋음,실외 활동하기 아주 좋은 날씨예요,적합,주의,적합,적합,주의,21.221,9.905,75.6,5.404,0.0,0.0,19.756,32.247,0.064,0.022,0.002,0.458
11170,용산구,2024-04-26,91.7,91.7,아주좋음,실외 활동하기 아주 좋은 날씨예요,주의,주의,적합,적합,주의,26.115,10.936,61.1,5.918,0.0,0.0,26.858,66.53,0.063,0.031,0.003,0.544
11170,용산구,2024-04-27,91.1,91.1,아주좋음,실외 활동하기 아주 좋은 날씨예요,주의,적합,적합,적합,주의,26.682,10.661,56.4,6.704,0.0,0.0,23.917,51.345,0.068,0.027,0.003,0.516
11170,용산구,2024-04-28,87.6,87.6,아주좋음,실외 활동하기 아주 좋은 날씨예요,주의,적합,적합,적합,주의,28.92,11.906,53.5,5.079,0.0,0.0,20.811,38.844,0.086,0.026,0.003,0.518
11170,용산구,2024-04-29,91.9,91.9,아주좋음,실외 활동하기 아주 좋은 날씨예요,적합,적합,적합,적합,주의,25.889,16.4,48.0,7.736,0.0,0.0,19.99,43.369,0.064,0.019,0.003,0.392
11170,용산구,2024-04-30,91.7,91.7,아주좋음,실외 활동하기 아주 좋은 날씨예요,적합,주의,적합,적합,주의,22.443,15.257,62.5,6.061,0.0,0.0,33.417,59.315,0.056,0.025,0.004,0.516
11170,용산구,2024-05-01,93.6,93.6,아주좋음,실외 활동하기 아주 좋은 날씨예요,적합,적합,적합,적합,주의,23.768,13.686,46.0,6.386,0.0,0.0,14.158,26.85,0.058,0.014,0.003,0.34
11170,용산구,2024-05-02,92.5,92.5,아주좋음,실외 활동하기 아주 좋은 날씨예요,적합,적합,적합,적합,주의,24.093,12.306,48.4,7.485,0.0,0.0,18.757,36.266,0.064,0.024,0.003,0.396
11170,용산구,2024-05-03,89.1,89.1,아주좋음,실외 활동하기 아주 좋은 날씨예요,주의,적합,적합,적합,주의,28.025,11.05,46.9,5.641,0.0,0.0,24.966,48.907,0.082,0.032,0.003,0.465
11170,용산구,2024-05-04,85.7,85.7,아주좋음,실외 활동하기 아주 좋은 날씨예요,주의,적합,적합,적합,해로움,28.686,13.463,44.8,6.867,0.0,0.0,33.148,56.728,0.11,0.032,0.004,0.548
11170,용산구,2024-05-05,63.8,63.8,무난,"실외 활동하기 무난해요 — 비 많음, 우산 필수",적합,해로움,주의,주의,주의,20.641,15.381,87.4,10.167,42.011,0.3,14.375,23.054,0.073,0.013,0.003,0.393
11170,용산구,2024-05-06,75.0,75.0,좋음,"실외 활동에 좋은 날씨예요 · 비 소식, 우산 챙기세요",적합,해로움,적합,주의,주의,15.619,13.185,92.9,7.789,11.141,0.152,7.187,11.837,0.049,0.012,0.002,0.373
11170,용산구,2024-05-07,85.6,85.6,아주좋음,실외 활동하기 아주 좋은 날씨예요,적합,주의,주의,적합,주의,15.419,11.704,77.3,8.196,2.385,0.044,13.041,22.006,0.049,0.014,0.002,0.382
11170,용산구,2024-05-08,92.4,92.4,아주좋음,실외 활동하기 아주 좋은 날씨예요,주의,적합,적합,적합,주의,21.748,8.376,58.8,7.563,0.0,0.0,9.241,21.668,0.045,0.016,0.002,0.322
11170,용산구,2024-05-09,90.0,90.0,아주좋음,실외 활동하기 아주 좋은 날씨예요,적합,주의,주의,적합,주의,22.261,10.104,63.6,8.893,0.0,0.0,14.654,30.811,0.069,0.02,0.003,0.38
11170,용산구,2024-05-10,92.1,92.1,아주좋음,실외 활동하기 아주 좋은 날씨예요,적합,적합,주의,적합,주의,24.539,12.225,55.6,8.182,0.0,0.0,14.634,30.932,0.065,0.019,0.003,0.382
11170,용산구,2024-05-11,70.9,70.9,좋음,"실외 활동에 좋은 날씨예요 · 비 소식, 우산 챙기세요",적합,주의,주의,주의,주의,22.579,13.193,80.0,12.357,27.882,0.275,7.987,21.239,0.048,0.014,0.002,0.329
11170,용산구,2024-05-12,88.0,88.0,아주좋음,실외 활동하기 아주 좋은 날씨예요,적합,주의,주의,적합,해로움,22.274,10.979,65.0,8.896,0.0,0.0,15.166,67.954,0.05,0.011,0.002,0.333
11170,용산구,2024-05-13,92.7,92.7,아주좋음,실외 활동하기 아주 좋은 날씨예요,적합,적합,적합,적합,주의,25.174,11.314,51.9,7.448,0.0,0.0,13.809,31.358,0.058,0.021,0.003,0.4
11170,용산구,2024-05-14,92.2,92.2,아주좋음,실외 활동하기 아주 좋은 날씨예요,적합,적합,적합,적합,주의,25.114,11.979,43.3,7.614,0.0,0.0,13.822,29.282,0.066,0.025,0.003,0.388
11170,용산구,2024-05-15,73.6,73.6,좋음,"실외 활동에 좋은 날씨예요 · 비 소식, 우산 챙기세요",주의,주의,주의,주의,주의,19.318,6.14,74.3,10.211,21.057,0.139,7.948,23.149,0.051,0.016,0.003,0.332
11170,용산구,2024-05-16,88.8,88.8,아주좋음,실외 활동하기 아주 좋은 날씨예요,주의,주의,주의,적합,주의,20.129,5.934,61.3,8.871,0.45,0.011,6.867,18.35,0.05,0.015,0.003,0.321
11170,용산구,2024-05-17,90.9,90.9,아주좋음,실외 활동하기 아주 좋은 날씨예요,적합,주의,적합,적합,주의,25.546,10.717,63.6,6.946,0.0,0.0,19.512,42.792,0.074,0.023,0.003,0.456
11170,용산구,2024-05-18,90.2,90.2,아주좋음,실외 활동하기 아주 좋은 날씨예요,주의,주의,적합,적합,주의,26.761,14.896,65.3,6.629,0.0,0.0,11.406,27.955,0.058,0.018,0.003,0.391
11170,용산구,2024-05-19,87.4,87.4,아주좋음,실외 활동하기 아주 좋은 날씨예요,주의,주의,적합,적합,주의,28.287,15.375,63.1,7.046,0.0,0.0,11.45,24.747,0.067,0.013,0.003,0.336
11170,용산구,2024-05-20,89.1,89.1,아주좋음,실외 활동하기 아주 좋은 날씨예요,적합,주의,적합,적합,주의,23.407,16.357,75.0,6.754,0.0,0.0,16.119,31.557,0.045,0.017,0.003,0.34
11170,용산구,2024-05-21,85.7,85.7,아주좋음,실외 활동하기 아주 좋은 날씨예요,주의,주의,적합,적합,주의,28.639,16.107,68.1,5.775,0.0,0.0,27.481,44.991,0.07,0.02,0.003,0.414
11170,용산구,2024-05-22,88.0,88.0,아주좋음,실외 활동하기 아주 좋은 날씨예요,주의,주의,적합,적합,해로움,26.368,15.996,68.9,6.689,0.0,0.0,35.514,54.25,0.067,0.022,0.003,0.467
11170,용산구,2024-05-23,89.3,89.3,아주좋음,실외 활동하기 아주 좋은 날씨예요,주의,주의,적합,적합,주의,26.854,15.482,67.9,6.643,0.0,0.0,18.82,32.353,0.055,0.021,0.003,0.361
11170,용산구,2024-05-24,89.0,89.0,아주좋음,실외 활동하기 아주 좋은 날씨예요,적합,주의,적합,적합,주의,24.504,15.45,75.1,5.996,0.0,0.0,24.369,37.402,0.04,0.017,0.002,0.367
11170,용산구,2024-05-25,93.0,93.0,아주좋음,실외 활동하기 아주 좋은 날씨예요,적합,주의,적합,적합,주의,24.593,18.121,62.8,5.896,0.0,0.0,18.835,35.107,0.057,0.017,0.003,0.357
11170,용산구,2024-05-26,82.2,82.2,좋음,"실외 활동에 좋은 날씨예요 · 비 소식, 우산 챙기세요",적합,주의,주의,적합,주의,24.35,16.829,74.3,8.275,8.561,0.107,13.033,24.786,0.051,0.012,0.002,0.354
11170,용산구,2024-05-27,90.8,90.8,아주좋음,실외 활동하기 아주 좋은 날씨예요,적합,주의,주의,적합,주의,23.411,14.368,63.4,9.754,0.0,0.0,10.131,27.376,0.051,0.012,0.002,0.368
11170,용산구,2024-05-28,92.4,92.4,아주좋음,실외 활동하기 아주 좋은 날씨예요,주의,적합,주의,적합,주의,26.036,13.989,54.8,8.132,0.0,0.0,7.125,17.699,0.048,0.017,0.002,0.317
11170,용산구,2024-05-29,90.6,90.6,아주좋음,실외 활동하기 아주 좋은 날씨예요,주의,적합,적합,적합,주의,27.561,14.775,51.6,6.579,0.0,0.0,11.771,25.65,0.057,0.025,0.003,0.38
11170,용산구,2024-05-30,95.0,95.0,아주좋음,실외 활동하기 아주 좋은 날씨예요,적합,적합,적합,적합,주의,24.821,15.943,49.1,4.296,0.0,0.0,15.161,29.321,0.054,0.032,0.003,0.448
11170,용산구,2024-05-31,92.0,92.0,아주좋음,실외 활동하기 아주 좋은 날씨예요,적합,적합,적합,적합,주의,25.796,15.968,60.0,7.925,0.071,0.036,13.55,25.588,0.06,0.019,0.003,0.353
11170,용산구,2024-06-01,92.3,92.3,아주좋음,실외 활동하기 아주 좋은 날씨예요,적합,주의,주의,적합,주의,25.8,17.136,61.3,8.246,0.018,0.0,13.691,29.1,0.051,0.011,0.002,0.327
11170,용산구,2024-06-02,91.3,91.3,아주좋음,실외 활동하기 아주 좋은 날씨예요,주의,적합,주의,적합,주의,26.522,15.293,51.9,8.678,0.0,0.0,9.861,21.772,0.058,0.011,0.003,0.309
11170,용산구,2024-06-03,90.2,90.2,아주좋음,실외 활동하기 아주 좋은 날씨예요,주의,적합,적합,적합,주의,28.355,15.259,47.4,6.807,0.0,0.0,7.165,15.447,0.052,0.014,0.002,0.292
11170,용산구,2024-06-04,88.4,88.4,아주좋음,실외 활동하기 아주 좋은 날씨예요,주의,주의,적합,적합,주의,29.352,15.811,42.1,6.474,0.0,0.0,8.546,19.202,0.056,0.017,0.002,0.297
11170,용산구,2024-06-05,85.0,85.0,아주좋음,실외 활동하기 아주 좋은 날씨예요,주의,주의,적합,적합,주의,30.431,17.286,53.9,5.957,0.0,0.0,21.898,40.035,0.084,0.029,0.003,0.432
11170,용산구,2024-06-06,82.1,82.1,좋음,실외 활동에 좋은 날씨예요,주의,주의,적합,적합,해로움,31.095,18.675,54.3,6.614,0.054,0.0,27.95,44.051,0.104,0.024,0.003,0.433
11170,용산구,2024-06-07,89.6,89.6,아주좋음,실외 활동하기 아주 좋은 날씨예요,주의,주의,적합,적합,주의,28.263,17.543,54.3,5.568,0.171,0.029,19.078,32.546,0.078,0.024,0.003,0.381
11170,용산구,2024-06-08,80.0,80.0,좋음,"실외 활동에 좋은 날씨예요 · 비 소식, 우산 챙기세요",적합,주의,적합,주의,주의,24.929,17.0,79.5,5.75,17.104,0.443,16.625,25.08,0.062,0.015,0.002,0.369
11170,용산구,2024-06-09,86.2,86.2,아주좋음,실외 활동하기 아주 좋은 날씨예요,주의,주의,적합,적합,주의,29.236,16.907,68.9,6.286,0.0,0.0,18.187,29.605,0.084,0.015,0.003,0.405
11170,용산구,2024-06-10,80.0,80.0,좋음,실외 활동에 좋은 날씨예요,주의,주의,적합,적합,해로움,31.438,18.311,66.3,6.811,0.0,0.0,28.139,48.137,0.096,0.02,0.003,0.493
11170,용산구,2024-06-11,78.8,78.8,좋음,실외 활동에 좋은 날씨예요 · 미세먼지 주의,주의,주의,적합,적합,해로움,31.855,20.696,62.4,6.85,0.0,0.0,36.063,61.006,0.1,0.018,0.003,0.491
11170,용산구,2024-06-12,78.7,78.7,좋음,실외 활동에 좋은 날씨예요,주의,주의,적합,적합,해로움,32.348,18.364,60.8,7.114,0.0,0.0,16.57,32.434,0.093,0.022,0.003,0.388
11170,용산구,2024-06-13,78.0,78.0,좋음,실외 활동에 좋은 날씨예요,주의,주의,적합,적합,주의,32.967,19.279,51.4,6.446,0.0,0.0,16.872,32.86,0.075,0.026,0.003,0.39
11170,용산구,2024-06-14,75.0,75.0,좋음,실외 활동에 좋은 날씨예요 · 더위 주의,해로움,주의,주의,적합,주의,33.337,20.229,56.0,8.521,0.0,0.0,20.575,36.058,0.084,0.025,0.004,0.385
11170,용산구,2024-06-15,83.8,83.8,좋음,실외 활동에 좋은 날씨예요,주의,주의,적합,적합,주의,28.414,20.389,72.3,5.957,4.861,0.182,18.565,27.016,0.041,0.015,0.003,0.327
11170,용산구,2024-06-16,82.9,82.9,좋음,실외 활동에 좋은 날씨예요,주의,주의,주의,적합,주의,30.112,19.1,58.4,8.046,0.0,0.0,12.918,23.235,0.059,0.012,0.003,0.331
11170,용산구,2024-06-17,82.8,82.8,좋음,실외 활동에 좋은 날씨예요,주의,주의,적합,적합,주의,30.535,17.857,48.4,7.471,0.0,0.0,11.487,22.514,0.067,0.022,0.003,0.342
11170,용산구,2024-06-18,77.6,77.6,좋음,실외 활동에 좋은 날씨예요,주의,주의,적합,적합,주의,32.735,19.136,59.5,6.893,0.0,0.0,14.53,27.506,0.078,0.023,0.003,0.353
11170,용산구,2024-06-19,55.0,71.4,주의,"⚠️ 폭염, 온열질환 주의 — 실외 활동에 주의하세요",해로움,해로움,적합,적합,해로움,35.886,20.361,54.3,5.539,0.0,0.0,26.222,43.123,0.141,0.026,0.004,0.452
11170,용산구,2024-06-20,55.0,72.6,주의,"⚠️ 폭염, 온열질환 주의 — 실외 활동에 주의하세요",해로움,해로움,적합,적합,해로움,35.122,22.175,45.1,6.079,0.0,0.0,27.956,43.414,0.113,0.027,0.004,0.472
11170,용산구,2024-06-21,74.6,74.6,좋음,실외 활동에 좋은 날씨예요 · 더위 주의,해로움,해로움,적합,적합,주의,33.686,21.85,49.8,7.125,0.0,0.0,22.39,38.153,0.089,0.029,0.004,0.429
11170,용산구,2024-06-22,79.2,79.2,좋음,"실외 활동에 좋은 날씨예요 · 비 소식, 우산 챙기세요",주의,해로움,적합,주의,주의,26.154,21.811,80.6,5.286,18.911,0.168,21.093,29.674,0.054,0.019,0.003,0.462
11170,용산구,2024-06-23,75.4,75.4,좋음,"실외 활동에 좋은 날씨예요 · 비 소식, 우산 챙기세요",주의,해로움,적합,적합,주의,30.33,21.686,79.5,7.957,6.789,0.107,9.127,16.356,0.049,0.009,0.002,0.346
11170,용산구,2024-06-24,84.1,84.1,좋음,실외 활동에 좋은 날씨예요,주의,주의,주의,적합,주의,28.751,20.696,70.4,8.071,0.125,0.0,19.384,53.45,0.068,0.015,0.002,0.385
11170,용산구,2024-06-25,88.0,88.0,아주좋음,실외 활동하기 아주 좋은 날씨예요,주의,주의,주의,적합,주의,27.4,19.15,61.9,9.107,0.0,0.0,8.666,21.441,0.056,0.014,0.003,0.312
11170,용산구,2024-06-26,80.9,80.9,좋음,실외 활동에 좋은 날씨예요,주의,주의,적합,적합,주의,31.509,18.243,61.0,6.529,0.0,0.0,12.769,25.617,0.074,0.02,0.003,0.36
11170,용산구,2024-06-27,82.0,82.0,좋음,실외 활동에 좋은 날씨예요,주의,주의,적합,적합,주의,31.101,19.761,55.0,5.107,0.0,0.0,16.858,31.803,0.084,0.027,0.003,0.414
11170,용산구,2024-06-28,76.8,76.8,좋음,실외 활동에 좋은 날씨예요,주의,주의,적합,적합,해로움,32.567,20.396,54.6,7.007,0.0,0.0,25.598,40.684,0.109,0.027,0.003,0.448
11170,용산구,2024-06-29,59.8,59.8,주의,"가벼운 실외 활동은 괜찮아요 — 비 많음, 우산 필수",주의,해로움,주의,주의,주의,32.193,21.093,65.1,8.768,31.832,0.739,19.979,30.577,0.077,0.018,0.003,0.412
11170,용산구,2024-06-30,67.3,67.3,무난,"실외 활동하기 무난해요 — 비 소식, 우산 챙기세요",주의,해로움,주의,주의,주의,26.082,21.918,88.5,11.389,29.418,0.568,12.24,20.713,0.049,0.009,0.002,0.336
11170,용산구,2024-07-01,80.0,80.0,좋음,실외 활동에 좋은 날씨예요,주의,해로움,적합,적합,주의,31.655,21.532,69.1,4.989,0.0,0.0,15.572,27.703,0.087,0.017,0.002,0.367
11170,용산구,2024-07-02,60.5,60.5,무난,"실외 활동하기 무난해요 — 비 많음, 우산 필수",적합,해로움,주의,해로움,주의,25.379,21.35,90.0,8.575,57.932,0.857,9.849,18.103,0.053,0.017,0.002,0.378
11170,용산구,2024-07-03,83.8,83.8,좋음,실외 활동에 좋은 날씨예요,주의,해로움,주의,적합,주의,26.964,23.368,80.3,9.318,1.136,0.043,15.721,27.595,0.06,0.013,0.002,0.421
11170,용산구,2024-07-04,72.1,72.1,좋음,실외 활동에 좋은 날씨예요,주의,해로움,주의,적합,주의,31.433,23.1,74.8,9.482,3.718,0.129,29.425,39.108,0.081,0.015,0.002,0.476
11170,용산구,2024-07-05,77.6,77.6,좋음,"실외 활동에 좋은 날씨예요 · 비 소식, 우산 챙기세요",주의,해로움,주의,적합,주의,26.796,21.057,80.5,12.693,5.575,0.118,11.167,19.715,0.065,0.015,0.002,0.436
11170,용산구,2024-07-06,70.9,70.9,좋음,실외 활동에 좋은 날씨예요,주의,해로움,주의,적합,주의,30.892,21.579,84.1,12.089,4.779,0.071,16.904,29.266,0.052,0.015,0.002,0.412
11170,용산구,2024-07-07,72.7,72.7,좋음,"실외 활동에 좋은 날씨예요 · 비 소식, 우산 챙기세요",주의,해로움,적합,주의,주의,28.582,21.107,85.1,6.146,19.096,0.957,12.999,21.898,0.058,0.012,0.002,0.423
11170,용산구,2024-07-08,76.0,76.0,좋음,"실외 활동에 좋은 날씨예요 · 비 소식, 우산 챙기세요",적합,해로움,적합,주의,주의,24.732,22.689,93.4,6.382,18.343,0.254,6.19,11.792,0.035,0.018,0.002,0.351
11170,용산구,2024-07-09,85.5,85.5,아주좋음,실외 활동하기 아주 좋은 날씨예요,주의,해로움,적합,적합,주의,26.836,22.257,86.9,6.814,1.011,0.007,9.041,16.445,0.034,0.018,0.002,0.366
11170,용산구,2024-07-10,72.0,72.0,좋음,"실외 활동에 좋은 날씨예요 · 비 소식, 우산 챙기세요",주의,해로움,적합,적합,주의,32.642,22.271,77.1,7.071,6.407,0.05,5.682,13.239,0.052,0.015,0.002,0.332
11170,용산구,2024-07-11,82.2,82.2,좋음,실외 활동에 좋은 날씨예요,주의,해로움,적합,적합,주의,29.639,22.539,79.6,6.136,0.0,0.0,25.181,36.581,0.082,0.02,0.003,0.482
11170,용산구,2024-07-12,82.6,82.6,좋음,실외 활동에 좋은 날씨예요,주의,해로움,적합,적합,주의,30.769,21.55,79.5,4.175,0.0,0.0,27.145,39.509,0.075,0.023,0.003,0.526
11170,용산구,2024-07-13,73.5,73.5,좋음,실외 활동에 좋은 날씨예요 · 더위 주의,해로움,해로움,적합,적합,해로움,33.905,22.904,70.0,6.143,0.089,0.0,38.201,50.068,0.081,0.018,0.003,0.563
11170,용산구,2024-07-14,75.2,75.2,좋음,실외 활동에 좋은 날씨예요,주의,해로움,적합,적합,주의,32.476,24.339,65.9,6.929,0.068,0.014,23.163,30.507,0.075,0.01,0.002,0.395
11170,용산구,2024-07-15,76.4,76.4,좋음,실외 활동에 좋은 날씨예요,주의,해로움,적합,적합,주의,32.477,24.13,64.6,6.23,0.232,0.0,6.143,12.374,0.053,0.014,0.002,0.32
11170,용산구,2024-07-16,68.1,68.1,무난,"실외 활동하기 무난해요 — 비 소식, 우산 챙기세요",주의,해로움,적합,주의,주의,31.247,23.833,78.4,7.259,16.5,0.261,7.203,13.761,0.044,0.015,0.002,0.345
11170,용산구,2024-07-17,54.0,54.0,주의,"가벼운 실외 활동은 괜찮아요 — 비 많음, 우산 필수",주의,해로움,주의,해로움,적합,29.359,23.257,91.6,9.682,68.118,2.261,4.555,11.854,0.022,0.013,0.002,0.294
11170,용산구,2024-07-18,45.4,45.4,주의,"⚠️ 호우, 침수·안전 주의 — 실외 활동에 주의하세요",주의,위험,주의,위험,적합,26.125,22.982,95.3,12.364,123.939,0.721,4.679,10.295,0.022,0.017,0.002,0.324
11170,용산구,2024-07-19,76.8,76.8,좋음,실외 활동에 좋은 날씨예요,주의,해로움,적합,적합,주의,32.137,23.693,80.1,6.168,0.325,0.004,16.286,24.766,0.063,0.016,0.002,0.378
11170,용산구,2024-07-20,64.2,64.2,무난,"실외 활동하기 무난해요 — 비 소식, 우산 챙기세요",주의,해로움,주의,주의,주의,31.25,24.482,80.4,10.746,16.729,0.493,9.112,16.297,0.046,0.011,0.002,0.317
11170,용산구,2024-07-21,67.0,67.0,무난,"실외 활동하기 무난해요 — 비 소식, 우산 챙기세요",주의,해로움,주의,적합,주의,30.945,22.582,83.6,13.432,8.036,0.15,9.131,19.281,0.056,0.009,0.002,0.285
11170,용산구,2024-07-22,55.1,55.1,주의,"가벼운 실외 활동은 괜찮아요 — 비 많음, 우산 필수",주의,해로움,주의,해로움,적합,28.642,24.143,89.0,12.393,52.55,1.15,6.063,14.437,0.029,0.011,0.002,0.278
11170,용산구,2024-07-23,77.8,77.8,좋음,실외 활동에 좋은 날씨예요,주의,해로움,주의,적합,적합,28.123,25.354,87.9,11.643,2.429,0.036,5.503,12.167,0.022,0.011,0.002,0.263
11170,용산구,2024-07-24,65.3,65.3,무난,"실외 활동하기 무난해요 — 비 소식, 우산 챙기세요",주의,위험,적합,주의,적합,32.448,25.268,85.0,7.411,15.4,0.443,6.354,15.231,0.022,0.012,0.002,0.283
11170,용산구,2024-07-25,60.0,60.0,무난,"실외 활동하기 무난해요 — 더위 주의, 비 소식, 우산 챙기세요",해로움,위험,주의,주의,주의,34.258,24.671,79.8,8.746,17.957,0.539,9.103,20.658,0.04,0.015,0.002,0.301
11170,용산구,2024-07-26,63.0,63.0,무난,"실외 활동하기 무난해요 — 더위 주의, 비 소식, 우산 챙기세요",해로움,위험,주의,주의,주의,34.129,24.718,81.9,9.546,10.411,0.179,8.09,15.951,0.03,0.015,0.002,0.294
11170,용산구,2024-07-27,61.5,61.5,무난,"실외 활동하기 무난해요 — 비 소식, 우산 챙기세요",주의,위험,적합,주의,적합,32.964,26.729,83.6,7.718,21.446,0.539,7.566,16.319,0.024,0.012,0.002,0.296
11170,용산구,2024-07-28,70.2,70.2,좋음,실외 활동에 좋은 날씨예요 · 더위 주의,해로움,위험,주의,적합,적합,33.489,26.961,76.0,10.493,0.018,0.0,6.643,17.293,0.02,0.007,0.002,0.252
11170,용산구,2024-07-29,80.8,80.8,좋음,실외 활동에 좋은 날씨예요,주의,해로움,주의,적합,적합,28.414,26.625,84.0,8.95,0.071,0.0,8.0,21.798,0.026,0.01,0.002,0.231
11170,용산구,2024-07-30,73.7,73.7,좋음,실외 활동에 좋은 날씨예요 · 더위 주의,해로움,위험,적합,적합,주의,33.075,26.271,78.8,6.911,0.0,0.0,12.143,25.096,0.053,0.013,0.002,0.266
11170,용산구,2024-07-31,72.7,72.7,좋음,실외 활동에 좋은 날씨예요 · 더위 주의,해로움,위험,적합,적합,주의,34.409,26.482,74.5,6.189,0.0,0.0,7.741,17.339,0.033,0.012,0.002,0.254
11170,용산구,2024-08-01,72.2,72.2,좋음,실외 활동에 좋은 날씨예요 · 더위 주의,해로움,위험,적합,적합,주의,34.231,27.064,75.5,6.039,0.082,0.011,9.088,19.558,0.04,0.012,0.002,0.275
11170,용산구,2024-08-02,71.8,71.8,좋음,실외 활동에 좋은 날씨예요 · 더위 주의,해로움,위험,적합,적합,주의,33.716,27.779,79.4,6.607,0.339,0.0,16.074,28.296,0.05,0.013,0.002,0.33
11170,용산구,2024-08-03,55.0,70.2,주의,"⚠️ 폭염, 온열질환 주의 — 실외 활동에 주의하세요",해로움,위험,적합,적합,주의,35.391,26.814,75.0,5.843,0.0,0.0,23.018,31.893,0.067,0.012,0.002,0.386
11170,용산구,2024-08-04,55.0,68.4,주의,"⚠️ 폭염, 온열질환 주의 — 실외 활동에 주의하세요",해로움,위험,적합,적합,주의,36.818,26.437,69.3,5.17,0.143,0.0,22.106,30.002,0.085,0.014,0.002,0.431
11170,용산구,2024-08-05,61.2,61.2,무난,"실외 활동하기 무난해요 — 더위 주의, 비 소식, 우산 챙기세요",해로움,위험,적합,주의,주의,34.954,25.907,75.5,7.982,13.475,0.029,21.42,29.171,0.068,0.017,0.002,0.405
11170,용산구,2024-08-06,71.4,71.4,좋음,실외 활동에 좋은 날씨예요 · 더위 주의,해로움,위험,적합,적합,주의,34.169,24.975,74.8,5.504,2.143,0.0,9.88,17.566,0.062,0.018,0.002,0.357
11170,용산구,2024-08-07,68.2,68.2,무난,"실외 활동하기 무난해요 — 더위 주의, 비 소식, 우산 챙기세요",해로움,위험,적합,적합,주의,34.3,25.521,72.0,6.5,5.425,0.121,11.442,19.313,0.048,0.016,0.002,0.321
11170,용산구,2024-08-08,75.2,75.2,좋음,"실외 활동에 좋은 날씨예요 · 비 소식, 우산 챙기세요",주의,위험,적합,적합,주의,32.024,25.496,77.5,4.782,5.571,0.0,13.623,21.065,0.046,0.017,0.002,0.325
11170,용산구,2024-08-09,70.8,70.8,좋음,실외 활동에 좋은 날씨예요 · 더위 주의,해로움,위험,적합,적합,주의,34.762,24.893,74.1,5.707,2.339,0.0,18.622,28.465,0.071,0.019,0.002,0.365
11170,용산구,2024-08-10,72.0,72.0,좋음,실외 활동에 좋은 날씨예요 · 더위 주의,해로움,위험,적합,적합,주의,34.69,25.646,70.8,5.325,0.0,0.0,23.69,33.112,0.073,0.018,0.003,0.41
11170,용산구,2024-08-11,71.4,71.4,좋음,실외 활동에 좋은 날씨예요 · 더위 주의,해로움,위험,적합,적합,주의,34.976,26.886,67.8,5.393,0.0,0.0,21.489,28.739,0.06,0.013,0.002,0.363
11170,용산구,2024-08-12,55.0,69.8,주의,"⚠️ 폭염, 온열질환 주의 — 실외 활동에 주의하세요",해로움,위험,적합,적합,주의,35.339,27.164,70.5,5.386,0.589,0.0,19.02,27.682,0.07,0.018,0.003,0.353
11170,용산구,2024-08-13,55.0,62.8,주의,"⚠️ 폭염, 온열질환 주의 — 실외 활동에 주의하세요",해로움,위험,적합,적합,주의,36.955,27.136,70.0,7.441,6.268,0.0,17.114,26.172,0.067,0.017,0.002,0.361
11170,용산구,2024-08-14,55.0,63.7,주의,"⚠️ 폭염, 온열질환 주의 — 실외 활동에 주의하세요",해로움,위험,주의,적합,주의,36.836,26.632,73.0,8.211,3.589,0.107,16.612,25.282,0.075,0.02,0.002,0.377
11170,용산구,2024-08-15,55.0,68.2,주의,"⚠️ 폭염, 온열질환 주의 — 실외 활동에 주의하세요",해로움,위험,적합,적합,주의,35.717,26.104,74.6,6.729,2.229,0.218,15.517,23.174,0.07,0.015,0.002,0.35
11170,용산구,2024-08-16,55.0,71.2,주의,"⚠️ 폭염, 온열질환 주의 — 실외 활동에 주의하세요",해로움,위험,적합,적합,주의,35.679,26.464,69.4,5.504,0.0,0.0,14.307,22.37,0.064,0.017,0.002,0.348
11170,용산구,2024-08-17,55.0,67.1,주의,"⚠️ 폭염, 온열질환 주의 — 실외 활동에 주의하세요",해로움,위험,적합,적합,주의,35.671,26.743,71.0,6.918,2.982,0.393,14.805,22.3,0.075,0.015,0.002,0.355
11170,용산구,2024-08-18,55.0,68.0,주의,"⚠️ 폭염, 온열질환 주의 — 실외 활동에 주의하세요",해로움,위험,적합,적합,주의,35.199,26.325,73.8,7.025,3.571,0.0,14.071,20.406,0.067,0.011,0.002,0.343
11170,용산구,2024-08-19,55.0,67.3,주의,"⚠️ 폭염, 온열질환 주의 — 실외 활동에 주의하세요",해로움,위험,적합,적합,주의,36.523,25.796,72.3,6.982,1.35,0.082,17.151,25.955,0.074,0.018,0.002,0.402
11170,용산구,2024-08-20,55.0,68.0,주의,"⚠️ 폭염, 온열질환 주의 — 실외 활동에 주의하세요",해로움,위험,적합,적합,주의,36.311,26.643,68.3,6.593,0.018,0.0,17.413,25.574,0.06,0.016,0.003,0.348
11170,용산구,2024-08-21,55.0,55.0,주의,"가벼운 실외 활동은 괜찮아요 — 비 많음, 우산 필수",주의,위험,주의,주의,주의,31.375,26.35,85.9,9.321,41.882,0.525,5.982,13.805,0.032,0.012,0.002,0.281
11170,용산구,2024-08-22,72.0,72.0,좋음,실외 활동에 좋은 날씨예요,주의,위험,주의,적합,주의,31.281,26.575,79.9,10.639,1.807,0.018,5.78,16.408,0.034,0.011,0.002,0.284
11170,용산구,2024-08-23,73.8,73.8,좋음,실외 활동에 좋은 날씨예요,주의,해로움,적합,적합,주의,32.864,25.414,73.5,7.043,0.268,0.0,20.289,29.946,0.075,0.017,0.002,0.433
11170,용산구,2024-08-24,72.2,72.2,좋음,"실외 활동에 좋은 날씨예요 · 비 소식, 우산 챙기세요",주의,해로움,적합,적합,주의,32.258,24.586,78.8,6.021,6.339,0.054,30.139,39.87,0.074,0.018,0.002,0.537
11170,용산구,2024-08-25,73.0,73.0,좋음,실외 활동에 좋은 날씨예요 · 더위 주의,해로움,위험,적합,적합,주의,33.471,24.479,76.6,5.57,1.75,0.0,29.2,38.171,0.079,0.015,0.003,0.537
11170,용산구,2024-08-26,76.3,76.3,좋음,실외 활동에 좋은 날씨예요,주의,해로움,적합,적합,주의,31.87,24.829,77.8,4.77,2.393,0.0,27.185,37.494,0.057,0.023,0.003,0.54
11170,용산구,2024-08-27,81.6,81.6,좋음,실외 활동에 좋은 날씨예요,주의,해로움,적합,적합,주의,30.533,23.993,69.8,5.968,0.207,0.011,12.647,22.86,0.037,0.018,0.003,0.403
11170,용산구,2024-08-28,74.7,74.7,좋음,실외 활동에 좋은 날씨예요 · 더위 주의,해로움,해로움,적합,적합,주의,33.951,22.614,62.1,6.529,0.0,0.0,7.608,14.624,0.051,0.014,0.002,0.331
11170,용산구,2024-08-29,73.8,73.8,좋음,실외 활동에 좋은 날씨예요 · 더위 주의,해로움,해로움,적합,적합,주의,33.725,23.182,61.0,7.846,0.0,0.0,4.498,10.486,0.045,0.012,0.002,0.296
11170,용산구,2024-08-30,74.7,74.7,좋음,실외 활동에 좋은 날씨예요 · 더위 주의,해로움,해로움,적합,적합,주의,33.88,23.407,64.0,6.718,0.0,0.0,6.698,15.679,0.047,0.015,0.002,0.324
11170,용산구,2024-08-31,76.1,76.1,좋음,실외 활동에 좋은 날씨예요 · 더위 주의,해로움,해로움,적합,적합,주의,33.548,22.329,65.6,5.375,0.0,0.0,19.558,37.095,0.077,0.015,0.003,0.411
11170,용산구,2024-09-01,78.4,78.4,좋음,실외 활동에 좋은 날씨예요,주의,해로움,적합,적합,주의,32.082,23.439,64.9,6.496,0.0,0.0,20.263,30.753,0.069,0.013,0.003,0.431
11170,용산구,2024-09-02,85.7,85.7,아주좋음,실외 활동하기 아주 좋은 날씨예요,주의,주의,적합,적합,주의,27.354,21.596,73.6,6.493,1.543,0.071,12.142,20.627,0.041,0.018,0.003,0.399
11170,용산구,2024-09-03,79.7,79.7,좋음,실외 활동에 좋은 날씨예요,주의,주의,적합,적합,주의,32.182,22.932,54.5,6.943,0.0,0.0,5.231,13.62,0.054,0.014,0.002,0.309
11170,용산구,2024-09-04,77.4,77.4,좋음,실외 활동에 좋은 날씨예요 · 더위 주의,해로움,해로움,적합,적합,주의,33.269,22.821,61.4,5.55,0.0,0.0,10.38,20.729,0.077,0.018,0.003,0.36
11170,용산구,2024-09-05,73.1,73.1,좋음,"실외 활동에 좋은 날씨예요 · 비 소식, 우산 챙기세요",주의,해로움,적합,적합,주의,29.404,24.461,79.1,7.943,9.461,0.168,13.306,24.657,0.065,0.018,0.003,0.384
11170,용산구,2024-09-06,86.4,86.4,아주좋음,실외 활동하기 아주 좋은 날씨예요,적합,주의,적합,적합,주의,25.368,22.386,79.3,6.389,2.9,0.011,7.886,16.603,0.03,0.016,0.002,0.38
11170,용산구,2024-09-07,79.2,79.2,좋음,실외 활동에 좋은 날씨예요,주의,해로움,적합,적합,주의,31.852,22.254,68.9,5.082,0.0,0.0,14.025,23.643,0.084,0.016,0.002,0.409
11170,용산구,2024-09-08,78.0,78.0,좋음,실외 활동에 좋은 날씨예요,주의,해로움,적합,적합,주의,32.585,22.314,69.6,4.939,0.0,0.0,22.088,30.226,0.086,0.015,0.002,0.468
11170,용산구,2024-09-09,76.9,76.9,좋음,실외 활동에 좋은 날씨예요 · 더위 주의,해로움,해로움,적합,적합,주의,33.815,23.618,69.0,5.021,0.0,0.0,19.895,29.18,0.073,0.02,0.003,0.468
11170,용산구,2024-09-10,74.7,74.7,좋음,실외 활동에 좋은 날씨예요 · 더위 주의,해로움,위험,적합,적합,주의,34.587,25.007,67.3,5.5,0.0,0.0,21.02,30.586,0.08,0.022,0.003,0.456
11170,용산구,2024-09-11,55.0,73.1,주의,"⚠️ 폭염, 온열질환 주의 — 실외 활동에 주의하세요",해로움,위험,적합,적합,주의,36.033,24.818,71.5,6.2,0.461,0.014,22.554,32.082,0.07,0.024,0.003,0.447
11170,용산구,2024-09-12,64.9,64.9,무난,"실외 활동하기 무난해요 — 비 많음, 우산 필수",주의,해로움,적합,주의,주의,26.968,24.379,91.5,4.321,45.007,0.279,5.889,10.427,0.051,0.017,0.002,0.378
11170,용산구,2024-09-13,75.6,75.6,좋음,"실외 활동에 좋은 날씨예요 · 비 소식, 우산 챙기세요",주의,해로움,적합,주의,적합,28.878,24.121,91.4,6.671,11.861,0.093,7.636,15.342,0.014,0.016,0.003,0.351
11170,용산구,2024-09-14,79.8,79.8,좋음,실외 활동에 좋은 날씨예요,주의,해로움,적합,적합,주의,32.851,24.95,80.3,5.086,0.125,0.0,6.397,12.591,0.036,0.013,0.002,0.322
11170,용산구,2024-09-15,78.7,78.7,좋음,실외 활동에 좋은 날씨예요,주의,해로움,적합,적합,주의,32.598,23.979,73.6,7.871,0.0,0.0,6.273,13.033,0.031,0.008,0.002,0.31
11170,용산구,2024-09-16,71.8,71.8,좋음,실외 활동에 좋은 날씨예요 · 더위 주의,해로움,해로움,적합,적합,주의,33.092,20.854,74.0,6.993,9.357,0.286,3.373,8.441,0.046,0.009,0.002,0.296
11170,용산구,2024-09-17,78.0,78.0,좋음,실외 활동에 좋은 날씨예요 · 더위 주의,해로움,위험,적합,적합,주의,34.257,25.425,77.0,5.225,0.0,0.0,6.548,13.044,0.041,0.011,0.002,0.332
11170,용산구,2024-09-18,75.9,75.9,좋음,실외 활동에 좋은 날씨예요 · 더위 주의,해로움,위험,적합,적합,주의,34.312,25.868,76.8,5.546,1.061,0.025,10.356,16.921,0.043,0.011,0.002,0.332
11170,용산구,2024-09-19,77.3,77.3,좋음,실외 활동에 좋은 날씨예요 · 더위 주의,해로움,위험,적합,적합,주의,33.807,25.514,77.4,4.293,0.0,0.0,12.869,20.4,0.061,0.018,0.003,0.361
11170,용산구,2024-09-20,55.3,55.3,주의,"가벼운 실외 활동은 괜찮아요 — 비 많음, 우산 필수",주의,해로움,주의,해로움,주의,28.892,17.696,89.8,10.218,54.357,0.564,7.853,13.639,0.035,0.015,0.002,0.348
11170,용산구,2024-09-21,71.9,71.9,좋음,"실외 활동에 좋은 날씨예요 · 비 소식, 우산 챙기세요",적합,해로움,주의,주의,주의,22.274,16.963,82.3,10.304,21.232,0.371,2.128,5.464,0.036,0.008,0.002,0.261
11170,용산구,2024-09-22,89.1,89.1,아주좋음,실외 활동하기 아주 좋은 날씨예요,주의,주의,적합,적합,적합,26.511,17.337,67.4,7.941,0.0,0.0,2.249,5.172,0.029,0.007,0.002,0.252
11170,용산구,2024-09-23,91.0,91.0,아주좋음,실외 활동하기 아주 좋은 날씨예요,적합,적합,적합,적합,주의,25.95,16.462,58.3,7.219,0.0,0.0,3.179,9.1,0.037,0.011,0.002,0.267
11170,용산구,2024-09-24,91.4,91.4,아주좋음,실외 활동하기 아주 좋은 날씨예요,주의,적합,적합,적합,주의,26.77,15.407,57.9,5.4,0.0,0.0,5.264,13.485,0.048,0.018,0.002,0.326
11170,용산구,2024-09-25,89.4,89.4,아주좋음,실외 활동하기 아주 좋은 날씨예요,주의,주의,적합,적합,주의,28.124,17.83,65.6,4.589,0.0,0.0,8.027,18.382,0.044,0.022,0.002,0.376
11170,용산구,2024-09-26,85.3,85.3,아주좋음,실외 활동하기 아주 좋은 날씨예요,주의,주의,적합,적합,주의,28.529,20.6,75.1,5.278,0.804,0.041,10.687,19.266,0.056,0.02,0.002,0.386
11170,용산구,2024-09-27,85.5,85.5,아주좋음,실외 활동하기 아주 좋은 날씨예요,주의,주의,적합,적합,주의,28.605,18.889,72.8,6.922,0.0,0.0,9.081,17.093,0.045,0.015,0.002,0.355
11170,용산구,2024-09-28,87.4,87.4,아주좋음,실외 활동하기 아주 좋은 날씨예요,주의,주의,적합,적합,주의,28.168,19.415,59.3,7.033,0.0,0.0,5.629,12.98,0.043,0.011,0.002,0.301
11170,용산구,2024-09-29,86.8,86.8,아주좋음,실외 활동하기 아주 좋은 날씨예요,주의,주의,적합,적합,주의,29.091,18.574,61.5,6.241,0.0,0.0,4.059,9.146,0.043,0.009,0.002,0.289
11170,용산구,2024-09-30,87.5,87.5,아주좋음,실외 활동하기 아주 좋은 날씨예요,주의,주의,적합,적합,주의,28.579,18.041,63.0,5.678,0.0,0.0,6.717,15.154,0.054,0.019,0.002,0.348
11170,용산구,2024-10-01,86.1,86.1,아주좋음,실외 활동하기 아주 좋은 날씨예요,적합,주의,주의,적합,주의,21.733,13.333,67.5,8.833,2.37,0.078,6.783,15.672,0.04,0.014,0.002,0.323
11170,용산구,2024-10-02,91.2,91.2,아주좋음,실외 활동하기 아주 좋은 날씨예요,적합,적합,적합,적합,주의,20.137,11.345,48.8,7.122,0.0,0.0,6.538,16.236,0.038,0.013,0.002,0.3
11170,용산구,2024-10-03,91.7,91.7,아주좋음,실외 활동하기 아주 좋은 날씨예요,적합,적합,적합,적합,주의,22.193,10.508,59.0,6.614,0.0,0.0,6.866,15.627,0.039,0.016,0.002,0.318
11170,용산구,2024-10-04,93.2,93.2,아주좋음,실외 활동하기 아주 좋은 날씨예요,적합,적합,적합,적합,주의,23.841,11.788,60.0,4.886,0.0,0.0,7.77,16.745,0.042,0.02,0.002,0.354
11170,용산구,2024-10-05,92.9,92.9,아주좋음,실외 활동하기 아주 좋은 날씨예요,적합,주의,적합,적합,주의,24.081,11.676,60.4,4.414,0.0,0.0,12.486,23.475,0.053,0.023,0.003,0.403
11170,용산구,2024-10-06,91.9,91.9,아주좋음,실외 활동하기 아주 좋은 날씨예요,적합,주의,적합,적합,적합,17.952,12.311,73.5,4.232,0.0,0.0,13.171,22.21,0.026,0.022,0.002,0.448
11170,용산구,2024-10-07,90.0,90.0,아주좋음,실외 활동하기 아주 좋은 날씨예요,적합,주의,적합,적합,주의,21.019,13.826,73.9,4.471,0.0,0.0,22.869,38.558,0.045,0.024,0.003,0.526
11170,용산구,2024-10-08,89.1,89.1,아주좋음,실외 활동하기 아주 좋은 날씨예요,적합,주의,적합,적합,주의,23.57,12.644,73.9,5.45,0.0,0.0,22.456,36.964,0.037,0.02,0.003,0.501
11170,용산구,2024-10-09,91.5,91.5,아주좋음,실외 활동하기 아주 좋은 날씨예요,적합,주의,적합,적합,주의,23.978,13.544,64.1,5.764,0.0,0.0,6.739,13.809,0.044,0.015,0.002,0.347
11170,용산구,2024-10-10,91.7,91.7,아주좋음,실외 활동하기 아주 좋은 날씨예요,적합,주의,적합,적합,주의,23.77,15.13,66.3,5.032,0.054,0.0,10.629,20.162,0.043,0.02,0.003,0.38
11170,용산구,2024-10-11,89.7,89.7,아주좋음,실외 활동하기 아주 좋은 날씨예요,적합,주의,적합,적합,주의,24.339,13.732,68.8,5.014,0.0,0.0,22.044,35.095,0.064,0.025,0.003,0.476
11170,용산구,2024-10-12,92.2,92.2,아주좋음,실외 활동하기 아주 좋은 날씨예요,적합,주의,적합,적합,주의,24.764,12.961,60.6,4.471,0.0,0.0,24.066,38.176,0.056,0.028,0.003,0.518
11170,용산구,2024-10-13,91.9,91.9,아주좋음,실외 활동하기 아주 좋은 날씨예요,적합,주의,적합,적합,주의,22.654,12.502,67.0,4.661,0.0,0.0,17.485,27.202,0.042,0.019,0.003,0.458
11170,용산구,2024-10-14,92.3,92.3,아주좋음,실외 활동하기 아주 좋은 날씨예요,적합,주의,적합,적합,적합,21.468,17.007,70.3,4.546,0.0,0.0,10.605,20.583,0.025,0.023,0.003,0.403
11170,용산구,2024-10-15,89.2,89.2,아주좋음,실외 활동하기 아주 좋은 날씨예요,적합,해로움,적합,적합,적합,21.993,16.789,85.0,4.439,0.518,0.014,13.055,20.933,0.021,0.023,0.003,0.442
11170,용산구,2024-10-16,89.2,89.2,아주좋음,실외 활동하기 아주 좋은 날씨예요,적합,주의,적합,적합,주의,24.068,14.271,76.9,4.493,0.0,0.0,23.201,36.614,0.042,0.027,0.003,0.536
11170,용산구,2024-10-17,90.5,90.5,아주좋음,실외 활동하기 아주 좋은 날씨예요,적합,주의,적합,적합,주의,25.786,13.654,70.4,4.582,0.0,0.0,21.608,36.918,0.041,0.029,0.003,0.524
11170,용산구,2024-10-18,67.2,67.2,무난,"실외 활동하기 무난해요 — 비 많음, 우산 필수",적합,해로움,적합,주의,적합,19.114,15.707,86.1,7.161,40.521,0.746,11.931,21.23,0.02,0.022,0.003,0.435
11170,용산구,2024-10-19,85.6,85.6,아주좋음,실외 활동하기 아주 좋은 날씨예요,적합,주의,주의,적합,주의,21.079,12.679,75.0,9.675,0.571,0.032,3.889,8.165,0.035,0.01,0.002,0.317
11170,용산구,2024-10-20,89.1,89.1,아주좋음,실외 활동하기 아주 좋은 날씨예요,적합,적합,주의,적합,주의,17.789,10.183,56.0,9.671,0.0,0.0,4.082,12.193,0.035,0.007,0.002,0.242
11170,용산구,2024-10-21,91.7,91.7,아주좋음,실외 활동하기 아주 좋은 날씨예요,적합,주의,적합,적합,적합,19.264,9.157,66.4,5.896,0.0,0.0,5.745,16.494,0.028,0.02,0.002,0.34
11170,용산구,2024-10-22,74.8,74.8,좋음,"실외 활동에 좋은 날씨예요 · 비 소식, 우산 챙기세요",적합,해로움,적합,주의,적합,16.561,14.346,90.8,7.579,18.129,0.129,6.006,11.923,0.012,0.023,0.002,0.446
11170,용산구,2024-10-23,82.9,82.9,좋음,실외 활동에 좋은 날씨예요,주의,주의,주의,적합,주의,16.207,8.846,75.3,10.718,1.904,0.071,6.789,15.398,0.036,0.012,0.002,0.355
11170,용산구,2024-10-24,87.8,87.8,아주좋음,실외 활동하기 아주 좋은 날씨예요,주의,주의,적합,적합,주의,18.514,6.69,71.4,6.718,0.0,0.0,16.043,27.873,0.04,0.023,0.003,0.475
11170,용산구,2024-10-25,92.6,92.6,아주좋음,실외 활동하기 아주 좋은 날씨예요,주의,주의,적합,적합,주의,21.921,8.901,64.1,4.693,0.0,0.0,14.849,27.187,0.026,0.03,0.003,0.544
11170,용산구,2024-10-26,91.3,91.3,아주좋음,실외 활동하기 아주 좋은 날씨예요,적합,주의,적합,적합,주의,23.621,10.71,68.3,5.389,0.0,0.0,12.245,23.027,0.034,0.026,0.003,0.501
11170,용산구,2024-10-27,89.4,89.4,아주좋음,실외 활동하기 아주 좋은 날씨예요,적합,주의,적합,적합,주의,19.211,13.571,79.4,4.793,0.0,0.0,16.51,27.839,0.039,0.019,0.003,0.451
11170,용산구,2024-10-28,87.6,87.6,아주좋음,실외 활동하기 아주 좋은 날씨예요,적합,주의,적합,적합,주의,20.614,11.821,75.9,6.739,0.0,0.0,21.424,32.856,0.029,0.018,0.003,0.502
11170,용산구,2024-10-29,92.1,92.1,아주좋음,실외 활동하기 아주 좋은 날씨예요,적합,주의,적합,적합,주의,18.864,12.689,64.6,5.675,0.036,0.0,7.331,15.932,0.031,0.022,0.002,0.393
11170,용산구,2024-10-30,90.2,90.2,아주좋음,실외 활동하기 아주 좋은 날씨예요,적합,주의,적합,적합,주의,21.371,10.908,71.3,5.221,0.0,0.0,16.112,28.99,0.044,0.025,0.003,0.503
11170,용산구,2024-10-31,91.6,91.6,아주좋음,실외 활동하기 아주 좋은 날씨예요,적합,주의,적합,적합,주의,22.471,10.646,67.8,4.2,0.0,0.0,21.094,35.487,0.036,0.034,0.003,0.561
11170,용산구,2024-11-01,90.8,90.8,아주좋음,실외 활동하기 아주 좋은 날씨예요,적합,주의,적합,적합,주의,18.807,12.482,70.8,3.964,0.0,0.0,23.932,39.809,0.021,0.039,0.003,0.62
11170,용산구,2024-11-02,91.7,91.7,아주좋음,실외 활동하기 아주 좋은 날씨예요,적합,적합,적합,적합,주의,24.714,12.375,58.9,6.032,0.0,0.0,20.029,33.024,0.043,0.022,0.003,0.474
11170,용산구,2024-11-03,88.3,88.3,아주좋음,실외 활동하기 아주 좋은 날씨예요,적합,주의,적합,적합,주의,23.354,12.117,71.1,7.061,0.0,0.0,14.957,26.017,0.048,0.015,0.003,0.398
11170,용산구,2024-11-04,88.0,88.0,아주좋음,실외 활동하기 아주 좋은 날씨예요,주의,주의,주의,적합,주의,19.114,8.787,62.0,9.204,0.182,0.0,13.052,26.711,0.043,0.014,0.003,0.345
11170,용산구,2024-11-05,88.6,88.6,아주좋음,실외 활동하기 아주 좋은 날씨예요,주의,적합,주의,적합,주의,15.129,5.149,49.8,8.025,0.0,0.0,10.022,26.738,0.031,0.015,0.003,0.333
11170,용산구,2024-11-06,88.6,88.6,아주좋음,실외 활동하기 아주 좋은 날씨예요,주의,적합,적합,적합,주의,12.654,3.04,46.1,6.85,0.0,0.0,12.618,27.773,0.032,0.018,0.003,0.383
11170,용산구,2024-11-07,89.3,89.3,아주좋음,실외 활동하기 아주 좋은 날씨예요,주의,적합,적합,적합,주의,14.939,1.603,48.1,4.054,0.0,0.0,22.949,42.915,0.027,0.033,0.003,0.539
11170,용산구,2024-11-08,90.1,90.1,아주좋음,실외 활동하기 아주 좋은 날씨예요,주의,적합,적합,적합,주의,17.632,2.999,50.8,3.914,0.0,0.0,22.045,37.526,0.032,0.039,0.003,0.585
11170,용산구,2024-11-09,92.3,92.3,아주좋음,실외 활동하기 아주 좋은 날씨예요,주의,적합,적합,적합,주의,20.057,6.416,55.8,3.8,0.0,0.0,19.872,33.615,0.034,0.038,0.003,0.607
11170,용산구,2024-11-10,93.0,93.0,아주좋음,실외 활동하기 아주 좋은 날씨예요,적합,주의,적합,적합,주의,20.579,9.922,64.0,4.361,0.0,0.0,15.721,26.197,0.038,0.028,0.003,0.521
11170,용산구,2024-11-11,90.3,90.3,아주좋음,실외 활동하기 아주 좋은 날씨예요,적합,주의,적합,적합,주의,21.104,9.062,64.5,4.157,0.0,0.0,30.791,52.91,0.037,0.036,0.003,0.661
11170,용산구,2024-11-12,89.8,89.8,아주좋음,실외 활동하기 아주 좋은 날씨예요,적합,주의,적합,적합,주의,19.15,10.237,66.8,5.668,0.0,0.0,24.086,39.558,0.039,0.026,0.003,0.514
11170,용산구,2024-11-13,90.3,90.3,아주좋음,실외 활동하기 아주 좋은 날씨예요,주의,주의,적합,적합,주의,20.5,7.999,62.9,5.718,0.0,0.0,22.091,40.912,0.036,0.035,0.003,0.606
11170,용산구,2024-11-14,92.2,92.2,아주좋음,실외 활동하기 아주 좋은 날씨예요,적합,주의,적합,적합,주의,16.896,12.693,68.4,4.1,0.004,0.0,17.566,34.716,0.019,0.033,0.003,0.527
11170,용산구,2024-11-15,91.7,91.7,아주좋음,실외 활동하기 아주 좋은 날씨예요,적합,주의,적합,적합,주의,21.218,13.275,65.1,5.721,0.018,0.0,16.408,28.842,0.029,0.028,0.003,0.492
11170,용산구,2024-11-16,84.1,84.1,좋음,실외 활동에 좋은 날씨예요,적합,주의,적합,적합,주의,22.686,14.082,72.5,7.964,4.875,0.0,13.81,23.68,0.036,0.02,0.003,0.445
11170,용산구,2024-11-17,85.1,85.1,아주좋음,실외 활동하기 아주 좋은 날씨예요,주의,적합,주의,적합,주의,14.514,0.555,47.6,9.475,0.0,0.0,9.109,19.904,0.032,0.008,0.003,0.328
11170,용산구,2024-11-18,82.7,82.7,좋음,실외 활동에 좋은 날씨예요,해로움,주의,주의,적합,주의,7.589,-1.977,30.9,8.689,0.0,0.0,7.319,17.957,0.031,0.014,0.003,0.318
11170,용산구,2024-11-19,89.2,89.2,아주좋음,실외 활동하기 아주 좋은 날씨예요,해로움,적합,적합,적합,주의,10.921,-0.385,49.5,4.696,0.0,0.0,12.612,26.394,0.02,0.031,0.003,0.438
11170,용산구,2024-11-20,88.2,88.2,아주좋음,실외 활동하기 아주 좋은 날씨예요,주의,주의,적합,적합,주의,9.989,2.038,65.8,3.714,0.054,0.0,24.151,40.792,0.008,0.04,0.003,0.624
11170,용산구,2024-11-21,82.5,82.5,좋음,실외 활동에 좋은 날씨예요 · 미세먼지 주의,주의,주의,적합,적합,해로움,14.096,5.237,71.9,7.429,0.518,0.0,36.18,55.985,0.028,0.032,0.003,0.653
11170,용산구,2024-11-22,87.0,87.0,아주좋음,실외 활동하기 아주 좋은 날씨예요,주의,적합,적합,적합,주의,10.761,1.679,48.0,7.075,0.0,0.0,19.539,35.029,0.032,0.019,0.003,0.432
11170,용산구,2024-11-23,89.0,89.0,아주좋음,실외 활동하기 아주 좋은 날씨예요,주의,적합,적합,적합,적합,12.311,0.68,47.1,5.432,0.0,0.0,14.165,24.659,0.029,0.026,0.003,0.467
11170,용산구,2024-11-24,91.1,91.1,아주좋음,실외 활동하기 아주 좋은 날씨예요,주의,적합,적합,적합,적합,13.375,2.033,58.4,4.164,0.0,0.0,11.033,18.597,0.027,0.026,0.003,0.474
11170,용산구,2024-11-25,86.6,86.6,아주좋음,실외 활동하기 아주 좋은 날씨예요,주의,적합,주의,적합,적합,15.529,1.798,57.6,8.593,0.0,0.0,12.781,23.318,0.027,0.027,0.003,0.46
11170,용산구,2024-11-26,62.4,62.4,무난,"실외 활동하기 무난해요 — 비 소식, 우산 챙기세요",해로움,해로움,주의,주의,주의,12.893,-1.534,86.4,12.504,25.036,0.0,5.088,10.836,0.031,0.014,0.002,0.332
11170,용산구,2024-11-27,68.9,68.9,무난,"실외 활동하기 무난해요 — 비 소식, 우산 챙기세요",해로움,해로움,주의,주의,적합,2.068,-2.643,90.6,8.635,15.746,0.0,6.466,10.873,0.028,0.018,0.002,0.357
11170,용산구,2024-11-28,77.7,77.7,좋음,실외 활동에 좋은 날씨예요,해로움,해로움,적합,적합,적합,3.996,-2.666,82.0,7.688,4.657,0.0,12.251,18.734,0.026,0.019,0.002,0.421
11170,용산구,2024-11-29,83.3,83.3,좋음,실외 활동에 좋은 날씨예요,해로움,주의,적합,적합,주의,4.144,-4.125,76.3,5.441,0.0,0.0,17.977,31.375,0.022,0.028,0.003,0.52
11170,용산구,2024-11-30,83.0,83.0,좋음,실외 활동에 좋은 날씨예요,해로움,해로움,적합,적합,주의,6.114,-1.396,81.6,5.325,0.232,0.0,15.917,25.975,0.016,0.033,0.003,0.624
11170,용산구,2024-12-01,76.2,76.2,좋음,실외 활동에 좋은 날씨예요,주의,해로움,적합,적합,주의,9.025,0.553,89.3,4.568,0.304,0.0,22.882,32.982,0.015,0.028,0.003,0.646
11170,용산구,2024-12-02,75.8,75.8,좋음,실외 활동에 좋은 날씨예요,해로움,주의,주의,적합,주의,13.482,-0.536,79.9,8.146,0.0,0.0,26.858,44.164,0.03,0.029,0.003,0.65
11170,용산구,2024-12-03,83.9,83.9,좋음,실외 활동에 좋은 날씨예요,해로움,적합,적합,적합,적합,4.896,-3.98,48.6,7.581,0.0,0.0,7.434,19.04,0.029,0.018,0.003,0.358
11170,용산구,2024-12-04,85.3,85.3,아주좋음,실외 활동하기 아주 좋은 날씨예요,해로움,적합,적합,적합,적합,6.415,-2.401,52.1,6.693,0.0,0.0,11.162,24.267,0.026,0.024,0.003,0.414
11170,용산구,2024-12-05,82.1,82.1,좋음,실외 활동에 좋은 날씨예요,해로움,주의,주의,적합,적합,8.586,-1.973,62.8,8.914,1.261,0.0,10.962,23.18,0.028,0.026,0.003,0.451
11170,용산구,2024-12-06,82.1,82.1,좋음,실외 활동에 좋은 날씨예요,해로움,적합,주의,적합,주의,5.221,-3.567,49.3,10.025,0.0,0.0,9.145,26.515,0.03,0.016,0.003,0.359
11170,용산구,2024-12-07,82.8,82.8,좋음,실외 활동에 좋은 날씨예요,해로움,적합,주의,적합,적합,4.136,-5.418,56.9,8.196,0.0,0.0,11.721,23.555,0.03,0.017,0.003,0.405
11170,용산구,2024-12-08,82.8,82.8,좋음,"실외 활동에 좋은 날씨예요 · 쌀쌀해요, 옷 챙기세요",해로움,적합,적합,적합,주의,3.704,-6.344,46.5,7.611,0.0,0.0,12.048,23.214,0.031,0.014,0.003,0.376
11170,용산구,2024-12-09,84.7,84.7,좋음,실외 활동에 좋은 날씨예요,해로움,적합,적합,적합,주의,6.461,-4.729,56.1,4.954,0.0,0.0,17.398,34.435,0.022,0.034,0.003,0.584
11170,용산구,2024-12-10,82.0,82.0,좋음,실외 활동에 좋은 날씨예요,해로움,적합,적합,적합,주의,6.868,-3.529,58.9,7.275,0.0,0.0,26.536,42.672,0.024,0.035,0.003,0.691
11170,용산구,2024-12-11,83.0,83.0,좋음,실외 활동에 좋은 날씨예요 · 미세먼지 주의,해로움,적합,적합,적합,해로움,7.254,-1.444,50.3,4.564,0.0,0.0,37.826,61.624,0.021,0.032,0.004,0.754
11170,용산구,2024-12-12,83.4,83.4,좋음,실외 활동에 좋은 날씨예요,해로움,적합,적합,적합,주의,4.739,-4.638,45.8,5.843,0.0,0.0,22.071,41.171,0.021,0.027,0.004,0.536
11170,용산구,2024-12-13,83.7,83.7,좋음,실외 활동에 좋은 날씨예요,해로움,적합,적합,적합,주의,4.454,-3.229,42.1,7.986,0.0,0.0,15.474,28.852,0.027,0.023,0.003,0.439
11170,용산구,2024-12-14,83.1,83.1,좋음,실외 활동에 좋은 날씨예요,해로움,적합,적합,적합,적합,2.393,-5.512,51.0,7.457,0.0,0.0,14.977,28.844,0.03,0.019,0.003,0.449
11170,용산구,2024-12-15,82.5,82.5,좋음,실외 활동에 좋은 날씨예요,해로움,적합,주의,적합,주의,5.389,-4.353,54.1,9.075,0.0,0.0,9.62,20.799,0.034,0.019,0.003,0.388
11170,용산구,2024-12-16,82.3,82.3,좋음,실외 활동에 좋은 날씨예요,해로움,주의,적합,적합,주의,3.854,-4.221,65.9,5.714,0.0,0.0,16.11,30.392,0.027,0.035,0.003,0.562
11170,용산구,2024-12-17,83.1,83.1,좋음,"실외 활동에 좋은 날씨예요 · 쌀쌀해요, 옷 챙기세요",해로움,적합,적합,적합,적합,3.371,-6.184,51.8,7.264,0.0,0.0,14.039,26.778,0.024,0.025,0.003,0.482
11170,용산구,2024-12-18,82.4,82.4,좋음,"실외 활동에 좋은 날씨예요 · 쌀쌀해요, 옷 챙기세요",해로움,적합,적합,적합,주의,0.126,-8.918,47.1,6.004,0.0,0.0,16.155,32.631,0.024,0.019,0.003,0.458
11170,용산구,2024-12-19,81.5,81.5,좋음,"실외 활동에 좋은 날씨예요 · 쌀쌀해요, 옷 챙기세요",해로움,적합,적합,적합,주의,3.8,-7.833,47.4,4.336,0.0,0.0,30.121,54.215,0.015,0.037,0.004,0.699
11170,용산구,2024-12-20,81.8,81.8,좋음,실외 활동에 좋은 날씨예요 · 미세먼지 주의,해로움,주의,적합,적합,해로움,4.304,-3.425,60.9,4.329,0.121,0.0,38.242,58.247,0.006,0.048,0.004,0.811
11170,용산구,2024-12-21,70.8,70.8,좋음,"실외 활동에 좋은 날씨예요 · 쌀쌀해요, 옷 챙기세요",해로움,주의,주의,적합,해로움,1.846,-7.894,74.1,8.579,2.211,0.0,38.373,49.227,0.028,0.022,0.003,0.601
11170,용산구,2024-12-22,81.1,81.1,좋음,"실외 활동에 좋은 날씨예요 · 쌀쌀해요, 옷 챙기세요",해로움,적합,적합,적합,주의,0.696,-10.072,52.9,7.657,0.0,0.0,9.724,21.134,0.031,0.016,0.003,0.374
11170,용산구,2024-12-23,82.4,82.4,좋음,"실외 활동에 좋은 날씨예요 · 쌀쌀해요, 옷 챙기세요",해로움,적합,적합,적합,주의,6.2,-6.979,58.5,6.941,0.0,0.0,16.689,29.067,0.023,0.033,0.003,0.598
11170,용산구,2024-12-24,84.3,84.3,좋음,실외 활동에 좋은 날씨예요,해로움,적합,적합,적합,주의,4.082,-5.253,50.3,4.996,0.0,0.0,18.953,34.29,0.024,0.033,0.003,0.565
11170,용산구,2024-12-25,83.0,83.0,좋음,실외 활동에 좋은 날씨예요,해로움,주의,적합,적합,주의,6.132,-2.433,63.1,6.396,0.057,0.0,20.978,32.599,0.025,0.036,0.003,0.617
11170,용산구,2024-12-26,76.9,76.9,좋음,"실외 활동에 좋은 날씨예요 · 쌀쌀해요, 옷 챙기세요",해로움,적합,주의,적합,주의,4.279,-8.426,57.9,9.779,0.036,0.0,32.587,64.651,0.028,0.019,0.003,0.485
11170,용산구,2024-12-27,80.7,80.7,좋음,"실외 활동에 좋은 날씨예요 · 쌀쌀해요, 옷 챙기세요",해로움,적합,주의,적합,주의,1.382,-9.115,51.4,8.396,0.0,0.0,13.287,30.499,0.03,0.018,0.003,0.375
11170,용산구,2024-12-28,80.6,80.6,좋음,"실외 활동에 좋은 날씨예요 · 쌀쌀해요, 옷 챙기세요",해로움,적합,주의,적합,주의,0.589,-9.43,48.3,8.468,0.0,0.0,13.507,29.988,0.03,0.015,0.003,0.372
11170,용산구,2024-12-29,85.7,85.7,아주좋음,실외 활동하기 아주 좋은 날씨예요,해로움,적합,적합,적합,적합,5.096,-4.949,56.1,4.471,0.0,0.0,14.389,25.856,0.023,0.029,0.003,0.512
11170,용산구,2024-12-30,78.1,78.1,좋음,실외 활동에 좋은 날씨예요,주의,주의,주의,적합,주의,9.961,0.334,68.5,9.793,0.0,0.0,32.185,55.444,0.033,0.033,0.003,0.622
11170,용산구,2024-12-31,80.3,80.3,좋음,실외 활동에 좋은 날씨예요,해로움,적합,주의,적합,주의,5.154,-5.283,45.8,8.45,0.0,0.0,18.187,51.254,0.03,0.019,0.003,0.438
11170,용산구,2025-01-01,80.7,80.7,좋음,실외 활동에 좋은 날씨예요,해로움,주의,적합,적합,주의,8.5,-4.209,64.3,7.979,0.0,0.0,20.869,41.502,0.036,0.029,0.003,0.574
11170,용산구,2025-01-02,82.9,82.9,좋음,실외 활동에 좋은 날씨예요,해로움,적합,적합,적합,주의,5.857,-4.852,48.8,7.207,0.0,0.0,18.779,36.028,0.03,0.026,0.003,0.543
11170,용산구,2025-01-03,82.7,82.7,좋음,"실외 활동에 좋은 날씨예요 · 쌀쌀해요, 옷 챙기세요",해로움,적합,적합,적합,적합,2.671,-7.204,52.0,7.257,0.0,0.0,13.814,24.817,0.028,0.021,0.003,0.432
11170,용산구,2025-01-04,82.9,82.9,좋음,"실외 활동에 좋은 날씨예요 · 쌀쌀해요, 옷 챙기세요",해로움,적합,적합,적합,주의,5.029,-6.741,49.6,6.05,0.0,0.0,19.175,32.067,0.027,0.028,0.003,0.527
11170,용산구,2025-01-05,72.9,72.9,좋음,실외 활동에 좋은 날씨예요,해로움,해로움,적합,적합,주의,2.75,-2.691,85.0,5.204,3.704,0.0,25.074,34.413,0.017,0.03,0.002,0.571
11170,용산구,2025-01-06,70.7,70.7,좋음,실외 활동에 좋은 날씨예요 · 미세먼지 주의,해로움,주의,주의,적합,해로움,3.514,-5.49,75.6,8.925,2.125,0.0,41.981,55.298,0.031,0.024,0.003,0.633
11170,용산구,2025-01-07,80.7,80.7,좋음,"실외 활동에 좋은 날씨예요 · 쌀쌀해요, 옷 챙기세요",해로움,적합,주의,적합,주의,1.093,-8.614,53.5,8.9,0.004,0.0,13.716,28.014,0.03,0.017,0.003,0.404
11170,용산구,2025-01-08,79.3,79.3,좋음,"실외 활동에 좋은 날씨예요 · 쌀쌀해요, 옷 챙기세요",해로움,적합,주의,적합,주의,0.539,-10.212,55.1,9.846,0.0,0.0,16.171,28.846,0.028,0.022,0.003,0.462
11170,용산구,2025-01-09,55.0,73.8,주의,"⚠️ 한파, 한랭질환 주의 — 실외 활동에 주의하세요",위험,주의,주의,적합,주의,-6.422,-17.713,38.4,11.979,0.0,0.0,8.838,28.084,0.031,0.01,0.002,0.317
11170,용산구,2025-01-10,55.0,81.2,주의,"⚠️ 한파, 한랭질환 주의 — 실외 활동에 주의하세요",위험,적합,적합,적합,적합,-2.478,-14.26,48.0,5.232,0.0,0.0,13.41,24.856,0.026,0.025,0.003,0.436
11170,용산구,2025-01-11,81.4,81.4,좋음,"실외 활동에 좋은 날씨예요 · 쌀쌀해요, 옷 챙기세요",해로움,적합,적합,적합,주의,-0.496,-11.13,57.4,4.975,0.0,0.0,21.195,31.835,0.021,0.033,0.003,0.543
11170,용산구,2025-01-12,80.4,80.4,좋음,"실외 활동에 좋은 날씨예요 · 쌀쌀해요, 옷 챙기세요",해로움,적합,적합,적합,주의,2.011,-9.576,59.9,5.032,0.0,0.0,29.134,38.962,0.024,0.036,0.003,0.665
11170,용산구,2025-01-13,72.4,72.4,좋음,"실외 활동에 좋은 날씨예요 · 쌀쌀해요, 옷 챙기세요",해로움,주의,적합,적합,해로움,3.954,-7.478,76.9,6.514,0.332,0.0,40.103,54.733,0.016,0.042,0.003,0.782
11170,용산구,2025-01-14,74.8,74.8,좋음,실외 활동에 좋은 날씨예요 · 미세먼지 주의,해로움,주의,적합,적합,해로움,5.657,-3.444,72.0,7.796,0.307,0.0,42.226,59.319,0.03,0.032,0.003,0.69
11170,용산구,2025-01-15,79.6,79.6,좋음,"실외 활동에 좋은 날씨예요 · 쌀쌀해요, 옷 챙기세요",해로움,적합,주의,적합,주의,-0.85,-9.213,40.8,8.993,0.0,0.0,11.199,33.658,0.029,0.014,0.003,0.37
11170,용산구,2025-01-16,80.7,80.7,좋음,"실외 활동에 좋은 날씨예요 · 쌀쌀해요, 옷 챙기세요",해로움,주의,적합,적합,주의,3.011,-6.414,65.1,6.85,0.0,0.0,18.949,34.985,0.022,0.03,0.003,0.518
11170,용산구,2025-01-17,80.2,80.2,좋음,"실외 활동에 좋은 날씨예요 · 쌀쌀해요, 옷 챙기세요",해로움,주의,적합,적합,주의,5.182,-6.373,62.4,5.171,0.0,0.0,32.637,54.527,0.016,0.035,0.003,0.664
11170,용산구,2025-01-18,83.1,83.1,좋음,실외 활동에 좋은 날씨예요,해로움,적합,적합,적합,주의,6.618,-5.124,54.1,3.979,0.0,0.0,28.464,47.679,0.015,0.047,0.004,0.811
11170,용산구,2025-01-19,81.2,81.2,좋음,실외 활동에 좋은 날씨예요,해로움,주의,적합,적합,주의,8.436,-2.9,65.0,4.818,0.0,0.0,32.304,47.007,0.028,0.042,0.003,0.752
11170,용산구,2025-01-20,75.6,75.6,좋음,실외 활동에 좋은 날씨예요 · 미세먼지 주의,해로움,주의,적합,적합,해로움,6.807,-0.4,73.1,4.461,0.0,0.0,72.123,93.195,0.029,0.044,0.003,0.883
11170,용산구,2025-01-21,55.0,71.0,주의,"⚠️ 미세먼지 매우 나쁨, 마스크 착용 — 실외 활동에 주의하세요",해로움,주의,적합,적합,위험,6.025,-2.276,79.8,4.443,0.0,0.0,92.098,114.774,0.013,0.054,0.003,1.075
11170,용산구,2025-01-22,76.0,76.0,좋음,실외 활동에 좋은 날씨예요 · 미세먼지 주의,해로움,주의,적합,적합,해로움,7.336,-1.247,70.3,5.564,0.0,0.0,64.175,84.737,0.027,0.043,0.004,0.806
11170,용산구,2025-01-23,81.7,81.7,좋음,실외 활동에 좋은 날씨예요,해로움,적합,적합,적합,해로움,7.368,-3.616,54.3,5.3,0.0,0.0,35.901,53.007,0.025,0.041,0.003,0.727
11170,용산구,2025-01-24,83.3,83.3,좋음,실외 활동에 좋은 날씨예요,해로움,적합,적합,적합,주의,9.479,-4.045,45.9,4.618,0.0,0.0,28.443,47.676,0.022,0.042,0.003,0.715
11170,용산구,2025-01-25,84.4,84.4,좋음,실외 활동에 좋은 날씨예요,해로움,적합,적합,적합,주의,10.346,-2.159,52.8,7.514,0.0,0.0,12.047,21.582,0.034,0.025,0.003,0.477
11170,용산구,2025-01-26,85.6,85.6,아주좋음,실외 활동하기 아주 좋은 날씨예요,해로움,적합,적합,적합,주의,7.029,-0.293,50.5,7.218,0.0,0.0,6.198,12.803,0.035,0.017,0.003,0.338
11170,용산구,2025-01-27,70.0,70.0,좋음,"실외 활동에 좋은 날씨예요 · 쌀쌀해요, 옷 챙기세요",해로움,주의,주의,적합,주의,4.646,-6.497,77.9,10.886,3.843,0.0,16.674,45.575,0.033,0.012,0.002,0.351
11170,용산구,2025-01-28,74.4,74.4,좋음,"실외 활동에 좋은 날씨예요 · 쌀쌀해요, 옷 챙기세요",해로움,주의,주의,적합,주의,-2.514,-9.564,71.3,10.329,0.271,0.0,20.324,31.938,0.035,0.01,0.002,0.408
11170,용산구,2025-01-29,77.0,77.0,좋음,"실외 활동에 좋은 날씨예요 · 쌀쌀해요, 옷 챙기세요",해로움,주의,주의,적합,주의,-1.554,-10.259,66.1,9.054,0.007,0.0,19.444,28.481,0.036,0.01,0.002,0.351
11170,용산구,2025-01-30,83.3,83.3,좋음,"실외 활동에 좋은 날씨예요 · 쌀쌀해요, 옷 챙기세요",해로움,적합,적합,적합,주의,-0.9,-8.588,46.6,5.257,0.0,0.0,12.85,21.468,0.035,0.019,0.003,0.385
11170,용산구,2025-01-31,76.4,76.4,좋음,실외 활동에 좋은 날씨예요,해로움,해로움,적합,적합,주의,0.239,-4.204,80.1,4.293,1.336,0.0,24.183,34.199,0.017,0.037,0.002,0.577
11170,용산구,2025-02-01,77.7,77.7,좋음,실외 활동에 좋은 날씨예요,해로움,주의,적합,적합,해로움,6.933,-3.171,74.3,4.257,0.0,0.0,35.457,46.785,0.025,0.035,0.003,0.686
11170,용산구,2025-02-02,79.7,79.7,좋음,실외 활동에 좋은 날씨예요,해로움,주의,적합,적합,주의,6.825,-4.278,67.1,5.921,0.0,0.0,28.96,41.832,0.033,0.027,0.003,0.628
11170,용산구,2025-02-03,55.0,76.2,주의,"⚠️ 한파, 한랭질환 주의 — 실외 활동에 주의하세요",위험,적합,주의,적합,주의,0.786,-13.458,48.8,11.875,0.0,0.0,17.633,30.63,0.038,0.012,0.003,0.413
11170,용산구,2025-02-04,55.0,76.4,주의,"⚠️ 한파, 한랭질환 주의 — 실외 활동에 주의하세요",위험,적합,주의,적합,주의,-5.618,-16.937,50.8,9.907,0.0,0.0,10.322,21.287,0.036,0.011,0.002,0.347
11170,용산구,2025-02-05,55.0,76.4,주의,"⚠️ 한파, 한랭질환 주의 — 실외 활동에 주의하세요",위험,적합,주의,적합,주의,-3.732,-16.657,49.1,10.196,0.0,0.0,8.982,19.207,0.035,0.013,0.003,0.366
11170,용산구,2025-02-06,55.0,78.3,주의,"⚠️ 한파, 한랭질환 주의 — 실외 활동에 주의하세요",위험,적합,주의,적합,주의,-0.629,-13.881,59.9,8.036,1.136,0.0,12.466,23.888,0.032,0.025,0.003,0.461
11170,용산구,2025-02-07,55.0,73.9,주의,"⚠️ 한파, 한랭질환 주의 — 실외 활동에 주의하세요",위험,주의,주의,적합,주의,-4.504,-16.613,60.1,13.118,0.139,0.0,12.843,31.982,0.036,0.015,0.003,0.375
11170,용산구,2025-02-08,55.0,78.4,주의,"⚠️ 한파, 한랭질환 주의 — 실외 활동에 주의하세요",위험,적합,적합,적합,주의,-3.674,-15.92,54.5,7.489,0.0,0.0,10.87,25.819,0.034,0.013,0.002,0.363
11170,용산구,2025-02-09,55.0,78.8,주의,"⚠️ 한파, 한랭질환 주의 — 실외 활동에 주의하세요",해로움,주의,적합,적합,주의,0.858,-12.432,63.8,7.067,0.0,0.0,14.425,26.016,0.035,0.021,0.003,0.47
11170,용산구,2025-02-10,80.5,80.5,좋음,"실외 활동에 좋은 날씨예요 · 쌀쌀해요, 옷 챙기세요",해로움,주의,적합,적합,주의,2.159,-9.45,61.0,7.279,0.0,0.0,18.222,27.16,0.03,0.031,0.003,0.557
11170,용산구,2025-02-11,80.8,80.8,좋음,"실외 활동에 좋은 날씨예요 · 쌀쌀해요, 옷 챙기세요",해로움,적합,적합,적합,주의,6.241,-6.998,59.8,5.039,0.0,0.0,32.724,45.327,0.027,0.044,0.003,0.724
11170,용산구,2025-02-12,72.6,72.6,좋음,실외 활동에 좋은 날씨예요,해로움,주의,주의,적합,주의,2.7,-4.757,75.8,10.425,0.982,0.0,29.196,40.98,0.031,0.037,0.003,0.591
11170,용산구,2025-02-13,80.3,80.3,좋음,"실외 활동에 좋은 날씨예요 · 쌀쌀해요, 옷 챙기세요",해로움,적합,주의,적합,주의,5.679,-8.534,53.1,9.029,0.0,0.0,10.329,29.312,0.034,0.025,0.003,0.426
11170,용산구,2025-02-14,78.9,78.9,좋음,실외 활동에 좋은 날씨예요,해로움,주의,적합,적합,주의,9.857,-2.73,67.4,6.368,0.0,0.0,34.32,65.72,0.033,0.041,0.003,0.696
11170,용산구,2025-02-15,76.5,76.5,좋음,실외 활동에 좋은 날씨예요 · 미세먼지 주의,해로움,주의,적합,적합,해로움,7.836,-1.097,76.5,4.95,0.0,0.0,43.592,65.388,0.036,0.038,0.003,0.679
11170,용산구,2025-02-16,72.7,72.7,좋음,실외 활동에 좋은 날씨예요 · 미세먼지 주의,해로움,주의,주의,적합,해로움,9.496,-2.285,75.6,9.179,0.0,0.0,48.269,68.793,0.048,0.028,0.003,0.641
11170,용산구,2025-02-17,79.1,79.1,좋음,"실외 활동에 좋은 날씨예요 · 쌀쌀해요, 옷 챙기세요",해로움,주의,주의,적합,주의,3.529,-7.142,39.1,9.811,0.0,0.0,9.41,35.894,0.042,0.014,0.003,0.338
11170,용산구,2025-02-18,79.0,79.0,좋음,"실외 활동에 좋은 날씨예요 · 쌀쌀해요, 옷 챙기세요",해로움,적합,주의,적합,주의,2.396,-8.848,40.3,10.829,0.0,0.0,9.971,26.462,0.037,0.014,0.003,0.352
11170,용산구,2025-02-19,80.2,80.2,좋음,"실외 활동에 좋은 날씨예요 · 쌀쌀해요, 옷 챙기세요",해로움,적합,주의,적합,주의,1.207,-9.344,44.8,8.775,0.0,0.0,11.225,25.901,0.036,0.015,0.003,0.38
11170,용산구,2025-02-20,79.8,79.8,좋음,"실외 활동에 좋은 날씨예요 · 쌀쌀해요, 옷 챙기세요",해로움,적합,주의,적합,주의,1.786,-10.129,43.3,8.729,0.0,0.0,12.773,27.297,0.037,0.017,0.003,0.417
11170,용산구,2025-02-21,79.5,79.5,좋음,"실외 활동에 좋은 날씨예요 · 쌀쌀해요, 옷 챙기세요",해로움,적합,주의,적합,주의,2.125,-10.211,45.3,9.143,0.0,0.0,15.628,30.371,0.038,0.018,0.003,0.421
11170,용산구,2025-02-22,80.5,80.5,좋음,"실외 활동에 좋은 날씨예요 · 쌀쌀해요, 옷 챙기세요",해로움,적합,주의,적합,주의,2.304,-8.901,49.1,8.196,0.0,0.0,17.75,31.697,0.039,0.015,0.003,0.391
11170,용산구,2025-02-23,78.8,78.8,좋음,"실외 활동에 좋은 날씨예요 · 쌀쌀해요, 옷 챙기세요",해로움,적합,주의,적합,주의,0.319,-10.729,45.4,9.411,0.0,0.0,15.867,32.011,0.041,0.012,0.003,0.37
11170,용산구,2025-02-24,80.9,80.9,좋음,"실외 활동에 좋은 날씨예요 · 쌀쌀해요, 옷 챙기세요",해로움,적합,적합,적합,주의,4.196,-9.179,49.8,7.536,0.0,0.0,15.722,31.152,0.038,0.023,0.003,0.451
11170,용산구,2025-02-25,76.6,76.6,좋음,"실외 활동에 좋은 날씨예요 · 쌀쌀해요, 옷 챙기세요",해로움,주의,주의,적합,주의,5.881,-6.197,72.6,9.018,0.0,0.0,17.145,31.789,0.04,0.03,0.003,0.496
11170,용산구,2025-02-26,80.6,80.6,좋음,실외 활동에 좋은 날씨예요,해로움,적합,주의,적합,주의,8.868,-1.992,49.4,8.475,0.0,0.0,32.061,65.792,0.04,0.026,0.003,0.495
11170,용산구,2025-02-27,79.0,79.0,좋음,실외 활동에 좋은 날씨예요,해로움,주의,적합,적합,주의,13.764,-2.861,29.4,6.057,0.0,0.0,15.131,41.252,0.036,0.043,0.004,0.605
11170,용산구,2025-02-28,85.8,85.8,아주좋음,실외 활동하기 아주 좋은 날씨예요,주의,적합,적합,적합,주의,13.036,2.014,52.4,4.743,0.0,0.0,32.173,51.788,0.033,0.053,0.004,0.799
11170,용산구,2025-03-01,81.6,81.6,좋음,실외 활동에 좋은 날씨예요 · 미세먼지 주의,주의,주의,적합,적합,해로움,13.018,1.62,68.5,6.168,0.111,0.0,49.465,65.035,0.026,0.044,0.003,0.758
11170,용산구,2025-03-02,71.6,71.6,좋음,"실외 활동에 좋은 날씨예요 · 비 소식, 우산 챙기세요",해로움,주의,주의,주의,주의,15.407,-0.36,68.0,11.839,11.136,0.0,29.73,42.981,0.045,0.024,0.003,0.527
11170,용산구,2025-03-03,74.1,74.1,좋음,"실외 활동에 좋은 날씨예요 · 비 소식, 우산 챙기세요",해로움,주의,주의,적합,주의,6.546,-3.042,63.5,12.189,8.193,0.0,4.998,12.592,0.043,0.01,0.002,0.275
11170,용산구,2025-03-04,77.5,77.5,좋음,실외 활동에 좋은 날씨예요,해로움,주의,주의,적합,주의,3.582,-3.031,68.3,10.261,2.625,0.0,3.849,10.014,0.044,0.014,0.002,0.312
11170,용산구,2025-03-05,85.8,85.8,아주좋음,실외 활동하기 아주 좋은 날씨예요,주의,주의,적합,적합,주의,8.711,0.453,63.3,6.307,0.0,0.0,4.173,8.987,0.037,0.02,0.002,0.359
11170,용산구,2025-03-06,83.2,83.2,좋음,실외 활동에 좋은 날씨예요,해로움,적합,적합,적합,주의,10.146,-1.728,55.1,7.339,0.0,0.0,27.679,46.209,0.045,0.024,0.003,0.553
11170,용산구,2025-03-07,82.4,82.4,좋음,실외 활동에 좋은 날씨예요 · 미세먼지 주의,해로움,적합,적합,적합,해로움,10.726,-1.298,49.3,5.846,0.0,0.0,48.263,71.389,0.049,0.036,0.004,0.662
11170,용산구,2025-03-08,84.0,84.0,좋음,실외 활동에 좋은 날씨예요 · 미세먼지 주의,주의,적합,적합,적합,해로움,10.796,1.219,55.0,7.375,0.0,0.0,38.804,55.204,0.049,0.028,0.003,0.527
11170,용산구,2025-03-09,81.7,81.7,좋음,실외 활동에 좋은 날씨예요 · 미세먼지 주의,해로움,주의,적합,적합,해로움,13.104,-0.082,67.3,5.561,0.0,0.0,39.931,55.012,0.049,0.027,0.003,0.55
11170,용산구,2025-03-10,82.1,82.1,좋음,실외 활동에 좋은 날씨예요 · 미세먼지 주의,주의,적합,적합,적합,해로움,14.515,0.727,59.8,7.707,0.0,0.0,55.59,72.217,0.056,0.034,0.003,0.637
11170,용산구,2025-03-11,84.7,84.7,좋음,실외 활동에 좋은 날씨예요 · 미세먼지 주의,주의,적합,적합,적합,해로움,15.946,1.534,58.0,6.082,0.0,0.0,44.243,59.549,0.049,0.036,0.003,0.587
11170,용산구,2025-03-12,84.4,84.4,좋음,실외 활동에 좋은 날씨예요,주의,주의,적합,적합,주의,12.275,4.864,72.3,7.061,0.0,0.0,30.613,47.72,0.04,0.033,0.003,0.501
11170,용산구,2025-03-13,83.8,83.8,좋음,실외 활동에 좋은 날씨예요,주의,적합,적합,적합,해로움,15.354,1.441,54.6,7.268,0.0,0.0,28.643,80.151,0.038,0.027,0.003,0.498
11170,용산구,2025-03-14,84.8,84.8,좋음,실외 활동에 좋은 날씨예요,주의,주의,적합,적합,주의,19.221,3.862,31.4,5.946,0.0,0.0,20.573,59.581,0.046,0.031,0.003,0.526
11170,용산구,2025-03-15,91.0,91.0,아주좋음,실외 활동하기 아주 좋은 날씨예요,주의,주의,주의,적합,주의,16.514,8.303,39.1,9.196,0.0,0.0,11.851,34.651,0.048,0.015,0.003,0.324
11170,용산구,2025-03-16,81.4,81.4,좋음,실외 활동에 좋은 날씨예요,해로움,적합,주의,적합,주의,9.725,-1.569,56.3,11.043,1.064,0.0,19.345,36.566,0.047,0.01,0.002,0.341
11170,용산구,2025-03-17,81.9,81.9,좋음,실외 활동에 좋은 날씨예요,해로움,적합,주의,적합,주의,6.782,-3.721,46.0,8.836,0.246,0.0,20.499,36.839,0.046,0.015,0.003,0.37
11170,용산구,2025-03-18,74.1,74.1,좋음,"실외 활동에 좋은 날씨예요 · 비 소식, 우산 챙기세요",해로움,주의,주의,적합,주의,5.822,-3.043,70.6,9.579,6.425,0.0,22.12,30.748,0.047,0.016,0.002,0.387
11170,용산구,2025-03-19,80.7,80.7,좋음,실외 활동에 좋은 날씨예요,해로움,적합,주의,적합,주의,7.015,-4.315,49.5,8.221,0.0,0.0,31.588,44.892,0.05,0.021,0.003,0.431
11170,용산구,2025-03-20,80.7,80.7,좋음,실외 활동에 좋은 날씨예요 · 미세먼지 주의,해로움,주의,주의,적합,해로움,15.089,-0.66,62.8,9.2,0.0,0.0,36.589,57.736,0.061,0.024,0.003,0.489
11170,용산구,2025-03-21,86.6,86.6,아주좋음,실외 활동하기 아주 좋은 날씨예요 · 미세먼지 주의,주의,주의,적합,적합,해로움,18.8,5.713,61.3,7.986,0.0,0.0,48.028,82.876,0.063,0.025,0.003,0.532
11170,용산구,2025-03-22,86.0,86.0,아주좋음,실외 활동하기 아주 좋은 날씨예요 · 미세먼지 주의,주의,적합,주의,적합,해로움,20.179,5.371,53.8,9.246,0.0,0.0,47.683,80.762,0.063,0.027,0.004,0.584
11170,용산구,2025-03-23,87.9,87.9,아주좋음,실외 활동하기 아주 좋은 날씨예요 · 미세먼지 주의,주의,적합,적합,적합,해로움,23.836,6.084,49.0,6.943,0.0,0.0,47.803,85.925,0.073,0.025,0.004,0.591
11170,용산구,2025-03-24,89.4,89.4,아주좋음,실외 활동하기 아주 좋은 날씨예요 · 미세먼지 주의,적합,적합,주의,적합,해로움,21.075,10.601,56.1,8.854,0.0,0.0,48.278,93.532,0.066,0.024,0.004,0.559
11170,용산구,2025-03-25,79.6,79.6,좋음,실외 활동에 좋은 날씨예요 · 미세먼지 주의,주의,주의,해로움,적합,위험,21.632,6.394,63.5,15.521,0.0,0.0,58.334,146.3,0.061,0.019,0.003,0.543
11170,용산구,2025-03-26,84.7,84.7,좋음,실외 활동에 좋은 날씨예요 · 미세먼지 주의,주의,적합,적합,적합,위험,24.111,4.815,46.4,6.539,0.0,0.0,20.368,110.163,0.047,0.034,0.003,0.556
11170,용산구,2025-03-27,85.9,85.9,아주좋음,실외 활동하기 아주 좋은 날씨예요,주의,주의,주의,적합,주의,18.879,5.74,65.1,9.657,0.189,0.0,23.079,61.453,0.052,0.018,0.003,0.421
11170,용산구,2025-03-28,83.8,83.8,좋음,실외 활동에 좋은 날씨예요,주의,적합,주의,적합,주의,12.17,0.751,41.6,10.746,0.0,0.0,18.903,41.67,0.044,0.012,0.003,0.364
11170,용산구,2025-03-29,80.1,80.1,좋음,실외 활동에 좋은 날씨예요,해로움,적합,주의,적합,주의,7.354,-3.054,40.8,13.154,0.179,0.0,9.396,24.774,0.044,0.013,0.003,0.321
11170,용산구,2025-03-30,81.4,81.4,좋음,실외 활동에 좋은 날씨예요,해로움,적합,주의,적합,주의,7.836,-4.182,51.1,9.964,0.107,0.0,9.143,24.223,0.046,0.012,0.002,0.318
11170,용산구,2025-03-31,85.3,85.3,아주좋음,실외 활동하기 아주 좋은 날씨예요,해로움,적합,적합,적합,주의,13.857,-0.0,50.5,7.096,0.0,0.0,17.036,35.542,0.05,0.024,0.003,0.42
11170,용산구,2025-04-01,86.1,86.1,아주좋음,실외 활동하기 아주 좋은 날씨예요,주의,적합,적합,적합,주의,16.761,2.814,53.0,7.032,0.0,0.0,34.146,62.055,0.066,0.03,0.003,0.502
11170,용산구,2025-04-02,85.7,85.7,아주좋음,실외 활동하기 아주 좋은 날씨예요,주의,적합,주의,적합,주의,14.607,3.382,55.4,9.125,0.0,0.0,31.16,52.355,0.058,0.033,0.003,0.5
11170,용산구,2025-04-03,86.4,86.4,아주좋음,실외 활동하기 아주 좋은 날씨예요,주의,적합,적합,적합,주의,16.507,2.615,58.6,7.571,0.0,0.0,27.185,41.152,0.054,0.024,0.003,0.414
11170,용산구,2025-04-04,87.4,87.4,아주좋음,실외 활동하기 아주 좋은 날씨예요,주의,적합,주의,적합,주의,16.407,4.498,54.5,8.093,0.0,0.0,30.639,45.293,0.061,0.027,0.003,0.441
11170,용산구,2025-04-05,73.5,73.5,좋음,"실외 활동에 좋은 날씨예요 · 비 소식, 우산 챙기세요",주의,해로움,적합,주의,주의,9.586,6.451,86.1,5.286,20.243,0.154,18.677,27.81,0.044,0.022,0.002,0.457
11170,용산구,2025-04-06,86.8,86.8,아주좋음,실외 활동하기 아주 좋은 날씨예요,주의,주의,주의,적합,주의,16.011,5.288,67.3,8.322,0.018,0.0,17.89,33.563,0.053,0.015,0.003,0.387
11170,용산구,2025-04-07,85.7,85.7,아주좋음,실외 활동하기 아주 좋은 날씨예요,주의,적합,주의,적합,주의,20.459,3.596,54.5,9.641,0.0,0.0,27.318,56.071,0.072,0.023,0.003,0.474
11170,용산구,2025-04-08,89.8,89.8,아주좋음,실외 활동하기 아주 좋은 날씨예요,적합,적합,주의,적합,주의,18.667,9.37,55.0,9.478,0.0,0.0,28.71,67.222,0.074,0.02,0.003,0.436
11170,용산구,2025-04-09,90.7,90.7,아주좋음,실외 활동하기 아주 좋은 날씨예요,주의,적합,적합,적합,주의,18.256,7.569,51.6,7.863,0.252,0.03,24.935,48.94,0.051,0.032,0.003,0.506
11170,용산구,2025-04-10,90.4,90.4,아주좋음,실외 활동하기 아주 좋은 날씨예요,주의,주의,적합,적합,주의,19.03,7.831,60.6,7.5,0.143,0.0,30.543,48.596,0.06,0.024,0.003,0.494
11170,용산구,2025-04-11,90.2,90.2,아주좋음,실외 활동하기 아주 좋은 날씨예요 · 미세먼지 주의,주의,적합,적합,적합,해로움,24.211,7.137,51.8,6.343,0.0,0.0,37.079,57.874,0.06,0.034,0.003,0.587
11170,용산구,2025-04-12,70.3,70.3,좋음,"실외 활동에 좋은 날씨예요 · 비 소식, 우산 챙기세요",해로움,주의,주의,주의,주의,22.675,-0.584,66.5,11.914,16.782,0.15,22.128,38.323,0.055,0.024,0.003,0.474
11170,용산구,2025-04-13,72.3,72.3,좋음,실외 활동에 좋은 날씨예요 · 바람 강함,해로움,주의,해로움,적합,주의,8.859,-1.932,71.1,14.839,3.454,0.096,8.878,45.424,0.043,0.009,0.002,0.297
11170,용산구,2025-04-14,70.1,70.1,좋음,"실외 활동에 좋은 날씨예요 · 비 소식, 우산 챙기세요",주의,해로움,주의,적합,주의,6.389,0.108,87.4,9.321,7.836,0.139,9.012,17.239,0.041,0.018,0.002,0.379
11170,용산구,2025-04-15,81.0,81.0,좋음,실외 활동에 좋은 날씨예요,주의,주의,주의,적합,주의,14.211,0.227,70.3,9.285,0.0,0.0,14.667,25.283,0.048,0.02,0.002,0.438
11170,용산구,2025-04-16,87.3,87.3,아주좋음,실외 활동하기 아주 좋은 날씨예요,주의,적합,주의,적합,주의,22.511,4.619,58.0,8.839,0.0,0.0,23.73,42.599,0.072,0.024,0.003,0.468
11170,용산구,2025-04-17,90.2,90.2,아주좋음,실외 활동하기 아주 좋은 날씨예요,적합,주의,주의,적합,주의,25.019,14.852,63.5,8.132,0.0,0.0,24.081,62.753,0.067,0.021,0.003,0.429
11170,용산구,2025-04-18,89.1,89.1,아주좋음,실외 활동하기 아주 좋은 날씨예요,적합,주의,적합,적합,주의,23.807,14.841,67.9,7.075,0.0,0.0,32.492,72.977,0.068,0.024,0.003,0.482
11170,용산구,2025-04-19,75.4,75.4,좋음,"실외 활동에 좋은 날씨예요 · 비 소식, 우산 챙기세요",적합,해로움,주의,적합,주의,20.957,11.918,89.1,13.236,7.061,0.129,19.321,40.159,0.049,0.016,0.002,0.394
11170,용산구,2025-04-20,90.9,90.9,아주좋음,실외 활동하기 아주 좋은 날씨예요,적합,주의,적합,적합,주의,24.604,9.822,70.0,5.161,0.0,0.0,13.763,23.485,0.059,0.015,0.002,0.449
11170,용산구,2025-04-21,89.9,89.9,아주좋음,실외 활동하기 아주 좋은 날씨예요,주의,주의,적합,적합,주의,26.869,13.675,65.3,6.914,0.0,0.0,13.989,28.017,0.057,0.022,0.003,0.449
11170,용산구,2025-04-22,70.8,70.8,좋음,"실외 활동에 좋은 날씨예요 · 비 많음, 우산 필수",적합,해로움,적합,주의,주의,19.85,14.411,87.8,6.446,31.868,0.3,10.512,18.97,0.04,0.02,0.002,0.449
11170,용산구,2025-04-23,92.3,92.3,아주좋음,실외 활동하기 아주 좋은 날씨예요,적합,주의,적합,적합,주의,23.236,10.965,62.4,6.921,0.0,0.0,6.533,17.171,0.06,0.018,0.002,0.388
11170,용산구,2025-04-24,90.7,90.7,아주좋음,실외 활동하기 아주 좋은 날씨예요,적합,적합,주의,적합,주의,19.839,9.95,52.4,9.736,0.0,0.0,26.712,47.929,0.06,0.019,0.003,0.409
11170,용산구,2025-04-25,87.9,87.9,아주좋음,실외 활동하기 아주 좋은 날씨예요,주의,주의,주의,적합,주의,17.957,6.942,38.4,10.857,0.0,0.0,23.609,52.836,0.049,0.015,0.003,0.343
11170,용산구,2025-04-26,89.2,89.2,아주좋음,실외 활동하기 아주 좋은 날씨예요,주의,적합,주의,적합,주의,20.007,5.854,53.1,8.636,0.0,0.0,13.48,37.605,0.055,0.019,0.003,0.354
11170,용산구,2025-04-27,91.6,91.6,아주좋음,실외 활동하기 아주 좋은 날씨예요,적합,적합,주의,적합,주의,19.643,10.406,46.4,9.164,0.0,0.0,9.324,27.372,0.057,0.015,0.003,0.339
11170,용산구,2025-04-28,90.7,90.7,아주좋음,실외 활동하기 아주 좋은 날씨예요,적합,적합,주의,적합,주의,20.693,9.327,45.6,10.143,0.0,0.0,14.899,37.769,0.056,0.016,0.003,0.33
11170,용산구,2025-04-29,88.5,88.5,아주좋음,실외 활동하기 아주 좋은 날씨예요,주의,주의,적합,적합,주의,21.268,7.06,34.1,7.404,0.0,0.0,23.761,40.973,0.06,0.022,0.003,0.397
11170,용산구,2025-04-30,88.6,88.6,아주좋음,실외 활동하기 아주 좋은 날씨예요,주의,주의,주의,적합,주의,26.182,9.621,36.3,9.525,0.0,0.0,20.318,43.649,0.067,0.025,0.003,0.433
11170,용산구,2025-05-01,79.7,79.7,좋음,"실외 활동에 좋은 날씨예요 · 비 소식, 우산 챙기세요",적합,주의,적합,주의,주의,18.039,10.719,69.6,7.65,19.379,0.321,17.026,34.554,0.052,0.018,0.003,0.392
11170,용산구,2025-05-02,90.5,90.5,아주좋음,실외 활동하기 아주 좋은 날씨예요,주의,적합,주의,적합,주의,18.689,7.383,59.3,9.621,0.0,0.0,11.322,24.965,0.051,0.014,0.003,0.336
11170,용산구,2025-05-03,80.7,80.7,좋음,"실외 활동에 좋은 날씨예요 · 비 소식, 우산 챙기세요",주의,해로움,적합,적합,주의,13.875,8.1,80.5,7.361,7.511,0.079,9.758,18.563,0.048,0.015,0.002,0.34
11170,용산구,2025-05-04,86.9,86.9,아주좋음,실외 활동하기 아주 좋은 날씨예요,주의,주의,주의,적합,주의,20.336,6.468,60.9,12.614,0.0,0.0,12.372,34.327,0.066,0.014,0.003,0.373
11170,용산구,2025-05-05,90.6,90.6,아주좋음,실외 활동하기 아주 좋은 날씨예요,주의,주의,적합,적합,주의,15.136,8.422,64.5,7.311,0.0,0.0,13.809,28.661,0.058,0.017,0.003,0.39
11170,용산구,2025-05-06,92.1,92.1,아주좋음,실외 활동하기 아주 좋은 날씨예요,주의,적합,적합,적합,주의,19.511,7.525,57.5,6.754,0.0,0.0,9.284,21.855,0.053,0.015,0.002,0.347
11170,용산구,2025-05-07,92.1,92.1,아주좋음,실외 활동하기 아주 좋은 날씨예요,적합,주의,적합,적합,주의,21.157,9.118,61.5,7.189,0.0,0.0,15.346,32.837,0.055,0.021,0.003,0.391
11170,용산구,2025-05-08,91.6,91.6,아주좋음,실외 활동하기 아주 좋은 날씨예요,적합,적합,적합,적합,주의,25.139,9.134,53.5,7.061,0.0,0.0,21.138,57.447,0.068,0.023,0.003,0.404
11170,용산구,2025-05-09,76.3,76.3,좋음,"실외 활동에 좋은 날씨예요 · 비 소식, 우산 챙기세요",적합,해로움,주의,주의,주의,17.411,13.521,81.8,8.393,14.932,0.129,16.467,48.775,0.055,0.022,0.002,0.406
11170,용산구,2025-05-10,73.7,73.7,좋음,"실외 활동에 좋은 날씨예요 · 비 소식, 우산 챙기세요",적합,위험,주의,주의,주의,15.307,11.254,95.5,8.975,11.843,0.096,13.334,23.155,0.043,0.013,0.002,0.44
11170,용산구,2025-05-11,86.8,86.8,아주좋음,실외 활동하기 아주 좋은 날씨예요,적합,주의,적합,적합,주의,20.936,10.814,76.9,6.771,0.0,0.0,31.307,53.876,0.066,0.014,0.003,0.504
11170,용산구,2025-05-12,90.6,90.6,아주좋음,실외 활동하기 아주 좋은 날씨예요,적합,주의,적합,적합,주의,23.921,9.599,62.6,7.318,0.0,0.0,31.412,49.094,0.075,0.023,0.003,0.472
11170,용산구,2025-05-13,89.1,89.1,아주좋음,실외 활동하기 아주 좋은 날씨예요,주의,적합,주의,적합,주의,26.618,13.254,47.4,10.004,0.0,0.0,25.886,43.313,0.079,0.026,0.003,0.47
11170,용산구,2025-05-14,90.0,90.0,아주좋음,실외 활동하기 아주 좋은 날씨예요,주의,적합,적합,적합,주의,26.8,13.275,52.8,7.604,0.0,0.0,25.104,41.52,0.082,0.025,0.003,0.471
11170,용산구,2025-05-15,86.0,86.0,아주좋음,실외 활동하기 아주 좋은 날씨예요,적합,해로움,적합,적합,주의,22.696,16.104,80.9,6.314,1.307,0.014,21.118,31.652,0.054,0.017,0.002,0.417
11170,용산구,2025-05-16,61.7,61.7,무난,"실외 활동하기 무난해요 — 비 많음, 우산 필수",적합,해로움,적합,해로움,주의,22.439,17.289,92.6,7.929,51.582,0.507,20.994,34.391,0.038,0.022,0.003,0.463
11170,용산구,2025-05-17,81.6,81.6,좋음,실외 활동에 좋은 날씨예요,적합,해로움,주의,적합,주의,25.079,14.371,86.4,9.125,3.061,0.079,8.827,20.092,0.045,0.014,0.002,0.34
11170,용산구,2025-05-18,92.8,92.8,아주좋음,실외 활동하기 아주 좋은 날씨예요,적합,적합,적합,적합,주의,21.629,11.049,59.3,7.675,0.0,0.0,15.195,34.028,0.053,0.01,0.002,0.338
11170,용산구,2025-05-19,88.2,88.2,아주좋음,실외 활동하기 아주 좋은 날씨예요,적합,주의,주의,적합,주의,21.093,9.884,70.4,8.114,1.146,0.029,19.208,37.989,0.051,0.019,0.003,0.414
11170,용산구,2025-05-20,80.4,80.4,좋음,실외 활동에 좋은 날씨예요,주의,해로움,주의,적합,주의,27.905,17.536,85.5,8.132,0.839,0.025,9.136,20.235,0.051,0.015,0.002,0.359
11170,용산구,2025-05-21,77.8,77.8,좋음,실외 활동에 좋은 날씨예요,주의,해로움,적합,적합,주의,31.087,21.539,75.5,6.411,0.0,0.0,9.936,19.216,0.056,0.015,0.003,0.349
11170,용산구,2025-05-22,84.2,84.2,좋음,실외 활동에 좋은 날씨예요,주의,주의,적합,적합,주의,28.827,18.893,68.0,6.561,0.457,0.025,13.427,26.836,0.057,0.015,0.002,0.369
11170,용산구,2025-05-23,91.8,91.8,아주좋음,실외 활동하기 아주 좋은 날씨예요,적합,적합,적합,적합,주의,21.829,14.664,53.8,7.182,2.311,0.029,19.52,30.655,0.047,0.015,0.002,0.355
11170,용산구,2025-05-24,87.8,87.8,아주좋음,실외 활동하기 아주 좋은 날씨예요,적합,주의,적합,적합,주의,18.414,12.589,69.1,7.479,4.1,0.086,13.492,20.555,0.041,0.01,0.002,0.301
11170,용산구,2025-05-25,92.5,92.5,아주좋음,실외 활동하기 아주 좋은 날씨예요,적합,주의,적합,적합,주의,22.864,10.843,61.0,7.436,0.0,0.0,11.737,19.99,0.057,0.012,0.003,0.328
11170,용산구,2025-05-26,91.9,91.9,아주좋음,실외 활동하기 아주 좋은 날씨예요,주의,적합,적합,적합,주의,26.375,12.537,59.4,5.775,0.0,0.0,25.112,39.801,0.08,0.021,0.003,0.447
11170,용산구,2025-05-27,89.5,89.5,아주좋음,실외 활동하기 아주 좋은 날씨예요 · 미세먼지 주의,주의,적합,적합,적합,해로움,27.099,14.018,57.0,5.971,0.0,0.0,37.04,55.038,0.101,0.022,0.004,0.507
11170,용산구,2025-05-28,88.5,88.5,아주좋음,실외 활동하기 아주 좋은 날씨예요 · 미세먼지 주의,주의,주의,적합,적합,해로움,27.139,15.543,62.0,6.85,0.0,0.0,38.765,55.259,0.09,0.021,0.004,0.49
11170,용산구,2025-05-29,88.9,88.9,아주좋음,실외 활동하기 아주 좋은 날씨예요,주의,적합,적합,적합,주의,27.512,15.079,58.4,7.014,0.482,0.0,26.25,39.538,0.08,0.019,0.003,0.423
11170,용산구,2025-05-30,88.8,88.8,아주좋음,실외 활동하기 아주 좋은 날씨예요,주의,주의,적합,적합,주의,28.283,15.75,55.0,5.504,0.0,0.0,25.773,40.407,0.069,0.023,0.003,0.436
11170,용산구,2025-05-31,90.3,90.3,아주좋음,실외 활동하기 아주 좋은 날씨예요,주의,적합,적합,적합,해로움,26.991,16.007,55.0,5.807,0.0,0.0,28.897,44.219,0.094,0.022,0.003,0.439
11170,용산구,2025-06-01,86.3,86.3,아주좋음,실외 활동하기 아주 좋은 날씨예요 · 미세먼지 주의,주의,주의,적합,적합,해로움,29.396,16.139,57.8,6.829,0.0,0.0,38.604,54.406,0.094,0.018,0.003,0.469
11170,용산구,2025-06-02,94.5,94.5,아주좋음,실외 활동하기 아주 좋은 날씨예요 · 미세먼지 주의,적합,주의,적합,적합,해로움,23.118,18.514,64.3,4.793,0.0,0.0,36.602,55.533,0.074,0.031,0.003,0.527
11170,용산구,2025-06-03,91.3,91.3,아주좋음,실외 활동하기 아주 좋은 날씨예요,적합,적합,주의,적합,주의,25.454,16.532,56.9,9.375,0.0,0.0,25.085,43.279,0.069,0.014,0.003,0.376
11170,용산구,2025-06-04,89.4,89.4,아주좋음,실외 활동하기 아주 좋은 날씨예요,적합,적합,주의,적합,주의,25.929,14.729,55.3,11.661,0.0,0.0,8.495,30.222,0.053,0.014,0.003,0.315
11170,용산구,2025-06-05,90.9,90.9,아주좋음,실외 활동하기 아주 좋은 날씨예요,주의,적합,적합,적합,주의,27.421,14.932,49.8,7.314,0.0,0.0,12.021,26.93,0.069,0.02,0.003,0.335
11170,용산구,2025-06-06,81.5,81.5,좋음,실외 활동에 좋은 날씨예요,주의,주의,주의,적합,주의,30.146,17.568,42.6,10.539,0.0,0.0,14.615,32.506,0.081,0.017,0.003,0.369
11170,용산구,2025-06-07,86.5,86.5,아주좋음,실외 활동하기 아주 좋은 날씨예요,주의,주의,적합,적합,주의,28.154,19.139,61.4,7.979,0.111,0.021,22.831,42.838,0.07,0.013,0.003,0.375
11170,용산구,2025-06-08,81.8,81.8,좋음,실외 활동에 좋은 날씨예요,주의,주의,적합,적합,주의,30.477,20.371,69.3,6.546,0.164,0.021,16.259,27.78,0.068,0.01,0.002,0.329
11170,용산구,2025-06-09,82.8,82.8,좋음,실외 활동에 좋은 날씨예요,주의,주의,적합,적합,주의,30.25,19.882,66.6,6.907,0.0,0.0,20.053,32.711,0.084,0.014,0.002,0.389
11170,용산구,2025-06-10,90.7,90.7,아주좋음,실외 활동하기 아주 좋은 날씨예요,적합,주의,적합,적합,주의,25.386,18.232,71.6,7.404,0.0,0.0,11.111,20.291,0.05,0.015,0.002,0.356
11170,용산구,2025-06-11,87.4,87.4,아주좋음,실외 활동하기 아주 좋은 날씨예요,주의,주의,주의,적합,주의,28.612,15.657,54.6,8.0,0.0,0.0,13.228,27.11,0.063,0.018,0.003,0.371
11170,용산구,2025-06-12,78.7,78.7,좋음,실외 활동에 좋은 날씨예요,주의,주의,적합,적합,해로움,32.679,17.193,50.4,6.621,0.0,0.0,20.225,35.844,0.096,0.021,0.003,0.435
11170,용산구,2025-06-13,84.6,84.6,좋음,실외 활동에 좋은 날씨예요,주의,주의,적합,적합,해로움,28.946,18.921,60.9,6.657,1.482,0.054,27.382,43.608,0.094,0.027,0.004,0.473
11170,용산구,2025-06-14,78.2,78.2,좋음,실외 활동에 좋은 날씨예요,주의,주의,적합,적합,주의,32.624,19.654,66.3,6.446,0.0,0.0,15.377,25.652,0.071,0.014,0.003,0.346
11170,용산구,2025-06-15,68.1,68.1,무난,"실외 활동하기 무난해요 — 비 소식, 우산 챙기세요",주의,해로움,주의,적합,주의,32.987,20.889,69.6,9.175,9.171,0.282,14.803,24.383,0.061,0.011,0.003,0.335
11170,용산구,2025-06-16,73.5,73.5,좋음,"실외 활동에 좋은 날씨예요 · 비 소식, 우산 챙기세요",적합,해로움,주의,주의,주의,25.864,21.371,87.8,9.354,17.607,0.468,18.717,33.896,0.063,0.013,0.002,0.406
11170,용산구,2025-06-17,83.4,83.4,좋음,실외 활동에 좋은 날씨예요,주의,주의,적합,적합,주의,29.572,20.607,73.3,6.321,0.0,0.0,22.559,44.968,0.088,0.015,0.003,0.394
11170,용산구,2025-06-18,80.6,80.6,좋음,실외 활동에 좋은 날씨예요,주의,주의,적합,적합,해로움,31.157,20.575,65.3,5.996,0.0,0.0,25.49,44.527,0.099,0.02,0.003,0.444
11170,용산구,2025-06-19,72.7,72.7,좋음,실외 활동에 좋은 날씨예요 · 더위 주의,해로움,해로움,적합,적합,주의,34.252,20.539,57.9,7.493,0.368,0.029,18.411,32.415,0.082,0.022,0.003,0.416
11170,용산구,2025-06-20,52.7,52.7,주의,"가벼운 실외 활동은 괜찮아요 — 비 많음, 우산 필수",주의,해로움,주의,해로움,주의,28.414,21.911,93.4,13.061,54.557,0.286,3.785,9.458,0.038,0.009,0.002,0.25
11170,용산구,2025-06-21,86.9,86.9,아주좋음,실외 활동하기 아주 좋은 날씨예요,적합,해로움,적합,적합,주의,24.511,20.036,88.1,7.25,0.221,0.018,13.263,22.041,0.034,0.014,0.002,0.346
11170,용산구,2025-06-22,85.9,85.9,아주좋음,실외 활동하기 아주 좋은 날씨예요,주의,주의,적합,적합,주의,28.977,17.386,68.6,6.975,0.0,0.0,17.135,30.458,0.083,0.012,0.003,0.386
11170,용산구,2025-06-23,78.6,78.6,좋음,실외 활동에 좋은 날씨예요,주의,주의,적합,적합,해로움,32.612,18.486,64.8,5.289,0.0,0.0,21.676,36.217,0.092,0.019,0.003,0.44
11170,용산구,2025-06-24,84.6,84.6,좋음,실외 활동에 좋은 날씨예요,주의,주의,적합,적합,주의,28.241,20.011,63.4,7.136,2.136,0.075,12.235,23.543,0.05,0.018,0.003,0.378
11170,용산구,2025-06-25,82.0,82.0,좋음,"실외 활동에 좋은 날씨예요 · 비 소식, 우산 챙기세요",적합,해로움,적합,적합,주의,21.957,18.925,88.9,6.386,7.661,0.1,4.789,10.886,0.041,0.014,0.002,0.334
11170,용산구,2025-06-26,89.7,89.7,아주좋음,실외 활동하기 아주 좋은 날씨예요,적합,해로움,적합,적합,주의,24.864,19.593,85.3,4.804,0.664,0.036,9.039,17.814,0.039,0.018,0.002,0.397
11170,용산구,2025-06-27,84.8,84.8,좋음,실외 활동에 좋은 날씨예요,주의,주의,적합,적합,주의,29.702,20.536,78.1,4.743,0.0,0.0,18.242,30.301,0.066,0.023,0.003,0.5
11170,용산구,2025-06-28,84.3,84.3,좋음,실외 활동에 좋은 날씨예요,주의,해로움,적합,적합,주의,28.778,23.707,85.0,5.011,0.521,0.018,21.554,32.763,0.049,0.018,0.003,0.45
11170,용산구,2025-06-29,79.4,79.4,좋음,실외 활동에 좋은 날씨예요,주의,해로움,적합,적합,주의,31.344,24.311,77.1,5.975,0.018,0.0,9.783,16.635,0.034,0.009,0.002,0.303
11170,용산구,2025-06-30,76.7,76.7,좋음,실외 활동에 좋은 날씨예요,주의,해로움,적합,적합,적합,32.105,24.607,74.6,6.693,0.0,0.0,5.443,11.637,0.027,0.011,0.002,0.269
11170,용산구,2025-07-01,73.6,73.6,좋음,실외 활동에 좋은 날씨예요,주의,위험,적합,적합,적합,32.81,25.7,78.6,7.489,0.871,0.032,5.037,11.646,0.022,0.01,0.002,0.252
11170,용산구,2025-07-02,75.9,75.9,좋음,실외 활동에 좋은 날씨예요,주의,위험,적합,적합,적합,31.718,26.146,76.3,7.811,0.0,0.0,6.245,13.899,0.023,0.01,0.003,0.256
11170,용산구,2025-07-03,75.2,75.2,좋음,실외 활동에 좋은 날씨예요,주의,해로움,적합,적합,주의,32.772,25.954,75.5,6.8,0.0,0.0,15.205,24.219,0.034,0.011,0.003,0.29
11170,용산구,2025-07-04,78.1,78.1,좋음,실외 활동에 좋은 날씨예요,주의,해로움,주의,적합,주의,30.615,25.129,77.0,8.336,0.018,0.0,12.901,24.834,0.034,0.011,0.002,0.315
11170,용산구,2025-07-05,75.4,75.4,좋음,실외 활동에 좋은 날씨예요,주의,해로움,적합,적합,주의,32.677,25.675,72.9,6.661,0.0,0.0,10.22,22.215,0.045,0.01,0.002,0.283
11170,용산구,2025-07-06,74.0,74.0,좋음,실외 활동에 좋은 날씨예요 · 더위 주의,해로움,위험,적합,적합,주의,33.464,25.964,74.3,5.854,0.0,0.0,14.629,26.377,0.06,0.009,0.002,0.301
11170,용산구,2025-07-07,72.8,72.8,좋음,실외 활동에 좋은 날씨예요 · 더위 주의,해로움,위험,적합,적합,주의,34.019,26.157,79.0,5.393,0.0,0.0,30.39,45.985,0.085,0.016,0.002,0.456
11170,용산구,2025-07-08,52.7,52.7,주의,"⚠️ 폭염, 온열질환 주의 — 실외 활동에 주의하세요",위험,위험,주의,주의,주의,39.07,25.621,72.5,10.018,18.707,0.229,26.828,39.843,0.072,0.017,0.002,0.427
11170,용산구,2025-07-09,55.0,68.0,주의,"⚠️ 폭염, 온열질환 주의 — 실외 활동에 주의하세요",해로움,위험,적합,적합,주의,36.934,26.8,61.1,6.118,0.0,0.0,14.788,24.19,0.053,0.014,0.002,0.364
11170,용산구,2025-07-10,55.0,68.9,주의,"⚠️ 폭염, 온열질환 주의 — 실외 활동에 주의하세요",해로움,해로움,주의,적합,주의,36.18,26.579,46.6,8.186,0.0,0.0,7.959,17.735,0.052,0.012,0.002,0.291
11170,용산구,2025-07-11,55.0,71.1,주의,"⚠️ 폭염, 온열질환 주의 — 실외 활동에 주의하세요",해로움,해로움,적합,적합,주의,35.658,24.046,47.1,7.486,0.0,0.0,6.621,15.698,0.052,0.012,0.002,0.267
11170,용산구,2025-07-12,55.0,70.9,주의,"⚠️ 폭염, 온열질환 주의 — 실외 활동에 주의하세요",해로움,해로움,적합,적합,주의,36.245,23.514,47.5,6.504,0.0,0.0,7.045,15.99,0.065,0.014,0.002,0.279
11170,용산구,2025-07-13,79.6,79.6,좋음,실외 활동에 좋은 날씨예요,주의,해로움,적합,적합,주의,31.191,24.318,66.8,5.357,0.196,0.0,18.514,31.162,0.068,0.018,0.003,0.406
11170,용산구,2025-07-14,75.4,75.4,좋음,"실외 활동에 좋은 날씨예요 · 비 소식, 우산 챙기세요",주의,주의,적합,주의,주의,28.914,21.1,78.3,7.271,13.789,0.143,12.271,21.777,0.046,0.015,0.003,0.36
11170,용산구,2025-07-15,84.8,84.8,좋음,실외 활동에 좋은 날씨예요,주의,해로움,적합,적합,주의,26.571,21.111,84.1,5.936,4.357,0.046,4.194,10.463,0.036,0.014,0.002,0.321
11170,용산구,2025-07-16,64.2,64.2,무난,"실외 활동하기 무난해요 — 비 많음, 우산 필수",적합,해로움,주의,주의,주의,24.929,21.675,90.1,8.318,48.718,0.964,10.532,20.651,0.041,0.017,0.002,0.388
11170,용산구,2025-07-17,55.8,55.8,주의,"가벼운 실외 활동은 괜찮아요 — 비 많음, 우산 필수",적합,해로움,주의,해로움,주의,24.932,21.546,94.3,9.636,72.589,1.161,4.217,8.803,0.053,0.015,0.002,0.354
11170,용산구,2025-07-18,77.5,77.5,좋음,"실외 활동에 좋은 날씨예요 · 비 소식, 우산 챙기세요",주의,해로움,적합,주의,주의,27.82,22.268,89.5,5.186,12.093,0.339,5.226,12.515,0.046,0.02,0.002,0.383
11170,용산구,2025-07-19,56.9,56.9,주의,"가벼운 실외 활동은 괜찮아요 — 비 많음, 우산 필수",주의,위험,적합,해로움,주의,26.871,20.911,95.4,7.486,67.0,1.146,3.902,10.085,0.045,0.015,0.002,0.332
11170,용산구,2025-07-20,64.4,64.4,무난,"실외 활동하기 무난해요 — 비 소식, 우산 챙기세요",주의,해로움,적합,주의,적합,32.463,24.5,82.8,7.925,18.439,0.257,6.076,16.954,0.022,0.008,0.002,0.258
11170,용산구,2025-07-21,74.4,74.4,좋음,실외 활동에 좋은 날씨예요,주의,위험,적합,적합,적합,32.79,24.696,77.4,7.393,0.089,0.0,7.806,19.18,0.023,0.012,0.003,0.285
11170,용산구,2025-07-22,73.2,73.2,좋음,실외 활동에 좋은 날씨예요 · 더위 주의,해로움,위험,적합,적합,주의,33.526,25.75,75.6,7.211,0.093,0.004,6.323,17.192,0.031,0.011,0.003,0.239
11170,용산구,2025-07-23,74.7,74.7,좋음,실외 활동에 좋은 날씨예요 · 더위 주의,해로움,해로움,적합,적합,주의,33.99,24.786,70.4,5.479,0.0,0.0,7.062,17.503,0.04,0.014,0.002,0.271
11170,용산구,2025-07-24,55.0,72.3,주의,"⚠️ 폭염, 온열질환 주의 — 실외 활동에 주의하세요",해로움,위험,적합,적합,주의,35.019,24.957,68.0,5.175,0.0,0.0,13.775,25.516,0.073,0.016,0.003,0.314
11170,용산구,2025-07-25,55.0,68.6,주의,"⚠️ 폭염, 온열질환 주의 — 실외 활동에 주의하세요",해로움,위험,적합,적합,주의,37.12,25.021,64.6,5.007,0.0,0.0,20.931,32.208,0.089,0.019,0.003,0.366
11170,용산구,2025-07-26,55.0,67.9,주의,"⚠️ 폭염, 온열질환 주의 — 실외 활동에 주의하세요",해로움,위험,적합,적합,주의,37.804,26.664,61.9,4.968,0.0,0.0,14.511,23.326,0.06,0.016,0.003,0.326
11170,용산구,2025-07-27,55.0,67.0,주의,"⚠️ 폭염, 온열질환 주의 — 실외 활동에 주의하세요",위험,위험,적합,적합,주의,38.267,27.146,62.4,5.293,0.0,0.0,11.879,19.223,0.064,0.012,0.002,0.291
11170,용산구,2025-07-28,55.0,66.2,주의,"⚠️ 폭염, 온열질환 주의 — 실외 활동에 주의하세요",해로움,위험,적합,적합,주의,37.151,27.564,67.3,6.507,0.75,0.0,24.324,37.253,0.078,0.017,0.003,0.376
11170,용산구,2025-07-29,55.0,67.1,주의,"⚠️ 폭염, 온열질환 주의 — 실외 활동에 주의하세요",해로움,위험,적합,적합,해로움,37.304,26.671,64.0,5.296,0.036,0.0,24.952,39.185,0.107,0.019,0.003,0.401
11170,용산구,2025-07-30,55.0,68.6,주의,"⚠️ 폭염, 온열질환 주의 — 실외 활동에 주의하세요",해로움,위험,적합,적합,주의,36.432,27.361,62.9,5.704,0.0,0.0,19.54,30.733,0.068,0.02,0.003,0.369
11170,용산구,2025-07-31,71.6,71.6,좋음,실외 활동에 좋은 날씨예요 · 더위 주의,해로움,위험,적합,적합,주의,34.941,28.121,62.3,5.546,0.0,0.0,18.546,29.169,0.067,0.017,0.003,0.337
11170,용산구,2025-08-01,55.0,68.2,주의,"⚠️ 폭염, 온열질환 주의 — 실외 활동에 주의하세요",해로움,위험,적합,적합,해로움,35.88,26.896,66.9,6.675,0.0,0.0,25.28,36.686,0.091,0.018,0.003,0.378
11170,용산구,2025-08-02,55.0,68.7,주의,"⚠️ 폭염, 온열질환 주의 — 실외 활동에 주의하세요",해로움,위험,적합,적합,주의,36.3,26.568,62.1,5.964,0.554,0.0,24.362,34.946,0.074,0.015,0.003,0.364
11170,용산구,2025-08-03,73.3,73.3,좋음,실외 활동에 좋은 날씨예요,주의,해로움,적합,적합,주의,32.419,23.396,69.0,6.863,2.707,0.05,20.945,28.961,0.05,0.014,0.003,0.355
11170,용산구,2025-08-04,72.0,72.0,좋음,실외 활동에 좋은 날씨예요 · 더위 주의,해로움,해로움,적합,적합,주의,33.806,23.0,75.5,6.707,2.461,0.032,11.332,18.409,0.054,0.012,0.002,0.315
11170,용산구,2025-08-05,73.4,73.4,좋음,실외 활동에 좋은 날씨예요 · 더위 주의,해로움,해로움,적합,적합,주의,33.636,24.414,67.4,6.914,0.0,0.0,10.983,19.614,0.056,0.015,0.003,0.326
11170,용산구,2025-08-06,68.9,68.9,무난,"실외 활동하기 무난해요 — 비 소식, 우산 챙기세요",주의,해로움,주의,주의,주의,29.902,25.232,89.0,8.993,14.661,0.343,8.814,19.766,0.033,0.013,0.002,0.318
11170,용산구,2025-08-07,75.3,75.3,좋음,실외 활동에 좋은 날씨예요,주의,해로움,적합,적합,주의,32.911,24.879,70.8,6.482,0.018,0.0,9.271,18.699,0.056,0.012,0.003,0.368
11170,용산구,2025-08-08,77.4,77.4,좋음,실외 활동에 좋은 날씨예요,주의,해로움,적합,적합,주의,31.832,23.239,74.8,6.407,0.261,0.225,15.143,28.58,0.074,0.017,0.003,0.396
11170,용산구,2025-08-09,88.8,88.8,아주좋음,실외 활동하기 아주 좋은 날씨예요,주의,해로움,적합,적합,주의,26.804,22.775,82.1,4.236,1.464,0.1,15.473,24.95,0.042,0.018,0.003,0.438
11170,용산구,2025-08-10,76.5,76.5,좋음,실외 활동에 좋은 날씨예요 · 더위 주의,해로움,해로움,적합,적합,주의,33.711,20.921,70.0,5.096,0.0,0.0,12.194,21.364,0.061,0.012,0.003,0.37
11170,용산구,2025-08-11,82.4,82.4,좋음,실외 활동에 좋은 날씨예요,주의,해로움,적합,적합,주의,29.6,24.289,73.9,5.632,0.482,0.0,17.341,27.93,0.05,0.018,0.003,0.431
11170,용산구,2025-08-12,73.0,73.0,좋음,실외 활동에 좋은 날씨예요 · 더위 주의,해로움,해로움,적합,적합,주의,34.394,22.764,62.9,6.864,0.143,0.0,12.133,20.739,0.063,0.015,0.003,0.375
11170,용산구,2025-08-13,48.1,48.1,주의,"⚠️ 호우, 침수·안전 주의 — 실외 활동에 주의하세요",주의,해로움,주의,위험,주의,27.865,22.121,91.8,11.414,104.186,1.168,3.652,10.094,0.042,0.013,0.002,0.309
11170,용산구,2025-08-14,65.3,65.3,무난,"실외 활동하기 무난해요 — 비 많음, 우산 필수",주의,해로움,적합,주의,적합,27.618,23.771,91.1,7.686,37.796,0.879,5.521,12.114,0.028,0.014,0.002,0.311
11170,용산구,2025-08-15,77.5,77.5,좋음,실외 활동에 좋은 날씨예요,주의,해로움,적합,적합,주의,31.564,23.811,84.3,4.975,2.786,0.0,9.586,20.077,0.042,0.014,0.003,0.345
11170,용산구,2025-08-16,75.2,75.2,좋음,실외 활동에 좋은 날씨예요 · 더위 주의,해로움,해로움,적합,적합,적합,33.017,24.55,76.0,6.704,0.0,0.0,5.017,13.935,0.028,0.01,0.003,0.255
11170,용산구,2025-08-17,76.0,76.0,좋음,실외 활동에 좋은 날씨예요,주의,해로움,적합,적합,적합,32.93,25.068,76.3,5.954,0.0,0.0,7.797,15.215,0.028,0.008,0.003,0.24
11170,용산구,2025-08-18,71.1,71.1,좋음,실외 활동에 좋은 날씨예요 · 더위 주의,해로움,위험,주의,적합,주의,33.534,26.143,75.6,8.043,1.382,0.046,17.573,26.107,0.033,0.012,0.003,0.263
11170,용산구,2025-08-19,72.3,72.3,좋음,실외 활동에 좋은 날씨예요 · 더위 주의,해로움,위험,주의,적합,적합,33.265,25.779,75.3,8.032,0.786,0.0,5.093,14.482,0.024,0.01,0.003,0.244
11170,용산구,2025-08-20,72.7,72.7,좋음,실외 활동에 좋은 날씨예요 · 더위 주의,해로움,위험,적합,적합,주의,33.421,25.821,74.5,6.725,1.054,0.0,6.716,16.112,0.033,0.012,0.003,0.259
11170,용산구,2025-08-21,71.4,71.4,좋음,실외 활동에 좋은 날씨예요 · 더위 주의,해로움,위험,적합,적합,주의,34.855,26.125,70.6,6.532,0.0,0.0,8.316,17.273,0.049,0.014,0.003,0.264
11170,용산구,2025-08-22,72.1,72.1,좋음,실외 활동에 좋은 날씨예요 · 더위 주의,해로움,위험,적합,적합,주의,34.293,25.411,71.5,6.968,0.0,0.0,6.515,14.151,0.041,0.014,0.003,0.266
11170,용산구,2025-08-23,75.2,75.2,좋음,실외 활동에 좋은 날씨예요,주의,위험,적합,적합,주의,32.951,26.086,74.9,5.446,0.0,0.0,9.77,18.644,0.045,0.014,0.003,0.29
11170,용산구,2025-08-24,55.0,70.7,주의,"⚠️ 폭염, 온열질환 주의 — 실외 활동에 주의하세요",해로움,위험,적합,적합,주의,35.551,26.179,69.4,5.936,0.0,0.0,13.354,22.589,0.056,0.012,0.003,0.339
11170,용산구,2025-08-25,63.1,63.1,무난,"실외 활동하기 무난해요 — 더위 주의, 비 소식, 우산 챙기세요",해로움,위험,주의,주의,주의,33.524,25.532,80.6,9.543,12.45,0.507,11.038,22.99,0.043,0.013,0.002,0.321
11170,용산구,2025-08-26,67.7,67.7,무난,"실외 활동하기 무난해요 — 비 소식, 우산 챙기세요",주의,해로움,적합,적합,주의,32.568,24.536,81.8,7.257,9.907,0.089,7.503,15.668,0.052,0.014,0.002,0.349
11170,용산구,2025-08-27,77.6,77.6,좋음,실외 활동에 좋은 날씨예요,주의,해로움,적합,적합,주의,32.704,23.193,73.8,5.389,0.0,0.0,9.808,21.373,0.068,0.017,0.002,0.396
11170,용산구,2025-08-28,75.6,75.6,좋음,실외 활동에 좋은 날씨예요,주의,해로움,적합,적합,주의,31.993,24.354,72.9,7.296,0.0,0.0,11.885,22.168,0.055,0.016,0.003,0.364
11170,용산구,2025-08-29,63.5,63.5,무난,"실외 활동하기 무난해요 — 더위 주의, 비 소식, 우산 챙기세요",해로움,위험,주의,주의,주의,33.566,26.389,82.0,9.239,11.829,0.446,7.316,18.762,0.036,0.011,0.002,0.267
11170,용산구,2025-08-30,61.1,61.1,무난,"실외 활동하기 무난해요 — 더위 주의, 비 소식, 우산 챙기세요",해로움,위험,적합,주의,주의,33.178,24.889,81.1,7.033,25.157,0.382,6.085,13.631,0.033,0.013,0.002,0.278
11170,용산구,2025-08-31,74.8,74.8,좋음,실외 활동에 좋은 날씨예요,주의,해로움,적합,적합,주의,32.714,24.633,75.3,6.856,0.407,0.0,14.646,23.006,0.033,0.011,0.003,0.281
11170,용산구,2025-09-01,65.7,65.7,무난,"실외 활동하기 무난해요 — 비 소식, 우산 챙기세요",주의,해로움,주의,주의,주의,29.459,23.633,87.3,8.622,28.663,0.315,5.409,11.572,0.032,0.012,0.002,0.292
11170,용산구,2025-09-02,81.9,81.9,좋음,실외 활동에 좋은 날씨예요,주의,해로움,적합,적합,주의,31.429,21.967,74.6,4.73,0.0,0.0,8.518,19.556,0.058,0.015,0.002,0.356
11170,용산구,2025-09-03,79.0,79.0,좋음,실외 활동에 좋은 날씨예요,주의,해로움,적합,적합,주의,32.496,22.275,67.5,5.568,0.0,0.0,11.313,22.392,0.06,0.018,0.002,0.386
11170,용산구,2025-09-04,67.3,67.3,무난,"실외 활동하기 무난해요 — 비 소식, 우산 챙기세요",주의,해로움,적합,주의,주의,30.169,22.639,82.1,6.418,28.829,1.229,4.694,10.926,0.04,0.013,0.002,0.319
11170,용산구,2025-09-05,77.9,77.9,좋음,실외 활동에 좋은 날씨예요 · 더위 주의,해로움,해로움,적합,적합,주의,33.544,22.882,68.5,5.8,0.0,0.0,7.95,17.583,0.057,0.016,0.003,0.335
11170,용산구,2025-09-06,63.1,63.1,무난,"실외 활동하기 무난해요 — 비 소식, 우산 챙기세요",주의,해로움,주의,주의,주의,31.124,24.539,86.6,10.05,25.914,0.532,9.385,17.666,0.038,0.012,0.002,0.337
11170,용산구,2025-09-07,83.9,83.9,좋음,실외 활동에 좋은 날씨예요,주의,해로움,적합,적합,주의,29.312,21.796,77.5,5.561,0.543,0.018,7.404,16.643,0.048,0.01,0.002,0.347
11170,용산구,2025-09-08,84.7,84.7,좋음,실외 활동에 좋은 날씨예요,주의,주의,적합,적합,주의,30.16,20.57,73.0,4.581,0.0,0.0,12.209,27.945,0.059,0.018,0.003,0.449
11170,용산구,2025-09-09,89.4,89.4,아주좋음,실외 활동하기 아주 좋은 날씨예요,주의,주의,적합,적합,주의,27.204,20.9,71.9,4.319,0.036,0.0,16.427,34.945,0.049,0.019,0.003,0.458
11170,용산구,2025-09-10,83.1,83.1,좋음,실외 활동에 좋은 날씨예요,주의,주의,적합,적합,주의,31.842,18.252,61.1,5.704,0.0,0.0,11.997,26.216,0.046,0.02,0.003,0.4
11170,용산구,2025-09-11,81.8,81.8,좋음,실외 활동에 좋은 날씨예요,주의,주의,적합,적합,주의,31.775,19.148,57.6,6.463,0.0,0.0,8.983,20.995,0.046,0.017,0.003,0.348
11170,용산구,2025-09-12,82.3,82.3,좋음,"실외 활동에 좋은 날씨예요 · 비 소식, 우산 챙기세요",주의,주의,적합,적합,주의,26.307,20.471,68.8,6.825,8.243,0.096,7.256,17.908,0.036,0.014,0.002,0.303
11170,용산구,2025-09-13,58.8,58.8,주의,"가벼운 실외 활동은 괜찮아요 — 비 많음, 우산 필수",주의,해로움,적합,해로움,주의,27.284,19.961,81.0,7.721,59.811,0.804,2.541,6.094,0.042,0.009,0.002,0.266
11170,용산구,2025-09-14,85.9,85.9,아주좋음,실외 활동하기 아주 좋은 날씨예요,주의,주의,적합,적합,주의,29.347,20.989,72.0,4.229,0.0,0.0,5.709,12.719,0.057,0.013,0.002,0.324
11170,용산구,2025-09-15,82.8,82.8,좋음,실외 활동에 좋은 날씨예요,주의,해로움,적합,적합,주의,30.606,20.507,71.6,4.682,0.0,0.0,10.987,20.353,0.063,0.02,0.002,0.406
11170,용산구,2025-09-16,69.9,69.9,무난,"실외 활동하기 무난해요 — 비 소식, 우산 챙기세요",주의,해로움,주의,주의,주의,27.745,21.307,86.8,10.764,16.214,0.529,11.758,20.716,0.039,0.023,0.003,0.429
11170,용산구,2025-09-17,63.5,63.5,무난,"실외 활동하기 무난해요 — 비 많음, 우산 필수",적합,해로움,적합,주의,주의,23.961,20.829,92.0,7.471,43.882,1.471,5.816,12.683,0.031,0.016,0.002,0.382
11170,용산구,2025-09-18,88.5,88.5,아주좋음,실외 활동하기 아주 좋은 날씨예요,주의,주의,적합,적합,적합,26.111,19.325,74.4,7.368,0.0,0.0,3.672,12.222,0.029,0.011,0.002,0.289
11170,용산구,2025-09-19,80.1,80.1,좋음,"실외 활동에 좋은 날씨예요 · 비 소식, 우산 챙기세요",적합,해로움,적합,주의,적합,21.425,17.436,82.0,6.457,11.993,0.254,4.604,12.946,0.023,0.014,0.002,0.3
11170,용산구,2025-09-20,69.7,69.7,무난,"실외 활동하기 무난해요 — 비 많음, 우산 필수",적합,해로움,적합,주의,주의,24.085,17.189,85.4,6.571,34.529,0.414,2.904,6.52,0.031,0.011,0.002,0.29
11170,용산구,2025-09-21,89.8,89.8,아주좋음,실외 활동하기 아주 좋은 날씨예요,주의,주의,적합,적합,주의,27.007,16.8,67.0,6.1,0.0,0.0,2.911,7.159,0.037,0.009,0.002,0.256
11170,용산구,2025-09-22,92.1,92.1,아주좋음,실외 활동하기 아주 좋은 날씨예요,적합,적합,적합,적합,주의,25.014,17.229,59.8,6.446,0.0,0.0,4.518,12.2,0.036,0.014,0.002,0.281
11170,용산구,2025-09-23,89.6,89.6,아주좋음,실외 활동하기 아주 좋은 날씨예요,주의,주의,적합,적합,주의,26.639,18.682,56.5,7.168,0.0,0.0,5.307,14.31,0.04,0.015,0.002,0.288
11170,용산구,2025-09-24,71.9,71.9,좋음,"실외 활동에 좋은 날씨예요 · 비 소식, 우산 챙기세요",적합,해로움,적합,주의,주의,23.882,20.129,81.8,7.161,28.114,0.879,5.583,13.104,0.034,0.018,0.002,0.335
11170,용산구,2025-09-25,88.3,88.3,아주좋음,실외 활동하기 아주 좋은 날씨예요,주의,주의,적합,적합,주의,26.646,19.377,80.0,4.219,0.368,0.011,8.589,17.696,0.048,0.021,0.003,0.404
11170,용산구,2025-09-26,87.8,87.8,아주좋음,실외 활동하기 아주 좋은 날씨예요,주의,주의,적합,적합,주의,27.131,17.339,78.1,4.332,0.0,0.0,17.896,30.179,0.056,0.022,0.002,0.512
11170,용산구,2025-09-27,88.0,88.0,아주좋음,실외 활동하기 아주 좋은 날씨예요,주의,주의,적합,적합,주의,27.204,17.489,71.1,5.789,0.0,0.0,15.641,27.036,0.051,0.019,0.002,0.453
11170,용산구,2025-09-28,66.0,66.0,무난,"실외 활동하기 무난해요 — 비 많음, 우산 필수",적합,해로움,적합,주의,주의,22.089,17.664,85.6,5.714,43.214,0.464,9.617,15.424,0.046,0.012,0.002,0.391
11170,용산구,2025-09-29,89.4,89.4,아주좋음,실외 활동하기 아주 좋은 날씨예요,적합,주의,적합,적합,주의,24.679,16.518,77.8,4.836,0.0,0.0,16.831,28.433,0.045,0.017,0.002,0.431
11170,용산구,2025-09-30,89.1,89.1,아주좋음,실외 활동하기 아주 좋은 날씨예요,적합,해로움,적합,적합,주의,24.118,16.754,81.3,4.111,0.0,0.0,20.682,34.042,0.042,0.028,0.003,0.535
11170,용산구,2025-10-01,86.4,86.4,아주좋음,실외 활동하기 아주 좋은 날씨예요,주의,주의,적합,적합,주의,26.179,16.325,78.1,6.2,0.018,0.0,19.726,31.453,0.061,0.024,0.003,0.518
11170,용산구,2025-10-02,90.0,90.0,아주좋음,실외 활동하기 아주 좋은 날씨예요,주의,주의,적합,적합,주의,26.243,16.982,74.5,3.736,0.0,0.0,17.095,28.948,0.054,0.027,0.003,0.497
11170,용산구,2025-10-03,87.8,87.8,아주좋음,실외 활동하기 아주 좋은 날씨예요,적합,주의,적합,적합,주의,22.629,19.136,75.5,6.629,1.1,0.011,15.647,25.122,0.036,0.014,0.002,0.379
11170,용산구,2025-10-04,90.0,90.0,아주좋음,실외 활동하기 아주 좋은 날씨예요,적합,주의,적합,적합,주의,24.296,20.096,74.6,5.032,0.5,0.0,4.992,10.782,0.039,0.012,0.002,0.325
11170,용산구,2025-10-05,82.8,82.8,좋음,"실외 활동에 좋은 날씨예요 · 비 소식, 우산 챙기세요",적합,해로움,적합,적합,적합,22.218,20.271,89.6,4.043,9.45,0.371,4.406,9.518,0.024,0.012,0.002,0.37
11170,용산구,2025-10-06,64.8,64.8,무난,"실외 활동하기 무난해요 — 비 많음, 우산 필수",적합,해로움,주의,주의,주의,20.711,15.281,93.8,9.096,36.636,0.289,2.516,6.057,0.032,0.007,0.002,0.254
11170,용산구,2025-10-07,77.2,77.2,좋음,"실외 활동에 좋은 날씨예요 · 비 소식, 우산 챙기세요",적합,해로움,적합,적합,주의,19.819,15.459,94.9,7.943,8.057,0.071,2.161,4.582,0.035,0.008,0.002,0.261
11170,용산구,2025-10-08,88.8,88.8,아주좋음,실외 활동하기 아주 좋은 날씨예요,주의,주의,적합,적합,주의,27.768,16.807,72.8,5.05,0.071,0.0,4.589,11.39,0.038,0.011,0.002,0.316
11170,용산구,2025-10-09,90.0,90.0,아주좋음,실외 활동하기 아주 좋은 날씨예요,적합,주의,적합,적합,주의,22.589,16.911,69.6,6.871,0.232,0.007,4.568,11.538,0.031,0.008,0.002,0.27
11170,용산구,2025-10-10,66.3,66.3,무난,"실외 활동하기 무난해요 — 비 많음, 우산 필수",적합,위험,적합,주의,적합,17.915,15.785,98.1,6.225,40.189,0.25,3.163,7.044,0.025,0.014,0.002,0.318
11170,용산구,2025-10-11,72.9,72.9,좋음,"실외 활동에 좋은 날씨예요 · 비 소식, 우산 챙기세요",적합,해로움,적합,주의,주의,24.733,17.311,93.1,7.289,18.643,0.171,5.575,13.937,0.037,0.013,0.002,0.354
11170,용산구,2025-10-12,87.5,87.5,아주좋음,실외 활동하기 아주 좋은 날씨예요,적합,해로움,적합,적합,적합,21.73,17.044,84.6,6.671,0.057,0.004,2.404,6.087,0.028,0.008,0.002,0.307
11170,용산구,2025-10-13,70.8,70.8,좋음,"실외 활동에 좋은 날씨예요 · 비 소식, 우산 챙기세요",적합,해로움,적합,주의,주의,18.13,13.652,94.4,7.979,23.843,0.168,2.168,4.862,0.031,0.011,0.002,0.279
11170,용산구,2025-10-14,87.2,87.2,아주좋음,실외 활동하기 아주 좋은 날씨예요,적합,해로움,적합,적합,주의,20.77,14.193,80.3,6.921,0.504,0.014,2.365,5.468,0.034,0.012,0.002,0.279
11170,용산구,2025-10-15,86.5,86.5,아주좋음,실외 활동하기 아주 좋은 날씨예요,적합,주의,적합,적합,주의,25.07,15.707,74.8,6.968,2.732,0.043,3.522,9.565,0.033,0.015,0.002,0.307
11170,용산구,2025-10-16,86.8,86.8,아주좋음,실외 활동하기 아주 좋은 날씨예요,적합,주의,적합,적합,주의,24.892,16.527,75.3,7.104,2.314,0.021,3.2,7.552,0.033,0.012,0.002,0.293
11170,용산구,2025-10-17,80.3,80.3,좋음,"실외 활동에 좋은 날씨예요 · 비 소식, 우산 챙기세요",적합,주의,적합,주의,주의,24.521,15.204,74.8,7.736,10.136,0.189,4.955,12.385,0.036,0.016,0.002,0.316
11170,용산구,2025-10-18,78.0,78.0,좋음,"실외 활동에 좋은 날씨예요 · 비 소식, 우산 챙기세요",적합,해로움,적합,주의,적합,17.815,13.885,87.8,7.111,10.864,0.1,7.312,12.452,0.03,0.011,0.002,0.361
11170,용산구,2025-10-19,88.3,88.3,아주좋음,실외 활동하기 아주 좋은 날씨예요,주의,주의,적합,적합,주의,20.211,8.374,71.5,7.663,0.0,0.0,8.884,17.486,0.034,0.01,0.002,0.374
11170,용산구,2025-10-20,88.8,88.8,아주좋음,실외 활동하기 아주 좋은 날씨예요,주의,주의,적합,적합,주의,16.364,4.78,65.9,6.579,0.0,0.0,10.329,23.266,0.03,0.012,0.002,0.321
11170,용산구,2025-10-21,90.0,90.0,아주좋음,실외 활동하기 아주 좋은 날씨예요,주의,주의,적합,적합,주의,14.5,4.874,68.3,4.746,0.0,0.0,11.862,27.669,0.028,0.018,0.003,0.371
11170,용산구,2025-10-22,90.4,90.4,아주좋음,실외 활동하기 아주 좋은 날씨예요,주의,주의,적합,적합,적합,19.361,6.11,72.1,4.707,0.0,0.0,8.563,18.852,0.027,0.02,0.002,0.381
11170,용산구,2025-10-23,91.8,91.8,아주좋음,실외 활동하기 아주 좋은 날씨예요,적합,주의,적합,적합,주의,20.836,11.387,70.3,4.989,0.0,0.0,4.754,11.546,0.032,0.017,0.002,0.333
11170,용산구,2025-10-24,91.4,91.4,아주좋음,실외 활동하기 아주 좋은 날씨예요,적합,주의,적합,적합,주의,20.864,11.114,66.5,5.786,0.0,0.0,4.511,10.941,0.036,0.019,0.002,0.341
11170,용산구,2025-10-25,91.0,91.0,아주좋음,실외 활동하기 아주 좋은 날씨예요,적합,주의,적합,적합,주의,18.768,11.976,66.9,5.921,0.0,0.0,10.244,21.868,0.04,0.018,0.003,0.381
11170,용산구,2025-10-26,86.9,86.9,아주좋음,실외 활동하기 아주 좋은 날씨예요,적합,주의,주의,적합,주의,14.596,10.797,70.1,8.246,0.125,0.014,23.16,38.686,0.038,0.017,0.003,0.502
11170,용산구,2025-10-27,85.2,85.2,아주좋음,실외 활동하기 아주 좋은 날씨예요,주의,적합,주의,적합,주의,11.643,2.363,45.0,9.779,0.0,0.0,10.678,29.245,0.035,0.012,0.003,0.295
11170,용산구,2025-10-28,89.3,89.3,아주좋음,실외 활동하기 아주 좋은 날씨예요,주의,적합,적합,적합,주의,13.793,1.806,52.4,5.554,0.0,0.0,8.787,23.074,0.032,0.023,0.003,0.39
11170,용산구,2025-10-29,90.4,90.4,아주좋음,실외 활동하기 아주 좋은 날씨예요,주의,주의,적합,적합,주의,17.271,5.192,65.0,4.729,0.0,0.0,14.459,28.335,0.033,0.032,0.003,0.498
11170,용산구,2025-10-30,90.3,90.3,아주좋음,실외 활동하기 아주 좋은 날씨예요,주의,주의,적합,적합,주의,17.671,7.052,70.3,3.825,0.0,0.0,21.685,35.846,0.028,0.037,0.003,0.556
11170,용산구,2025-10-31,89.1,89.1,아주좋음,실외 활동하기 아주 좋은 날씨예요,적합,주의,적합,적합,주의,20.279,10.513,69.9,6.018,0.004,0.025,22.956,37.009,0.038,0.028,0.003,0.506
11170,용산구,2025-11-01,84.8,84.8,좋음,실외 활동에 좋은 날씨예요,주의,주의,주의,적합,주의,17.339,8.743,73.0,8.704,2.318,0.0,13.317,22.855,0.041,0.015,0.003,0.402
11170,용산구,2025-11-02,84.6,84.6,좋음,실외 활동에 좋은 날씨예요,주의,적합,주의,적합,주의,11.457,1.527,57.0,9.839,0.061,0.0,8.458,28.979,0.033,0.01,0.002,0.315
11170,용산구,2025-11-03,89.2,89.2,아주좋음,실외 활동하기 아주 좋은 날씨예요,해로움,적합,적합,적합,적합,13.832,-0.08,54.1,5.111,0.0,0.0,11.191,21.949,0.029,0.024,0.003,0.432
11170,용산구,2025-11-04,90.9,90.9,아주좋음,실외 활동하기 아주 좋은 날씨예요,주의,주의,적합,적합,주의,15.786,4.647,60.6,4.775,0.0,0.0,17.194,30.076,0.029,0.034,0.003,0.559
11170,용산구,2025-11-05,91.1,91.1,아주좋음,실외 활동하기 아주 좋은 날씨예요,주의,적합,적합,적합,주의,18.064,5.238,60.0,4.332,0.0,0.0,21.591,37.099,0.032,0.036,0.003,0.593
11170,용산구,2025-11-06,87.2,87.2,아주좋음,실외 활동하기 아주 좋은 날씨예요,주의,주의,적합,적합,주의,18.382,6.485,69.9,4.771,0.0,0.0,32.649,54.588,0.032,0.037,0.003,0.693
11170,용산구,2025-11-07,87.7,87.7,아주좋음,실외 활동하기 아주 좋은 날씨예요,주의,주의,적합,적합,주의,19.821,7.683,66.3,5.604,0.0,0.0,32.552,50.666,0.035,0.033,0.003,0.641
11170,용산구,2025-11-08,90.9,90.9,아주좋음,실외 활동하기 아주 좋은 날씨예요,적합,주의,적합,적합,주의,17.096,11.264,69.4,5.618,0.0,0.0,16.149,26.801,0.033,0.023,0.003,0.461
11170,용산구,2025-11-09,87.0,87.0,아주좋음,실외 활동하기 아주 좋은 날씨예요,적합,주의,주의,적합,주의,17.821,9.377,64.1,9.746,0.0,0.0,19.199,43.065,0.046,0.015,0.003,0.459
11170,용산구,2025-11-10,86.1,86.1,아주좋음,실외 활동하기 아주 좋은 날씨예요,주의,주의,주의,적합,주의,12.189,3.677,37.6,8.618,0.0,0.0,6.434,21.795,0.043,0.013,0.003,0.321
11170,용산구,2025-11-11,90.0,90.0,아주좋음,실외 활동하기 아주 좋은 날씨예요,주의,적합,적합,적합,주의,14.604,2.878,57.6,5.321,0.0,0.0,10.213,27.42,0.027,0.028,0.003,0.465
11170,용산구,2025-11-12,90.0,90.0,아주좋음,실외 활동하기 아주 좋은 날씨예요,주의,주의,적합,적합,주의,16.854,5.089,65.5,4.65,0.0,0.0,18.269,37.778,0.035,0.034,0.003,0.554
11170,용산구,2025-11-13,87.0,87.0,아주좋음,실외 활동하기 아주 좋은 날씨예요,주의,주의,적합,적합,주의,17.3,5.495,65.4,6.629,0.0,0.0,25.76,50.503,0.039,0.032,0.003,0.583
11170,용산구,2025-11-14,88.8,88.8,아주좋음,실외 활동하기 아주 좋은 날씨예요,주의,적합,적합,적합,주의,14.746,3.494,53.8,6.486,0.0,0.0,14.742,33.269,0.033,0.027,0.003,0.49
11170,용산구,2025-11-15,90.5,90.5,아주좋음,실외 활동하기 아주 좋은 날씨예요,주의,적합,적합,적합,주의,16.55,3.003,49.1,3.975,0.0,0.0,20.105,37.568,0.028,0.037,0.003,0.634
11170,용산구,2025-11-16,84.7,84.7,좋음,실외 활동에 좋은 날씨예요,주의,적합,주의,적합,주의,18.35,4.117,58.4,9.414,0.921,0.0,23.428,39.598,0.047,0.026,0.003,0.541
11170,용산구,2025-11-17,80.1,80.1,좋음,실외 활동에 좋은 날씨예요,해로움,주의,주의,적합,주의,9.543,-4.001,37.4,10.118,0.0,0.0,10.079,41.393,0.041,0.01,0.003,0.296
11170,용산구,2025-11-18,84.4,84.4,좋음,실외 활동에 좋은 날씨예요,해로움,적합,적합,적합,주의,6.039,-4.286,47.1,7.893,0.0,0.0,10.844,29.679,0.025,0.014,0.003,0.346
11170,용산구,2025-11-19,87.2,87.2,아주좋음,실외 활동하기 아주 좋은 날씨예요,해로움,적합,적합,적합,주의,7.839,-2.511,50.1,5.475,0.0,0.0,14.621,33.911,0.024,0.025,0.003,0.464
11170,용산구,2025-11-20,83.4,83.4,좋음,실외 활동에 좋은 날씨예요,해로움,적합,주의,적합,주의,13.768,-0.591,58.8,9.4,0.0,0.0,20.809,43.082,0.032,0.029,0.003,0.52
11170,용산구,2025-11-21,85.6,85.6,아주좋음,실외 활동하기 아주 좋은 날씨예요,해로움,적합,주의,적합,주의,11.846,-0.464,58.5,8.139,0.0,0.0,9.469,25.987,0.031,0.026,0.003,0.426
11170,용산구,2025-11-22,87.0,87.0,아주좋음,실외 활동하기 아주 좋은 날씨예요,주의,주의,적합,적합,주의,14.8,4.344,65.3,6.668,0.0,0.0,22.915,41.962,0.037,0.034,0.003,0.595
11170,용산구,2025-11-23,85.1,85.1,아주좋음,실외 활동하기 아주 좋은 날씨예요,주의,주의,적합,적합,주의,14.536,5.956,69.6,7.164,0.0,0.0,29.959,47.007,0.048,0.028,0.003,0.566
11170,용산구,2025-11-24,82.2,82.2,좋음,실외 활동에 좋은 날씨예요 · 미세먼지 주의,주의,주의,적합,적합,해로움,16.646,7.965,72.5,7.471,0.0,0.0,52.913,79.349,0.055,0.03,0.003,0.605
11170,용산구,2025-11-25,70.7,70.7,좋음,실외 활동에 좋은 날씨예요 · 미세먼지 주의,주의,해로움,주의,적합,해로움,9.582,3.787,81.1,9.45,6.243,0.0,61.387,81.902,0.035,0.024,0.003,0.633
11170,용산구,2025-11-26,85.5,85.5,아주좋음,실외 활동하기 아주 좋은 날씨예요,주의,주의,적합,적합,주의,10.182,2.755,66.4,5.136,0.0,0.0,32.754,46.763,0.032,0.027,0.003,0.5
11170,용산구,2025-11-27,71.9,71.9,좋음,"실외 활동에 좋은 날씨예요 · 비 소식, 우산 챙기세요",주의,주의,주의,적합,주의,9.011,0.058,77.4,10.461,9.982,0.0,20.071,34.808,0.028,0.024,0.002,0.447
11170,용산구,2025-11-28,86.5,86.5,아주좋음,실외 활동하기 아주 좋은 날씨예요,해로움,적합,적합,적합,적합,7.032,-2.267,56.4,7.079,0.0,0.0,13.317,24.13,0.027,0.022,0.002,0.417
11170,용산구,2025-11-29,87.3,87.3,아주좋음,실외 활동하기 아주 좋은 날씨예요,해로움,적합,적합,적합,주의,10.657,-1.707,57.1,5.561,0.004,0.0,15.524,29.47,0.014,0.034,0.003,0.552
11170,용산구,2025-11-30,81.8,81.8,좋음,실외 활동에 좋은 날씨예요 · 미세먼지 주의,주의,주의,적합,적합,해로움,15.796,7.598,78.8,7.086,0.0,0.0,28.674,82.262,0.051,0.026,0.003,0.648
11170,용산구,2025-12-01,82.9,82.9,좋음,실외 활동에 좋은 날씨예요,주의,적합,주의,적합,주의,12.068,0.266,50.5,9.321,0.0,0.0,20.296,48.987,0.035,0.016,0.003,0.408
11170,용산구,2025-12-02,79.7,79.7,좋음,"실외 활동에 좋은 날씨예요 · 쌀쌀해요, 옷 챙기세요",해로움,적합,주의,적합,주의,3.496,-9.452,41.1,10.054,0.0,0.0,6.97,19.141,0.032,0.012,0.002,0.326
11170,용산구,2025-12-03,55.0,78.5,주의,"⚠️ 한파, 한랭질환 주의 — 실외 활동에 주의하세요",해로움,적합,주의,적합,적합,-3.05,-12.811,41.4,9.829,0.0,0.0,7.21,19.91,0.03,0.011,0.002,0.337
11170,용산구,2025-12-04,55.0,77.5,주의,"⚠️ 한파, 한랭질환 주의 — 실외 활동에 주의하세요",해로움,적합,주의,적합,적합,2.171,-12.793,49.6,9.736,2.268,0.0,10.507,22.814,0.025,0.021,0.003,0.435
11170,용산구,2025-12-05,81.9,81.9,좋음,"실외 활동에 좋은 날씨예요 · 쌀쌀해요, 옷 챙기세요",해로움,적합,적합,적합,적합,1.918,-8.901,53.6,7.518,0.0,0.0,14.188,26.713,0.024,0.025,0.003,0.514
11170,용산구,2025-12-06,80.0,80.0,좋음,실외 활동에 좋은 날씨예요,해로움,주의,적합,적합,주의,6.675,-4.04,70.9,6.057,0.289,0.0,16.669,27.668,0.011,0.036,0.003,0.637
11170,용산구,2025-12-07,74.4,74.4,좋음,실외 활동에 좋은 날씨예요 · 미세먼지 주의,주의,주의,주의,적합,해로움,12.914,1.144,77.4,8.107,0.0,0.0,51.854,79.841,0.046,0.033,0.003,0.975
11170,용산구,2025-12-08,84.0,84.0,좋음,실외 활동에 좋은 날씨예요,해로움,적합,적합,적합,주의,7.329,-2.265,45.4,7.318,0.0,0.0,16.502,35.405,0.039,0.019,0.003,0.435
11170,용산구,2025-12-09,85.5,85.5,아주좋음,실외 활동하기 아주 좋은 날씨예요,해로움,적합,적합,적합,주의,7.975,-2.823,59.0,5.661,0.0,0.0,11.87,23.4,0.02,0.032,0.003,0.518
11170,용산구,2025-12-10,81.3,81.3,좋음,실외 활동에 좋은 날씨예요,해로움,주의,적합,적합,주의,9.264,-0.063,73.1,4.836,0.0,0.0,23.478,41.49,0.012,0.041,0.003,0.671
11170,용산구,2025-12-11,69.6,69.6,무난,"실외 활동하기 무난해요 — 비 소식, 우산 챙기세요",해로움,주의,주의,주의,주의,8.511,-4.211,68.3,9.554,14.443,0.0,26.185,39.821,0.031,0.027,0.003,0.567
11170,용산구,2025-12-12,85.7,85.7,아주좋음,실외 활동하기 아주 좋은 날씨예요,해로움,적합,적합,적합,적합,6.725,-4.713,56.3,5.104,0.0,0.0,11.915,21.681,0.026,0.024,0.003,0.453
11170,용산구,2025-12-13,74.5,74.5,좋음,"실외 활동에 좋은 날씨예요 · 비 소식, 우산 챙기세요",해로움,해로움,적합,적합,적합,4.763,-2.073,81.5,6.622,6.714,0.0,7.048,11.905,0.021,0.022,0.002,0.419
11170,용산구,2025-12-14,77.9,77.9,좋음,실외 활동에 좋은 날씨예요,해로움,주의,적합,적합,주의,2.964,-3.613,76.5,7.237,0.021,0.0,18.151,25.315,0.032,0.015,0.002,0.507
11170,용산구,2025-12-15,78.8,78.8,좋음,실외 활동에 좋은 날씨예요,해로움,주의,적합,적합,주의,3.929,-4.145,76.4,4.464,0.0,0.0,22.664,31.817,0.02,0.035,0.003,0.622
11170,용산구,2025-12-16,75.3,75.3,좋음,실외 활동에 좋은 날씨예요,주의,해로움,적합,적합,주의,4.689,1.306,88.5,3.929,1.843,0.0,27.91,39.74,0.005,0.035,0.003,0.659
11170,용산구,2025-12-17,78.3,78.3,좋음,실외 활동에 좋은 날씨예요 · 미세먼지 주의,해로움,주의,적합,적합,해로움,7.339,-0.395,72.8,5.493,0.0,0.0,39.334,65.984,0.03,0.025,0.003,0.622
11170,용산구,2025-12-18,85.4,85.4,아주좋음,실외 활동하기 아주 좋은 날씨예요,해로움,주의,적합,적합,주의,7.764,-2.795,60.6,4.282,0.0,0.0,21.223,33.453,0.022,0.034,0.003,0.611
11170,용산구,2025-12-19,82.6,82.6,좋음,실외 활동에 좋은 날씨예요,해로움,주의,적합,적합,주의,9.879,-1.896,66.5,4.775,0.0,0.0,25.221,38.792,0.009,0.039,0.003,0.729
11170,용산구,2025-12-20,77.0,77.0,좋음,실외 활동에 좋은 날씨예요,해로움,주의,주의,적합,주의,10.689,-0.12,74.1,8.621,0.1,0.0,30.532,47.605,0.026,0.03,0.003,0.709
11170,용산구,2025-12-21,81.5,81.5,좋음,"실외 활동에 좋은 날씨예요 · 쌀쌀해요, 옷 챙기세요",해로움,적합,주의,적합,주의,2.182,-6.536,42.0,8.911,0.0,0.0,8.535,26.155,0.027,0.011,0.003,0.343
11170,용산구,2025-12-22,84.5,84.5,좋음,"실외 활동에 좋은 날씨예요 · 쌀쌀해요, 옷 챙기세요",해로움,적합,적합,적합,주의,4.832,-6.911,44.8,4.554,0.0,0.0,13.459,30.93,0.022,0.029,0.003,0.559
11170,용산구,2025-12-23,75.1,75.1,좋음,"실외 활동에 좋은 날씨예요 · 비 소식, 우산 챙기세요",해로움,주의,적합,적합,주의,4.889,-2.182,70.9,7.593,8.064,0.0,11.881,22.214,0.007,0.036,0.003,0.59
11170,용산구,2025-12-24,78.7,78.7,좋음,실외 활동에 좋은 날씨예요,해로움,주의,적합,적합,주의,5.568,-2.39,79.0,5.529,0.0,0.0,19.204,27.091,0.024,0.024,0.002,0.528
11170,용산구,2025-12-25,55.0,76.9,주의,"⚠️ 한파, 한랭질환 주의 — 실외 활동에 주의하세요",위험,적합,주의,적합,주의,0.371,-13.899,54.1,11.407,0.0,0.0,14.773,27.294,0.032,0.012,0.003,0.403
11170,용산구,2025-12-26,55.0,77.7,주의,"⚠️ 한파, 한랭질환 주의 — 실외 활동에 주의하세요",위험,주의,주의,적합,적합,-4.364,-16.113,38.9,8.996,0.0,0.0,7.929,19.196,0.025,0.013,0.003,0.352
11170,용산구,2025-12-27,83.3,83.3,좋음,"실외 활동에 좋은 날씨예요 · 쌀쌀해요, 옷 챙기세요",해로움,적합,적합,적합,주의,0.185,-9.896,52.1,4.452,0.0,0.0,16.163,29.324,0.019,0.03,0.003,0.514
11170,용산구,2025-12-28,77.8,77.8,좋음,실외 활동에 좋은 날씨예요,해로움,주의,적합,적합,주의,6.326,-1.965,76.4,4.944,0.689,0.0,28.711,42.351,0.017,0.027,0.003,0.544
11170,용산구,2025-12-29,74.6,74.6,좋음,실외 활동에 좋은 날씨예요 · 미세먼지 주의,해로움,주의,적합,적합,해로움,9.248,-1.645,74.1,7.415,1.243,0.0,42.341,61.274,0.035,0.03,0.003,0.658
11170,용산구,2025-12-30,83.2,83.2,좋음,실외 활동에 좋은 날씨예요,해로움,적합,적합,적합,주의,3.529,-5.559,45.1,7.343,0.0,0.0,9.002,21.06,0.031,0.018,0.003,0.383
11170,용산구,2025-12-31,55.0,79.2,주의,"⚠️ 한파, 한랭질환 주의 — 실외 활동에 주의하세요",위험,적합,주의,적합,주의,-1.071,-13.301,40.9,8.246,0.0,0.0,8.175,21.363,0.031,0.012,0.003,0.38
11200,성동구,2023-01-01,78.1,78.1,좋음,"실외 활동에 좋은 날씨예요 · 쌀쌀해요, 옷 챙기세요",해로움,적합,주의,적합,해로움,3.879,-6.809,54.5,8.114,0.0,0.0,36.97,52.234,0.032,0.025,0.004,0.675
11200,성동구,2023-01-02,82.3,82.3,좋음,"실외 활동에 좋은 날씨예요 · 쌀쌀해요, 옷 챙기세요",해로움,적합,적합,적합,적합,-0.432,-9.947,45.9,6.182,0.0,0.0,11.671,25.534,0.027,0.022,0.003,0.475
11200,성동구,2023-01-03,81.1,81.1,좋음,"실외 활동에 좋은 날씨예요 · 쌀쌀해요, 옷 챙기세요",해로움,적합,적합,적합,주의,0.489,-11.014,49.0,6.25,0.0,0.0,16.983,30.736,0.021,0.032,0.003,0.597
11200,성동구,2023-01-04,81.6,81.6,좋음,"실외 활동에 좋은 날씨예요 · 쌀쌀해요, 옷 챙기세요",해로움,적합,적합,적합,주의,3.357,-7.16,51.4,6.039,0.0,0.0,23.117,36.247,0.02,0.043,0.004,0.716
11200,성동구,2023-01-05,81.2,81.2,좋음,"실외 활동에 좋은 날씨예요 · 쌀쌀해요, 옷 챙기세요",해로움,적합,적합,적합,해로움,3.314,-6.276,58.1,4.314,0.0,0.0,36.083,50.298,0.009,0.054,0.004,0.946
11200,성동구,2023-01-06,70.8,70.8,좋음,"실외 활동에 좋은 날씨예요 · 쌀쌀해요, 옷 챙기세요",해로움,주의,적합,적합,해로움,5.386,-6.396,71.9,5.882,3.55,0.0,61.521,77.725,0.019,0.049,0.004,0.911
11200,성동구,2023-01-07,55.0,68.6,주의,"⚠️ 미세먼지 매우 나쁨, 마스크 착용 — 실외 활동에 주의하세요",해로움,해로움,적합,적합,위험,4.311,-3.223,80.9,6.671,0.057,0.0,89.602,120.404,0.03,0.031,0.003,0.963
11200,성동구,2023-01-08,75.0,75.0,좋음,실외 활동에 좋은 날씨예요 · 미세먼지 주의,해로움,주의,적합,적합,해로움,5.586,-4.468,69.3,4.154,0.0,0.0,58.944,131.286,0.019,0.038,0.003,0.866
11200,성동구,2023-01-09,79.4,79.4,좋음,실외 활동에 좋은 날씨예요 · 미세먼지 주의,해로움,주의,적합,적합,해로움,7.254,-3.053,60.1,6.768,0.0,0.0,40.406,93.473,0.026,0.033,0.004,0.688
11200,성동구,2023-01-10,82.7,82.7,좋음,실외 활동에 좋은 날씨예요,해로움,적합,적합,적합,주의,8.139,-4.371,59.9,3.921,0.0,0.0,33.452,62.129,0.021,0.046,0.004,0.777
11200,성동구,2023-01-11,80.8,80.8,좋음,실외 활동에 좋은 날씨예요 · 미세먼지 주의,해로움,주의,적합,적합,해로움,8.571,-2.907,61.9,4.15,0.0,0.0,48.582,75.299,0.009,0.062,0.004,1.022
11200,성동구,2023-01-12,82.1,82.1,좋음,실외 활동에 좋은 날씨예요 · 미세먼지 주의,해로움,적합,적합,적합,해로움,12.639,-1.945,46.6,4.4,0.0,0.0,44.727,65.947,0.011,0.057,0.004,0.929
11200,성동구,2023-01-13,60.6,60.6,무난,"실외 활동하기 무난해요 — 비 많음, 우산 필수",주의,위험,적합,주의,주의,9.6,3.291,99.1,6.693,31.868,0.0,13.506,21.878,0.013,0.038,0.004,0.753
11200,성동구,2023-01-14,75.7,75.7,좋음,실외 활동에 좋은 날씨예요,주의,해로움,적합,적합,적합,7.918,2.692,92.9,6.75,2.129,0.0,8.097,12.915,0.02,0.025,0.003,0.62
11200,성동구,2023-01-15,70.7,70.7,좋음,실외 활동에 좋은 날씨예요,해로움,해로움,적합,적합,적합,3.733,-5.376,93.9,6.378,3.168,0.0,10.498,14.572,0.024,0.015,0.002,0.423
11200,성동구,2023-01-16,81.5,81.5,좋음,"실외 활동에 좋은 날씨예요 · 쌀쌀해요, 옷 챙기세요",해로움,주의,적합,적합,적합,-1.169,-9.592,63.1,6.348,0.018,0.0,12.798,22.665,0.025,0.019,0.003,0.426
11200,성동구,2023-01-17,82.0,82.0,좋음,"실외 활동에 좋은 날씨예요 · 쌀쌀해요, 옷 챙기세요",해로움,주의,적합,적합,주의,-0.311,-7.57,65.1,4.379,0.0,0.0,17.754,33.358,0.018,0.035,0.003,0.568
11200,성동구,2023-01-18,81.5,81.5,좋음,"실외 활동에 좋은 날씨예요 · 쌀쌀해요, 옷 챙기세요",해로움,주의,적합,적합,주의,2.546,-6.145,60.5,6.154,0.0,0.0,24.488,54.329,0.025,0.033,0.003,0.616
11200,성동구,2023-01-19,74.6,74.6,좋음,"실외 활동에 좋은 날씨예요 · 쌀쌀해요, 옷 챙기세요",해로움,주의,주의,적합,주의,4.621,-8.042,69.3,8.05,1.143,0.0,25.078,62.989,0.026,0.036,0.003,0.665
11200,성동구,2023-01-20,73.7,73.7,좋음,"실외 활동에 좋은 날씨예요 · 쌀쌀해요, 옷 챙기세요",해로움,적합,주의,적합,해로움,2.757,-11.87,52.4,10.939,0.0,0.0,16.669,65.149,0.028,0.016,0.003,0.402
11200,성동구,2023-01-21,83.0,83.0,좋음,"실외 활동에 좋은 날씨예요 · 쌀쌀해요, 옷 챙기세요",해로움,적합,적합,적합,적합,1.007,-11.507,55.4,4.646,0.0,0.0,10.952,24.885,0.022,0.025,0.003,0.466
11200,성동구,2023-01-22,84.1,84.1,좋음,실외 활동에 좋은 날씨예요,해로움,주의,적합,적합,주의,2.754,-4.588,62.8,5.55,0.018,0.0,12.579,27.652,0.021,0.026,0.003,0.459
11200,성동구,2023-01-23,75.1,75.1,좋음,"실외 활동에 좋은 날씨예요 · 쌀쌀해요, 옷 챙기세요",해로움,주의,주의,적합,주의,4.768,-9.887,66.6,8.889,0.0,0.0,29.523,54.603,0.031,0.025,0.003,0.601
11200,성동구,2023-01-24,55.0,72.2,주의,"⚠️ 한파, 한랭질환 주의 — 실외 활동에 주의하세요",위험,적합,주의,적합,주의,-6.663,-24.201,51.9,11.504,0.0,0.0,9.889,28.064,0.03,0.008,0.002,0.346
11200,성동구,2023-01-25,55.0,78.2,주의,"⚠️ 한파, 한랭질환 주의 — 실외 활동에 주의하세요",위험,적합,적합,적합,적합,-5.978,-20.227,45.1,5.914,0.0,0.0,9.052,22.62,0.027,0.025,0.003,0.449
11200,성동구,2023-01-26,74.3,74.3,좋음,"실외 활동에 좋은 날씨예요 · 쌀쌀해요, 옷 챙기세요",해로움,해로움,적합,적합,주의,-3.368,-11.377,80.1,5.0,0.082,0.0,19.78,30.948,0.009,0.035,0.003,0.546
11200,성동구,2023-01-27,55.0,75.8,주의,"⚠️ 한파, 한랭질환 주의 — 실외 활동에 주의하세요",위험,적합,주의,적합,주의,-3.543,-14.196,56.5,11.175,0.0,0.0,19.453,40.183,0.028,0.019,0.003,0.496
11200,성동구,2023-01-28,55.0,77.7,주의,"⚠️ 한파, 한랭질환 주의 — 실외 활동에 주의하세요",위험,적합,적합,적합,주의,-0.661,-14.605,54.9,7.686,0.0,0.0,12.504,38.421,0.025,0.02,0.003,0.431
11200,성동구,2023-01-29,77.0,77.0,좋음,"실외 활동에 좋은 날씨예요 · 쌀쌀해요, 옷 챙기세요",해로움,적합,주의,적합,주의,4.782,-11.548,58.3,9.604,0.0,0.0,14.876,46.043,0.028,0.024,0.003,0.528
11200,성동구,2023-01-30,81.3,81.3,좋음,"실외 활동에 좋은 날씨예요 · 쌀쌀해요, 옷 챙기세요",해로움,적합,적합,적합,주의,4.186,-6.438,55.9,7.346,0.0,0.0,16.241,43.708,0.028,0.028,0.003,0.533
11200,성동구,2023-01-31,77.9,77.9,좋음,"실외 활동에 좋은 날씨예요 · 쌀쌀해요, 옷 챙기세요",해로움,주의,주의,적합,주의,8.171,-6.176,69.1,8.529,0.0,0.0,16.213,38.51,0.031,0.036,0.003,0.557
11200,성동구,2023-02-01,75.1,75.1,좋음,실외 활동에 좋은 날씨예요,해로움,주의,주의,적합,해로움,5.9,-5.475,68.4,9.432,0.0,0.0,35.435,64.952,0.034,0.024,0.003,0.562
11200,성동구,2023-02-02,81.6,81.6,좋음,"실외 활동에 좋은 날씨예요 · 쌀쌀해요, 옷 챙기세요",해로움,적합,적합,적합,주의,1.339,-7.676,50.3,6.186,0.0,0.0,16.018,43.416,0.026,0.022,0.003,0.445
11200,성동구,2023-02-03,83.2,83.2,좋음,실외 활동에 좋은 날씨예요,해로움,적합,적합,적합,주의,3.482,-5.956,47.4,5.864,0.0,0.0,19.102,40.677,0.024,0.028,0.003,0.515
11200,성동구,2023-02-04,81.2,81.2,좋음,"실외 활동에 좋은 날씨예요 · 쌀쌀해요, 옷 챙기세요",해로움,적합,적합,적합,주의,5.639,-6.543,49.8,6.607,0.0,0.0,25.967,41.372,0.029,0.034,0.003,0.606
11200,성동구,2023-02-05,75.3,75.3,좋음,실외 활동에 좋은 날씨예요 · 미세먼지 주의,해로움,주의,적합,적합,해로움,7.2,-4.395,71.0,6.111,0.0,0.0,49.941,66.644,0.04,0.041,0.003,0.801
11200,성동구,2023-02-06,76.1,76.1,좋음,실외 활동에 좋은 날씨예요 · 미세먼지 주의,해로움,주의,적합,적합,해로움,8.339,-2.562,72.3,4.329,0.0,0.0,59.373,79.51,0.03,0.049,0.003,0.874
11200,성동구,2023-02-07,75.9,75.9,좋음,실외 활동에 좋은 날씨예요 · 미세먼지 주의,해로움,주의,적합,적합,해로움,8.95,-1.749,72.9,4.618,0.0,0.0,60.476,80.347,0.024,0.049,0.003,0.868
11200,성동구,2023-02-08,78.6,78.6,좋음,실외 활동에 좋은 날씨예요 · 미세먼지 주의,해로움,주의,적합,적합,해로움,8.054,-3.434,62.1,6.779,0.0,0.0,48.205,67.561,0.033,0.034,0.003,0.732
11200,성동구,2023-02-09,81.8,81.8,좋음,실외 활동에 좋은 날씨예요,해로움,적합,적합,적합,주의,9.636,-5.195,49.9,7.318,0.0,0.0,23.23,37.578,0.03,0.032,0.003,0.535
11200,성동구,2023-02-10,78.9,78.9,좋음,실외 활동에 좋은 날씨예요,해로움,주의,적합,적합,주의,6.811,-0.579,79.6,6.282,0.396,0.0,16.82,22.843,0.031,0.025,0.003,0.434
11200,성동구,2023-02-11,78.6,78.6,좋음,실외 활동에 좋은 날씨예요,해로움,주의,적합,적합,해로움,8.254,-2.21,73.0,4.261,0.0,0.0,35.286,45.659,0.02,0.041,0.003,0.692
11200,성동구,2023-02-12,76.3,76.3,좋음,실외 활동에 좋은 날씨예요 · 미세먼지 주의,해로움,주의,적합,적합,해로움,7.796,-2.152,70.0,5.711,0.0,0.0,56.733,69.831,0.028,0.036,0.003,0.793
11200,성동구,2023-02-13,83.9,83.9,좋음,실외 활동에 좋은 날씨예요,주의,주의,적합,적합,주의,8.654,0.895,66.5,5.811,0.0,0.0,23.172,34.228,0.03,0.028,0.003,0.591
11200,성동구,2023-02-14,82.6,82.6,좋음,실외 활동에 좋은 날씨예요,해로움,적합,적합,적합,주의,6.354,-4.473,54.9,6.532,0.0,0.0,23.948,38.808,0.03,0.022,0.003,0.512
11200,성동구,2023-02-15,85.0,85.0,아주좋음,실외 활동하기 아주 좋은 날씨예요,해로움,적합,적합,적합,주의,8.143,-2.948,46.4,6.525,0.0,0.0,9.967,18.532,0.031,0.024,0.003,0.387
11200,성동구,2023-02-16,80.7,80.7,좋음,실외 활동에 좋은 날씨예요,해로움,주의,적합,적합,주의,5.243,-2.941,68.3,7.504,0.0,0.0,18.715,28.658,0.032,0.028,0.003,0.433
11200,성동구,2023-02-17,80.7,80.7,좋음,실외 활동에 좋은 날씨예요,해로움,주의,적합,적합,주의,9.489,-2.191,67.8,4.446,0.0,0.0,32.621,46.823,0.025,0.044,0.003,0.613
11200,성동구,2023-02-18,83.5,83.5,좋음,실외 활동에 좋은 날씨예요 · 미세먼지 주의,주의,적합,적합,적합,해로움,8.143,2.352,58.3,3.321,0.0,0.0,63.853,84.016,0.011,0.054,0.003,0.864
11200,성동구,2023-02-19,79.2,79.2,좋음,실외 활동에 좋은 날씨예요,해로움,적합,주의,적합,주의,6.607,-2.629,56.1,9.868,0.246,0.0,33.166,47.975,0.039,0.02,0.003,0.474
11200,성동구,2023-02-20,78.8,78.8,좋음,"실외 활동에 좋은 날씨예요 · 쌀쌀해요, 옷 챙기세요",해로움,적합,주의,적합,주의,2.982,-6.787,46.4,10.464,0.0,0.0,9.426,38.882,0.034,0.018,0.003,0.355
11200,성동구,2023-02-21,83.1,83.1,좋음,"실외 활동에 좋은 날씨예요 · 쌀쌀해요, 옷 챙기세요",해로움,적합,적합,적합,주의,4.382,-7.42,42.4,5.929,0.0,0.0,15.581,32.036,0.031,0.025,0.003,0.412
11200,성동구,2023-02-22,81.6,81.6,좋음,실외 활동에 좋은 날씨예요,해로움,적합,적합,적합,주의,7.768,-5.904,50.6,6.289,0.0,0.0,26.501,43.361,0.028,0.041,0.004,0.568
11200,성동구,2023-02-23,81.4,81.4,좋음,실외 활동에 좋은 날씨예요,해로움,주의,적합,적합,주의,9.1,-3.03,65.5,6.275,0.0,0.0,24.513,41.69,0.034,0.031,0.003,0.496
11200,성동구,2023-02-24,80.5,80.5,좋음,실외 활동에 좋은 날씨예요,해로움,적합,주의,적합,주의,8.743,-2.738,57.9,9.136,0.0,0.0,29.521,51.425,0.038,0.025,0.003,0.486
11200,성동구,2023-02-25,82.3,82.3,좋음,실외 활동에 좋은 날씨예요,해로움,적합,적합,적합,주의,5.757,-5.448,44.0,7.579,0.0,0.0,18.375,38.14,0.036,0.017,0.003,0.419
11200,성동구,2023-02-26,83.7,83.7,좋음,실외 활동에 좋은 날씨예요,해로움,적합,적합,적합,주의,8.818,-4.736,46.6,5.768,0.0,0.0,21.115,36.974,0.038,0.024,0.003,0.504
11200,성동구,2023-02-27,82.2,82.2,좋음,실외 활동에 좋은 날씨예요,해로움,적합,적합,적합,주의,11.968,-2.828,47.4,6.154,0.0,0.0,31.071,49.052,0.03,0.046,0.004,0.657
11200,성동구,2023-02-28,81.7,81.7,좋음,실외 활동에 좋은 날씨예요,해로움,주의,적합,적합,주의,8.771,-2.298,63.4,7.1,0.0,0.0,24.758,37.591,0.035,0.04,0.003,0.602
11200,성동구,2023-03-01,84.4,84.4,좋음,실외 활동에 좋은 날씨예요,주의,적합,주의,적합,주의,9.414,0.968,54.4,10.482,0.0,0.0,18.272,35.579,0.042,0.021,0.003,0.396
11200,성동구,2023-03-02,79.5,79.5,좋음,실외 활동에 좋은 날씨예요,해로움,주의,주의,적합,주의,6.625,-3.829,37.8,8.993,0.0,0.0,10.994,52.585,0.037,0.018,0.003,0.353
11200,성동구,2023-03-03,81.5,81.5,좋음,실외 활동에 좋은 날씨예요,해로움,주의,적합,적합,주의,10.225,-3.334,65.0,7.586,0.0,0.0,16.698,40.52,0.035,0.03,0.003,0.471
11200,성동구,2023-03-04,83.5,83.5,좋음,실외 활동에 좋은 날씨예요 · 미세먼지 주의,주의,주의,적합,적합,해로움,13.796,2.423,68.4,5.286,0.0,0.0,41.031,69.724,0.039,0.035,0.003,0.602
11200,성동구,2023-03-05,84.2,84.2,좋음,실외 활동에 좋은 날씨예요 · 미세먼지 주의,주의,적합,적합,적합,해로움,15.243,1.247,54.0,5.986,0.0,0.0,48.529,73.034,0.054,0.037,0.003,0.671
11200,성동구,2023-03-06,84.4,84.4,좋음,실외 활동에 좋은 날씨예요,주의,적합,적합,적합,주의,16.061,0.737,41.9,7.039,0.0,0.0,32.719,56.192,0.052,0.046,0.004,0.628
11200,성동구,2023-03-07,88.5,88.5,아주좋음,실외 활동하기 아주 좋은 날씨예요,주의,주의,적합,적합,주의,18.832,5.298,60.9,6.521,0.0,0.0,32.954,63.513,0.049,0.04,0.004,0.602
11200,성동구,2023-03-08,87.2,87.2,아주좋음,실외 활동하기 아주 좋은 날씨예요,주의,주의,적합,적합,주의,18.136,6.72,66.3,7.371,0.829,0.0,30.516,64.127,0.049,0.038,0.004,0.599
11200,성동구,2023-03-09,77.1,77.1,좋음,실외 활동에 좋은 날씨예요 · 미세먼지 주의,주의,해로움,적합,적합,해로움,13.511,5.946,85.9,7.257,3.579,0.0,42.593,64.168,0.039,0.035,0.003,0.6
11200,성동구,2023-03-10,85.6,85.6,아주좋음,실외 활동하기 아주 좋은 날씨예요 · 미세먼지 주의,주의,주의,적합,적합,해로움,22.264,4.189,62.1,6.121,0.0,0.0,54.161,94.804,0.046,0.041,0.004,0.756
11200,성동구,2023-03-11,89.0,89.0,아주좋음,실외 활동하기 아주 좋은 날씨예요 · 미세먼지 주의,적합,적합,주의,적합,해로움,23.046,9.105,52.0,8.118,0.0,0.0,51.863,99.708,0.066,0.038,0.004,0.726
11200,성동구,2023-03-12,74.1,74.1,좋음,"실외 활동에 좋은 날씨예요 · 비 소식, 우산 챙기세요",해로움,주의,주의,적합,주의,12.296,-2.193,68.0,12.025,5.254,0.0,24.366,54.633,0.061,0.014,0.003,0.48
11200,성동구,2023-03-13,80.7,80.7,좋음,실외 활동에 좋은 날씨예요,해로움,주의,주의,적합,주의,7.386,-4.306,38.9,9.671,0.0,0.0,8.14,34.256,0.037,0.017,0.003,0.338
11200,성동구,2023-03-14,83.9,83.9,좋음,실외 활동에 좋은 날씨예요,주의,적합,주의,적합,주의,15.471,0.872,45.9,9.711,0.0,0.0,10.068,41.644,0.043,0.023,0.003,0.399
11200,성동구,2023-03-15,81.8,81.8,좋음,실외 활동에 좋은 날씨예요,주의,주의,주의,적합,주의,15.189,1.604,66.6,10.007,0.0,0.0,12.574,48.416,0.036,0.026,0.003,0.467
11200,성동구,2023-03-16,80.5,80.5,좋음,실외 활동에 좋은 날씨예요,해로움,주의,적합,적합,해로움,9.5,-1.355,36.8,7.818,0.0,0.0,10.74,59.482,0.036,0.018,0.003,0.381
11200,성동구,2023-03-17,84.0,84.0,좋음,실외 활동에 좋은 날씨예요,해로움,주의,적합,적합,주의,12.732,-0.377,34.3,4.982,0.0,0.0,15.297,43.153,0.03,0.026,0.003,0.464
11200,성동구,2023-03-18,84.7,84.7,좋음,실외 활동에 좋은 날씨예요,주의,적합,적합,적합,주의,14.268,1.289,46.4,7.982,0.0,0.0,28.828,60.909,0.045,0.023,0.003,0.562
11200,성동구,2023-03-19,82.4,82.4,좋음,실외 활동에 좋은 날씨예요 · 미세먼지 주의,주의,적합,적합,적합,해로움,15.029,0.663,59.6,6.55,0.0,0.0,60.276,94.575,0.057,0.028,0.003,0.749
11200,성동구,2023-03-20,83.5,83.5,좋음,실외 활동에 좋은 날씨예요 · 미세먼지 주의,주의,적합,적합,적합,해로움,16.664,1.495,50.4,6.039,0.0,0.0,60.179,86.071,0.044,0.045,0.003,0.786
11200,성동구,2023-03-21,86.6,86.6,아주좋음,실외 활동하기 아주 좋은 날씨예요 · 미세먼지 주의,주의,주의,적합,적합,해로움,21.436,4.114,35.1,4.754,0.0,0.0,37.539,65.016,0.053,0.051,0.004,0.707
11200,성동구,2023-03-22,91.0,91.0,아주좋음,실외 활동하기 아주 좋은 날씨예요 · 미세먼지 주의,주의,적합,적합,적합,해로움,24.757,7.806,44.8,5.818,0.0,0.0,36.877,68.721,0.055,0.046,0.004,0.732
11200,성동구,2023-03-23,87.7,87.7,아주좋음,실외 활동하기 아주 좋은 날씨예요 · 미세먼지 주의,적합,적합,적합,적합,위험,23.643,12.043,48.9,7.836,0.0,0.0,29.111,113.105,0.047,0.023,0.003,0.528
11200,성동구,2023-03-24,84.6,84.6,좋음,실외 활동에 좋은 날씨예요 · 미세먼지 주의,주의,주의,적합,적합,위험,18.007,6.758,36.8,5.743,0.0,0.0,25.799,138.101,0.034,0.024,0.003,0.475
11200,성동구,2023-03-25,87.0,87.0,아주좋음,실외 활동하기 아주 좋은 날씨예요 · 미세먼지 주의,주의,적합,적합,적합,해로움,18.257,6.704,59.9,6.511,0.0,0.0,26.458,100.257,0.043,0.021,0.003,0.459
11200,성동구,2023-03-26,81.6,81.6,좋음,실외 활동에 좋은 날씨예요,주의,주의,주의,적합,주의,14.521,2.272,34.0,9.636,0.0,0.0,15.373,59.064,0.046,0.012,0.003,0.37
11200,성동구,2023-03-27,84.4,84.4,좋음,실외 활동에 좋은 날씨예요,주의,적합,주의,적합,주의,14.039,0.096,44.8,8.293,0.0,0.0,20.27,47.9,0.05,0.023,0.003,0.434
11200,성동구,2023-03-28,85.9,85.9,아주좋음,실외 활동하기 아주 좋은 날씨예요,주의,적합,적합,적합,주의,15.521,1.96,53.3,6.586,0.0,0.0,28.636,66.71,0.052,0.033,0.003,0.505
11200,성동구,2023-03-29,86.7,86.7,아주좋음,실외 활동하기 아주 좋은 날씨예요 · 미세먼지 주의,주의,적합,적합,적합,해로움,19.804,3.92,50.3,6.764,0.0,0.0,38.374,80.649,0.052,0.038,0.004,0.585
11200,성동구,2023-03-30,87.8,87.8,아주좋음,실외 활동하기 아주 좋은 날씨예요 · 미세먼지 주의,주의,적합,적합,적합,해로움,21.271,5.225,42.5,6.9,0.0,0.0,39.399,80.54,0.064,0.04,0.004,0.622
11200,성동구,2023-03-31,88.8,88.8,아주좋음,실외 활동하기 아주 좋은 날씨예요 · 미세먼지 주의,주의,적합,적합,적합,해로움,23.554,6.613,42.5,6.129,0.0,0.0,47.766,99.122,0.069,0.042,0.004,0.628
11200,성동구,2023-04-01,90.0,90.0,아주좋음,실외 활동하기 아주 좋은 날씨예요 · 미세먼지 주의,주의,적합,적합,적합,해로움,25.407,8.528,40.4,6.425,0.0,0.0,49.21,89.14,0.08,0.041,0.004,0.647
11200,성동구,2023-04-02,87.7,87.7,아주좋음,실외 활동하기 아주 좋은 날씨예요,적합,주의,적합,적합,주의,24.707,11.729,29.6,7.604,0.0,0.0,30.048,47.454,0.062,0.024,0.003,0.468
11200,성동구,2023-04-03,87.2,87.2,아주좋음,실외 활동하기 아주 좋은 날씨예요,적합,주의,적합,적합,주의,25.529,10.698,29.4,7.504,0.0,0.0,31.725,49.147,0.065,0.029,0.003,0.462
11200,성동구,2023-04-04,86.8,86.8,아주좋음,"실외 활동하기 아주 좋은 날씨예요 · 비 소식, 우산 챙기세요",적합,적합,주의,적합,주의,21.689,12.143,40.4,9.525,7.211,0.111,20.443,37.224,0.05,0.022,0.003,0.391
11200,성동구,2023-04-05,60.0,60.0,무난,"실외 활동하기 무난해요 — 비 많음, 우산 필수",주의,위험,주의,주의,주의,14.986,7.302,97.8,8.843,45.207,0.321,11.866,18.096,0.043,0.017,0.002,0.437
11200,성동구,2023-04-06,74.9,74.9,좋음,실외 활동에 좋은 날씨예요 · 미세먼지 주의,주의,해로움,적합,적합,해로움,10.136,6.194,94.6,6.329,2.489,0.054,52.58,62.249,0.043,0.021,0.002,0.696
11200,성동구,2023-04-07,81.6,81.6,좋음,실외 활동에 좋은 날씨예요 · 미세먼지 주의,주의,주의,주의,적합,해로움,15.764,2.581,65.0,10.454,0.0,0.0,41.766,73.442,0.046,0.021,0.003,0.503
11200,성동구,2023-04-08,83.7,83.7,좋음,실외 활동에 좋은 날씨예요,주의,적합,주의,적합,주의,15.104,0.915,51.1,10.143,0.0,0.0,7.601,39.671,0.043,0.017,0.003,0.341
11200,성동구,2023-04-09,84.3,84.3,좋음,실외 활동에 좋은 날씨예요,주의,적합,주의,적합,주의,18.082,2.222,56.8,8.889,0.0,0.0,15.734,59.392,0.057,0.019,0.003,0.445
11200,성동구,2023-04-10,87.4,87.4,아주좋음,실외 활동하기 아주 좋은 날씨예요,주의,적합,주의,적합,주의,19.411,4.888,50.8,9.782,0.0,0.0,17.79,46.164,0.059,0.025,0.003,0.443
11200,성동구,2023-04-11,81.1,81.1,좋음,실외 활동에 좋은 날씨예요,적합,주의,주의,적합,해로움,17.707,9.244,73.4,13.264,1.729,0.093,19.215,68.374,0.051,0.019,0.003,0.359
11200,성동구,2023-04-12,55.0,78.6,주의,"⚠️ 미세먼지 매우 나쁨, 마스크 착용 — 실외 활동에 주의하세요",주의,적합,주의,적합,위험,15.786,3.169,45.1,9.825,0.0,0.0,29.49,263.464,0.04,0.023,0.003,0.362
11200,성동구,2023-04-13,55.0,82.8,주의,"⚠️ 미세먼지 매우 나쁨, 마스크 착용 — 실외 활동에 주의하세요",주의,적합,적합,적합,위험,17.907,4.923,45.0,5.711,0.0,0.0,26.712,189.158,0.035,0.034,0.003,0.481
11200,성동구,2023-04-14,89.1,89.1,아주좋음,실외 활동하기 아주 좋은 날씨예요 · 미세먼지 주의,적합,적합,적합,적합,해로움,21.936,11.043,58.6,6.707,0.0,0.0,19.777,92.58,0.052,0.032,0.003,0.49
11200,성동구,2023-04-15,82.3,82.3,좋음,실외 활동에 좋은 날씨예요,주의,해로움,적합,적합,주의,17.004,8.379,81.8,6.707,2.896,0.129,20.507,59.384,0.041,0.023,0.003,0.463
11200,성동구,2023-04-16,80.9,80.9,좋음,실외 활동에 좋은 날씨예요 · 미세먼지 주의,주의,주의,주의,적합,위험,16.496,6.161,71.4,9.539,0.036,0.0,30.234,106.532,0.047,0.015,0.002,0.434
11200,성동구,2023-04-17,86.7,86.7,아주좋음,실외 활동하기 아주 좋은 날씨예요 · 미세먼지 주의,주의,적합,적합,적합,해로움,18.679,5.757,59.0,6.004,0.0,0.0,28.409,100.273,0.052,0.025,0.003,0.459
11200,성동구,2023-04-18,86.6,86.6,아주좋음,실외 활동하기 아주 좋은 날씨예요,적합,주의,적합,적합,주의,18.332,9.875,78.6,6.461,1.5,0.021,17.283,43.33,0.043,0.022,0.002,0.483
11200,성동구,2023-04-19,86.1,86.1,아주좋음,실외 활동하기 아주 좋은 날씨예요,주의,주의,적합,적합,주의,28.703,11.105,66.1,6.95,0.0,0.0,17.65,36.698,0.06,0.023,0.003,0.485
11200,성동구,2023-04-20,83.0,83.0,좋음,실외 활동에 좋은 날씨예요,적합,해로움,적합,적합,주의,18.65,14.068,92.1,6.825,0.161,0.018,12.865,24.241,0.05,0.019,0.002,0.422
11200,성동구,2023-04-21,91.6,91.6,아주좋음,실외 활동하기 아주 좋은 날씨예요,적합,적합,적합,적합,주의,23.093,11.377,50.4,7.489,0.0,0.0,14.267,55.817,0.047,0.015,0.003,0.371
11200,성동구,2023-04-22,84.9,84.9,좋음,실외 활동에 좋은 날씨예요,적합,주의,적합,적합,주의,22.214,12.475,22.9,7.4,0.0,0.0,11.99,54.172,0.046,0.015,0.003,0.31
11200,성동구,2023-04-23,89.7,89.7,아주좋음,실외 활동하기 아주 좋은 날씨예요,적합,주의,적합,적합,주의,22.236,10.27,34.1,6.911,0.0,0.0,14.684,53.049,0.052,0.017,0.003,0.365
11200,성동구,2023-04-24,91.7,91.7,아주좋음,실외 활동하기 아주 좋은 날씨예요,적합,적합,적합,적합,주의,20.861,10.805,40.5,7.764,0.0,0.0,15.352,50.941,0.051,0.018,0.003,0.35
11200,성동구,2023-04-25,90.3,90.3,아주좋음,실외 활동하기 아주 좋은 날씨예요,주의,주의,적합,적합,주의,13.343,8.311,68.6,6.375,0.425,0.014,15.005,33.241,0.042,0.023,0.003,0.387
11200,성동구,2023-04-26,86.7,86.7,아주좋음,실외 활동하기 아주 좋은 날씨예요,주의,주의,주의,적합,주의,13.521,5.399,69.9,8.336,0.0,0.0,13.169,27.965,0.04,0.016,0.002,0.362
11200,성동구,2023-04-27,89.1,89.1,아주좋음,실외 활동하기 아주 좋은 날씨예요,주의,주의,적합,적합,주의,20.593,4.526,61.6,6.014,0.0,0.0,21.076,38.118,0.057,0.029,0.003,0.49
11200,성동구,2023-04-28,89.3,89.3,아주좋음,실외 활동하기 아주 좋은 날씨예요,주의,주의,적합,적합,주의,21.804,7.761,62.0,7.793,1.8,0.061,16.545,35.942,0.055,0.029,0.003,0.49
11200,성동구,2023-04-29,71.0,71.0,좋음,"실외 활동에 좋은 날씨예요 · 비 소식, 우산 챙기세요",적합,해로움,주의,주의,주의,15.618,9.751,88.1,9.557,24.361,0.175,12.242,26.967,0.043,0.015,0.002,0.404
11200,성동구,2023-04-30,85.2,85.2,아주좋음,실외 활동하기 아주 좋은 날씨예요,주의,주의,주의,적합,주의,18.539,6.526,72.9,8.868,0.468,0.004,13.088,38.878,0.058,0.012,0.003,0.361
11200,성동구,2023-05-01,91.4,91.4,아주좋음,실외 활동하기 아주 좋은 날씨예요,주의,적합,주의,적합,주의,20.9,8.682,57.0,8.711,0.0,0.0,16.577,42.85,0.052,0.016,0.003,0.373
11200,성동구,2023-05-02,92.8,92.8,아주좋음,실외 활동하기 아주 좋은 날씨예요,주의,적합,적합,적합,주의,24.246,8.531,40.5,6.118,0.0,0.0,12.65,32.441,0.054,0.03,0.003,0.427
11200,성동구,2023-05-03,92.0,92.0,아주좋음,실외 활동하기 아주 좋은 날씨예요,주의,적합,적합,적합,주의,26.286,11.832,52.5,7.186,0.0,0.0,17.134,40.783,0.061,0.028,0.003,0.44
11200,성동구,2023-05-04,91.1,91.1,아주좋음,실외 활동하기 아주 좋은 날씨예요,주의,주의,적합,적합,주의,26.018,15.121,65.5,6.525,0.0,0.0,21.725,43.192,0.055,0.021,0.003,0.387
11200,성동구,2023-05-05,69.1,69.1,무난,"실외 활동하기 무난해요 — 비 소식, 우산 챙기세요",적합,위험,주의,주의,주의,21.396,15.343,95.3,8.596,25.382,0.332,4.677,11.406,0.042,0.013,0.002,0.352
11200,성동구,2023-05-06,63.4,63.4,무난,"실외 활동하기 무난해요 — 비 많음, 우산 필수",적합,해로움,주의,주의,주의,15.486,11.171,85.6,11.65,46.571,0.332,8.061,14.072,0.043,0.009,0.002,0.322
11200,성동구,2023-05-07,92.8,92.8,아주좋음,실외 활동하기 아주 좋은 날씨예요,적합,적합,적합,적합,주의,18.404,10.22,47.1,6.971,0.071,0.0,24.061,32.195,0.044,0.014,0.002,0.351
11200,성동구,2023-05-08,91.2,91.2,아주좋음,실외 활동하기 아주 좋은 날씨예요,주의,적합,적합,적합,주의,22.5,6.968,55.3,7.039,0.0,0.0,22.568,36.203,0.052,0.028,0.003,0.431
11200,성동구,2023-05-09,91.2,91.2,아주좋음,실외 활동하기 아주 좋은 날씨예요,주의,적합,적합,적합,주의,24.336,8.957,55.4,7.439,0.0,0.0,28.58,51.014,0.075,0.032,0.003,0.497
11200,성동구,2023-05-10,91.9,91.9,아주좋음,실외 활동하기 아주 좋은 날씨예요,주의,적합,적합,적합,주의,26.311,10.109,53.3,5.518,0.0,0.0,31.565,55.53,0.068,0.032,0.004,0.502
11200,성동구,2023-05-11,90.1,90.1,아주좋음,실외 활동하기 아주 좋은 날씨예요,주의,적합,적합,적합,주의,26.993,12.117,50.1,6.818,0.0,0.0,25.901,50.299,0.082,0.03,0.004,0.498
11200,성동구,2023-05-12,93.1,93.1,아주좋음,실외 활동하기 아주 좋은 날씨예요,적합,적합,적합,적합,주의,24.939,12.554,50.9,5.496,0.0,0.0,30.584,53.02,0.061,0.034,0.005,0.515
11200,성동구,2023-05-13,91.9,91.9,아주좋음,실외 활동하기 아주 좋은 날씨예요,적합,주의,적합,적합,주의,24.093,11.677,62.0,7.039,0.0,0.0,24.288,40.594,0.065,0.019,0.003,0.41
11200,성동구,2023-05-14,92.7,92.7,아주좋음,실외 활동하기 아주 좋은 날씨예요,적합,적합,적합,적합,주의,23.904,12.205,56.5,7.211,0.0,0.0,13.112,23.64,0.064,0.016,0.003,0.359
11200,성동구,2023-05-15,88.2,88.2,아주좋음,실외 활동하기 아주 좋은 날씨예요,주의,적합,적합,적합,주의,28.177,12.479,54.6,6.754,0.0,0.0,20.632,37.421,0.08,0.025,0.003,0.433
11200,성동구,2023-05-16,78.2,78.2,좋음,실외 활동에 좋은 날씨예요,주의,주의,적합,적합,해로움,31.577,16.571,51.9,7.575,0.0,0.0,31.293,57.416,0.096,0.025,0.003,0.513
11200,성동구,2023-05-17,82.3,82.3,좋음,실외 활동에 좋은 날씨예요,주의,주의,주의,적합,주의,29.156,17.439,63.6,10.418,0.0,0.0,14.575,35.878,0.063,0.016,0.003,0.395
11200,성동구,2023-05-18,86.7,86.7,아주좋음,실외 활동하기 아주 좋은 날씨예요,주의,주의,적합,적합,주의,26.638,18.293,74.8,7.754,0.814,0.046,18.218,35.014,0.039,0.017,0.003,0.377
11200,성동구,2023-05-19,89.5,89.5,아주좋음,실외 활동하기 아주 좋은 날씨예요,주의,주의,적합,적합,주의,27.597,16.611,61.4,6.929,0.0,0.0,12.311,23.072,0.051,0.016,0.002,0.349
11200,성동구,2023-05-20,88.0,88.0,아주좋음,실외 활동하기 아주 좋은 날씨예요,주의,주의,주의,적합,주의,26.743,16.021,66.9,9.121,0.0,0.0,14.172,24.69,0.061,0.015,0.003,0.37
11200,성동구,2023-05-21,85.5,85.5,아주좋음,실외 활동하기 아주 좋은 날씨예요,적합,주의,적합,적합,해로움,22.004,15.025,74.0,7.7,0.079,0.007,22.193,78.475,0.05,0.01,0.003,0.356
11200,성동구,2023-05-22,87.0,87.0,아주좋음,실외 활동하기 아주 좋은 날씨예요 · 미세먼지 주의,주의,주의,적합,적합,위험,26.046,15.368,61.3,6.089,0.536,0.0,30.188,127.451,0.049,0.02,0.003,0.414
11200,성동구,2023-05-23,90.0,90.0,아주좋음,실외 활동하기 아주 좋은 날씨예요,주의,적합,적합,적합,해로움,26.871,13.711,48.0,6.636,0.0,0.0,16.103,62.411,0.05,0.021,0.003,0.353
11200,성동구,2023-05-24,93.3,93.3,아주좋음,실외 활동하기 아주 좋은 날씨예요,적합,적합,적합,적합,주의,25.864,14.393,49.8,5.696,0.0,0.0,17.088,39.854,0.063,0.029,0.004,0.448
11200,성동구,2023-05-25,89.6,89.6,아주좋음,실외 활동하기 아주 좋은 날씨예요,주의,적합,주의,적합,주의,27.467,14.932,46.6,8.046,0.0,0.0,13.573,34.126,0.062,0.02,0.003,0.36
11200,성동구,2023-05-26,89.9,89.9,아주좋음,실외 활동하기 아주 좋은 날씨예요,주의,적합,적합,적합,주의,27.209,15.321,57.4,7.286,0.304,0.018,13.725,33.25,0.07,0.02,0.003,0.37
11200,성동구,2023-05-27,72.6,72.6,좋음,"실외 활동에 좋은 날씨예요 · 비 소식, 우산 챙기세요",적합,해로움,적합,주의,주의,20.9,17.675,87.4,4.486,29.975,0.207,15.328,28.771,0.044,0.022,0.003,0.457
11200,성동구,2023-05-28,64.7,64.7,무난,"실외 활동하기 무난해요 — 비 많음, 우산 필수",적합,위험,적합,주의,적합,20.314,17.986,98.9,7.121,41.993,0.175,5.146,9.925,0.021,0.013,0.002,0.35
11200,성동구,2023-05-29,80.1,80.1,좋음,실외 활동에 좋은 날씨예요,주의,해로움,적합,적합,주의,28.994,18.75,83.4,4.504,3.779,0.05,7.142,14.915,0.036,0.017,0.002,0.41
11200,성동구,2023-05-30,84.4,84.4,좋음,실외 활동에 좋은 날씨예요,주의,주의,적합,적합,주의,28.916,19.7,69.5,6.967,0.0,0.0,19.408,36.854,0.041,0.019,0.003,0.442
11200,성동구,2023-05-31,87.5,87.5,아주좋음,실외 활동하기 아주 좋은 날씨예요,주의,주의,적합,적합,주의,28.291,18.504,60.8,6.429,0.0,0.0,13.352,28.356,0.062,0.018,0.003,0.371
11200,성동구,2023-06-01,93.3,93.3,아주좋음,실외 활동하기 아주 좋은 날씨예요,주의,주의,적합,적합,주의,26.561,19.261,66.9,4.861,0.0,0.0,21.911,39.202,0.063,0.023,0.003,0.455
11200,성동구,2023-06-02,90.2,90.2,아주좋음,실외 활동하기 아주 좋은 날씨예요,적합,주의,적합,적합,주의,25.486,17.518,77.4,6.304,0.0,0.0,17.101,32.024,0.054,0.018,0.003,0.394
11200,성동구,2023-06-03,87.3,87.3,아주좋음,실외 활동하기 아주 좋은 날씨예요,주의,주의,주의,적합,주의,28.242,16.314,60.1,9.293,0.0,0.0,13.911,34.264,0.064,0.017,0.003,0.381
11200,성동구,2023-06-04,88.5,88.5,아주좋음,실외 활동하기 아주 좋은 날씨예요,주의,주의,적합,적합,주의,28.324,15.754,61.0,7.4,0.0,0.0,17.957,36.738,0.076,0.013,0.003,0.403
11200,성동구,2023-06-05,89.1,89.1,아주좋음,실외 활동하기 아주 좋은 날씨예요,주의,주의,주의,적합,주의,26.289,16.875,66.9,9.354,0.0,0.0,14.67,30.482,0.061,0.017,0.003,0.365
11200,성동구,2023-06-06,89.6,89.6,아주좋음,실외 활동하기 아주 좋은 날씨예요,적합,주의,적합,적합,주의,25.704,16.529,72.9,7.789,0.036,0.0,10.33,20.91,0.062,0.012,0.003,0.31
11200,성동구,2023-06-07,91.7,91.7,아주좋음,실외 활동하기 아주 좋은 날씨예요,적합,주의,적합,적합,주의,25.375,18.418,75.3,5.486,0.0,0.0,19.33,34.953,0.057,0.018,0.003,0.416
11200,성동구,2023-06-08,84.3,84.3,좋음,"실외 활동에 좋은 날씨예요 · 비 소식, 우산 챙기세요",적합,해로움,적합,적합,주의,24.414,17.571,80.5,7.729,8.193,0.054,11.0,21.054,0.046,0.017,0.003,0.405
11200,성동구,2023-06-09,85.7,85.7,아주좋음,실외 활동하기 아주 좋은 날씨예요,주의,주의,적합,적합,주의,28.703,17.529,64.0,6.125,2.846,0.021,13.89,26.255,0.072,0.022,0.003,0.431
11200,성동구,2023-06-10,81.4,81.4,좋음,실외 활동에 좋은 날씨예요,주의,주의,주의,적합,주의,28.824,18.65,70.0,9.686,2.529,0.061,20.256,34.378,0.081,0.019,0.003,0.456
11200,성동구,2023-06-11,78.1,78.1,좋음,"실외 활동에 좋은 날씨예요 · 비 소식, 우산 챙기세요",주의,주의,적합,주의,주의,27.668,17.65,76.1,5.682,17.025,0.575,13.277,21.991,0.063,0.012,0.002,0.394
11200,성동구,2023-06-12,88.4,88.4,아주좋음,실외 활동하기 아주 좋은 날씨예요,주의,주의,적합,적합,주의,27.921,17.621,70.5,6.421,0.018,0.0,18.014,30.91,0.064,0.023,0.003,0.458
11200,성동구,2023-06-13,89.2,89.2,아주좋음,실외 활동하기 아주 좋은 날씨예요,주의,주의,적합,적합,주의,26.825,18.454,70.0,7.436,0.0,0.0,15.127,27.45,0.066,0.019,0.003,0.404
11200,성동구,2023-06-14,86.6,86.6,아주좋음,실외 활동하기 아주 좋은 날씨예요,주의,해로움,적합,적합,주의,26.029,17.114,80.3,5.975,3.325,1.093,18.956,30.665,0.067,0.022,0.003,0.435
11200,성동구,2023-06-15,87.0,87.0,아주좋음,실외 활동하기 아주 좋은 날씨예요,주의,주의,적합,적합,주의,28.535,17.654,70.8,6.554,0.036,0.0,20.042,31.896,0.066,0.022,0.003,0.445
11200,성동구,2023-06-16,85.8,85.8,아주좋음,실외 활동하기 아주 좋은 날씨예요,주의,주의,적합,적합,주의,29.641,18.189,64.4,6.161,0.0,0.0,16.219,26.689,0.063,0.021,0.003,0.414
11200,성동구,2023-06-17,83.1,83.1,좋음,실외 활동에 좋은 날씨예요,주의,주의,적합,적합,주의,31.037,18.061,57.1,6.232,0.0,0.0,12.779,22.578,0.071,0.023,0.003,0.398
11200,성동구,2023-06-18,78.3,78.3,좋음,실외 활동에 좋은 날씨예요 · 더위 주의,해로움,주의,적합,적합,주의,33.217,20.193,60.5,5.679,0.0,0.0,16.332,27.216,0.072,0.016,0.003,0.405
11200,성동구,2023-06-19,73.6,73.6,좋음,실외 활동에 좋은 날씨예요 · 더위 주의,해로움,해로움,적합,적합,해로움,34.342,22.05,57.8,6.268,0.0,0.0,28.945,46.3,0.091,0.024,0.003,0.511
11200,성동구,2023-06-20,81.9,81.9,좋음,"실외 활동에 좋은 날씨예요 · 비 소식, 우산 챙기세요",주의,주의,적합,적합,주의,26.411,19.661,64.5,7.636,8.693,0.229,20.629,36.01,0.08,0.024,0.003,0.461
11200,성동구,2023-06-21,73.7,73.7,좋음,"실외 활동에 좋은 날씨예요 · 비 소식, 우산 챙기세요",적합,해로움,적합,주의,적합,22.2,18.346,92.6,5.771,27.425,0.3,4.941,11.219,0.027,0.014,0.003,0.352
11200,성동구,2023-06-22,87.6,87.6,아주좋음,실외 활동하기 아주 좋은 날씨예요,주의,주의,적합,적합,주의,27.068,18.475,77.1,7.368,0.196,0.0,9.589,20.324,0.041,0.015,0.003,0.37
11200,성동구,2023-06-23,84.5,84.5,좋음,실외 활동에 좋은 날씨예요,주의,주의,적합,적합,주의,30.209,19.357,76.6,4.621,0.0,0.0,22.81,35.303,0.074,0.022,0.003,0.516
11200,성동구,2023-06-24,78.8,78.8,좋음,실외 활동에 좋은 날씨예요,주의,해로움,적합,적합,해로움,31.972,21.311,70.5,5.389,0.0,0.0,25.232,37.392,0.09,0.02,0.003,0.48
11200,성동구,2023-06-25,75.8,75.8,좋음,실외 활동에 좋은 날씨예요 · 더위 주의,해로움,해로움,적합,적합,주의,33.391,22.182,64.9,5.6,0.0,0.0,21.788,31.339,0.07,0.014,0.003,0.43
11200,성동구,2023-06-26,67.4,67.4,무난,"실외 활동하기 무난해요 — 비 많음, 우산 필수",주의,해로움,주의,주의,주의,27.372,21.318,88.6,9.032,30.332,0.396,9.645,17.122,0.047,0.014,0.003,0.385
11200,성동구,2023-06-27,78.5,78.5,좋음,실외 활동에 좋은 날씨예요,주의,주의,주의,적합,주의,30.006,21.311,73.1,8.793,2.071,0.089,10.315,21.381,0.063,0.015,0.003,0.37
11200,성동구,2023-06-28,80.3,80.3,좋음,실외 활동에 좋은 날씨예요,주의,해로움,적합,적합,주의,30.69,23.589,77.4,6.093,0.0,0.0,20.679,31.492,0.058,0.017,0.003,0.427
11200,성동구,2023-06-29,59.6,59.6,주의,"가벼운 실외 활동은 괜찮아요 — 비 많음, 우산 필수",적합,위험,주의,해로움,주의,25.618,22.643,95.4,8.225,57.171,1.207,21.032,32.884,0.045,0.017,0.002,0.414
11200,성동구,2023-06-30,80.8,80.8,좋음,실외 활동에 좋은 날씨예요,주의,해로움,적합,적합,주의,30.035,22.864,89.8,4.911,0.679,0.014,23.684,35.687,0.058,0.023,0.003,0.497
11200,성동구,2023-07-01,73.9,73.9,좋음,실외 활동에 좋은 날씨예요 · 더위 주의,해로움,해로움,적합,적합,주의,33.916,22.804,76.9,6.279,0.0,0.0,17.794,27.47,0.07,0.018,0.003,0.447
11200,성동구,2023-07-02,80.2,80.2,좋음,실외 활동에 좋은 날씨예요,주의,해로움,적합,적합,주의,31.361,22.621,79.5,4.975,0.0,0.0,12.713,19.665,0.052,0.014,0.003,0.385
11200,성동구,2023-07-03,55.0,71.9,주의,"⚠️ 폭염, 온열질환 주의 — 실외 활동에 주의하세요",해로움,위험,적합,적합,주의,35.362,23.318,72.0,5.525,0.0,0.0,20.884,32.898,0.079,0.021,0.003,0.449
11200,성동구,2023-07-04,54.1,54.1,주의,"가벼운 실외 활동은 괜찮아요 — 비 많음, 우산 필수",주의,해로움,주의,해로움,주의,29.673,23.679,86.8,8.307,61.457,1.018,22.246,31.636,0.062,0.019,0.003,0.441
11200,성동구,2023-07-05,71.9,71.9,좋음,"실외 활동에 좋은 날씨예요 · 비 소식, 우산 챙기세요",주의,해로움,주의,주의,주의,27.78,21.907,82.6,10.132,16.225,0.493,14.708,27.447,0.064,0.014,0.003,0.436
11200,성동구,2023-07-06,73.7,73.7,좋음,실외 활동에 좋은 날씨예요,주의,해로움,주의,적합,주의,32.77,22.332,70.9,8.582,0.0,0.0,26.19,46.917,0.084,0.018,0.003,0.556
11200,성동구,2023-07-07,76.6,76.6,좋음,실외 활동에 좋은 날씨예요,주의,해로움,주의,적합,주의,31.911,22.625,64.9,8.293,0.0,0.0,19.988,41.745,0.068,0.021,0.003,0.481
11200,성동구,2023-07-08,82.9,82.9,좋음,실외 활동에 좋은 날씨예요,주의,해로움,적합,적합,주의,30.116,21.5,76.5,5.764,0.0,0.0,6.539,12.715,0.049,0.014,0.003,0.367
11200,성동구,2023-07-09,66.5,66.5,무난,"실외 활동하기 무난해요 — 비 많음, 우산 필수",주의,해로움,주의,주의,주의,27.742,20.793,86.4,8.732,32.786,0.879,8.936,16.333,0.052,0.012,0.002,0.371
11200,성동구,2023-07-10,70.5,70.5,좋음,"실외 활동에 좋은 날씨예요 · 비 소식, 우산 챙기세요",주의,해로움,적합,적합,주의,32.071,22.721,80.4,7.336,8.839,0.411,19.357,33.211,0.066,0.018,0.003,0.443
11200,성동구,2023-07-11,55.0,56.2,주의,"⚠️ 호우, 침수·안전 주의 — 실외 활동에 주의하세요",적합,해로움,적합,위험,주의,25.868,20.793,92.4,6.944,83.975,0.55,10.253,19.155,0.056,0.022,0.003,0.433
11200,성동구,2023-07-12,82.6,82.6,좋음,실외 활동에 좋은 날씨예요,주의,해로움,적합,적합,주의,29.904,21.771,86.4,4.568,0.436,0.018,15.127,25.108,0.053,0.023,0.003,0.42
11200,성동구,2023-07-13,53.1,53.1,주의,"⚠️ 호우, 침수·안전 주의 — 실외 활동에 주의하세요",주의,해로움,주의,위험,주의,26.525,23.768,95.0,8.061,86.521,1.25,15.228,23.782,0.034,0.023,0.003,0.436
11200,성동구,2023-07-14,54.3,54.3,주의,"가벼운 실외 활동은 괜찮아요 — 비 많음, 우산 필수",적합,위험,주의,해로움,주의,25.204,23.539,99.1,9.121,76.418,0.725,10.449,17.469,0.031,0.016,0.003,0.373
11200,성동구,2023-07-15,80.9,80.9,좋음,실외 활동에 좋은 날씨예요,주의,해로움,주의,적합,주의,26.043,23.482,93.5,8.854,3.261,0.021,13.849,23.427,0.041,0.014,0.003,0.407
11200,성동구,2023-07-16,80.3,80.3,좋음,"실외 활동에 좋은 날씨예요 · 비 소식, 우산 챙기세요",적합,해로움,적합,적합,주의,25.954,23.071,89.5,6.811,8.346,0.343,15.856,30.874,0.043,0.013,0.003,0.372
11200,성동구,2023-07-17,83.6,83.6,좋음,실외 활동에 좋은 날씨예요,주의,해로움,적합,적합,주의,28.622,23.067,86.1,5.989,0.514,0.054,14.462,26.548,0.036,0.02,0.003,0.378
11200,성동구,2023-07-18,81.4,81.4,좋음,"실외 활동에 좋은 날씨예요 · 비 소식, 우산 챙기세요",주의,해로움,적합,적합,적합,27.925,22.982,87.9,4.463,8.939,0.029,7.505,15.383,0.021,0.016,0.003,0.352
11200,성동구,2023-07-19,75.7,75.7,좋음,실외 활동에 좋은 날씨예요 · 더위 주의,해로움,해로움,적합,적합,주의,33.443,21.761,78.8,5.764,0.0,0.0,17.047,30.419,0.055,0.018,0.003,0.418
11200,성동구,2023-07-20,74.6,74.6,좋음,실외 활동에 좋은 날씨예요 · 더위 주의,해로움,해로움,적합,적합,해로움,33.62,22.979,74.0,5.418,0.0,0.0,39.42,56.738,0.087,0.026,0.003,0.576
11200,성동구,2023-07-21,55.0,71.2,주의,"⚠️ 폭염, 온열질환 주의 — 실외 활동에 주의하세요",해로움,위험,적합,적합,해로움,35.275,23.464,69.6,4.911,0.0,0.0,46.646,62.191,0.124,0.027,0.003,0.622
11200,성동구,2023-07-22,66.5,66.5,무난,"실외 활동하기 무난해요 — 비 소식, 우산 챙기세요",주의,해로움,주의,적합,해로움,32.775,23.796,73.9,9.025,8.386,0.361,20.913,30.365,0.093,0.013,0.003,0.368
11200,성동구,2023-07-23,66.3,66.3,무난,"실외 활동하기 무난해요 — 비 많음, 우산 필수",주의,해로움,주의,주의,적합,26.007,23.929,94.3,8.221,39.614,0.325,4.769,9.929,0.015,0.008,0.002,0.265
11200,성동구,2023-07-24,78.6,78.6,좋음,실외 활동에 좋은 날씨예요,주의,해로움,적합,적합,주의,31.252,23.986,83.1,5.407,1.104,0.014,13.866,22.225,0.053,0.017,0.003,0.378
11200,성동구,2023-07-25,73.9,73.9,좋음,실외 활동에 좋은 날씨예요,주의,해로움,적합,적합,주의,31.753,24.839,80.5,7.9,2.218,0.196,10.228,18.525,0.038,0.014,0.003,0.305
11200,성동구,2023-07-26,72.5,72.5,좋음,"실외 활동에 좋은 날씨예요 · 비 소식, 우산 챙기세요",주의,해로움,적합,적합,적합,32.148,24.668,80.9,7.175,8.875,0.036,5.739,13.271,0.024,0.014,0.003,0.294
11200,성동구,2023-07-27,73.9,73.9,좋음,실외 활동에 좋은 날씨예요 · 더위 주의,해로움,위험,적합,적합,주의,33.978,24.157,78.1,5.654,0.429,0.0,12.591,21.941,0.047,0.018,0.003,0.333
11200,성동구,2023-07-28,55.0,70.6,주의,"⚠️ 폭염, 온열질환 주의 — 실외 활동에 주의하세요",해로움,위험,적합,적합,주의,35.458,24.763,72.4,6.464,0.089,0.0,22.19,31.909,0.048,0.018,0.003,0.337
11200,성동구,2023-07-29,71.6,71.6,좋음,실외 활동에 좋은 날씨예요 · 더위 주의,해로움,위험,적합,적합,주의,34.814,25.507,72.1,6.782,0.0,0.0,20.978,28.732,0.051,0.014,0.003,0.312
11200,성동구,2023-07-30,55.0,58.4,주의,"⚠️ 폭염, 온열질환 주의 — 실외 활동에 주의하세요",해로움,해로움,주의,주의,주의,36.119,23.882,72.5,8.711,22.268,0.714,10.014,15.945,0.058,0.013,0.003,0.298
11200,성동구,2023-07-31,70.6,70.6,좋음,실외 활동에 좋은 날씨예요 · 더위 주의,해로움,위험,적합,적합,주의,34.632,24.961,76.3,6.214,2.743,0.011,21.447,29.715,0.058,0.019,0.003,0.361
11200,성동구,2023-08-01,55.0,71.0,주의,"⚠️ 폭염, 온열질환 주의 — 실외 활동에 주의하세요",해로움,위험,적합,적합,주의,35.54,25.139,71.6,5.05,0.0,0.0,22.134,30.749,0.09,0.019,0.003,0.373
11200,성동구,2023-08-02,71.7,71.7,좋음,실외 활동에 좋은 날씨예요 · 더위 주의,해로움,위험,적합,적합,주의,34.772,25.8,67.8,6.325,0.0,0.0,23.409,33.742,0.058,0.019,0.003,0.365
11200,성동구,2023-08-03,72.6,72.6,좋음,실외 활동에 좋은 날씨예요 · 더위 주의,해로움,위험,적합,적합,주의,34.72,24.55,67.0,6.118,0.0,0.0,14.475,22.54,0.047,0.018,0.003,0.305
11200,성동구,2023-08-04,55.0,71.5,주의,"⚠️ 폭염, 온열질환 주의 — 실외 활동에 주의하세요",해로움,위험,적합,적합,주의,35.326,25.796,67.6,5.946,0.0,0.0,12.642,21.222,0.048,0.017,0.003,0.297
11200,성동구,2023-08-05,55.0,70.0,주의,"⚠️ 폭염, 온열질환 주의 — 실외 활동에 주의하세요",해로움,위험,적합,적합,주의,36.047,25.789,69.0,6.104,0.0,0.0,12.63,20.622,0.049,0.012,0.003,0.258
11200,성동구,2023-08-06,55.0,67.0,주의,"⚠️ 폭염, 온열질환 주의 — 실외 활동에 주의하세요",해로움,위험,적합,적합,주의,35.036,26.604,76.5,7.338,3.443,0.175,14.942,22.105,0.056,0.013,0.003,0.297
11200,성동구,2023-08-07,55.0,68.0,주의,"⚠️ 폭염, 온열질환 주의 — 실외 활동에 주의하세요",해로움,위험,적합,적합,주의,36.319,26.937,68.4,7.456,0.643,0.0,5.747,11.422,0.036,0.012,0.003,0.275
11200,성동구,2023-08-08,55.0,69.5,주의,"⚠️ 폭염, 온열질환 주의 — 실외 활동에 주의하세요",해로움,위험,적합,적합,주의,36.472,25.881,60.5,6.604,0.0,0.0,3.865,9.377,0.035,0.011,0.003,0.259
11200,성동구,2023-08-09,76.2,76.2,좋음,실외 활동에 좋은 날씨예요,주의,해로움,주의,적합,적합,31.639,24.23,67.6,8.568,0.239,0.007,3.563,8.811,0.022,0.01,0.003,0.259
11200,성동구,2023-08-10,52.2,52.2,주의,"⚠️ 호우, 침수·안전 주의 — 실외 활동에 주의하세요",적합,해로움,주의,위험,주의,24.85,20.821,91.9,11.632,84.396,0.486,2.234,5.45,0.045,0.01,0.002,0.251
11200,성동구,2023-08-11,65.8,65.8,무난,"실외 활동하기 무난해요 — 비 많음, 우산 필수",적합,해로움,주의,주의,주의,25.886,21.461,93.1,9.907,35.811,0.486,10.093,18.403,0.037,0.016,0.003,0.398
11200,성동구,2023-08-12,86.6,86.6,아주좋음,실외 활동하기 아주 좋은 날씨예요,적합,해로움,적합,적합,주의,24.814,22.146,91.0,5.807,1.393,0.043,10.842,18.958,0.035,0.016,0.002,0.379
11200,성동구,2023-08-13,79.1,79.1,좋음,실외 활동에 좋은 날씨예요,주의,해로움,적합,적합,주의,32.029,22.446,76.9,4.689,0.018,0.0,18.655,29.345,0.064,0.014,0.003,0.447
11200,성동구,2023-08-14,73.9,73.9,좋음,실외 활동에 좋은 날씨예요 · 더위 주의,해로움,해로움,적합,적합,주의,33.984,24.089,75.4,5.793,0.0,0.0,27.54,40.547,0.072,0.019,0.003,0.53
11200,성동구,2023-08-15,75.0,75.0,좋음,실외 활동에 좋은 날씨예요 · 더위 주의,해로움,해로움,적합,적합,주의,33.45,24.261,71.4,5.8,0.0,0.0,16.093,25.991,0.053,0.012,0.003,0.384
11200,성동구,2023-08-16,76.5,76.5,좋음,실외 활동에 좋은 날씨예요,주의,해로움,적합,적합,주의,32.855,24.171,72.0,5.975,0.189,0.011,10.578,19.445,0.059,0.016,0.003,0.387
11200,성동구,2023-08-17,75.3,75.3,좋음,실외 활동에 좋은 날씨예요 · 더위 주의,해로움,해로움,적합,적합,주의,33.404,23.654,73.0,5.246,0.0,0.0,17.541,26.988,0.077,0.021,0.003,0.525
11200,성동구,2023-08-18,71.6,71.6,좋음,실외 활동에 좋은 날씨예요 · 더위 주의,해로움,위험,적합,적합,주의,34.529,25.104,72.1,5.596,1.093,0.004,26.221,37.257,0.089,0.024,0.003,0.522
11200,성동구,2023-08-19,72.4,72.4,좋음,실외 활동에 좋은 날씨예요 · 더위 주의,해로움,해로움,적합,적합,주의,34.668,25.454,68.9,5.889,0.0,0.0,18.775,27.909,0.081,0.02,0.003,0.459
11200,성동구,2023-08-20,76.1,76.1,좋음,실외 활동에 좋은 날씨예요 · 더위 주의,해로움,해로움,적합,적합,주의,33.181,24.993,71.8,5.121,0.0,0.0,17.751,26.683,0.064,0.014,0.003,0.415
11200,성동구,2023-08-21,72.1,72.1,좋음,실외 활동에 좋은 날씨예요 · 더위 주의,해로움,위험,적합,적합,주의,33.973,25.554,69.8,7.211,0.232,0.0,15.976,25.741,0.047,0.018,0.003,0.388
11200,성동구,2023-08-22,58.2,58.2,주의,"가벼운 실외 활동은 괜찮아요 — 비 많음, 우산 필수",주의,해로움,주의,주의,주의,32.837,24.871,80.3,9.204,30.896,1.036,12.921,20.697,0.031,0.015,0.003,0.313
11200,성동구,2023-08-23,63.0,63.0,무난,"실외 활동하기 무난해요 — 비 많음, 우산 필수",주의,해로움,적합,주의,주의,28.063,22.925,91.3,6.532,45.189,0.557,5.206,10.273,0.036,0.017,0.003,0.359
11200,성동구,2023-08-24,80.0,80.0,좋음,"실외 활동에 좋은 날씨예요 · 비 소식, 우산 챙기세요",주의,해로움,적합,적합,주의,28.329,21.871,84.8,6.121,6.561,0.154,3.094,7.775,0.04,0.014,0.002,0.341
11200,성동구,2023-08-25,78.4,78.4,좋음,실외 활동에 좋은 날씨예요,주의,해로움,적합,적합,주의,30.749,23.782,77.9,7.282,1.107,0.0,9.247,19.463,0.047,0.016,0.003,0.408
11200,성동구,2023-08-26,79.4,79.4,좋음,실외 활동에 좋은 날씨예요,주의,해로움,적합,적합,주의,31.31,22.446,72.3,5.868,0.0,0.0,24.223,39.228,0.085,0.017,0.003,0.548
11200,성동구,2023-08-27,83.7,83.7,좋음,실외 활동에 좋은 날씨예요,주의,해로움,적합,적합,주의,29.747,22.368,75.0,5.029,0.036,0.0,18.438,28.903,0.057,0.013,0.003,0.459
11200,성동구,2023-08-28,77.7,77.7,좋음,"실외 활동에 좋은 날씨예요 · 비 소식, 우산 챙기세요",적합,해로움,적합,주의,주의,25.693,20.4,87.5,7.575,14.139,0.104,7.996,14.816,0.033,0.014,0.002,0.362
11200,성동구,2023-08-29,66.6,66.6,무난,"실외 활동하기 무난해요 — 비 많음, 우산 필수",주의,해로움,적합,주의,적합,26.307,22.029,89.6,7.625,41.689,0.971,6.933,14.141,0.025,0.015,0.003,0.35
11200,성동구,2023-08-30,87.2,87.2,아주좋음,실외 활동하기 아주 좋은 날씨예요,적합,해로움,적합,적합,적합,25.339,20.879,88.0,3.85,4.214,0.082,9.985,19.935,0.028,0.022,0.003,0.476
11200,성동구,2023-08-31,85.8,85.8,아주좋음,실외 활동하기 아주 좋은 날씨예요,주의,주의,적합,적합,주의,29.44,20.375,76.9,5.039,0.0,0.0,12.441,23.535,0.053,0.02,0.003,0.436
11200,성동구,2023-09-01,83.1,83.1,좋음,실외 활동에 좋은 날씨예요,주의,주의,적합,적합,주의,30.347,19.239,70.6,5.954,0.0,0.0,14.039,27.557,0.061,0.019,0.003,0.442
11200,성동구,2023-09-02,82.9,82.9,좋음,실외 활동에 좋은 날씨예요,주의,주의,적합,적합,주의,31.518,19.418,63.9,4.521,0.0,0.0,17.087,29.368,0.062,0.02,0.003,0.452
11200,성동구,2023-09-03,84.1,84.1,좋음,실외 활동에 좋은 날씨예요,주의,해로움,적합,적합,주의,29.12,22.032,77.8,4.97,2.218,0.004,10.859,17.719,0.034,0.012,0.002,0.386
11200,성동구,2023-09-04,82.4,82.4,좋음,실외 활동에 좋은 날씨예요,주의,해로움,적합,적합,적합,31.045,23.721,79.9,4.725,1.136,0.007,9.158,18.31,0.029,0.017,0.003,0.4
11200,성동구,2023-09-05,75.8,75.8,좋음,실외 활동에 좋은 날씨예요 · 더위 주의,해로움,해로움,적합,적합,주의,33.78,24.246,69.5,6.196,3.0,0.0,9.031,18.341,0.046,0.018,0.003,0.362
11200,성동구,2023-09-06,79.4,79.4,좋음,실외 활동에 좋은 날씨예요,주의,해로움,적합,적합,주의,32.809,23.35,65.1,6.643,0.0,0.0,9.554,19.857,0.035,0.015,0.003,0.359
11200,성동구,2023-09-07,81.9,81.9,좋음,실외 활동에 좋은 날씨예요,주의,주의,적합,적합,주의,31.96,20.607,54.8,6.296,0.0,0.0,9.578,19.12,0.041,0.015,0.003,0.359
11200,성동구,2023-09-08,83.1,83.1,좋음,실외 활동에 좋은 날씨예요,주의,주의,적합,적합,주의,31.171,19.493,60.3,5.707,0.0,0.0,8.746,19.045,0.051,0.018,0.003,0.367
11200,성동구,2023-09-09,80.6,80.6,좋음,실외 활동에 좋은 날씨예요,주의,주의,적합,적합,주의,31.929,20.596,66.3,5.419,0.0,0.0,16.738,31.173,0.068,0.02,0.003,0.439
11200,성동구,2023-09-10,81.1,81.1,좋음,실외 활동에 좋은 날씨예요,주의,주의,적합,적합,주의,30.635,21.511,68.1,5.282,0.0,0.0,22.424,35.556,0.082,0.017,0.003,0.463
11200,성동구,2023-09-11,82.8,82.8,좋음,실외 활동에 좋은 날씨예요,주의,주의,적합,적합,주의,30.48,22.507,67.3,5.468,0.0,0.0,18.982,30.818,0.061,0.02,0.003,0.416
11200,성동구,2023-09-12,82.7,82.7,좋음,실외 활동에 좋은 날씨예요,주의,주의,적합,적합,주의,30.865,21.136,69.8,5.025,0.0,0.0,16.857,30.362,0.058,0.021,0.003,0.409
11200,성동구,2023-09-13,76.5,76.5,좋음,"실외 활동에 좋은 날씨예요 · 비 소식, 우산 챙기세요",적합,해로움,적합,주의,주의,24.671,19.289,84.5,5.596,19.336,0.104,13.834,22.498,0.035,0.021,0.003,0.408
11200,성동구,2023-09-14,87.0,87.0,아주좋음,실외 활동하기 아주 좋은 날씨예요,주의,주의,적합,적합,주의,27.869,18.971,72.4,7.064,0.0,0.0,3.324,9.441,0.035,0.014,0.003,0.328
11200,성동구,2023-09-15,86.0,86.0,아주좋음,실외 활동하기 아주 좋은 날씨예요,적합,해로움,적합,적합,주의,24.086,19.925,82.3,5.825,2.789,0.032,4.023,10.191,0.034,0.015,0.002,0.348
11200,성동구,2023-09-16,74.4,74.4,좋음,"실외 활동에 좋은 날씨예요 · 비 소식, 우산 챙기세요",주의,해로움,적합,주의,적합,26.582,21.664,87.8,4.4,26.329,1.0,5.419,11.528,0.022,0.016,0.002,0.383
11200,성동구,2023-09-17,81.6,81.6,좋음,실외 활동에 좋은 날씨예요,주의,해로움,적합,적합,주의,28.795,21.721,84.8,4.786,2.821,0.407,10.361,15.567,0.055,0.014,0.003,0.39
11200,성동구,2023-09-18,83.4,83.4,좋음,실외 활동에 좋은 날씨예요,주의,주의,적합,적합,주의,30.192,21.525,79.1,6.014,0.0,0.0,10.993,18.936,0.045,0.019,0.003,0.395
11200,성동구,2023-09-19,84.4,84.4,좋음,실외 활동에 좋은 날씨예요,주의,해로움,적합,적합,주의,28.486,20.579,81.1,5.282,0.0,0.0,17.692,29.362,0.061,0.021,0.003,0.422
11200,성동구,2023-09-20,67.6,67.6,무난,"실외 활동하기 무난해요 — 비 소식, 우산 챙기세요",적합,해로움,주의,주의,주의,23.596,18.746,90.4,8.925,29.832,0.343,14.665,22.081,0.041,0.018,0.003,0.411
11200,성동구,2023-09-21,88.7,88.7,아주좋음,실외 활동하기 아주 좋은 날씨예요,적합,주의,적합,적합,주의,23.504,16.886,70.9,7.75,0.054,0.0,4.603,11.992,0.036,0.015,0.003,0.328
11200,성동구,2023-09-22,90.8,90.8,아주좋음,실외 활동하기 아주 좋은 날씨예요,주의,주의,적합,적합,주의,26.625,15.046,68.4,5.086,0.0,0.0,9.509,21.037,0.038,0.022,0.003,0.421
11200,성동구,2023-09-23,89.8,89.8,아주좋음,실외 활동하기 아주 좋은 날씨예요,주의,주의,적합,적합,주의,27.17,16.254,63.9,6.514,0.0,0.0,9.481,18.833,0.039,0.018,0.003,0.392
11200,성동구,2023-09-24,90.9,90.9,아주좋음,실외 활동하기 아주 좋은 날씨예요,적합,주의,적합,적합,주의,25.671,17.386,56.4,7.204,0.0,0.0,4.63,11.728,0.04,0.009,0.002,0.289
11200,성동구,2023-09-25,90.4,90.4,아주좋음,실외 활동하기 아주 좋은 날씨예요,적합,주의,적합,적합,주의,25.814,17.375,66.4,5.436,1.693,0.036,4.464,13.514,0.034,0.018,0.002,0.347
11200,성동구,2023-09-26,74.0,74.0,좋음,"실외 활동에 좋은 날씨예요 · 비 소식, 우산 챙기세요",적합,위험,적합,주의,적합,20.921,18.343,95.8,5.143,23.189,0.218,3.185,6.812,0.022,0.019,0.002,0.401
11200,성동구,2023-09-27,84.6,84.6,좋음,"실외 활동에 좋은 날씨예요 · 비 소식, 우산 챙기세요",적합,해로움,적합,적합,적합,23.539,19.671,90.1,4.4,5.907,0.05,5.06,10.81,0.019,0.019,0.002,0.427
11200,성동구,2023-09-28,84.4,84.4,좋음,실외 활동에 좋은 날씨예요,주의,주의,적합,적합,주의,27.131,19.067,78.3,5.996,0.0,0.0,31.777,47.341,0.07,0.013,0.003,0.622
11200,성동구,2023-09-29,90.9,90.9,아주좋음,실외 활동하기 아주 좋은 날씨예요,주의,주의,적합,적합,주의,26.867,17.344,61.5,4.996,0.0,0.0,18.618,34.274,0.056,0.014,0.003,0.53
11200,성동구,2023-09-30,83.9,83.9,좋음,실외 활동에 좋은 날씨예요,적합,주의,적합,적합,주의,22.5,16.822,77.0,7.693,2.556,0.156,12.479,27.599,0.054,0.012,0.003,0.419
11200,성동구,2023-10-01,90.5,90.5,아주좋음,실외 활동하기 아주 좋은 날씨예요,적합,적합,적합,적합,주의,23.93,13.978,59.5,7.604,0.0,0.0,8.712,25.549,0.043,0.01,0.003,0.335
11200,성동구,2023-10-02,91.1,91.1,아주좋음,실외 활동하기 아주 좋은 날씨예요,적합,적합,적합,적합,주의,24.574,12.204,53.8,7.048,0.0,0.0,8.668,18.371,0.042,0.018,0.003,0.38
11200,성동구,2023-10-03,92.9,92.9,아주좋음,실외 활동하기 아주 좋은 날씨예요,적합,주의,적합,적합,주의,22.47,13.581,66.3,4.667,0.0,0.0,10.833,20.111,0.033,0.02,0.003,0.426
11200,성동구,2023-10-04,75.3,75.3,좋음,"실외 활동에 좋은 날씨예요 · 비 소식, 우산 챙기세요",적합,주의,주의,주의,주의,23.526,13.556,75.5,9.044,16.804,0.433,12.657,22.655,0.047,0.022,0.003,0.451
11200,성동구,2023-10-05,88.8,88.8,아주좋음,실외 활동하기 아주 좋은 날씨예요,적합,적합,주의,적합,주의,19.241,10.744,46.1,8.567,0.0,0.0,6.483,32.55,0.037,0.012,0.003,0.31
11200,성동구,2023-10-06,93.0,93.0,아주좋음,실외 활동하기 아주 좋은 날씨예요,적합,적합,적합,적합,주의,21.326,9.199,55.3,5.4,0.0,0.0,9.425,24.016,0.031,0.024,0.003,0.428
11200,성동구,2023-10-07,92.6,92.6,아주좋음,실외 활동하기 아주 좋은 날씨예요,적합,주의,적합,적합,주의,21.181,11.339,62.6,5.456,0.0,0.0,11.34,22.758,0.032,0.021,0.003,0.424
11200,성동구,2023-10-08,92.2,92.2,아주좋음,실외 활동하기 아주 좋은 날씨예요,적합,주의,적합,적합,적합,19.507,14.741,67.1,5.522,0.0,0.0,5.398,11.609,0.029,0.012,0.002,0.347
11200,성동구,2023-10-09,90.7,90.7,아주좋음,실외 활동하기 아주 좋은 날씨예요,적합,주의,적합,적합,주의,22.011,13.563,68.1,5.844,0.544,0.026,5.703,12.643,0.035,0.015,0.002,0.351
11200,성동구,2023-10-10,92.0,92.0,아주좋음,실외 활동하기 아주 좋은 날씨예요,적합,주의,적합,적합,주의,23.311,11.63,67.1,5.244,0.0,0.0,11.376,21.556,0.034,0.021,0.003,0.442
11200,성동구,2023-10-11,92.9,92.9,아주좋음,실외 활동하기 아주 좋은 날씨예요,적합,적합,적합,적합,주의,23.944,12.423,57.5,5.169,0.0,0.0,14.933,26.023,0.036,0.029,0.003,0.487
11200,성동구,2023-10-12,92.8,92.8,아주좋음,실외 활동하기 아주 좋은 날씨예요,적합,주의,적합,적합,주의,24.304,11.66,62.4,4.188,0.0,0.0,16.607,28.043,0.047,0.03,0.003,0.495
11200,성동구,2023-10-13,91.4,91.4,아주좋음,실외 활동하기 아주 좋은 날씨예요,적합,주의,적합,적합,주의,21.778,14.015,69.6,4.089,0.0,0.0,21.905,35.426,0.041,0.033,0.003,0.536
11200,성동구,2023-10-14,85.4,85.4,아주좋음,실외 활동하기 아주 좋은 날씨예요,적합,해로움,적합,적합,주의,18.375,12.407,84.9,4.396,3.457,0.079,19.624,28.029,0.032,0.029,0.003,0.544
11200,성동구,2023-10-15,86.5,86.5,아주좋음,실외 활동하기 아주 좋은 날씨예요,적합,주의,적합,적합,주의,21.382,11.094,80.0,6.568,0.018,0.0,16.759,25.636,0.055,0.018,0.003,0.526
11200,성동구,2023-10-16,91.0,91.0,아주좋음,실외 활동하기 아주 좋은 날씨예요,적합,적합,적합,적합,주의,19.889,10.168,57.0,6.043,0.0,0.0,18.735,44.541,0.046,0.019,0.003,0.485
11200,성동구,2023-10-17,92.2,92.2,아주좋음,실외 활동하기 아주 좋은 날씨예요,주의,적합,적합,적합,주의,20.9,7.108,55.6,4.696,0.0,0.0,14.06,34.426,0.037,0.03,0.003,0.502
11200,성동구,2023-10-18,89.7,89.7,아주좋음,실외 활동하기 아주 좋은 날씨예요,주의,주의,적합,적합,주의,21.707,8.752,67.0,6.263,0.0,0.0,17.163,32.986,0.045,0.03,0.003,0.547
11200,성동구,2023-10-19,79.9,79.9,좋음,"실외 활동에 좋은 날씨예요 · 비 소식, 우산 챙기세요",적합,해로움,적합,적합,주의,18.321,14.696,82.5,6.846,8.668,0.268,18.464,30.501,0.038,0.029,0.003,0.549
11200,성동구,2023-10-20,87.5,87.5,아주좋음,실외 활동하기 아주 좋은 날씨예요,주의,적합,주의,적합,적합,15.632,6.49,46.9,10.364,0.0,0.0,6.693,21.275,0.03,0.012,0.003,0.34
11200,성동구,2023-10-21,86.2,86.2,아주좋음,실외 활동하기 아주 좋은 날씨예요,주의,적합,주의,적합,주의,16.844,4.23,54.8,9.152,1.356,0.041,6.912,18.988,0.032,0.017,0.003,0.389
11200,성동구,2023-10-22,88.8,88.8,아주좋음,실외 활동하기 아주 좋은 날씨예요,주의,주의,적합,적합,주의,18.722,4.829,67.3,5.826,0.0,0.0,10.571,23.837,0.038,0.021,0.003,0.464
11200,성동구,2023-10-23,89.4,89.4,아주좋음,실외 활동하기 아주 좋은 날씨예요,적합,주의,적합,적합,주의,21.138,10.75,73.8,5.365,0.0,0.0,16.518,31.595,0.047,0.031,0.003,0.547
11200,성동구,2023-10-24,88.4,88.4,아주좋음,실외 활동하기 아주 좋은 날씨예요,적합,주의,적합,적합,주의,19.781,11.188,78.5,5.241,0.0,0.0,21.273,34.29,0.039,0.033,0.003,0.563
11200,성동구,2023-10-25,89.1,89.1,아주좋음,실외 활동하기 아주 좋은 날씨예요,적합,주의,적합,적합,주의,21.742,11.977,78.6,4.081,0.0,0.0,23.47,36.953,0.049,0.034,0.003,0.584
11200,성동구,2023-10-26,83.1,83.1,좋음,실외 활동에 좋은 날씨예요,적합,주의,적합,적합,주의,21.388,14.042,79.4,7.285,1.446,0.0,33.262,49.368,0.061,0.028,0.003,0.556
11200,성동구,2023-10-27,90.2,90.2,아주좋음,실외 활동하기 아주 좋은 날씨예요,적합,주의,적합,적합,주의,20.119,11.96,71.1,5.344,0.0,0.0,15.842,30.167,0.047,0.021,0.003,0.474
11200,성동구,2023-10-28,92.9,92.9,아주좋음,실외 활동하기 아주 좋은 날씨예요,적합,주의,적합,적합,주의,20.519,9.279,62.9,4.204,0.0,0.0,19.236,36.459,0.034,0.031,0.003,0.595
11200,성동구,2023-10-29,92.9,92.9,아주좋음,실외 활동하기 아주 좋은 날씨예요,적합,주의,적합,적합,주의,21.265,9.399,61.6,4.463,0.0,0.0,17.624,30.361,0.043,0.025,0.003,0.522
11200,성동구,2023-10-30,89.7,89.7,아주좋음,실외 활동하기 아주 좋은 날씨예요,적합,주의,적합,적합,주의,21.365,9.782,72.0,4.459,0.0,0.0,25.669,43.806,0.044,0.037,0.003,0.6
11200,성동구,2023-10-31,87.0,87.0,아주좋음,실외 활동하기 아주 좋은 날씨예요,적합,주의,적합,적합,주의,20.558,11.892,76.0,5.533,0.0,0.0,29.979,49.101,0.053,0.03,0.003,0.568
11200,성동구,2023-11-01,85.1,85.1,아주좋음,실외 활동하기 아주 좋은 날씨예요,적합,해로움,적합,적합,주의,20.838,16.558,81.8,7.1,0.0,0.0,24.828,47.334,0.055,0.021,0.003,0.462
11200,성동구,2023-11-02,86.6,86.6,아주좋음,실외 활동하기 아주 좋은 날씨예요,적합,주의,주의,적합,주의,25.867,17.781,70.9,8.056,0.0,0.0,18.668,39.132,0.057,0.018,0.003,0.436
11200,성동구,2023-11-03,83.9,83.9,좋음,실외 활동에 좋은 날씨예요,적합,해로움,적합,적합,주의,22.537,17.056,83.3,7.633,2.0,0.0,15.803,34.205,0.04,0.019,0.003,0.401
11200,성동구,2023-11-04,87.9,87.9,아주좋음,실외 활동하기 아주 좋은 날씨예요,적합,주의,적합,적합,주의,20.979,14.046,75.5,5.679,0.0,0.0,18.041,48.396,0.029,0.017,0.003,0.46
11200,성동구,2023-11-05,75.5,75.5,좋음,"실외 활동에 좋은 날씨예요 · 비 소식, 우산 챙기세요",적합,해로움,주의,주의,적합,21.118,14.65,87.0,8.968,14.05,0.0,9.388,14.586,0.029,0.012,0.002,0.385
11200,성동구,2023-11-06,54.7,54.7,주의,"가벼운 실외 활동은 괜찮아요 — 비 많음, 우산 필수",주의,해로움,주의,해로움,주의,19.689,4.308,84.9,13.586,51.046,0.0,7.607,21.158,0.033,0.01,0.002,0.377
11200,성동구,2023-11-07,82.0,82.0,좋음,실외 활동에 좋은 날씨예요,주의,주의,주의,적합,주의,9.933,0.945,62.5,12.215,0.232,0.0,7.708,21.452,0.033,0.016,0.002,0.35
11200,성동구,2023-11-08,90.0,90.0,아주좋음,실외 활동하기 아주 좋은 날씨예요,주의,적합,적합,적합,주의,15.879,1.605,55.1,4.246,0.0,0.0,12.631,26.312,0.018,0.036,0.003,0.593
11200,성동구,2023-11-09,82.1,82.1,좋음,실외 활동에 좋은 날씨예요,주의,주의,주의,적합,주의,18.707,5.445,73.1,8.154,4.539,0.0,16.929,31.237,0.027,0.033,0.003,0.627
11200,성동구,2023-11-10,84.9,84.9,좋음,실외 활동에 좋은 날씨예요,해로움,적합,주의,적합,적합,9.307,-2.607,53.1,8.564,0.0,0.0,9.099,17.643,0.03,0.013,0.002,0.352
11200,성동구,2023-11-11,87.0,87.0,아주좋음,실외 활동하기 아주 좋은 날씨예요,해로움,적합,적합,적합,적합,6.782,-3.319,47.9,6.421,0.0,0.0,10.352,19.677,0.027,0.017,0.003,0.378
11200,성동구,2023-11-12,85.7,85.7,아주좋음,실외 활동하기 아주 좋은 날씨예요,해로움,적합,적합,적합,주의,5.482,-3.598,53.8,7.15,0.0,0.0,10.922,19.756,0.033,0.012,0.002,0.368
11200,성동구,2023-11-13,86.6,86.6,아주좋음,실외 활동하기 아주 좋은 날씨예요,해로움,적합,적합,적합,적합,7.018,-3.531,54.0,6.4,0.0,0.0,13.344,24.765,0.028,0.022,0.003,0.444
11200,성동구,2023-11-14,86.3,86.3,아주좋음,실외 활동하기 아주 좋은 날씨예요,해로움,주의,적합,적합,주의,10.919,-1.32,66.1,5.674,0.0,0.0,15.477,28.077,0.024,0.031,0.003,0.53
11200,성동구,2023-11-15,83.8,83.8,좋음,실외 활동에 좋은 날씨예요,주의,주의,적합,적합,주의,12.296,1.639,71.4,5.844,0.0,0.0,29.424,45.859,0.021,0.04,0.003,0.734
11200,성동구,2023-11-16,74.9,74.9,좋음,"실외 활동에 좋은 날씨예요 · 비 소식, 우산 챙기세요",주의,해로움,적합,적합,주의,8.204,4.744,85.0,6.271,8.264,0.0,34.335,45.7,0.011,0.038,0.003,0.657
11200,성동구,2023-11-17,84.0,84.0,좋음,실외 활동에 좋은 날씨예요,해로움,적합,주의,적합,적합,6.371,-4.547,59.3,9.693,0.089,0.0,9.291,19.381,0.021,0.018,0.003,0.402
11200,성동구,2023-11-18,82.1,82.1,좋음,"실외 활동에 좋은 날씨예요 · 쌀쌀해요, 옷 챙기세요",해로움,적합,주의,적합,적합,5.804,-6.988,58.9,10.125,0.0,0.0,13.524,22.929,0.029,0.013,0.003,0.407
11200,성동구,2023-11-19,81.3,81.3,좋음,실외 활동에 좋은 날씨예요,해로움,주의,주의,적합,주의,13.929,-1.865,68.3,8.8,0.0,0.0,23.866,41.177,0.033,0.025,0.003,0.569
11200,성동구,2023-11-20,89.4,89.4,아주좋음,실외 활동하기 아주 좋은 날씨예요,주의,적합,적합,적합,주의,12.354,1.109,58.4,4.586,0.0,0.0,18.035,32.524,0.028,0.034,0.003,0.642
11200,성동구,2023-11-21,88.3,88.3,아주좋음,실외 활동하기 아주 좋은 날씨예요,주의,적합,적합,적합,주의,14.637,0.943,59.6,3.981,0.0,0.0,22.327,37.875,0.014,0.047,0.004,0.777
11200,성동구,2023-11-22,85.6,85.6,아주좋음,실외 활동하기 아주 좋은 날씨예요,주의,주의,적합,적합,주의,14.537,2.129,68.1,5.23,0.0,0.0,27.49,43.035,0.023,0.045,0.004,0.728
11200,성동구,2023-11-23,75.8,75.8,좋음,실외 활동에 좋은 날씨예요 · 미세먼지 주의,해로움,주의,주의,적합,해로움,14.785,-0.212,71.1,10.741,0.075,0.0,48.086,91.653,0.035,0.023,0.003,0.671
11200,성동구,2023-11-24,82.7,82.7,좋음,"실외 활동에 좋은 날씨예요 · 쌀쌀해요, 옷 챙기세요",해로움,적합,주의,적합,적합,2.589,-8.168,51.8,9.364,0.0,0.0,7.879,16.787,0.028,0.012,0.002,0.316
11200,성동구,2023-11-25,87.0,87.0,아주좋음,"실외 활동하기 아주 좋은 날씨예요 · 쌀쌀해요, 옷 챙기세요",해로움,적합,적합,적합,적합,3.504,-7.111,42.8,5.293,0.0,0.0,9.286,19.116,0.026,0.022,0.003,0.406
11200,성동구,2023-11-26,89.7,89.7,아주좋음,실외 활동하기 아주 좋은 날씨예요,해로움,적합,적합,적합,주의,7.654,-0.192,43.6,4.05,0.0,0.0,15.531,25.118,0.021,0.031,0.003,0.481
11200,성동구,2023-11-27,78.7,78.7,좋음,실외 활동에 좋은 날씨예요,주의,해로움,주의,적합,주의,9.496,3.177,82.9,8.256,2.575,0.0,24.907,40.982,0.022,0.031,0.003,0.571
11200,성동구,2023-11-28,83.6,83.6,좋음,실외 활동에 좋은 날씨예요,해로움,적합,주의,적합,주의,5.582,-3.727,57.5,8.879,0.0,0.0,17.783,30.45,0.028,0.017,0.003,0.435
11200,성동구,2023-11-29,83.2,83.2,좋음,"실외 활동에 좋은 날씨예요 · 쌀쌀해요, 옷 챙기세요",해로움,적합,주의,적합,적합,3.421,-6.496,58.9,9.2,0.0,0.0,9.027,18.655,0.028,0.025,0.003,0.42
11200,성동구,2023-11-30,83.0,83.0,좋음,"실외 활동에 좋은 날씨예요 · 쌀쌀해요, 옷 챙기세요",해로움,적합,적합,적합,주의,-0.2,-10.251,48.5,7.907,0.0,0.0,7.49,18.288,0.031,0.015,0.002,0.344
11200,성동구,2023-12-01,82.4,82.4,좋음,"실외 활동에 좋은 날씨예요 · 쌀쌀해요, 옷 챙기세요",해로움,적합,적합,적합,적합,0.9,-8.481,55.3,6.93,0.0,0.0,10.999,24.231,0.027,0.024,0.003,0.456
11200,성동구,2023-12-02,80.7,80.7,좋음,"실외 활동에 좋은 날씨예요 · 쌀쌀해요, 옷 챙기세요",해로움,주의,주의,적합,주의,7.578,-6.307,60.8,9.03,0.0,0.0,19.24,35.425,0.024,0.033,0.003,0.566
11200,성동구,2023-12-03,84.2,84.2,좋음,실외 활동에 좋은 날씨예요,해로움,적합,적합,적합,주의,5.881,-3.307,56.3,5.504,0.0,0.0,22.893,38.224,0.027,0.025,0.003,0.582
11200,성동구,2023-12-04,84.5,84.5,좋음,실외 활동에 좋은 날씨예요,해로움,적합,적합,적합,주의,8.642,-3.238,59.5,3.788,0.0,0.0,25.834,42.348,0.014,0.046,0.003,0.762
11200,성동구,2023-12-05,87.4,87.4,아주좋음,실외 활동하기 아주 좋은 날씨예요,주의,적합,적합,적합,주의,12.096,2.779,55.4,4.241,0.0,0.0,27.658,44.561,0.017,0.048,0.004,0.723
11200,성동구,2023-12-06,75.1,75.1,좋음,실외 활동에 좋은 날씨예요 · 미세먼지 주의,주의,주의,적합,적합,해로움,9.233,2.463,76.1,7.733,2.363,0.0,46.435,66.691,0.017,0.044,0.003,0.788
11200,성동구,2023-12-07,78.2,78.2,좋음,실외 활동에 좋은 날씨예요,해로움,주의,주의,적합,해로움,11.7,-1.088,64.0,9.481,0.0,0.0,16.77,64.192,0.027,0.027,0.003,0.499
11200,성동구,2023-12-08,75.8,75.8,좋음,실외 활동에 좋은 날씨예요 · 미세먼지 주의,주의,주의,주의,적합,해로움,17.162,4.304,73.4,11.169,0.0,0.0,22.761,82.868,0.05,0.028,0.003,0.533
11200,성동구,2023-12-09,81.6,81.6,좋음,실외 활동에 좋은 날씨예요,적합,해로움,적합,적합,주의,16.452,10.845,82.9,6.089,0.0,0.0,32.026,73.729,0.05,0.028,0.003,0.608
11200,성동구,2023-12-10,84.8,84.8,좋음,실외 활동에 좋은 날씨예요,주의,주의,적합,적합,주의,15.322,5.749,67.9,5.477,0.0,0.0,33.822,76.361,0.028,0.025,0.003,0.647
11200,성동구,2023-12-11,70.7,70.7,좋음,"실외 활동에 좋은 날씨예요 · 비 소식, 우산 챙기세요",주의,해로움,주의,주의,적합,12.407,2.743,82.9,11.804,11.774,0.0,2.562,6.049,0.026,0.014,0.002,0.353
11200,성동구,2023-12-12,80.2,80.2,좋음,실외 활동에 좋은 날씨예요,주의,주의,주의,적합,적합,9.341,1.338,75.6,9.422,0.404,0.0,3.345,8.977,0.027,0.021,0.002,0.419
11200,성동구,2023-12-13,83.8,83.8,좋음,실외 활동에 좋은 날씨예요,주의,주의,적합,적합,적합,10.663,1.182,74.1,4.915,0.0,0.0,6.63,15.051,0.012,0.03,0.003,0.529
11200,성동구,2023-12-14,71.7,71.7,좋음,"실외 활동에 좋은 날씨예요 · 비 소식, 우산 챙기세요",주의,해로움,주의,주의,적합,9.304,4.619,85.8,8.586,16.75,0.0,5.103,9.769,0.02,0.021,0.002,0.408
11200,성동구,2023-12-15,60.8,60.8,무난,"실외 활동하기 무난해요 — 비 많음, 우산 필수",주의,위험,주의,주의,적합,6.604,2.061,95.4,8.693,31.736,0.0,2.973,5.873,0.028,0.019,0.002,0.371
11200,성동구,2023-12-16,55.0,69.9,주의,"⚠️ 한파, 한랭질환 주의 — 실외 활동에 주의하세요",위험,주의,해로움,적합,주의,4.056,-15.725,68.9,14.4,1.589,0.0,9.207,18.624,0.033,0.01,0.002,0.369
11200,성동구,2023-12-17,55.0,76.6,주의,"⚠️ 한파, 한랭질환 주의 — 실외 활동에 주의하세요",위험,적합,주의,적합,주의,-6.086,-17.291,48.9,9.743,0.0,0.0,6.941,14.29,0.033,0.01,0.002,0.345
11200,성동구,2023-12-18,55.0,80.9,주의,"⚠️ 한파, 한랭질환 주의 — 실외 활동에 주의하세요",위험,적합,적합,적합,적합,-3.429,-13.907,45.1,5.907,0.0,0.0,7.316,15.479,0.028,0.024,0.002,0.416
11200,성동구,2023-12-19,81.3,81.3,좋음,"실외 활동에 좋은 날씨예요 · 쌀쌀해요, 옷 챙기세요",해로움,주의,적합,적합,주의,0.146,-8.693,63.1,5.054,0.046,0.0,15.609,26.422,0.02,0.039,0.002,0.578
11200,성동구,2023-12-20,55.0,73.7,주의,"⚠️ 한파, 한랭질환 주의 — 실외 활동에 주의하세요",위험,주의,주의,적합,주의,-2.389,-16.477,64.1,8.764,0.225,0.0,26.698,41.699,0.029,0.017,0.002,0.515
11200,성동구,2023-12-21,55.0,77.0,주의,"⚠️ 한파, 한랭질환 주의 — 실외 활동에 주의하세요",위험,적합,주의,적합,적합,-8.118,-19.345,57.4,8.289,0.0,0.0,12.462,20.497,0.029,0.015,0.002,0.4
11200,성동구,2023-12-22,55.0,76.9,주의,"⚠️ 한파, 한랭질환 주의 — 실외 활동에 주의하세요",위험,적합,주의,적합,적합,-7.879,-19.169,51.8,8.757,0.0,0.0,11.179,21.44,0.027,0.018,0.002,0.414
11200,성동구,2023-12-23,55.0,81.3,주의,"⚠️ 한파, 한랭질환 주의 — 실외 활동에 주의하세요",위험,적합,적합,적합,주의,-1.579,-13.415,53.4,3.914,0.0,0.0,18.799,30.085,0.019,0.038,0.003,0.619
11200,성동구,2023-12-24,77.6,77.6,좋음,"실외 활동에 좋은 날씨예요 · 쌀쌀해요, 옷 챙기세요",해로움,주의,적합,적합,주의,1.882,-6.799,73.4,4.264,0.2,0.0,28.061,35.653,0.019,0.039,0.003,0.66
11200,성동구,2023-12-25,74.0,74.0,좋음,실외 활동에 좋은 날씨예요,해로움,해로움,적합,적합,주의,2.421,-4.03,80.8,5.425,0.418,0.0,34.69,43.237,0.026,0.036,0.003,0.709
11200,성동구,2023-12-26,75.8,75.8,좋음,실외 활동에 좋은 날씨예요,해로움,주의,적합,적합,해로움,7.089,-3.408,72.9,7.404,0.0,0.0,35.159,48.518,0.023,0.047,0.003,0.867
11200,성동구,2023-12-27,74.9,74.9,좋음,실외 활동에 좋은 날씨예요 · 미세먼지 주의,해로움,주의,적합,적합,해로움,6.557,-3.517,76.6,3.457,0.0,0.0,57.141,76.645,0.013,0.054,0.004,1.058
11200,성동구,2023-12-28,77.5,77.5,좋음,실외 활동에 좋은 날씨예요 · 미세먼지 주의,해로움,주의,적합,적합,해로움,5.043,-2.822,69.5,6.179,0.0,0.0,40.352,52.387,0.018,0.045,0.004,0.896
11200,성동구,2023-12-29,79.4,79.4,좋음,실외 활동에 좋은 날씨예요,해로움,주의,적합,적합,주의,5.057,-2.247,71.0,4.714,0.0,0.0,32.672,43.104,0.017,0.039,0.003,0.747
11200,성동구,2023-12-30,66.2,66.2,무난,"실외 활동하기 무난해요 — 비 소식, 우산 챙기세요",해로움,해로움,적합,적합,주의,2.489,-2.549,92.0,5.064,8.718,0.0,31.524,39.956,0.014,0.036,0.003,0.695
11200,성동구,2023-12-31,68.3,68.3,무난,"실외 활동하기 무난해요 — 비 소식, 우산 챙기세요",해로움,위험,적합,적합,주의,4.811,-1.081,95.5,7.268,6.007,0.0,17.925,23.19,0.025,0.028,0.003,0.752
11200,성동구,2024-01-01,77.9,77.9,좋음,실외 활동에 좋은 날씨예요,해로움,해로움,적합,적합,주의,6.9,-1.116,83.4,4.896,0.0,0.0,19.857,25.047,0.023,0.03,0.003,0.781
11200,성동구,2024-01-02,81.5,81.5,좋음,실외 활동에 좋은 날씨예요,주의,주의,적합,적합,주의,4.564,1.16,72.6,4.718,0.0,0.0,28.925,40.256,0.025,0.026,0.003,0.566
11200,성동구,2024-01-03,75.3,75.3,좋음,실외 활동에 좋은 날씨예요,해로움,해로움,적합,적합,주의,4.163,-1.6,80.4,6.589,0.557,0.0,29.587,42.672,0.023,0.031,0.003,0.593
11200,성동구,2024-01-04,76.3,76.3,좋음,실외 활동에 좋은 날씨예요,해로움,주의,적합,적합,해로움,4.912,-4.537,74.3,5.207,0.0,0.0,35.992,52.494,0.025,0.036,0.003,0.743
11200,성동구,2024-01-05,73.7,73.7,좋음,실외 활동에 좋은 날씨예요 · 미세먼지 주의,해로움,주의,적합,적합,해로움,9.372,-0.411,77.1,7.235,0.0,0.0,55.88,82.387,0.033,0.034,0.003,0.797
11200,성동구,2024-01-06,82.4,82.4,좋음,실외 활동에 좋은 날씨예요,해로움,주의,적합,적합,적합,5.059,-4.145,63.9,6.863,0.978,0.0,13.101,25.452,0.026,0.021,0.003,0.46
11200,성동구,2024-01-07,55.0,78.7,주의,"⚠️ 한파, 한랭질환 주의 — 실외 활동에 주의하세요",해로움,적합,주의,적합,적합,-0.87,-12.311,57.4,10.044,0.0,0.0,13.552,24.085,0.029,0.012,0.003,0.446
11200,성동구,2024-01-08,82.3,82.3,좋음,"실외 활동에 좋은 날씨예요 · 쌀쌀해요, 옷 챙기세요",해로움,적합,적합,적합,적합,-0.068,-11.182,57.8,5.504,0.0,0.0,13.215,24.001,0.022,0.029,0.003,0.542
11200,성동구,2024-01-09,75.8,75.8,좋음,실외 활동에 좋은 날씨예요,해로움,해로움,적합,적합,주의,0.529,-2.657,84.0,3.825,1.004,0.0,25.315,34.663,0.005,0.043,0.003,0.687
11200,성동구,2024-01-10,70.5,70.5,좋음,실외 활동에 좋은 날씨예요 · 미세먼지 주의,해로움,해로움,적합,적합,해로움,3.393,-4.875,85.9,4.296,0.0,0.0,55.432,69.262,0.011,0.041,0.003,0.818
11200,성동구,2024-01-11,72.1,72.1,좋음,실외 활동에 좋은 날씨예요 · 미세먼지 주의,해로움,해로움,적합,적합,해로움,4.8,-4.253,80.6,5.996,0.0,0.0,49.557,64.004,0.014,0.041,0.003,0.707
11200,성동구,2024-01-12,80.7,80.7,좋음,실외 활동에 좋은 날씨예요,해로움,주의,적합,적합,주의,4.775,-3.05,61.6,6.564,0.0,0.0,34.297,55.09,0.027,0.027,0.003,0.573
11200,성동구,2024-01-13,85.4,85.4,아주좋음,실외 활동하기 아주 좋은 날씨예요,해로움,적합,적합,적합,주의,5.629,-4.178,44.3,4.775,0.0,0.0,13.373,27.611,0.023,0.033,0.003,0.581
11200,성동구,2024-01-14,75.5,75.5,좋음,실외 활동에 좋은 날씨예요,해로움,주의,적합,적합,주의,3.496,-5.007,74.5,7.157,2.307,0.0,23.387,33.304,0.023,0.035,0.003,0.743
11200,성동구,2024-01-15,82.5,82.5,좋음,"실외 활동에 좋은 날씨예요 · 쌀쌀해요, 옷 챙기세요",해로움,적합,적합,적합,적합,1.1,-9.266,51.3,6.275,0.0,0.0,10.153,23.596,0.029,0.02,0.003,0.421
11200,성동구,2024-01-16,83.2,83.2,좋음,"실외 활동에 좋은 날씨예요 · 쌀쌀해요, 옷 챙기세요",해로움,적합,적합,적합,주의,3.821,-8.074,49.8,4.396,0.0,0.0,18.106,33.626,0.025,0.039,0.003,0.656
11200,성동구,2024-01-17,72.7,72.7,좋음,"실외 활동에 좋은 날씨예요 · 비 소식, 우산 챙기세요",해로움,주의,적합,적합,주의,1.843,-3.465,78.5,4.021,7.579,0.0,26.987,37.343,0.004,0.047,0.003,0.805
11200,성동구,2024-01-18,77.5,77.5,좋음,실외 활동에 좋은 날씨예요,해로움,해로움,적합,적합,주의,9.411,-0.119,81.5,6.707,0.411,0.0,20.337,26.386,0.025,0.029,0.003,0.579
11200,성동구,2024-01-19,84.2,84.2,좋음,실외 활동에 좋은 날씨예요,주의,주의,주의,적합,주의,8.879,1.56,65.4,8.625,0.0,0.0,8.085,14.378,0.032,0.018,0.003,0.42
11200,성동구,2024-01-20,80.0,80.0,좋음,실외 활동에 좋은 날씨예요,해로움,주의,주의,적합,주의,5.05,-1.355,69.5,9.436,0.496,0.0,2.342,5.702,0.033,0.013,0.002,0.326
11200,성동구,2024-01-21,78.0,78.0,좋음,실외 활동에 좋은 날씨예요,해로움,주의,적합,적합,주의,4.237,-4.708,75.8,7.586,0.104,0.0,9.461,13.779,0.031,0.016,0.002,0.399
11200,성동구,2024-01-22,55.0,73.7,주의,"⚠️ 한파, 한랭질환 주의 — 실외 활동에 주의하세요",위험,주의,주의,적합,주의,-2.329,-17.358,65.6,9.771,0.007,0.0,19.909,31.094,0.03,0.012,0.002,0.407
11200,성동구,2024-01-23,55.0,75.3,주의,"⚠️ 한파, 한랭질환 주의 — 실외 활동에 주의하세요",위험,적합,주의,적합,주의,-8.154,-19.722,53.6,10.4,0.0,0.0,11.745,22.201,0.03,0.012,0.003,0.361
11200,성동구,2024-01-24,55.0,76.8,주의,"⚠️ 한파, 한랭질환 주의 — 실외 활동에 주의하세요",위험,적합,주의,적합,주의,-3.646,-16.149,52.0,10.2,0.0,0.0,11.244,24.033,0.031,0.014,0.003,0.394
11200,성동구,2024-01-25,55.0,81.2,주의,"⚠️ 한파, 한랭질환 주의 — 실외 활동에 주의하세요",해로움,적합,적합,적합,적합,-0.346,-12.195,47.8,6.457,0.0,0.0,12.607,23.29,0.027,0.022,0.003,0.45
11200,성동구,2024-01-26,80.6,80.6,좋음,"실외 활동에 좋은 날씨예요 · 쌀쌀해요, 옷 챙기세요",해로움,주의,적합,적합,주의,3.957,-7.909,62.5,6.179,0.0,0.0,22.921,35.308,0.022,0.039,0.003,0.645
11200,성동구,2024-01-27,75.9,75.9,좋음,실외 활동에 좋은 날씨예요 · 미세먼지 주의,해로움,주의,적합,적합,해로움,4.575,-5.757,70.0,6.732,0.0,0.0,37.409,51.886,0.035,0.036,0.003,0.746
11200,성동구,2024-01-28,82.1,82.1,좋음,"실외 활동에 좋은 날씨예요 · 쌀쌀해요, 옷 챙기세요",해로움,주의,적합,적합,주의,3.407,-6.172,62.3,5.85,0.0,0.0,21.318,31.334,0.033,0.026,0.003,0.534
11200,성동구,2024-01-29,78.7,78.7,좋음,실외 활동에 좋은 날씨예요,해로움,주의,적합,적합,주의,4.67,-5.952,66.6,5.825,0.0,0.0,31.655,44.839,0.031,0.039,0.003,0.704
11200,성동구,2024-01-30,81.6,81.6,좋음,실외 활동에 좋은 날씨예요 · 미세먼지 주의,해로움,적합,적합,적합,해로움,7.829,-4.644,59.3,3.957,0.0,0.0,41.619,59.823,0.024,0.049,0.003,0.868
11200,성동구,2024-01-31,81.7,81.7,좋음,실외 활동에 좋은 날씨예요 · 미세먼지 주의,해로움,적합,적합,적합,해로움,10.561,-0.715,54.1,6.307,0.0,0.0,41.171,58.746,0.034,0.046,0.004,0.804
11200,성동구,2024-02-01,77.6,77.6,좋음,실외 활동에 좋은 날씨예요 · 미세먼지 주의,해로움,주의,적합,적합,해로움,7.404,-2.75,64.9,5.661,0.0,0.0,59.508,80.53,0.032,0.031,0.003,0.802
11200,성동구,2024-02-02,81.7,81.7,좋음,실외 활동에 좋은 날씨예요,해로움,주의,적합,적합,주의,7.55,-0.798,65.5,5.414,0.0,0.0,32.459,45.734,0.025,0.036,0.003,0.619
11200,성동구,2024-02-03,82.9,82.9,좋음,실외 활동에 좋은 날씨예요,해로움,주의,적합,적합,주의,8.468,-1.738,63.9,5.504,0.0,0.0,25.928,36.451,0.023,0.035,0.003,0.58
11200,성동구,2024-02-04,87.5,87.5,아주좋음,실외 활동하기 아주 좋은 날씨예요,주의,주의,적합,적합,주의,11.278,2.177,60.9,6.185,0.0,0.0,16.582,23.582,0.032,0.025,0.003,0.49
11200,성동구,2024-02-05,72.0,72.0,좋음,실외 활동에 좋은 날씨예요,해로움,해로움,주의,적합,주의,6.611,-3.478,81.8,11.129,2.943,0.0,3.291,6.58,0.034,0.015,0.002,0.326
11200,성동구,2024-02-06,78.3,78.3,좋음,실외 활동에 좋은 날씨예요,해로움,해로움,적합,적합,주의,3.25,-1.393,83.5,5.322,0.061,0.0,10.301,14.982,0.03,0.025,0.002,0.427
11200,성동구,2024-02-07,78.5,78.5,좋음,실외 활동에 좋은 날씨예요,해로움,주의,적합,적합,주의,3.114,-2.248,76.6,5.014,0.0,0.0,26.304,33.334,0.027,0.027,0.002,0.606
11200,성동구,2024-02-08,79.6,79.6,좋음,실외 활동에 좋은 날씨예요,해로움,주의,적합,적합,주의,6.064,-4.096,66.9,5.614,0.0,0.0,31.249,40.936,0.034,0.036,0.003,0.671
11200,성동구,2024-02-09,79.7,79.7,좋음,실외 활동에 좋은 날씨예요,해로움,주의,적합,적합,주의,5.971,-4.023,66.8,7.225,0.0,0.0,25.33,34.847,0.041,0.03,0.003,0.582
11200,성동구,2024-02-10,76.8,76.8,좋음,실외 활동에 좋은 날씨예요 · 미세먼지 주의,해로움,주의,적합,적합,해로움,7.339,-3.017,69.4,7.654,0.0,0.0,36.597,47.623,0.046,0.026,0.003,0.634
11200,성동구,2024-02-11,73.8,73.8,좋음,실외 활동에 좋은 날씨예요 · 미세먼지 주의,해로움,주의,주의,적합,해로움,5.689,-4.667,70.6,8.343,0.0,0.0,49.936,63.708,0.045,0.023,0.003,0.653
11200,성동구,2024-02-12,79.2,79.2,좋음,실외 활동에 좋은 날씨예요 · 미세먼지 주의,해로움,주의,적합,적합,해로움,10.382,-3.882,62.8,5.446,0.0,0.0,47.499,63.804,0.04,0.033,0.003,0.739
11200,성동구,2024-02-13,76.9,76.9,좋음,실외 활동에 좋은 날씨예요 · 미세먼지 주의,주의,주의,주의,적합,해로움,14.5,1.221,70.6,9.425,0.0,0.0,42.695,68.189,0.043,0.039,0.003,0.756
11200,성동구,2024-02-14,83.9,83.9,좋음,실외 활동에 좋은 날씨예요,주의,주의,적합,적합,주의,18.043,8.671,76.4,7.186,0.0,0.0,28.055,47.278,0.034,0.038,0.003,0.687
11200,성동구,2024-02-15,66.5,66.5,무난,"실외 활동하기 무난해요 — 비 소식, 우산 챙기세요",해로움,해로움,주의,적합,주의,11.479,-1.926,89.9,9.975,8.711,0.0,15.121,22.619,0.037,0.018,0.002,0.419
11200,성동구,2024-02-16,81.0,81.0,좋음,실외 활동에 좋은 날씨예요,해로움,주의,적합,적합,주의,7.986,-2.389,72.4,5.646,0.0,0.0,18.082,28.545,0.027,0.03,0.003,0.523
11200,성동구,2024-02-17,78.7,78.7,좋음,실외 활동에 좋은 날씨예요,해로움,주의,적합,적합,주의,11.068,-1.76,73.5,5.161,0.0,0.0,31.227,44.911,0.034,0.038,0.003,0.661
11200,성동구,2024-02-18,69.2,69.2,무난,"실외 활동하기 무난해요 — 비 소식, 우산 챙기세요",해로움,해로움,적합,주의,주의,10.189,-0.245,81.4,6.664,14.111,0.0,25.678,37.18,0.02,0.034,0.003,0.619
11200,성동구,2024-02-19,71.2,71.2,좋음,"실외 활동에 좋은 날씨예요 · 비 소식, 우산 챙기세요",주의,위험,적합,적합,적합,12.111,3.528,95.8,7.681,6.675,0.0,8.657,15.255,0.021,0.03,0.003,0.636
11200,성동구,2024-02-20,75.8,75.8,좋음,실외 활동에 좋은 날씨예요,주의,해로움,주의,적합,주의,7.378,1.482,86.3,8.115,1.911,0.0,15.654,28.345,0.024,0.021,0.002,0.494
11200,성동구,2024-02-21,64.7,64.7,무난,"실외 활동하기 무난해요 — 비 소식, 우산 챙기세요",해로움,해로움,주의,주의,적합,4.348,-2.903,92.5,8.607,14.233,0.0,2.121,4.513,0.03,0.016,0.002,0.351
11200,성동구,2024-02-22,71.1,71.1,좋음,"실외 활동에 좋은 날씨예요 · 비 소식, 우산 챙기세요",해로움,해로움,주의,적합,주의,1.674,-3.333,84.5,8.142,6.011,0.0,2.987,7.005,0.033,0.016,0.002,0.33
11200,성동구,2024-02-23,80.7,80.7,좋음,실외 활동에 좋은 날씨예요,해로움,주의,적합,적합,주의,6.163,-3.581,68.8,7.464,0.104,0.0,4.667,9.974,0.035,0.016,0.002,0.326
11200,성동구,2024-02-24,80.0,80.0,좋음,실외 활동에 좋은 날씨예요,해로움,주의,적합,적합,주의,6.029,-3.709,68.6,7.6,1.171,0.0,7.392,14.45,0.035,0.015,0.002,0.331
11200,성동구,2024-02-25,78.7,78.7,좋음,실외 활동에 좋은 날씨예요,해로움,해로움,적합,적합,주의,6.436,-0.817,80.8,5.621,1.171,0.0,10.651,15.581,0.033,0.017,0.002,0.396
11200,성동구,2024-02-26,83.5,83.5,좋음,실외 활동에 좋은 날씨예요,해로움,주의,적합,적합,주의,9.968,-2.257,65.3,5.657,0.0,0.0,18.323,30.193,0.032,0.026,0.003,0.506
11200,성동구,2024-02-27,84.7,84.7,좋음,실외 활동에 좋은 날씨예요,해로움,적합,적합,적합,주의,9.746,-1.045,52.0,7.789,0.0,0.0,9.417,20.424,0.036,0.02,0.002,0.357
11200,성동구,2024-02-28,88.9,88.9,아주좋음,실외 활동하기 아주 좋은 날씨예요,주의,적합,적합,적합,주의,10.364,2.473,59.5,4.893,0.0,0.0,17.263,34.312,0.029,0.028,0.003,0.429
11200,성동구,2024-02-29,79.4,79.4,좋음,실외 활동에 좋은 날씨예요,해로움,주의,주의,적합,해로움,9.661,-0.78,63.6,8.736,0.0,0.0,35.261,57.218,0.038,0.029,0.003,0.57
11200,성동구,2024-03-01,75.4,75.4,좋음,"실외 활동에 좋은 날씨예요 · 쌀쌀해요, 옷 챙기세요",해로움,주의,주의,적합,주의,0.629,-11.94,38.9,11.821,0.0,0.0,11.136,37.504,0.04,0.009,0.002,0.301
11200,성동구,2024-03-02,55.0,76.1,주의,"⚠️ 한파, 한랭질환 주의 — 실외 활동에 주의하세요",해로움,주의,주의,적합,주의,4.407,-12.207,60.4,11.682,0.0,0.0,13.778,35.448,0.041,0.017,0.003,0.372
11200,성동구,2024-03-03,75.2,75.2,좋음,실외 활동에 좋은 날씨예요 · 미세먼지 주의,해로움,주의,주의,적합,해로움,8.336,-1.947,71.5,9.104,0.0,0.0,63.584,113.361,0.045,0.021,0.003,0.595
11200,성동구,2024-03-04,83.6,83.6,좋음,실외 활동에 좋은 날씨예요 · 미세먼지 주의,해로움,적합,적합,적합,해로움,11.778,-2.076,45.5,4.611,0.0,0.0,37.442,73.038,0.037,0.039,0.003,0.596
11200,성동구,2024-03-05,88.6,88.6,아주좋음,실외 활동하기 아주 좋은 날씨예요,주의,적합,적합,적합,주의,11.178,4.264,45.1,7.511,0.0,0.0,22.172,45.845,0.039,0.031,0.003,0.474
11200,성동구,2024-03-06,87.1,87.1,아주좋음,실외 활동하기 아주 좋은 날씨예요,주의,적합,적합,적합,주의,10.618,1.006,58.8,6.571,0.0,0.0,7.469,15.952,0.037,0.021,0.002,0.382
11200,성동구,2024-03-07,83.5,83.5,좋음,실외 활동에 좋은 날씨예요,해로움,주의,주의,적합,주의,8.4,-0.557,62.4,8.161,0.629,0.0,17.685,31.134,0.038,0.021,0.002,0.405
11200,성동구,2024-03-08,80.6,80.6,좋음,실외 활동에 좋은 날씨예요,해로움,적합,주의,적합,주의,7.059,-3.858,50.6,10.921,0.0,0.0,22.371,44.554,0.043,0.017,0.003,0.415
11200,성동구,2024-03-09,83.1,83.1,좋음,실외 활동에 좋은 날씨예요,해로움,적합,적합,적합,주의,7.289,-4.567,50.8,7.079,0.0,0.0,17.587,33.917,0.04,0.018,0.003,0.398
11200,성동구,2024-03-10,83.6,83.6,좋음,실외 활동에 좋은 날씨예요,해로움,적합,적합,적합,주의,10.752,-2.984,54.0,7.289,0.0,0.0,17.193,30.598,0.045,0.024,0.003,0.435
11200,성동구,2024-03-11,86.0,86.0,아주좋음,실외 활동하기 아주 좋은 날씨예요,주의,주의,적합,적합,주의,11.196,1.247,62.3,6.504,0.0,0.0,18.901,35.688,0.035,0.039,0.003,0.511
11200,성동구,2024-03-12,83.1,83.1,좋음,실외 활동에 좋은 날씨예요,주의,주의,적합,적합,주의,10.285,3.563,78.0,5.2,1.039,0.0,21.312,33.531,0.032,0.036,0.003,0.544
11200,성동구,2024-03-13,82.5,82.5,좋음,실외 활동에 좋은 날씨예요,해로움,적합,주의,적합,주의,12.325,-1.159,57.6,9.35,0.0,0.0,26.784,46.261,0.055,0.028,0.003,0.525
11200,성동구,2024-03-14,84.6,84.6,좋음,실외 활동에 좋은 날씨예요 · 미세먼지 주의,주의,적합,적합,적합,해로움,15.523,1.626,58.3,7.192,0.0,0.0,36.315,61.152,0.052,0.03,0.003,0.496
11200,성동구,2024-03-15,82.7,82.7,좋음,실외 활동에 좋은 날씨예요,주의,주의,적합,적합,주의,14.714,2.352,68.5,7.939,0.0,0.0,31.411,50.53,0.05,0.029,0.003,0.466
11200,성동구,2024-03-16,86.8,86.8,아주좋음,실외 활동하기 아주 좋은 날씨예요,주의,적합,적합,적합,주의,18.704,3.575,54.5,7.411,0.0,0.0,31.284,51.602,0.054,0.03,0.003,0.498
11200,성동구,2024-03-17,81.4,81.4,좋음,실외 활동에 좋은 날씨예요 · 미세먼지 주의,주의,적합,주의,적합,해로움,12.452,2.897,48.0,10.763,0.021,0.0,19.298,93.495,0.051,0.012,0.002,0.334
11200,성동구,2024-03-18,81.2,81.2,좋음,실외 활동에 좋은 날씨예요,해로움,주의,적합,적합,주의,13.577,-0.229,28.6,7.342,0.0,0.0,7.693,22.841,0.039,0.023,0.003,0.35
11200,성동구,2024-03-19,82.5,82.5,좋음,실외 활동에 좋은 날씨예요,주의,주의,주의,적합,주의,10.607,1.464,60.8,12.348,0.079,0.0,25.998,51.057,0.048,0.02,0.003,0.408
11200,성동구,2024-03-20,82.5,82.5,좋음,실외 활동에 좋은 날씨예요,해로움,적합,주의,적합,주의,8.85,-1.373,46.5,10.046,0.0,0.0,23.022,39.925,0.045,0.014,0.002,0.364
11200,성동구,2024-03-21,83.8,83.8,좋음,실외 활동에 좋은 날씨예요,해로움,적합,적합,적합,주의,11.415,-2.026,46.5,7.57,0.0,0.0,20.483,36.528,0.044,0.027,0.003,0.438
11200,성동구,2024-03-22,79.4,79.4,좋음,"실외 활동에 좋은 날씨예요 · 비 소식, 우산 챙기세요",주의,적합,주의,적합,주의,15.693,1.185,57.0,11.463,6.086,0.0,18.411,43.476,0.05,0.028,0.003,0.436
11200,성동구,2024-03-23,89.6,89.6,아주좋음,실외 활동하기 아주 좋은 날씨예요,주의,주의,적합,적합,주의,18.327,8.296,66.0,7.285,0.218,0.0,24.704,57.769,0.053,0.02,0.002,0.442
11200,성동구,2024-03-24,93.0,93.0,아주좋음,실외 활동하기 아주 좋은 날씨예요,주의,적합,적합,적합,주의,23.182,8.984,42.5,6.464,0.0,0.0,16.05,35.497,0.052,0.024,0.003,0.468
11200,성동구,2024-03-25,84.6,84.6,좋음,"실외 활동에 좋은 날씨예요 · 비 소식, 우산 챙기세요",주의,주의,주의,적합,주의,15.037,5.128,63.0,9.333,5.057,0.0,7.491,18.848,0.04,0.018,0.002,0.348
11200,성동구,2024-03-26,72.7,72.7,좋음,"실외 활동에 좋은 날씨예요 · 비 소식, 우산 챙기세요",주의,주의,적합,주의,주의,12.359,0.896,77.3,7.732,12.857,0.0,3.574,8.386,0.042,0.018,0.002,0.34
11200,성동구,2024-03-27,86.9,86.9,아주좋음,실외 활동하기 아주 좋은 날씨예요,주의,주의,적합,적합,주의,16.7,3.876,68.4,6.136,0.0,0.0,15.389,26.6,0.043,0.028,0.003,0.46
11200,성동구,2024-03-28,85.0,85.0,아주좋음,실외 활동하기 아주 좋은 날씨예요,주의,해로움,적합,적합,주의,12.032,7.512,81.8,6.318,1.586,0.0,15.938,31.648,0.034,0.028,0.003,0.48
11200,성동구,2024-03-29,55.0,73.6,주의,"⚠️ 미세먼지 매우 나쁨, 마스크 착용 — 실외 활동에 주의하세요",주의,주의,주의,적합,위험,12.668,2.892,73.0,8.829,1.711,0.0,40.62,231.051,0.04,0.023,0.002,0.463
11200,성동구,2024-03-30,81.6,81.6,좋음,실외 활동에 좋은 날씨예요 · 미세먼지 주의,주의,적합,주의,적합,해로움,16.421,1.493,56.5,8.307,0.0,0.0,22.352,90.864,0.047,0.025,0.003,0.456
11200,성동구,2024-03-31,86.9,86.9,아주좋음,실외 활동하기 아주 좋은 날씨예요,주의,주의,적합,적합,주의,17.446,2.071,39.9,6.532,0.0,0.0,11.54,42.735,0.047,0.017,0.003,0.401
11200,성동구,2024-04-01,85.8,85.8,아주좋음,실외 활동하기 아주 좋은 날씨예요,주의,주의,적합,적합,주의,19.236,4.944,32.0,7.361,0.0,0.0,14.146,45.198,0.048,0.029,0.003,0.436
11200,성동구,2024-04-02,89.5,89.5,아주좋음,실외 활동하기 아주 좋은 날씨예요,주의,주의,적합,적합,주의,24.089,6.467,37.5,6.496,0.0,0.0,23.076,54.017,0.06,0.041,0.003,0.54
11200,성동구,2024-04-03,94.7,94.7,아주좋음,실외 활동하기 아주 좋은 날씨예요,적합,적합,적합,적합,주의,19.0,13.121,55.9,4.779,0.071,0.0,21.649,44.062,0.039,0.038,0.003,0.54
11200,성동구,2024-04-04,93.4,93.4,아주좋음,실외 활동하기 아주 좋은 날씨예요,적합,적합,적합,적합,주의,20.239,12.099,52.1,7.118,0.0,0.0,14.997,33.347,0.05,0.02,0.003,0.395
11200,성동구,2024-04-05,92.0,92.0,아주좋음,실외 활동하기 아주 좋은 날씨예요,적합,적합,적합,적합,주의,18.964,9.594,51.3,7.936,0.0,0.0,20.521,42.481,0.058,0.02,0.003,0.402
11200,성동구,2024-04-06,89.4,89.4,아주좋음,실외 활동하기 아주 좋은 날씨예요 · 미세먼지 주의,주의,적합,적합,적합,해로움,19.279,7.162,48.6,7.154,0.0,0.0,39.074,65.713,0.059,0.033,0.003,0.553
11200,성동구,2024-04-07,87.7,87.7,아주좋음,실외 활동하기 아주 좋은 날씨예요,주의,주의,적합,적합,주의,23.511,7.0,33.4,6.468,0.0,0.0,32.463,55.184,0.076,0.029,0.003,0.545
11200,성동구,2024-04-08,93.0,93.0,아주좋음,실외 활동하기 아주 좋은 날씨예요,적합,적합,적합,적합,주의,22.696,10.183,46.5,5.782,0.0,0.0,28.309,57.087,0.055,0.041,0.003,0.58
11200,성동구,2024-04-09,88.4,88.4,아주좋음,실외 활동하기 아주 좋은 날씨예요,적합,주의,주의,적합,주의,20.646,10.251,32.4,9.979,0.0,0.0,18.289,40.927,0.052,0.018,0.003,0.382
11200,성동구,2024-04-10,91.9,91.9,아주좋음,실외 활동하기 아주 좋은 날씨예요,적합,주의,적합,적합,주의,18.514,9.687,62.6,6.921,0.0,0.0,17.797,43.197,0.056,0.014,0.003,0.357
11200,성동구,2024-04-11,94.2,94.2,아주좋음,실외 활동하기 아주 좋은 날씨예요,적합,주의,적합,적합,주의,21.271,11.506,61.0,4.754,0.0,0.0,21.038,49.772,0.049,0.026,0.003,0.466
11200,성동구,2024-04-12,93.2,93.2,아주좋음,실외 활동하기 아주 좋은 날씨예요,적합,적합,적합,적합,주의,24.271,11.075,59.6,6.418,0.0,0.0,23.685,48.471,0.057,0.03,0.003,0.493
11200,성동구,2024-04-13,90.8,90.8,아주좋음,실외 활동하기 아주 좋은 날씨예요,주의,적합,적합,적합,주의,27.41,10.733,52.4,6.454,0.0,0.0,18.09,40.533,0.057,0.024,0.003,0.428
11200,성동구,2024-04-14,86.2,86.2,아주좋음,실외 활동하기 아주 좋은 날씨예요,주의,적합,적합,적합,주의,29.204,12.55,47.1,7.036,0.0,0.0,22.269,44.61,0.077,0.025,0.003,0.512
11200,성동구,2024-04-15,78.3,78.3,좋음,"실외 활동에 좋은 날씨예요 · 비 소식, 우산 챙기세요",적합,주의,주의,주의,주의,20.329,11.306,77.4,8.282,15.825,0.286,11.599,22.919,0.048,0.02,0.003,0.398
11200,성동구,2024-04-16,81.9,81.9,좋음,실외 활동에 좋은 날씨예요 · 미세먼지 주의,적합,해로움,적합,적합,해로움,18.036,10.567,82.6,6.661,1.957,0.043,28.295,85.07,0.048,0.021,0.003,0.505
11200,성동구,2024-04-17,85.6,85.6,아주좋음,실외 활동하기 아주 좋은 날씨예요 · 미세먼지 주의,주의,주의,적합,적합,위험,22.146,8.662,65.3,6.586,0.0,0.0,41.726,141.53,0.042,0.027,0.003,0.555
11200,성동구,2024-04-18,87.8,87.8,아주좋음,실외 활동하기 아주 좋은 날씨예요 · 미세먼지 주의,적합,적합,적합,적합,위험,25.454,10.058,53.3,7.207,0.0,0.0,27.221,113.564,0.055,0.03,0.003,0.513
11200,성동구,2024-04-19,89.7,89.7,아주좋음,실외 활동하기 아주 좋은 날씨예요 · 미세먼지 주의,적합,적합,적합,적합,해로움,24.632,11.122,51.8,6.582,0.0,0.0,30.33,95.773,0.091,0.031,0.004,0.524
11200,성동구,2024-04-20,82.9,82.9,좋음,실외 활동에 좋은 날씨예요,적합,주의,주의,적합,주의,17.914,12.829,77.3,8.264,4.796,0.043,26.045,59.901,0.06,0.024,0.003,0.512
11200,성동구,2024-04-21,91.3,91.3,아주좋음,실외 활동하기 아주 좋은 날씨예요,적합,주의,주의,적합,주의,21.075,13.257,65.5,8.068,0.0,0.0,6.759,17.409,0.048,0.009,0.002,0.323
11200,성동구,2024-04-22,93.5,93.5,아주좋음,실외 활동하기 아주 좋은 날씨예요,적합,적합,적합,적합,주의,24.007,14.7,49.4,6.921,0.0,0.0,15.88,31.434,0.053,0.015,0.002,0.332
11200,성동구,2024-04-23,92.7,92.7,아주좋음,실외 활동하기 아주 좋은 날씨예요,적합,적합,주의,적합,주의,23.493,12.688,55.0,8.146,0.054,0.0,10.217,21.603,0.052,0.014,0.002,0.321
11200,성동구,2024-04-24,80.4,80.4,좋음,"실외 활동에 좋은 날씨예요 · 비 소식, 우산 챙기세요",적합,해로움,적합,주의,주의,17.186,10.406,80.1,6.961,10.857,0.154,5.566,13.023,0.04,0.014,0.002,0.331
11200,성동구,2024-04-25,88.8,88.8,아주좋음,실외 활동하기 아주 좋은 날씨예요,적합,주의,적합,적합,주의,21.221,9.905,75.6,5.404,0.0,0.0,19.756,32.247,0.064,0.022,0.002,0.458
11200,성동구,2024-04-26,91.7,91.7,아주좋음,실외 활동하기 아주 좋은 날씨예요,주의,주의,적합,적합,주의,26.115,10.936,61.1,5.918,0.0,0.0,26.858,66.53,0.063,0.031,0.003,0.544
11200,성동구,2024-04-27,91.1,91.1,아주좋음,실외 활동하기 아주 좋은 날씨예요,주의,적합,적합,적합,주의,26.682,10.661,56.4,6.704,0.0,0.0,23.917,51.345,0.068,0.027,0.003,0.516
11200,성동구,2024-04-28,87.6,87.6,아주좋음,실외 활동하기 아주 좋은 날씨예요,주의,적합,적합,적합,주의,28.92,11.906,53.5,5.079,0.0,0.0,20.811,38.844,0.086,0.026,0.003,0.518
11200,성동구,2024-04-29,91.9,91.9,아주좋음,실외 활동하기 아주 좋은 날씨예요,적합,적합,적합,적합,주의,25.889,16.4,48.0,7.736,0.0,0.0,19.99,43.369,0.064,0.019,0.003,0.392
11200,성동구,2024-04-30,91.7,91.7,아주좋음,실외 활동하기 아주 좋은 날씨예요,적합,주의,적합,적합,주의,22.443,15.257,62.5,6.061,0.0,0.0,33.417,59.315,0.056,0.025,0.004,0.516
11200,성동구,2024-05-01,93.6,93.6,아주좋음,실외 활동하기 아주 좋은 날씨예요,적합,적합,적합,적합,주의,23.768,13.686,46.0,6.386,0.0,0.0,14.158,26.85,0.058,0.014,0.003,0.34
11200,성동구,2024-05-02,92.5,92.5,아주좋음,실외 활동하기 아주 좋은 날씨예요,적합,적합,적합,적합,주의,24.093,12.306,48.4,7.485,0.0,0.0,18.757,36.266,0.064,0.024,0.003,0.396
11200,성동구,2024-05-03,89.1,89.1,아주좋음,실외 활동하기 아주 좋은 날씨예요,주의,적합,적합,적합,주의,28.025,11.05,46.9,5.641,0.0,0.0,24.966,48.907,0.082,0.032,0.003,0.465
11200,성동구,2024-05-04,85.7,85.7,아주좋음,실외 활동하기 아주 좋은 날씨예요,주의,적합,적합,적합,해로움,28.686,13.463,44.8,6.867,0.0,0.0,33.148,56.728,0.11,0.032,0.004,0.548
11200,성동구,2024-05-05,63.8,63.8,무난,"실외 활동하기 무난해요 — 비 많음, 우산 필수",적합,해로움,주의,주의,주의,20.641,15.381,87.4,10.167,42.011,0.3,14.375,23.054,0.073,0.013,0.003,0.393
11200,성동구,2024-05-06,75.0,75.0,좋음,"실외 활동에 좋은 날씨예요 · 비 소식, 우산 챙기세요",적합,해로움,적합,주의,주의,15.619,13.185,92.9,7.789,11.141,0.152,7.187,11.837,0.049,0.012,0.002,0.373
11200,성동구,2024-05-07,85.6,85.6,아주좋음,실외 활동하기 아주 좋은 날씨예요,적합,주의,주의,적합,주의,15.419,11.704,77.3,8.196,2.385,0.044,13.041,22.006,0.049,0.014,0.002,0.382
11200,성동구,2024-05-08,92.4,92.4,아주좋음,실외 활동하기 아주 좋은 날씨예요,주의,적합,적합,적합,주의,21.748,8.376,58.8,7.563,0.0,0.0,9.241,21.668,0.045,0.016,0.002,0.322
11200,성동구,2024-05-09,90.0,90.0,아주좋음,실외 활동하기 아주 좋은 날씨예요,적합,주의,주의,적합,주의,22.261,10.104,63.6,8.893,0.0,0.0,14.654,30.811,0.069,0.02,0.003,0.38
11200,성동구,2024-05-10,92.1,92.1,아주좋음,실외 활동하기 아주 좋은 날씨예요,적합,적합,주의,적합,주의,24.539,12.225,55.6,8.182,0.0,0.0,14.634,30.932,0.065,0.019,0.003,0.382
11200,성동구,2024-05-11,70.9,70.9,좋음,"실외 활동에 좋은 날씨예요 · 비 소식, 우산 챙기세요",적합,주의,주의,주의,주의,22.579,13.193,80.0,12.357,27.882,0.275,7.987,21.239,0.048,0.014,0.002,0.329
11200,성동구,2024-05-12,88.0,88.0,아주좋음,실외 활동하기 아주 좋은 날씨예요,적합,주의,주의,적합,해로움,22.274,10.979,65.0,8.896,0.0,0.0,15.166,67.954,0.05,0.011,0.002,0.333
11200,성동구,2024-05-13,92.7,92.7,아주좋음,실외 활동하기 아주 좋은 날씨예요,적합,적합,적합,적합,주의,25.174,11.314,51.9,7.448,0.0,0.0,13.809,31.358,0.058,0.021,0.003,0.4
11200,성동구,2024-05-14,92.2,92.2,아주좋음,실외 활동하기 아주 좋은 날씨예요,적합,적합,적합,적합,주의,25.114,11.979,43.3,7.614,0.0,0.0,13.822,29.282,0.066,0.025,0.003,0.388
11200,성동구,2024-05-15,73.6,73.6,좋음,"실외 활동에 좋은 날씨예요 · 비 소식, 우산 챙기세요",주의,주의,주의,주의,주의,19.318,6.14,74.3,10.211,21.057,0.139,7.948,23.149,0.051,0.016,0.003,0.332
11200,성동구,2024-05-16,88.8,88.8,아주좋음,실외 활동하기 아주 좋은 날씨예요,주의,주의,주의,적합,주의,20.129,5.934,61.3,8.871,0.45,0.011,6.867,18.35,0.05,0.015,0.003,0.321
11200,성동구,2024-05-17,90.9,90.9,아주좋음,실외 활동하기 아주 좋은 날씨예요,적합,주의,적합,적합,주의,25.546,10.717,63.6,6.946,0.0,0.0,19.512,42.792,0.074,0.023,0.003,0.456
11200,성동구,2024-05-18,90.2,90.2,아주좋음,실외 활동하기 아주 좋은 날씨예요,주의,주의,적합,적합,주의,26.761,14.896,65.3,6.629,0.0,0.0,11.406,27.955,0.058,0.018,0.003,0.391
11200,성동구,2024-05-19,87.4,87.4,아주좋음,실외 활동하기 아주 좋은 날씨예요,주의,주의,적합,적합,주의,28.287,15.375,63.1,7.046,0.0,0.0,11.45,24.747,0.067,0.013,0.003,0.336
11200,성동구,2024-05-20,89.1,89.1,아주좋음,실외 활동하기 아주 좋은 날씨예요,적합,주의,적합,적합,주의,23.407,16.357,75.0,6.754,0.0,0.0,16.119,31.557,0.045,0.017,0.003,0.34
11200,성동구,2024-05-21,85.7,85.7,아주좋음,실외 활동하기 아주 좋은 날씨예요,주의,주의,적합,적합,주의,28.639,16.107,68.1,5.775,0.0,0.0,27.481,44.991,0.07,0.02,0.003,0.414
11200,성동구,2024-05-22,88.0,88.0,아주좋음,실외 활동하기 아주 좋은 날씨예요,주의,주의,적합,적합,해로움,26.368,15.996,68.9,6.689,0.0,0.0,35.514,54.25,0.067,0.022,0.003,0.467
11200,성동구,2024-05-23,89.3,89.3,아주좋음,실외 활동하기 아주 좋은 날씨예요,주의,주의,적합,적합,주의,26.854,15.482,67.9,6.643,0.0,0.0,18.82,32.353,0.055,0.021,0.003,0.361
11200,성동구,2024-05-24,89.0,89.0,아주좋음,실외 활동하기 아주 좋은 날씨예요,적합,주의,적합,적합,주의,24.504,15.45,75.1,5.996,0.0,0.0,24.369,37.402,0.04,0.017,0.002,0.367
11200,성동구,2024-05-25,93.0,93.0,아주좋음,실외 활동하기 아주 좋은 날씨예요,적합,주의,적합,적합,주의,24.593,18.121,62.8,5.896,0.0,0.0,18.835,35.107,0.057,0.017,0.003,0.357
11200,성동구,2024-05-26,82.2,82.2,좋음,"실외 활동에 좋은 날씨예요 · 비 소식, 우산 챙기세요",적합,주의,주의,적합,주의,24.35,16.829,74.3,8.275,8.561,0.107,13.033,24.786,0.051,0.012,0.002,0.354
11200,성동구,2024-05-27,90.8,90.8,아주좋음,실외 활동하기 아주 좋은 날씨예요,적합,주의,주의,적합,주의,23.411,14.368,63.4,9.754,0.0,0.0,10.131,27.376,0.051,0.012,0.002,0.368
11200,성동구,2024-05-28,92.4,92.4,아주좋음,실외 활동하기 아주 좋은 날씨예요,주의,적합,주의,적합,주의,26.036,13.989,54.8,8.132,0.0,0.0,7.125,17.699,0.048,0.017,0.002,0.317
11200,성동구,2024-05-29,90.6,90.6,아주좋음,실외 활동하기 아주 좋은 날씨예요,주의,적합,적합,적합,주의,27.561,14.775,51.6,6.579,0.0,0.0,11.771,25.65,0.057,0.025,0.003,0.38
11200,성동구,2024-05-30,95.0,95.0,아주좋음,실외 활동하기 아주 좋은 날씨예요,적합,적합,적합,적합,주의,24.821,15.943,49.1,4.296,0.0,0.0,15.161,29.321,0.054,0.032,0.003,0.448
11200,성동구,2024-05-31,92.0,92.0,아주좋음,실외 활동하기 아주 좋은 날씨예요,적합,적합,적합,적합,주의,25.796,15.968,60.0,7.925,0.071,0.036,13.55,25.588,0.06,0.019,0.003,0.353
11200,성동구,2024-06-01,92.3,92.3,아주좋음,실외 활동하기 아주 좋은 날씨예요,적합,주의,주의,적합,주의,25.8,17.136,61.3,8.246,0.018,0.0,13.691,29.1,0.051,0.011,0.002,0.327
11200,성동구,2024-06-02,91.3,91.3,아주좋음,실외 활동하기 아주 좋은 날씨예요,주의,적합,주의,적합,주의,26.522,15.293,51.9,8.678,0.0,0.0,9.861,21.772,0.058,0.011,0.003,0.309
11200,성동구,2024-06-03,90.2,90.2,아주좋음,실외 활동하기 아주 좋은 날씨예요,주의,적합,적합,적합,주의,28.355,15.259,47.4,6.807,0.0,0.0,7.165,15.447,0.052,0.014,0.002,0.292
11200,성동구,2024-06-04,88.4,88.4,아주좋음,실외 활동하기 아주 좋은 날씨예요,주의,주의,적합,적합,주의,29.352,15.811,42.1,6.474,0.0,0.0,8.546,19.202,0.056,0.017,0.002,0.297
11200,성동구,2024-06-05,85.0,85.0,아주좋음,실외 활동하기 아주 좋은 날씨예요,주의,주의,적합,적합,주의,30.431,17.286,53.9,5.957,0.0,0.0,21.898,40.035,0.084,0.029,0.003,0.432
11200,성동구,2024-06-06,82.1,82.1,좋음,실외 활동에 좋은 날씨예요,주의,주의,적합,적합,해로움,31.095,18.675,54.3,6.614,0.054,0.0,27.95,44.051,0.104,0.024,0.003,0.433
11200,성동구,2024-06-07,89.6,89.6,아주좋음,실외 활동하기 아주 좋은 날씨예요,주의,주의,적합,적합,주의,28.263,17.543,54.3,5.568,0.171,0.029,19.078,32.546,0.078,0.024,0.003,0.381
11200,성동구,2024-06-08,80.0,80.0,좋음,"실외 활동에 좋은 날씨예요 · 비 소식, 우산 챙기세요",적합,주의,적합,주의,주의,24.929,17.0,79.5,5.75,17.104,0.443,16.625,25.08,0.062,0.015,0.002,0.369
11200,성동구,2024-06-09,86.2,86.2,아주좋음,실외 활동하기 아주 좋은 날씨예요,주의,주의,적합,적합,주의,29.236,16.907,68.9,6.286,0.0,0.0,18.187,29.605,0.084,0.015,0.003,0.405
11200,성동구,2024-06-10,80.0,80.0,좋음,실외 활동에 좋은 날씨예요,주의,주의,적합,적합,해로움,31.438,18.311,66.3,6.811,0.0,0.0,28.139,48.137,0.096,0.02,0.003,0.493
11200,성동구,2024-06-11,78.8,78.8,좋음,실외 활동에 좋은 날씨예요 · 미세먼지 주의,주의,주의,적합,적합,해로움,31.855,20.696,62.4,6.85,0.0,0.0,36.063,61.006,0.1,0.018,0.003,0.491
11200,성동구,2024-06-12,78.7,78.7,좋음,실외 활동에 좋은 날씨예요,주의,주의,적합,적합,해로움,32.348,18.364,60.8,7.114,0.0,0.0,16.57,32.434,0.093,0.022,0.003,0.388
11200,성동구,2024-06-13,78.0,78.0,좋음,실외 활동에 좋은 날씨예요,주의,주의,적합,적합,주의,32.967,19.279,51.4,6.446,0.0,0.0,16.872,32.86,0.075,0.026,0.003,0.39
11200,성동구,2024-06-14,75.0,75.0,좋음,실외 활동에 좋은 날씨예요 · 더위 주의,해로움,주의,주의,적합,주의,33.337,20.229,56.0,8.521,0.0,0.0,20.575,36.058,0.084,0.025,0.004,0.385
11200,성동구,2024-06-15,83.8,83.8,좋음,실외 활동에 좋은 날씨예요,주의,주의,적합,적합,주의,28.414,20.389,72.3,5.957,4.861,0.182,18.565,27.016,0.041,0.015,0.003,0.327
11200,성동구,2024-06-16,82.9,82.9,좋음,실외 활동에 좋은 날씨예요,주의,주의,주의,적합,주의,30.112,19.1,58.4,8.046,0.0,0.0,12.918,23.235,0.059,0.012,0.003,0.331
11200,성동구,2024-06-17,82.8,82.8,좋음,실외 활동에 좋은 날씨예요,주의,주의,적합,적합,주의,30.535,17.857,48.4,7.471,0.0,0.0,11.487,22.514,0.067,0.022,0.003,0.342
11200,성동구,2024-06-18,77.6,77.6,좋음,실외 활동에 좋은 날씨예요,주의,주의,적합,적합,주의,32.735,19.136,59.5,6.893,0.0,0.0,14.53,27.506,0.078,0.023,0.003,0.353
11200,성동구,2024-06-19,55.0,71.4,주의,"⚠️ 폭염, 온열질환 주의 — 실외 활동에 주의하세요",해로움,해로움,적합,적합,해로움,35.886,20.361,54.3,5.539,0.0,0.0,26.222,43.123,0.141,0.026,0.004,0.452
11200,성동구,2024-06-20,55.0,72.6,주의,"⚠️ 폭염, 온열질환 주의 — 실외 활동에 주의하세요",해로움,해로움,적합,적합,해로움,35.122,22.175,45.1,6.079,0.0,0.0,27.956,43.414,0.113,0.027,0.004,0.472
11200,성동구,2024-06-21,74.6,74.6,좋음,실외 활동에 좋은 날씨예요 · 더위 주의,해로움,해로움,적합,적합,주의,33.686,21.85,49.8,7.125,0.0,0.0,22.39,38.153,0.089,0.029,0.004,0.429
11200,성동구,2024-06-22,79.2,79.2,좋음,"실외 활동에 좋은 날씨예요 · 비 소식, 우산 챙기세요",주의,해로움,적합,주의,주의,26.154,21.811,80.6,5.286,18.911,0.168,21.093,29.674,0.054,0.019,0.003,0.462
11200,성동구,2024-06-23,75.4,75.4,좋음,"실외 활동에 좋은 날씨예요 · 비 소식, 우산 챙기세요",주의,해로움,적합,적합,주의,30.33,21.686,79.5,7.957,6.789,0.107,9.127,16.356,0.049,0.009,0.002,0.346
11200,성동구,2024-06-24,84.1,84.1,좋음,실외 활동에 좋은 날씨예요,주의,주의,주의,적합,주의,28.751,20.696,70.4,8.071,0.125,0.0,19.384,53.45,0.068,0.015,0.002,0.385
11200,성동구,2024-06-25,88.0,88.0,아주좋음,실외 활동하기 아주 좋은 날씨예요,주의,주의,주의,적합,주의,27.4,19.15,61.9,9.107,0.0,0.0,8.666,21.441,0.056,0.014,0.003,0.312
11200,성동구,2024-06-26,80.9,80.9,좋음,실외 활동에 좋은 날씨예요,주의,주의,적합,적합,주의,31.509,18.243,61.0,6.529,0.0,0.0,12.769,25.617,0.074,0.02,0.003,0.36
11200,성동구,2024-06-27,82.0,82.0,좋음,실외 활동에 좋은 날씨예요,주의,주의,적합,적합,주의,31.101,19.761,55.0,5.107,0.0,0.0,16.858,31.803,0.084,0.027,0.003,0.414
11200,성동구,2024-06-28,76.8,76.8,좋음,실외 활동에 좋은 날씨예요,주의,주의,적합,적합,해로움,32.567,20.396,54.6,7.007,0.0,0.0,25.598,40.684,0.109,0.027,0.003,0.448
11200,성동구,2024-06-29,59.8,59.8,주의,"가벼운 실외 활동은 괜찮아요 — 비 많음, 우산 필수",주의,해로움,주의,주의,주의,32.193,21.093,65.1,8.768,31.832,0.739,19.979,30.577,0.077,0.018,0.003,0.412
11200,성동구,2024-06-30,67.3,67.3,무난,"실외 활동하기 무난해요 — 비 소식, 우산 챙기세요",주의,해로움,주의,주의,주의,26.082,21.918,88.5,11.389,29.418,0.568,12.24,20.713,0.049,0.009,0.002,0.336
11200,성동구,2024-07-01,80.0,80.0,좋음,실외 활동에 좋은 날씨예요,주의,해로움,적합,적합,주의,31.655,21.532,69.1,4.989,0.0,0.0,15.572,27.703,0.087,0.017,0.002,0.367
11200,성동구,2024-07-02,60.5,60.5,무난,"실외 활동하기 무난해요 — 비 많음, 우산 필수",적합,해로움,주의,해로움,주의,25.379,21.35,90.0,8.575,57.932,0.857,9.849,18.103,0.053,0.017,0.002,0.378
11200,성동구,2024-07-03,83.8,83.8,좋음,실외 활동에 좋은 날씨예요,주의,해로움,주의,적합,주의,26.964,23.368,80.3,9.318,1.136,0.043,15.721,27.595,0.06,0.013,0.002,0.421
11200,성동구,2024-07-04,72.1,72.1,좋음,실외 활동에 좋은 날씨예요,주의,해로움,주의,적합,주의,31.433,23.1,74.8,9.482,3.718,0.129,29.425,39.108,0.081,0.015,0.002,0.476
11200,성동구,2024-07-05,77.6,77.6,좋음,"실외 활동에 좋은 날씨예요 · 비 소식, 우산 챙기세요",주의,해로움,주의,적합,주의,26.796,21.057,80.5,12.693,5.575,0.118,11.167,19.715,0.065,0.015,0.002,0.436
11200,성동구,2024-07-06,70.9,70.9,좋음,실외 활동에 좋은 날씨예요,주의,해로움,주의,적합,주의,30.892,21.579,84.1,12.089,4.779,0.071,16.904,29.266,0.052,0.015,0.002,0.412
11200,성동구,2024-07-07,72.7,72.7,좋음,"실외 활동에 좋은 날씨예요 · 비 소식, 우산 챙기세요",주의,해로움,적합,주의,주의,28.582,21.107,85.1,6.146,19.096,0.957,12.999,21.898,0.058,0.012,0.002,0.423
11200,성동구,2024-07-08,76.0,76.0,좋음,"실외 활동에 좋은 날씨예요 · 비 소식, 우산 챙기세요",적합,해로움,적합,주의,주의,24.732,22.689,93.4,6.382,18.343,0.254,6.19,11.792,0.035,0.018,0.002,0.351
11200,성동구,2024-07-09,85.5,85.5,아주좋음,실외 활동하기 아주 좋은 날씨예요,주의,해로움,적합,적합,주의,26.836,22.257,86.9,6.814,1.011,0.007,9.041,16.445,0.034,0.018,0.002,0.366
11200,성동구,2024-07-10,72.0,72.0,좋음,"실외 활동에 좋은 날씨예요 · 비 소식, 우산 챙기세요",주의,해로움,적합,적합,주의,32.642,22.271,77.1,7.071,6.407,0.05,5.682,13.239,0.052,0.015,0.002,0.332
11200,성동구,2024-07-11,82.2,82.2,좋음,실외 활동에 좋은 날씨예요,주의,해로움,적합,적합,주의,29.639,22.539,79.6,6.136,0.0,0.0,25.181,36.581,0.082,0.02,0.003,0.482
11200,성동구,2024-07-12,82.6,82.6,좋음,실외 활동에 좋은 날씨예요,주의,해로움,적합,적합,주의,30.769,21.55,79.5,4.175,0.0,0.0,27.145,39.509,0.075,0.023,0.003,0.526
11200,성동구,2024-07-13,73.5,73.5,좋음,실외 활동에 좋은 날씨예요 · 더위 주의,해로움,해로움,적합,적합,해로움,33.905,22.904,70.0,6.143,0.089,0.0,38.201,50.068,0.081,0.018,0.003,0.563
11200,성동구,2024-07-14,75.2,75.2,좋음,실외 활동에 좋은 날씨예요,주의,해로움,적합,적합,주의,32.476,24.339,65.9,6.929,0.068,0.014,23.163,30.507,0.075,0.01,0.002,0.395
11200,성동구,2024-07-15,76.4,76.4,좋음,실외 활동에 좋은 날씨예요,주의,해로움,적합,적합,주의,32.477,24.13,64.6,6.23,0.232,0.0,6.143,12.374,0.053,0.014,0.002,0.32
11200,성동구,2024-07-16,68.1,68.1,무난,"실외 활동하기 무난해요 — 비 소식, 우산 챙기세요",주의,해로움,적합,주의,주의,31.247,23.833,78.4,7.259,16.5,0.261,7.203,13.761,0.044,0.015,0.002,0.345
11200,성동구,2024-07-17,54.0,54.0,주의,"가벼운 실외 활동은 괜찮아요 — 비 많음, 우산 필수",주의,해로움,주의,해로움,적합,29.359,23.257,91.6,9.682,68.118,2.261,4.555,11.854,0.022,0.013,0.002,0.294
11200,성동구,2024-07-18,45.4,45.4,주의,"⚠️ 호우, 침수·안전 주의 — 실외 활동에 주의하세요",주의,위험,주의,위험,적합,26.125,22.982,95.3,12.364,123.939,0.721,4.679,10.295,0.022,0.017,0.002,0.324
11200,성동구,2024-07-19,76.8,76.8,좋음,실외 활동에 좋은 날씨예요,주의,해로움,적합,적합,주의,32.137,23.693,80.1,6.168,0.325,0.004,16.286,24.766,0.063,0.016,0.002,0.378
11200,성동구,2024-07-20,64.2,64.2,무난,"실외 활동하기 무난해요 — 비 소식, 우산 챙기세요",주의,해로움,주의,주의,주의,31.25,24.482,80.4,10.746,16.729,0.493,9.112,16.297,0.046,0.011,0.002,0.317
11200,성동구,2024-07-21,67.0,67.0,무난,"실외 활동하기 무난해요 — 비 소식, 우산 챙기세요",주의,해로움,주의,적합,주의,30.945,22.582,83.6,13.432,8.036,0.15,9.131,19.281,0.056,0.009,0.002,0.285
11200,성동구,2024-07-22,55.1,55.1,주의,"가벼운 실외 활동은 괜찮아요 — 비 많음, 우산 필수",주의,해로움,주의,해로움,적합,28.642,24.143,89.0,12.393,52.55,1.15,6.063,14.437,0.029,0.011,0.002,0.278
11200,성동구,2024-07-23,77.8,77.8,좋음,실외 활동에 좋은 날씨예요,주의,해로움,주의,적합,적합,28.123,25.354,87.9,11.643,2.429,0.036,5.503,12.167,0.022,0.011,0.002,0.263
11200,성동구,2024-07-24,65.3,65.3,무난,"실외 활동하기 무난해요 — 비 소식, 우산 챙기세요",주의,위험,적합,주의,적합,32.448,25.268,85.0,7.411,15.4,0.443,6.354,15.231,0.022,0.012,0.002,0.283
11200,성동구,2024-07-25,60.0,60.0,무난,"실외 활동하기 무난해요 — 더위 주의, 비 소식, 우산 챙기세요",해로움,위험,주의,주의,주의,34.258,24.671,79.8,8.746,17.957,0.539,9.103,20.658,0.04,0.015,0.002,0.301
11200,성동구,2024-07-26,63.0,63.0,무난,"실외 활동하기 무난해요 — 더위 주의, 비 소식, 우산 챙기세요",해로움,위험,주의,주의,주의,34.129,24.718,81.9,9.546,10.411,0.179,8.09,15.951,0.03,0.015,0.002,0.294
11200,성동구,2024-07-27,61.5,61.5,무난,"실외 활동하기 무난해요 — 비 소식, 우산 챙기세요",주의,위험,적합,주의,적합,32.964,26.729,83.6,7.718,21.446,0.539,7.566,16.319,0.024,0.012,0.002,0.296
11200,성동구,2024-07-28,70.2,70.2,좋음,실외 활동에 좋은 날씨예요 · 더위 주의,해로움,위험,주의,적합,적합,33.489,26.961,76.0,10.493,0.018,0.0,6.643,17.293,0.02,0.007,0.002,0.252
11200,성동구,2024-07-29,80.8,80.8,좋음,실외 활동에 좋은 날씨예요,주의,해로움,주의,적합,적합,28.414,26.625,84.0,8.95,0.071,0.0,8.0,21.798,0.026,0.01,0.002,0.231
11200,성동구,2024-07-30,73.7,73.7,좋음,실외 활동에 좋은 날씨예요 · 더위 주의,해로움,위험,적합,적합,주의,33.075,26.271,78.8,6.911,0.0,0.0,12.143,25.096,0.053,0.013,0.002,0.266
11200,성동구,2024-07-31,72.7,72.7,좋음,실외 활동에 좋은 날씨예요 · 더위 주의,해로움,위험,적합,적합,주의,34.409,26.482,74.5,6.189,0.0,0.0,7.741,17.339,0.033,0.012,0.002,0.254
11200,성동구,2024-08-01,72.2,72.2,좋음,실외 활동에 좋은 날씨예요 · 더위 주의,해로움,위험,적합,적합,주의,34.231,27.064,75.5,6.039,0.082,0.011,9.088,19.558,0.04,0.012,0.002,0.275
11200,성동구,2024-08-02,71.8,71.8,좋음,실외 활동에 좋은 날씨예요 · 더위 주의,해로움,위험,적합,적합,주의,33.716,27.779,79.4,6.607,0.339,0.0,16.074,28.296,0.05,0.013,0.002,0.33
11200,성동구,2024-08-03,55.0,70.2,주의,"⚠️ 폭염, 온열질환 주의 — 실외 활동에 주의하세요",해로움,위험,적합,적합,주의,35.391,26.814,75.0,5.843,0.0,0.0,23.018,31.893,0.067,0.012,0.002,0.386
11200,성동구,2024-08-04,55.0,68.4,주의,"⚠️ 폭염, 온열질환 주의 — 실외 활동에 주의하세요",해로움,위험,적합,적합,주의,36.818,26.437,69.3,5.17,0.143,0.0,22.106,30.002,0.085,0.014,0.002,0.431
11200,성동구,2024-08-05,61.2,61.2,무난,"실외 활동하기 무난해요 — 더위 주의, 비 소식, 우산 챙기세요",해로움,위험,적합,주의,주의,34.954,25.907,75.5,7.982,13.475,0.029,21.42,29.171,0.068,0.017,0.002,0.405
11200,성동구,2024-08-06,71.4,71.4,좋음,실외 활동에 좋은 날씨예요 · 더위 주의,해로움,위험,적합,적합,주의,34.169,24.975,74.8,5.504,2.143,0.0,9.88,17.566,0.062,0.018,0.002,0.357
11200,성동구,2024-08-07,68.2,68.2,무난,"실외 활동하기 무난해요 — 더위 주의, 비 소식, 우산 챙기세요",해로움,위험,적합,적합,주의,34.3,25.521,72.0,6.5,5.425,0.121,11.442,19.313,0.048,0.016,0.002,0.321
11200,성동구,2024-08-08,75.2,75.2,좋음,"실외 활동에 좋은 날씨예요 · 비 소식, 우산 챙기세요",주의,위험,적합,적합,주의,32.024,25.496,77.5,4.782,5.571,0.0,13.623,21.065,0.046,0.017,0.002,0.325
11200,성동구,2024-08-09,70.8,70.8,좋음,실외 활동에 좋은 날씨예요 · 더위 주의,해로움,위험,적합,적합,주의,34.762,24.893,74.1,5.707,2.339,0.0,18.622,28.465,0.071,0.019,0.002,0.365
11200,성동구,2024-08-10,72.0,72.0,좋음,실외 활동에 좋은 날씨예요 · 더위 주의,해로움,위험,적합,적합,주의,34.69,25.646,70.8,5.325,0.0,0.0,23.69,33.112,0.073,0.018,0.003,0.41
11200,성동구,2024-08-11,71.4,71.4,좋음,실외 활동에 좋은 날씨예요 · 더위 주의,해로움,위험,적합,적합,주의,34.976,26.886,67.8,5.393,0.0,0.0,21.489,28.739,0.06,0.013,0.002,0.363
11200,성동구,2024-08-12,55.0,69.8,주의,"⚠️ 폭염, 온열질환 주의 — 실외 활동에 주의하세요",해로움,위험,적합,적합,주의,35.339,27.164,70.5,5.386,0.589,0.0,19.02,27.682,0.07,0.018,0.003,0.353
11200,성동구,2024-08-13,55.0,62.8,주의,"⚠️ 폭염, 온열질환 주의 — 실외 활동에 주의하세요",해로움,위험,적합,적합,주의,36.955,27.136,70.0,7.441,6.268,0.0,17.114,26.172,0.067,0.017,0.002,0.361
11200,성동구,2024-08-14,55.0,63.7,주의,"⚠️ 폭염, 온열질환 주의 — 실외 활동에 주의하세요",해로움,위험,주의,적합,주의,36.836,26.632,73.0,8.211,3.589,0.107,16.612,25.282,0.075,0.02,0.002,0.377
11200,성동구,2024-08-15,55.0,68.2,주의,"⚠️ 폭염, 온열질환 주의 — 실외 활동에 주의하세요",해로움,위험,적합,적합,주의,35.717,26.104,74.6,6.729,2.229,0.218,15.517,23.174,0.07,0.015,0.002,0.35
11200,성동구,2024-08-16,55.0,71.2,주의,"⚠️ 폭염, 온열질환 주의 — 실외 활동에 주의하세요",해로움,위험,적합,적합,주의,35.679,26.464,69.4,5.504,0.0,0.0,14.307,22.37,0.064,0.017,0.002,0.348
11200,성동구,2024-08-17,55.0,67.1,주의,"⚠️ 폭염, 온열질환 주의 — 실외 활동에 주의하세요",해로움,위험,적합,적합,주의,35.671,26.743,71.0,6.918,2.982,0.393,14.805,22.3,0.075,0.015,0.002,0.355
11200,성동구,2024-08-18,55.0,68.0,주의,"⚠️ 폭염, 온열질환 주의 — 실외 활동에 주의하세요",해로움,위험,적합,적합,주의,35.199,26.325,73.8,7.025,3.571,0.0,14.071,20.406,0.067,0.011,0.002,0.343
11200,성동구,2024-08-19,55.0,67.3,주의,"⚠️ 폭염, 온열질환 주의 — 실외 활동에 주의하세요",해로움,위험,적합,적합,주의,36.523,25.796,72.3,6.982,1.35,0.082,17.151,25.955,0.074,0.018,0.002,0.402
11200,성동구,2024-08-20,55.0,68.0,주의,"⚠️ 폭염, 온열질환 주의 — 실외 활동에 주의하세요",해로움,위험,적합,적합,주의,36.311,26.643,68.3,6.593,0.018,0.0,17.413,25.574,0.06,0.016,0.003,0.348
11200,성동구,2024-08-21,55.0,55.0,주의,"가벼운 실외 활동은 괜찮아요 — 비 많음, 우산 필수",주의,위험,주의,주의,주의,31.375,26.35,85.9,9.321,41.882,0.525,5.982,13.805,0.032,0.012,0.002,0.281
11200,성동구,2024-08-22,72.0,72.0,좋음,실외 활동에 좋은 날씨예요,주의,위험,주의,적합,주의,31.281,26.575,79.9,10.639,1.807,0.018,5.78,16.408,0.034,0.011,0.002,0.284
11200,성동구,2024-08-23,73.8,73.8,좋음,실외 활동에 좋은 날씨예요,주의,해로움,적합,적합,주의,32.864,25.414,73.5,7.043,0.268,0.0,20.289,29.946,0.075,0.017,0.002,0.433
11200,성동구,2024-08-24,72.2,72.2,좋음,"실외 활동에 좋은 날씨예요 · 비 소식, 우산 챙기세요",주의,해로움,적합,적합,주의,32.258,24.586,78.8,6.021,6.339,0.054,30.139,39.87,0.074,0.018,0.002,0.537
11200,성동구,2024-08-25,73.0,73.0,좋음,실외 활동에 좋은 날씨예요 · 더위 주의,해로움,위험,적합,적합,주의,33.471,24.479,76.6,5.57,1.75,0.0,29.2,38.171,0.079,0.015,0.003,0.537
11200,성동구,2024-08-26,76.3,76.3,좋음,실외 활동에 좋은 날씨예요,주의,해로움,적합,적합,주의,31.87,24.829,77.8,4.77,2.393,0.0,27.185,37.494,0.057,0.023,0.003,0.54
11200,성동구,2024-08-27,81.6,81.6,좋음,실외 활동에 좋은 날씨예요,주의,해로움,적합,적합,주의,30.533,23.993,69.8,5.968,0.207,0.011,12.647,22.86,0.037,0.018,0.003,0.403
11200,성동구,2024-08-28,74.7,74.7,좋음,실외 활동에 좋은 날씨예요 · 더위 주의,해로움,해로움,적합,적합,주의,33.951,22.614,62.1,6.529,0.0,0.0,7.608,14.624,0.051,0.014,0.002,0.331
11200,성동구,2024-08-29,73.8,73.8,좋음,실외 활동에 좋은 날씨예요 · 더위 주의,해로움,해로움,적합,적합,주의,33.725,23.182,61.0,7.846,0.0,0.0,4.498,10.486,0.045,0.012,0.002,0.296
11200,성동구,2024-08-30,74.7,74.7,좋음,실외 활동에 좋은 날씨예요 · 더위 주의,해로움,해로움,적합,적합,주의,33.88,23.407,64.0,6.718,0.0,0.0,6.698,15.679,0.047,0.015,0.002,0.324
11200,성동구,2024-08-31,76.1,76.1,좋음,실외 활동에 좋은 날씨예요 · 더위 주의,해로움,해로움,적합,적합,주의,33.548,22.329,65.6,5.375,0.0,0.0,19.558,37.095,0.077,0.015,0.003,0.411
11200,성동구,2024-09-01,78.4,78.4,좋음,실외 활동에 좋은 날씨예요,주의,해로움,적합,적합,주의,32.082,23.439,64.9,6.496,0.0,0.0,20.263,30.753,0.069,0.013,0.003,0.431
11200,성동구,2024-09-02,85.7,85.7,아주좋음,실외 활동하기 아주 좋은 날씨예요,주의,주의,적합,적합,주의,27.354,21.596,73.6,6.493,1.543,0.071,12.142,20.627,0.041,0.018,0.003,0.399
11200,성동구,2024-09-03,79.7,79.7,좋음,실외 활동에 좋은 날씨예요,주의,주의,적합,적합,주의,32.182,22.932,54.5,6.943,0.0,0.0,5.231,13.62,0.054,0.014,0.002,0.309
11200,성동구,2024-09-04,77.4,77.4,좋음,실외 활동에 좋은 날씨예요 · 더위 주의,해로움,해로움,적합,적합,주의,33.269,22.821,61.4,5.55,0.0,0.0,10.38,20.729,0.077,0.018,0.003,0.36
11200,성동구,2024-09-05,73.1,73.1,좋음,"실외 활동에 좋은 날씨예요 · 비 소식, 우산 챙기세요",주의,해로움,적합,적합,주의,29.404,24.461,79.1,7.943,9.461,0.168,13.306,24.657,0.065,0.018,0.003,0.384
11200,성동구,2024-09-06,86.4,86.4,아주좋음,실외 활동하기 아주 좋은 날씨예요,적합,주의,적합,적합,주의,25.368,22.386,79.3,6.389,2.9,0.011,7.886,16.603,0.03,0.016,0.002,0.38
11200,성동구,2024-09-07,79.2,79.2,좋음,실외 활동에 좋은 날씨예요,주의,해로움,적합,적합,주의,31.852,22.254,68.9,5.082,0.0,0.0,14.025,23.643,0.084,0.016,0.002,0.409
11200,성동구,2024-09-08,78.0,78.0,좋음,실외 활동에 좋은 날씨예요,주의,해로움,적합,적합,주의,32.585,22.314,69.6,4.939,0.0,0.0,22.088,30.226,0.086,0.015,0.002,0.468
11200,성동구,2024-09-09,76.9,76.9,좋음,실외 활동에 좋은 날씨예요 · 더위 주의,해로움,해로움,적합,적합,주의,33.815,23.618,69.0,5.021,0.0,0.0,19.895,29.18,0.073,0.02,0.003,0.468
11200,성동구,2024-09-10,74.7,74.7,좋음,실외 활동에 좋은 날씨예요 · 더위 주의,해로움,위험,적합,적합,주의,34.587,25.007,67.3,5.5,0.0,0.0,21.02,30.586,0.08,0.022,0.003,0.456
11200,성동구,2024-09-11,55.0,73.1,주의,"⚠️ 폭염, 온열질환 주의 — 실외 활동에 주의하세요",해로움,위험,적합,적합,주의,36.033,24.818,71.5,6.2,0.461,0.014,22.554,32.082,0.07,0.024,0.003,0.447
11200,성동구,2024-09-12,64.9,64.9,무난,"실외 활동하기 무난해요 — 비 많음, 우산 필수",주의,해로움,적합,주의,주의,26.968,24.379,91.5,4.321,45.007,0.279,5.889,10.427,0.051,0.017,0.002,0.378
11200,성동구,2024-09-13,75.6,75.6,좋음,"실외 활동에 좋은 날씨예요 · 비 소식, 우산 챙기세요",주의,해로움,적합,주의,적합,28.878,24.121,91.4,6.671,11.861,0.093,7.636,15.342,0.014,0.016,0.003,0.351
11200,성동구,2024-09-14,79.8,79.8,좋음,실외 활동에 좋은 날씨예요,주의,해로움,적합,적합,주의,32.851,24.95,80.3,5.086,0.125,0.0,6.397,12.591,0.036,0.013,0.002,0.322
11200,성동구,2024-09-15,78.7,78.7,좋음,실외 활동에 좋은 날씨예요,주의,해로움,적합,적합,주의,32.598,23.979,73.6,7.871,0.0,0.0,6.273,13.033,0.031,0.008,0.002,0.31
11200,성동구,2024-09-16,71.8,71.8,좋음,실외 활동에 좋은 날씨예요 · 더위 주의,해로움,해로움,적합,적합,주의,33.092,20.854,74.0,6.993,9.357,0.286,3.373,8.441,0.046,0.009,0.002,0.296
11200,성동구,2024-09-17,78.0,78.0,좋음,실외 활동에 좋은 날씨예요 · 더위 주의,해로움,위험,적합,적합,주의,34.257,25.425,77.0,5.225,0.0,0.0,6.548,13.044,0.041,0.011,0.002,0.332
11200,성동구,2024-09-18,75.9,75.9,좋음,실외 활동에 좋은 날씨예요 · 더위 주의,해로움,위험,적합,적합,주의,34.312,25.868,76.8,5.546,1.061,0.025,10.356,16.921,0.043,0.011,0.002,0.332
11200,성동구,2024-09-19,77.3,77.3,좋음,실외 활동에 좋은 날씨예요 · 더위 주의,해로움,위험,적합,적합,주의,33.807,25.514,77.4,4.293,0.0,0.0,12.869,20.4,0.061,0.018,0.003,0.361
11200,성동구,2024-09-20,55.3,55.3,주의,"가벼운 실외 활동은 괜찮아요 — 비 많음, 우산 필수",주의,해로움,주의,해로움,주의,28.892,17.696,89.8,10.218,54.357,0.564,7.853,13.639,0.035,0.015,0.002,0.348
11200,성동구,2024-09-21,71.9,71.9,좋음,"실외 활동에 좋은 날씨예요 · 비 소식, 우산 챙기세요",적합,해로움,주의,주의,주의,22.274,16.963,82.3,10.304,21.232,0.371,2.128,5.464,0.036,0.008,0.002,0.261
11200,성동구,2024-09-22,89.1,89.1,아주좋음,실외 활동하기 아주 좋은 날씨예요,주의,주의,적합,적합,적합,26.511,17.337,67.4,7.941,0.0,0.0,2.249,5.172,0.029,0.007,0.002,0.252
11200,성동구,2024-09-23,91.0,91.0,아주좋음,실외 활동하기 아주 좋은 날씨예요,적합,적합,적합,적합,주의,25.95,16.462,58.3,7.219,0.0,0.0,3.179,9.1,0.037,0.011,0.002,0.267
11200,성동구,2024-09-24,91.4,91.4,아주좋음,실외 활동하기 아주 좋은 날씨예요,주의,적합,적합,적합,주의,26.77,15.407,57.9,5.4,0.0,0.0,5.264,13.485,0.048,0.018,0.002,0.326
11200,성동구,2024-09-25,89.4,89.4,아주좋음,실외 활동하기 아주 좋은 날씨예요,주의,주의,적합,적합,주의,28.124,17.83,65.6,4.589,0.0,0.0,8.027,18.382,0.044,0.022,0.002,0.376
11200,성동구,2024-09-26,85.3,85.3,아주좋음,실외 활동하기 아주 좋은 날씨예요,주의,주의,적합,적합,주의,28.529,20.6,75.1,5.278,0.804,0.041,10.687,19.266,0.056,0.02,0.002,0.386
11200,성동구,2024-09-27,85.5,85.5,아주좋음,실외 활동하기 아주 좋은 날씨예요,주의,주의,적합,적합,주의,28.605,18.889,72.8,6.922,0.0,0.0,9.081,17.093,0.045,0.015,0.002,0.355
11200,성동구,2024-09-28,87.4,87.4,아주좋음,실외 활동하기 아주 좋은 날씨예요,주의,주의,적합,적합,주의,28.168,19.415,59.3,7.033,0.0,0.0,5.629,12.98,0.043,0.011,0.002,0.301
11200,성동구,2024-09-29,86.8,86.8,아주좋음,실외 활동하기 아주 좋은 날씨예요,주의,주의,적합,적합,주의,29.091,18.574,61.5,6.241,0.0,0.0,4.059,9.146,0.043,0.009,0.002,0.289
11200,성동구,2024-09-30,87.5,87.5,아주좋음,실외 활동하기 아주 좋은 날씨예요,주의,주의,적합,적합,주의,28.579,18.041,63.0,5.678,0.0,0.0,6.717,15.154,0.054,0.019,0.002,0.348
11200,성동구,2024-10-01,86.1,86.1,아주좋음,실외 활동하기 아주 좋은 날씨예요,적합,주의,주의,적합,주의,21.733,13.333,67.5,8.833,2.37,0.078,6.783,15.672,0.04,0.014,0.002,0.323
11200,성동구,2024-10-02,91.2,91.2,아주좋음,실외 활동하기 아주 좋은 날씨예요,적합,적합,적합,적합,주의,20.137,11.345,48.8,7.122,0.0,0.0,6.538,16.236,0.038,0.013,0.002,0.3
11200,성동구,2024-10-03,91.7,91.7,아주좋음,실외 활동하기 아주 좋은 날씨예요,적합,적합,적합,적합,주의,22.193,10.508,59.0,6.614,0.0,0.0,6.866,15.627,0.039,0.016,0.002,0.318
11200,성동구,2024-10-04,93.2,93.2,아주좋음,실외 활동하기 아주 좋은 날씨예요,적합,적합,적합,적합,주의,23.841,11.788,60.0,4.886,0.0,0.0,7.77,16.745,0.042,0.02,0.002,0.354
11200,성동구,2024-10-05,92.9,92.9,아주좋음,실외 활동하기 아주 좋은 날씨예요,적합,주의,적합,적합,주의,24.081,11.676,60.4,4.414,0.0,0.0,12.486,23.475,0.053,0.023,0.003,0.403
11200,성동구,2024-10-06,91.9,91.9,아주좋음,실외 활동하기 아주 좋은 날씨예요,적합,주의,적합,적합,적합,17.952,12.311,73.5,4.232,0.0,0.0,13.171,22.21,0.026,0.022,0.002,0.448
11200,성동구,2024-10-07,90.0,90.0,아주좋음,실외 활동하기 아주 좋은 날씨예요,적합,주의,적합,적합,주의,21.019,13.826,73.9,4.471,0.0,0.0,22.869,38.558,0.045,0.024,0.003,0.526
11200,성동구,2024-10-08,89.1,89.1,아주좋음,실외 활동하기 아주 좋은 날씨예요,적합,주의,적합,적합,주의,23.57,12.644,73.9,5.45,0.0,0.0,22.456,36.964,0.037,0.02,0.003,0.501
11200,성동구,2024-10-09,91.5,91.5,아주좋음,실외 활동하기 아주 좋은 날씨예요,적합,주의,적합,적합,주의,23.978,13.544,64.1,5.764,0.0,0.0,6.739,13.809,0.044,0.015,0.002,0.347
11200,성동구,2024-10-10,91.7,91.7,아주좋음,실외 활동하기 아주 좋은 날씨예요,적합,주의,적합,적합,주의,23.77,15.13,66.3,5.032,0.054,0.0,10.629,20.162,0.043,0.02,0.003,0.38
11200,성동구,2024-10-11,89.7,89.7,아주좋음,실외 활동하기 아주 좋은 날씨예요,적합,주의,적합,적합,주의,24.339,13.732,68.8,5.014,0.0,0.0,22.044,35.095,0.064,0.025,0.003,0.476
11200,성동구,2024-10-12,92.2,92.2,아주좋음,실외 활동하기 아주 좋은 날씨예요,적합,주의,적합,적합,주의,24.764,12.961,60.6,4.471,0.0,0.0,24.066,38.176,0.056,0.028,0.003,0.518
11200,성동구,2024-10-13,91.9,91.9,아주좋음,실외 활동하기 아주 좋은 날씨예요,적합,주의,적합,적합,주의,22.654,12.502,67.0,4.661,0.0,0.0,17.485,27.202,0.042,0.019,0.003,0.458
11200,성동구,2024-10-14,92.3,92.3,아주좋음,실외 활동하기 아주 좋은 날씨예요,적합,주의,적합,적합,적합,21.468,17.007,70.3,4.546,0.0,0.0,10.605,20.583,0.025,0.023,0.003,0.403
11200,성동구,2024-10-15,89.2,89.2,아주좋음,실외 활동하기 아주 좋은 날씨예요,적합,해로움,적합,적합,적합,21.993,16.789,85.0,4.439,0.518,0.014,13.055,20.933,0.021,0.023,0.003,0.442
11200,성동구,2024-10-16,89.2,89.2,아주좋음,실외 활동하기 아주 좋은 날씨예요,적합,주의,적합,적합,주의,24.068,14.271,76.9,4.493,0.0,0.0,23.201,36.614,0.042,0.027,0.003,0.536
11200,성동구,2024-10-17,90.5,90.5,아주좋음,실외 활동하기 아주 좋은 날씨예요,적합,주의,적합,적합,주의,25.786,13.654,70.4,4.582,0.0,0.0,21.608,36.918,0.041,0.029,0.003,0.524
11200,성동구,2024-10-18,67.2,67.2,무난,"실외 활동하기 무난해요 — 비 많음, 우산 필수",적합,해로움,적합,주의,적합,19.114,15.707,86.1,7.161,40.521,0.746,11.931,21.23,0.02,0.022,0.003,0.435
11200,성동구,2024-10-19,85.6,85.6,아주좋음,실외 활동하기 아주 좋은 날씨예요,적합,주의,주의,적합,주의,21.079,12.679,75.0,9.675,0.571,0.032,3.889,8.165,0.035,0.01,0.002,0.317
11200,성동구,2024-10-20,89.1,89.1,아주좋음,실외 활동하기 아주 좋은 날씨예요,적합,적합,주의,적합,주의,17.789,10.183,56.0,9.671,0.0,0.0,4.082,12.193,0.035,0.007,0.002,0.242
11200,성동구,2024-10-21,91.7,91.7,아주좋음,실외 활동하기 아주 좋은 날씨예요,적합,주의,적합,적합,적합,19.264,9.157,66.4,5.896,0.0,0.0,5.745,16.494,0.028,0.02,0.002,0.34
11200,성동구,2024-10-22,74.8,74.8,좋음,"실외 활동에 좋은 날씨예요 · 비 소식, 우산 챙기세요",적합,해로움,적합,주의,적합,16.561,14.346,90.8,7.579,18.129,0.129,6.006,11.923,0.012,0.023,0.002,0.446
11200,성동구,2024-10-23,82.9,82.9,좋음,실외 활동에 좋은 날씨예요,주의,주의,주의,적합,주의,16.207,8.846,75.3,10.718,1.904,0.071,6.789,15.398,0.036,0.012,0.002,0.355
11200,성동구,2024-10-24,87.8,87.8,아주좋음,실외 활동하기 아주 좋은 날씨예요,주의,주의,적합,적합,주의,18.514,6.69,71.4,6.718,0.0,0.0,16.043,27.873,0.04,0.023,0.003,0.475
11200,성동구,2024-10-25,92.6,92.6,아주좋음,실외 활동하기 아주 좋은 날씨예요,주의,주의,적합,적합,주의,21.921,8.901,64.1,4.693,0.0,0.0,14.849,27.187,0.026,0.03,0.003,0.544
11200,성동구,2024-10-26,91.3,91.3,아주좋음,실외 활동하기 아주 좋은 날씨예요,적합,주의,적합,적합,주의,23.621,10.71,68.3,5.389,0.0,0.0,12.245,23.027,0.034,0.026,0.003,0.501
11200,성동구,2024-10-27,89.4,89.4,아주좋음,실외 활동하기 아주 좋은 날씨예요,적합,주의,적합,적합,주의,19.211,13.571,79.4,4.793,0.0,0.0,16.51,27.839,0.039,0.019,0.003,0.451
11200,성동구,2024-10-28,87.6,87.6,아주좋음,실외 활동하기 아주 좋은 날씨예요,적합,주의,적합,적합,주의,20.614,11.821,75.9,6.739,0.0,0.0,21.424,32.856,0.029,0.018,0.003,0.502
11200,성동구,2024-10-29,92.1,92.1,아주좋음,실외 활동하기 아주 좋은 날씨예요,적합,주의,적합,적합,주의,18.864,12.689,64.6,5.675,0.036,0.0,7.331,15.932,0.031,0.022,0.002,0.393
11200,성동구,2024-10-30,90.2,90.2,아주좋음,실외 활동하기 아주 좋은 날씨예요,적합,주의,적합,적합,주의,21.371,10.908,71.3,5.221,0.0,0.0,16.112,28.99,0.044,0.025,0.003,0.503
11200,성동구,2024-10-31,91.6,91.6,아주좋음,실외 활동하기 아주 좋은 날씨예요,적합,주의,적합,적합,주의,22.471,10.646,67.8,4.2,0.0,0.0,21.094,35.487,0.036,0.034,0.003,0.561
11200,성동구,2024-11-01,90.8,90.8,아주좋음,실외 활동하기 아주 좋은 날씨예요,적합,주의,적합,적합,주의,18.807,12.482,70.8,3.964,0.0,0.0,23.932,39.809,0.021,0.039,0.003,0.62
11200,성동구,2024-11-02,91.7,91.7,아주좋음,실외 활동하기 아주 좋은 날씨예요,적합,적합,적합,적합,주의,24.714,12.375,58.9,6.032,0.0,0.0,20.029,33.024,0.043,0.022,0.003,0.474
11200,성동구,2024-11-03,88.3,88.3,아주좋음,실외 활동하기 아주 좋은 날씨예요,적합,주의,적합,적합,주의,23.354,12.117,71.1,7.061,0.0,0.0,14.957,26.017,0.048,0.015,0.003,0.398
11200,성동구,2024-11-04,88.0,88.0,아주좋음,실외 활동하기 아주 좋은 날씨예요,주의,주의,주의,적합,주의,19.114,8.787,62.0,9.204,0.182,0.0,13.052,26.711,0.043,0.014,0.003,0.345
11200,성동구,2024-11-05,88.6,88.6,아주좋음,실외 활동하기 아주 좋은 날씨예요,주의,적합,주의,적합,주의,15.129,5.149,49.8,8.025,0.0,0.0,10.022,26.738,0.031,0.015,0.003,0.333
11200,성동구,2024-11-06,88.6,88.6,아주좋음,실외 활동하기 아주 좋은 날씨예요,주의,적합,적합,적합,주의,12.654,3.04,46.1,6.85,0.0,0.0,12.618,27.773,0.032,0.018,0.003,0.383
11200,성동구,2024-11-07,89.3,89.3,아주좋음,실외 활동하기 아주 좋은 날씨예요,주의,적합,적합,적합,주의,14.939,1.603,48.1,4.054,0.0,0.0,22.949,42.915,0.027,0.033,0.003,0.539
11200,성동구,2024-11-08,90.1,90.1,아주좋음,실외 활동하기 아주 좋은 날씨예요,주의,적합,적합,적합,주의,17.632,2.999,50.8,3.914,0.0,0.0,22.045,37.526,0.032,0.039,0.003,0.585
11200,성동구,2024-11-09,92.3,92.3,아주좋음,실외 활동하기 아주 좋은 날씨예요,주의,적합,적합,적합,주의,20.057,6.416,55.8,3.8,0.0,0.0,19.872,33.615,0.034,0.038,0.003,0.607
11200,성동구,2024-11-10,93.0,93.0,아주좋음,실외 활동하기 아주 좋은 날씨예요,적합,주의,적합,적합,주의,20.579,9.922,64.0,4.361,0.0,0.0,15.721,26.197,0.038,0.028,0.003,0.521
11200,성동구,2024-11-11,90.3,90.3,아주좋음,실외 활동하기 아주 좋은 날씨예요,적합,주의,적합,적합,주의,21.104,9.062,64.5,4.157,0.0,0.0,30.791,52.91,0.037,0.036,0.003,0.661
11200,성동구,2024-11-12,89.8,89.8,아주좋음,실외 활동하기 아주 좋은 날씨예요,적합,주의,적합,적합,주의,19.15,10.237,66.8,5.668,0.0,0.0,24.086,39.558,0.039,0.026,0.003,0.514
11200,성동구,2024-11-13,90.3,90.3,아주좋음,실외 활동하기 아주 좋은 날씨예요,주의,주의,적합,적합,주의,20.5,7.999,62.9,5.718,0.0,0.0,22.091,40.912,0.036,0.035,0.003,0.606
11200,성동구,2024-11-14,92.2,92.2,아주좋음,실외 활동하기 아주 좋은 날씨예요,적합,주의,적합,적합,주의,16.896,12.693,68.4,4.1,0.004,0.0,17.566,34.716,0.019,0.033,0.003,0.527
11200,성동구,2024-11-15,91.7,91.7,아주좋음,실외 활동하기 아주 좋은 날씨예요,적합,주의,적합,적합,주의,21.218,13.275,65.1,5.721,0.018,0.0,16.408,28.842,0.029,0.028,0.003,0.492
11200,성동구,2024-11-16,84.1,84.1,좋음,실외 활동에 좋은 날씨예요,적합,주의,적합,적합,주의,22.686,14.082,72.5,7.964,4.875,0.0,13.81,23.68,0.036,0.02,0.003,0.445
11200,성동구,2024-11-17,85.1,85.1,아주좋음,실외 활동하기 아주 좋은 날씨예요,주의,적합,주의,적합,주의,14.514,0.555,47.6,9.475,0.0,0.0,9.109,19.904,0.032,0.008,0.003,0.328
11200,성동구,2024-11-18,82.7,82.7,좋음,실외 활동에 좋은 날씨예요,해로움,주의,주의,적합,주의,7.589,-1.977,30.9,8.689,0.0,0.0,7.319,17.957,0.031,0.014,0.003,0.318
11200,성동구,2024-11-19,89.2,89.2,아주좋음,실외 활동하기 아주 좋은 날씨예요,해로움,적합,적합,적합,주의,10.921,-0.385,49.5,4.696,0.0,0.0,12.612,26.394,0.02,0.031,0.003,0.438
11200,성동구,2024-11-20,88.2,88.2,아주좋음,실외 활동하기 아주 좋은 날씨예요,주의,주의,적합,적합,주의,9.989,2.038,65.8,3.714,0.054,0.0,24.151,40.792,0.008,0.04,0.003,0.624
11200,성동구,2024-11-21,82.5,82.5,좋음,실외 활동에 좋은 날씨예요 · 미세먼지 주의,주의,주의,적합,적합,해로움,14.096,5.237,71.9,7.429,0.518,0.0,36.18,55.985,0.028,0.032,0.003,0.653
11200,성동구,2024-11-22,87.0,87.0,아주좋음,실외 활동하기 아주 좋은 날씨예요,주의,적합,적합,적합,주의,10.761,1.679,48.0,7.075,0.0,0.0,19.539,35.029,0.032,0.019,0.003,0.432
11200,성동구,2024-11-23,89.0,89.0,아주좋음,실외 활동하기 아주 좋은 날씨예요,주의,적합,적합,적합,적합,12.311,0.68,47.1,5.432,0.0,0.0,14.165,24.659,0.029,0.026,0.003,0.467
11200,성동구,2024-11-24,91.1,91.1,아주좋음,실외 활동하기 아주 좋은 날씨예요,주의,적합,적합,적합,적합,13.375,2.033,58.4,4.164,0.0,0.0,11.033,18.597,0.027,0.026,0.003,0.474
11200,성동구,2024-11-25,86.6,86.6,아주좋음,실외 활동하기 아주 좋은 날씨예요,주의,적합,주의,적합,적합,15.529,1.798,57.6,8.593,0.0,0.0,12.781,23.318,0.027,0.027,0.003,0.46
11200,성동구,2024-11-26,62.4,62.4,무난,"실외 활동하기 무난해요 — 비 소식, 우산 챙기세요",해로움,해로움,주의,주의,주의,12.893,-1.534,86.4,12.504,25.036,0.0,5.088,10.836,0.031,0.014,0.002,0.332
11200,성동구,2024-11-27,68.9,68.9,무난,"실외 활동하기 무난해요 — 비 소식, 우산 챙기세요",해로움,해로움,주의,주의,적합,2.068,-2.643,90.6,8.635,15.746,0.0,6.466,10.873,0.028,0.018,0.002,0.357
11200,성동구,2024-11-28,77.7,77.7,좋음,실외 활동에 좋은 날씨예요,해로움,해로움,적합,적합,적합,3.996,-2.666,82.0,7.688,4.657,0.0,12.251,18.734,0.026,0.019,0.002,0.421
11200,성동구,2024-11-29,83.3,83.3,좋음,실외 활동에 좋은 날씨예요,해로움,주의,적합,적합,주의,4.144,-4.125,76.3,5.441,0.0,0.0,17.977,31.375,0.022,0.028,0.003,0.52
11200,성동구,2024-11-30,83.0,83.0,좋음,실외 활동에 좋은 날씨예요,해로움,해로움,적합,적합,주의,6.114,-1.396,81.6,5.325,0.232,0.0,15.917,25.975,0.016,0.033,0.003,0.624
11200,성동구,2024-12-01,76.2,76.2,좋음,실외 활동에 좋은 날씨예요,주의,해로움,적합,적합,주의,9.025,0.553,89.3,4.568,0.304,0.0,22.882,32.982,0.015,0.028,0.003,0.646
11200,성동구,2024-12-02,75.8,75.8,좋음,실외 활동에 좋은 날씨예요,해로움,주의,주의,적합,주의,13.482,-0.536,79.9,8.146,0.0,0.0,26.858,44.164,0.03,0.029,0.003,0.65
11200,성동구,2024-12-03,83.9,83.9,좋음,실외 활동에 좋은 날씨예요,해로움,적합,적합,적합,적합,4.896,-3.98,48.6,7.581,0.0,0.0,7.434,19.04,0.029,0.018,0.003,0.358
11200,성동구,2024-12-04,85.3,85.3,아주좋음,실외 활동하기 아주 좋은 날씨예요,해로움,적합,적합,적합,적합,6.415,-2.401,52.1,6.693,0.0,0.0,11.162,24.267,0.026,0.024,0.003,0.414
11200,성동구,2024-12-05,82.1,82.1,좋음,실외 활동에 좋은 날씨예요,해로움,주의,주의,적합,적합,8.586,-1.973,62.8,8.914,1.261,0.0,10.962,23.18,0.028,0.026,0.003,0.451
11200,성동구,2024-12-06,82.1,82.1,좋음,실외 활동에 좋은 날씨예요,해로움,적합,주의,적합,주의,5.221,-3.567,49.3,10.025,0.0,0.0,9.145,26.515,0.03,0.016,0.003,0.359
11200,성동구,2024-12-07,82.8,82.8,좋음,실외 활동에 좋은 날씨예요,해로움,적합,주의,적합,적합,4.136,-5.418,56.9,8.196,0.0,0.0,11.721,23.555,0.03,0.017,0.003,0.405
11200,성동구,2024-12-08,82.8,82.8,좋음,"실외 활동에 좋은 날씨예요 · 쌀쌀해요, 옷 챙기세요",해로움,적합,적합,적합,주의,3.704,-6.344,46.5,7.611,0.0,0.0,12.048,23.214,0.031,0.014,0.003,0.376
11200,성동구,2024-12-09,84.7,84.7,좋음,실외 활동에 좋은 날씨예요,해로움,적합,적합,적합,주의,6.461,-4.729,56.1,4.954,0.0,0.0,17.398,34.435,0.022,0.034,0.003,0.584
11200,성동구,2024-12-10,82.0,82.0,좋음,실외 활동에 좋은 날씨예요,해로움,적합,적합,적합,주의,6.868,-3.529,58.9,7.275,0.0,0.0,26.536,42.672,0.024,0.035,0.003,0.691
11200,성동구,2024-12-11,83.0,83.0,좋음,실외 활동에 좋은 날씨예요 · 미세먼지 주의,해로움,적합,적합,적합,해로움,7.254,-1.444,50.3,4.564,0.0,0.0,37.826,61.624,0.021,0.032,0.004,0.754
11200,성동구,2024-12-12,83.4,83.4,좋음,실외 활동에 좋은 날씨예요,해로움,적합,적합,적합,주의,4.739,-4.638,45.8,5.843,0.0,0.0,22.071,41.171,0.021,0.027,0.004,0.536
11200,성동구,2024-12-13,83.7,83.7,좋음,실외 활동에 좋은 날씨예요,해로움,적합,적합,적합,주의,4.454,-3.229,42.1,7.986,0.0,0.0,15.474,28.852,0.027,0.023,0.003,0.439
11200,성동구,2024-12-14,83.1,83.1,좋음,실외 활동에 좋은 날씨예요,해로움,적합,적합,적합,적합,2.393,-5.512,51.0,7.457,0.0,0.0,14.977,28.844,0.03,0.019,0.003,0.449
11200,성동구,2024-12-15,82.5,82.5,좋음,실외 활동에 좋은 날씨예요,해로움,적합,주의,적합,주의,5.389,-4.353,54.1,9.075,0.0,0.0,9.62,20.799,0.034,0.019,0.003,0.388
11200,성동구,2024-12-16,82.3,82.3,좋음,실외 활동에 좋은 날씨예요,해로움,주의,적합,적합,주의,3.854,-4.221,65.9,5.714,0.0,0.0,16.11,30.392,0.027,0.035,0.003,0.562
11200,성동구,2024-12-17,83.1,83.1,좋음,"실외 활동에 좋은 날씨예요 · 쌀쌀해요, 옷 챙기세요",해로움,적합,적합,적합,적합,3.371,-6.184,51.8,7.264,0.0,0.0,14.039,26.778,0.024,0.025,0.003,0.482
11200,성동구,2024-12-18,82.4,82.4,좋음,"실외 활동에 좋은 날씨예요 · 쌀쌀해요, 옷 챙기세요",해로움,적합,적합,적합,주의,0.126,-8.918,47.1,6.004,0.0,0.0,16.155,32.631,0.024,0.019,0.003,0.458
11200,성동구,2024-12-19,81.5,81.5,좋음,"실외 활동에 좋은 날씨예요 · 쌀쌀해요, 옷 챙기세요",해로움,적합,적합,적합,주의,3.8,-7.833,47.4,4.336,0.0,0.0,30.121,54.215,0.015,0.037,0.004,0.699
11200,성동구,2024-12-20,81.8,81.8,좋음,실외 활동에 좋은 날씨예요 · 미세먼지 주의,해로움,주의,적합,적합,해로움,4.304,-3.425,60.9,4.329,0.121,0.0,38.242,58.247,0.006,0.048,0.004,0.811
11200,성동구,2024-12-21,70.8,70.8,좋음,"실외 활동에 좋은 날씨예요 · 쌀쌀해요, 옷 챙기세요",해로움,주의,주의,적합,해로움,1.846,-7.894,74.1,8.579,2.211,0.0,38.373,49.227,0.028,0.022,0.003,0.601
11200,성동구,2024-12-22,81.1,81.1,좋음,"실외 활동에 좋은 날씨예요 · 쌀쌀해요, 옷 챙기세요",해로움,적합,적합,적합,주의,0.696,-10.072,52.9,7.657,0.0,0.0,9.724,21.134,0.031,0.016,0.003,0.374
11200,성동구,2024-12-23,82.4,82.4,좋음,"실외 활동에 좋은 날씨예요 · 쌀쌀해요, 옷 챙기세요",해로움,적합,적합,적합,주의,6.2,-6.979,58.5,6.941,0.0,0.0,16.689,29.067,0.023,0.033,0.003,0.598
11200,성동구,2024-12-24,84.3,84.3,좋음,실외 활동에 좋은 날씨예요,해로움,적합,적합,적합,주의,4.082,-5.253,50.3,4.996,0.0,0.0,18.953,34.29,0.024,0.033,0.003,0.565
11200,성동구,2024-12-25,83.0,83.0,좋음,실외 활동에 좋은 날씨예요,해로움,주의,적합,적합,주의,6.132,-2.433,63.1,6.396,0.057,0.0,20.978,32.599,0.025,0.036,0.003,0.617
11200,성동구,2024-12-26,76.9,76.9,좋음,"실외 활동에 좋은 날씨예요 · 쌀쌀해요, 옷 챙기세요",해로움,적합,주의,적합,주의,4.279,-8.426,57.9,9.779,0.036,0.0,32.587,64.651,0.028,0.019,0.003,0.485
11200,성동구,2024-12-27,80.7,80.7,좋음,"실외 활동에 좋은 날씨예요 · 쌀쌀해요, 옷 챙기세요",해로움,적합,주의,적합,주의,1.382,-9.115,51.4,8.396,0.0,0.0,13.287,30.499,0.03,0.018,0.003,0.375
11200,성동구,2024-12-28,80.6,80.6,좋음,"실외 활동에 좋은 날씨예요 · 쌀쌀해요, 옷 챙기세요",해로움,적합,주의,적합,주의,0.589,-9.43,48.3,8.468,0.0,0.0,13.507,29.988,0.03,0.015,0.003,0.372
11200,성동구,2024-12-29,85.7,85.7,아주좋음,실외 활동하기 아주 좋은 날씨예요,해로움,적합,적합,적합,적합,5.096,-4.949,56.1,4.471,0.0,0.0,14.389,25.856,0.023,0.029,0.003,0.512
11200,성동구,2024-12-30,78.1,78.1,좋음,실외 활동에 좋은 날씨예요,주의,주의,주의,적합,주의,9.961,0.334,68.5,9.793,0.0,0.0,32.185,55.444,0.033,0.033,0.003,0.622
11200,성동구,2024-12-31,80.3,80.3,좋음,실외 활동에 좋은 날씨예요,해로움,적합,주의,적합,주의,5.154,-5.283,45.8,8.45,0.0,0.0,18.187,51.254,0.03,0.019,0.003,0.438
11200,성동구,2025-01-01,80.7,80.7,좋음,실외 활동에 좋은 날씨예요,해로움,주의,적합,적합,주의,8.5,-4.209,64.3,7.979,0.0,0.0,20.869,41.502,0.036,0.029,0.003,0.574
11200,성동구,2025-01-02,82.9,82.9,좋음,실외 활동에 좋은 날씨예요,해로움,적합,적합,적합,주의,5.857,-4.852,48.8,7.207,0.0,0.0,18.779,36.028,0.03,0.026,0.003,0.543
11200,성동구,2025-01-03,82.7,82.7,좋음,"실외 활동에 좋은 날씨예요 · 쌀쌀해요, 옷 챙기세요",해로움,적합,적합,적합,적합,2.671,-7.204,52.0,7.257,0.0,0.0,13.814,24.817,0.028,0.021,0.003,0.432
11200,성동구,2025-01-04,82.9,82.9,좋음,"실외 활동에 좋은 날씨예요 · 쌀쌀해요, 옷 챙기세요",해로움,적합,적합,적합,주의,5.029,-6.741,49.6,6.05,0.0,0.0,19.175,32.067,0.027,0.028,0.003,0.527
11200,성동구,2025-01-05,72.9,72.9,좋음,실외 활동에 좋은 날씨예요,해로움,해로움,적합,적합,주의,2.75,-2.691,85.0,5.204,3.704,0.0,25.074,34.413,0.017,0.03,0.002,0.571
11200,성동구,2025-01-06,70.7,70.7,좋음,실외 활동에 좋은 날씨예요 · 미세먼지 주의,해로움,주의,주의,적합,해로움,3.514,-5.49,75.6,8.925,2.125,0.0,41.981,55.298,0.031,0.024,0.003,0.633
11200,성동구,2025-01-07,80.7,80.7,좋음,"실외 활동에 좋은 날씨예요 · 쌀쌀해요, 옷 챙기세요",해로움,적합,주의,적합,주의,1.093,-8.614,53.5,8.9,0.004,0.0,13.716,28.014,0.03,0.017,0.003,0.404
11200,성동구,2025-01-08,79.3,79.3,좋음,"실외 활동에 좋은 날씨예요 · 쌀쌀해요, 옷 챙기세요",해로움,적합,주의,적합,주의,0.539,-10.212,55.1,9.846,0.0,0.0,16.171,28.846,0.028,0.022,0.003,0.462
11200,성동구,2025-01-09,55.0,73.8,주의,"⚠️ 한파, 한랭질환 주의 — 실외 활동에 주의하세요",위험,주의,주의,적합,주의,-6.422,-17.713,38.4,11.979,0.0,0.0,8.838,28.084,0.031,0.01,0.002,0.317
11200,성동구,2025-01-10,55.0,81.2,주의,"⚠️ 한파, 한랭질환 주의 — 실외 활동에 주의하세요",위험,적합,적합,적합,적합,-2.478,-14.26,48.0,5.232,0.0,0.0,13.41,24.856,0.026,0.025,0.003,0.436
11200,성동구,2025-01-11,81.4,81.4,좋음,"실외 활동에 좋은 날씨예요 · 쌀쌀해요, 옷 챙기세요",해로움,적합,적합,적합,주의,-0.496,-11.13,57.4,4.975,0.0,0.0,21.195,31.835,0.021,0.033,0.003,0.543
11200,성동구,2025-01-12,80.4,80.4,좋음,"실외 활동에 좋은 날씨예요 · 쌀쌀해요, 옷 챙기세요",해로움,적합,적합,적합,주의,2.011,-9.576,59.9,5.032,0.0,0.0,29.134,38.962,0.024,0.036,0.003,0.665
11200,성동구,2025-01-13,72.4,72.4,좋음,"실외 활동에 좋은 날씨예요 · 쌀쌀해요, 옷 챙기세요",해로움,주의,적합,적합,해로움,3.954,-7.478,76.9,6.514,0.332,0.0,40.103,54.733,0.016,0.042,0.003,0.782
11200,성동구,2025-01-14,74.8,74.8,좋음,실외 활동에 좋은 날씨예요 · 미세먼지 주의,해로움,주의,적합,적합,해로움,5.657,-3.444,72.0,7.796,0.307,0.0,42.226,59.319,0.03,0.032,0.003,0.69
11200,성동구,2025-01-15,79.6,79.6,좋음,"실외 활동에 좋은 날씨예요 · 쌀쌀해요, 옷 챙기세요",해로움,적합,주의,적합,주의,-0.85,-9.213,40.8,8.993,0.0,0.0,11.199,33.658,0.029,0.014,0.003,0.37
11200,성동구,2025-01-16,80.7,80.7,좋음,"실외 활동에 좋은 날씨예요 · 쌀쌀해요, 옷 챙기세요",해로움,주의,적합,적합,주의,3.011,-6.414,65.1,6.85,0.0,0.0,18.949,34.985,0.022,0.03,0.003,0.518
11200,성동구,2025-01-17,80.2,80.2,좋음,"실외 활동에 좋은 날씨예요 · 쌀쌀해요, 옷 챙기세요",해로움,주의,적합,적합,주의,5.182,-6.373,62.4,5.171,0.0,0.0,32.637,54.527,0.016,0.035,0.003,0.664
11200,성동구,2025-01-18,83.1,83.1,좋음,실외 활동에 좋은 날씨예요,해로움,적합,적합,적합,주의,6.618,-5.124,54.1,3.979,0.0,0.0,28.464,47.679,0.015,0.047,0.004,0.811
11200,성동구,2025-01-19,81.2,81.2,좋음,실외 활동에 좋은 날씨예요,해로움,주의,적합,적합,주의,8.436,-2.9,65.0,4.818,0.0,0.0,32.304,47.007,0.028,0.042,0.003,0.752
11200,성동구,2025-01-20,75.6,75.6,좋음,실외 활동에 좋은 날씨예요 · 미세먼지 주의,해로움,주의,적합,적합,해로움,6.807,-0.4,73.1,4.461,0.0,0.0,72.123,93.195,0.029,0.044,0.003,0.883
11200,성동구,2025-01-21,55.0,71.0,주의,"⚠️ 미세먼지 매우 나쁨, 마스크 착용 — 실외 활동에 주의하세요",해로움,주의,적합,적합,위험,6.025,-2.276,79.8,4.443,0.0,0.0,92.098,114.774,0.013,0.054,0.003,1.075
11200,성동구,2025-01-22,76.0,76.0,좋음,실외 활동에 좋은 날씨예요 · 미세먼지 주의,해로움,주의,적합,적합,해로움,7.336,-1.247,70.3,5.564,0.0,0.0,64.175,84.737,0.027,0.043,0.004,0.806
11200,성동구,2025-01-23,81.7,81.7,좋음,실외 활동에 좋은 날씨예요,해로움,적합,적합,적합,해로움,7.368,-3.616,54.3,5.3,0.0,0.0,35.901,53.007,0.025,0.041,0.003,0.727
11200,성동구,2025-01-24,83.3,83.3,좋음,실외 활동에 좋은 날씨예요,해로움,적합,적합,적합,주의,9.479,-4.045,45.9,4.618,0.0,0.0,28.443,47.676,0.022,0.042,0.003,0.715
11200,성동구,2025-01-25,84.4,84.4,좋음,실외 활동에 좋은 날씨예요,해로움,적합,적합,적합,주의,10.346,-2.159,52.8,7.514,0.0,0.0,12.047,21.582,0.034,0.025,0.003,0.477
11200,성동구,2025-01-26,85.6,85.6,아주좋음,실외 활동하기 아주 좋은 날씨예요,해로움,적합,적합,적합,주의,7.029,-0.293,50.5,7.218,0.0,0.0,6.198,12.803,0.035,0.017,0.003,0.338
11200,성동구,2025-01-27,70.0,70.0,좋음,"실외 활동에 좋은 날씨예요 · 쌀쌀해요, 옷 챙기세요",해로움,주의,주의,적합,주의,4.646,-6.497,77.9,10.886,3.843,0.0,16.674,45.575,0.033,0.012,0.002,0.351
11200,성동구,2025-01-28,74.4,74.4,좋음,"실외 활동에 좋은 날씨예요 · 쌀쌀해요, 옷 챙기세요",해로움,주의,주의,적합,주의,-2.514,-9.564,71.3,10.329,0.271,0.0,20.324,31.938,0.035,0.01,0.002,0.408
11200,성동구,2025-01-29,77.0,77.0,좋음,"실외 활동에 좋은 날씨예요 · 쌀쌀해요, 옷 챙기세요",해로움,주의,주의,적합,주의,-1.554,-10.259,66.1,9.054,0.007,0.0,19.444,28.481,0.036,0.01,0.002,0.351
11200,성동구,2025-01-30,83.3,83.3,좋음,"실외 활동에 좋은 날씨예요 · 쌀쌀해요, 옷 챙기세요",해로움,적합,적합,적합,주의,-0.9,-8.588,46.6,5.257,0.0,0.0,12.85,21.468,0.035,0.019,0.003,0.385
11200,성동구,2025-01-31,76.4,76.4,좋음,실외 활동에 좋은 날씨예요,해로움,해로움,적합,적합,주의,0.239,-4.204,80.1,4.293,1.336,0.0,24.183,34.199,0.017,0.037,0.002,0.577
11200,성동구,2025-02-01,77.7,77.7,좋음,실외 활동에 좋은 날씨예요,해로움,주의,적합,적합,해로움,6.933,-3.171,74.3,4.257,0.0,0.0,35.457,46.785,0.025,0.035,0.003,0.686
11200,성동구,2025-02-02,79.7,79.7,좋음,실외 활동에 좋은 날씨예요,해로움,주의,적합,적합,주의,6.825,-4.278,67.1,5.921,0.0,0.0,28.96,41.832,0.033,0.027,0.003,0.628
11200,성동구,2025-02-03,55.0,76.2,주의,"⚠️ 한파, 한랭질환 주의 — 실외 활동에 주의하세요",위험,적합,주의,적합,주의,0.786,-13.458,48.8,11.875,0.0,0.0,17.633,30.63,0.038,0.012,0.003,0.413
11200,성동구,2025-02-04,55.0,76.4,주의,"⚠️ 한파, 한랭질환 주의 — 실외 활동에 주의하세요",위험,적합,주의,적합,주의,-5.618,-16.937,50.8,9.907,0.0,0.0,10.322,21.287,0.036,0.011,0.002,0.347
11200,성동구,2025-02-05,55.0,76.4,주의,"⚠️ 한파, 한랭질환 주의 — 실외 활동에 주의하세요",위험,적합,주의,적합,주의,-3.732,-16.657,49.1,10.196,0.0,0.0,8.982,19.207,0.035,0.013,0.003,0.366
11200,성동구,2025-02-06,55.0,78.3,주의,"⚠️ 한파, 한랭질환 주의 — 실외 활동에 주의하세요",위험,적합,주의,적합,주의,-0.629,-13.881,59.9,8.036,1.136,0.0,12.466,23.888,0.032,0.025,0.003,0.461
11200,성동구,2025-02-07,55.0,73.9,주의,"⚠️ 한파, 한랭질환 주의 — 실외 활동에 주의하세요",위험,주의,주의,적합,주의,-4.504,-16.613,60.1,13.118,0.139,0.0,12.843,31.982,0.036,0.015,0.003,0.375
11200,성동구,2025-02-08,55.0,78.4,주의,"⚠️ 한파, 한랭질환 주의 — 실외 활동에 주의하세요",위험,적합,적합,적합,주의,-3.674,-15.92,54.5,7.489,0.0,0.0,10.87,25.819,0.034,0.013,0.002,0.363
11200,성동구,2025-02-09,55.0,78.8,주의,"⚠️ 한파, 한랭질환 주의 — 실외 활동에 주의하세요",해로움,주의,적합,적합,주의,0.858,-12.432,63.8,7.067,0.0,0.0,14.425,26.016,0.035,0.021,0.003,0.47
11200,성동구,2025-02-10,80.5,80.5,좋음,"실외 활동에 좋은 날씨예요 · 쌀쌀해요, 옷 챙기세요",해로움,주의,적합,적합,주의,2.159,-9.45,61.0,7.279,0.0,0.0,18.222,27.16,0.03,0.031,0.003,0.557
11200,성동구,2025-02-11,80.8,80.8,좋음,"실외 활동에 좋은 날씨예요 · 쌀쌀해요, 옷 챙기세요",해로움,적합,적합,적합,주의,6.241,-6.998,59.8,5.039,0.0,0.0,32.724,45.327,0.027,0.044,0.003,0.724
11200,성동구,2025-02-12,72.6,72.6,좋음,실외 활동에 좋은 날씨예요,해로움,주의,주의,적합,주의,2.7,-4.757,75.8,10.425,0.982,0.0,29.196,40.98,0.031,0.037,0.003,0.591
11200,성동구,2025-02-13,80.3,80.3,좋음,"실외 활동에 좋은 날씨예요 · 쌀쌀해요, 옷 챙기세요",해로움,적합,주의,적합,주의,5.679,-8.534,53.1,9.029,0.0,0.0,10.329,29.312,0.034,0.025,0.003,0.426
11200,성동구,2025-02-14,78.9,78.9,좋음,실외 활동에 좋은 날씨예요,해로움,주의,적합,적합,주의,9.857,-2.73,67.4,6.368,0.0,0.0,34.32,65.72,0.033,0.041,0.003,0.696
11200,성동구,2025-02-15,76.5,76.5,좋음,실외 활동에 좋은 날씨예요 · 미세먼지 주의,해로움,주의,적합,적합,해로움,7.836,-1.097,76.5,4.95,0.0,0.0,43.592,65.388,0.036,0.038,0.003,0.679
11200,성동구,2025-02-16,72.7,72.7,좋음,실외 활동에 좋은 날씨예요 · 미세먼지 주의,해로움,주의,주의,적합,해로움,9.496,-2.285,75.6,9.179,0.0,0.0,48.269,68.793,0.048,0.028,0.003,0.641
11200,성동구,2025-02-17,79.1,79.1,좋음,"실외 활동에 좋은 날씨예요 · 쌀쌀해요, 옷 챙기세요",해로움,주의,주의,적합,주의,3.529,-7.142,39.1,9.811,0.0,0.0,9.41,35.894,0.042,0.014,0.003,0.338
11200,성동구,2025-02-18,79.0,79.0,좋음,"실외 활동에 좋은 날씨예요 · 쌀쌀해요, 옷 챙기세요",해로움,적합,주의,적합,주의,2.396,-8.848,40.3,10.829,0.0,0.0,9.971,26.462,0.037,0.014,0.003,0.352
11200,성동구,2025-02-19,80.2,80.2,좋음,"실외 활동에 좋은 날씨예요 · 쌀쌀해요, 옷 챙기세요",해로움,적합,주의,적합,주의,1.207,-9.344,44.8,8.775,0.0,0.0,11.225,25.901,0.036,0.015,0.003,0.38
11200,성동구,2025-02-20,79.8,79.8,좋음,"실외 활동에 좋은 날씨예요 · 쌀쌀해요, 옷 챙기세요",해로움,적합,주의,적합,주의,1.786,-10.129,43.3,8.729,0.0,0.0,12.773,27.297,0.037,0.017,0.003,0.417
11200,성동구,2025-02-21,79.5,79.5,좋음,"실외 활동에 좋은 날씨예요 · 쌀쌀해요, 옷 챙기세요",해로움,적합,주의,적합,주의,2.125,-10.211,45.3,9.143,0.0,0.0,15.628,30.371,0.038,0.018,0.003,0.421
11200,성동구,2025-02-22,80.5,80.5,좋음,"실외 활동에 좋은 날씨예요 · 쌀쌀해요, 옷 챙기세요",해로움,적합,주의,적합,주의,2.304,-8.901,49.1,8.196,0.0,0.0,17.75,31.697,0.039,0.015,0.003,0.391
11200,성동구,2025-02-23,78.8,78.8,좋음,"실외 활동에 좋은 날씨예요 · 쌀쌀해요, 옷 챙기세요",해로움,적합,주의,적합,주의,0.319,-10.729,45.4,9.411,0.0,0.0,15.867,32.011,0.041,0.012,0.003,0.37
11200,성동구,2025-02-24,80.9,80.9,좋음,"실외 활동에 좋은 날씨예요 · 쌀쌀해요, 옷 챙기세요",해로움,적합,적합,적합,주의,4.196,-9.179,49.8,7.536,0.0,0.0,15.722,31.152,0.038,0.023,0.003,0.451
11200,성동구,2025-02-25,76.6,76.6,좋음,"실외 활동에 좋은 날씨예요 · 쌀쌀해요, 옷 챙기세요",해로움,주의,주의,적합,주의,5.881,-6.197,72.6,9.018,0.0,0.0,17.145,31.789,0.04,0.03,0.003,0.496
11200,성동구,2025-02-26,80.6,80.6,좋음,실외 활동에 좋은 날씨예요,해로움,적합,주의,적합,주의,8.868,-1.992,49.4,8.475,0.0,0.0,32.061,65.792,0.04,0.026,0.003,0.495
11200,성동구,2025-02-27,79.0,79.0,좋음,실외 활동에 좋은 날씨예요,해로움,주의,적합,적합,주의,13.764,-2.861,29.4,6.057,0.0,0.0,15.131,41.252,0.036,0.043,0.004,0.605
11200,성동구,2025-02-28,85.8,85.8,아주좋음,실외 활동하기 아주 좋은 날씨예요,주의,적합,적합,적합,주의,13.036,2.014,52.4,4.743,0.0,0.0,32.173,51.788,0.033,0.053,0.004,0.799
11200,성동구,2025-03-01,81.6,81.6,좋음,실외 활동에 좋은 날씨예요 · 미세먼지 주의,주의,주의,적합,적합,해로움,13.018,1.62,68.5,6.168,0.111,0.0,49.465,65.035,0.026,0.044,0.003,0.758
11200,성동구,2025-03-02,71.6,71.6,좋음,"실외 활동에 좋은 날씨예요 · 비 소식, 우산 챙기세요",해로움,주의,주의,주의,주의,15.407,-0.36,68.0,11.839,11.136,0.0,29.73,42.981,0.045,0.024,0.003,0.527
11200,성동구,2025-03-03,74.1,74.1,좋음,"실외 활동에 좋은 날씨예요 · 비 소식, 우산 챙기세요",해로움,주의,주의,적합,주의,6.546,-3.042,63.5,12.189,8.193,0.0,4.998,12.592,0.043,0.01,0.002,0.275
11200,성동구,2025-03-04,77.5,77.5,좋음,실외 활동에 좋은 날씨예요,해로움,주의,주의,적합,주의,3.582,-3.031,68.3,10.261,2.625,0.0,3.849,10.014,0.044,0.014,0.002,0.312
11200,성동구,2025-03-05,85.8,85.8,아주좋음,실외 활동하기 아주 좋은 날씨예요,주의,주의,적합,적합,주의,8.711,0.453,63.3,6.307,0.0,0.0,4.173,8.987,0.037,0.02,0.002,0.359
11200,성동구,2025-03-06,83.2,83.2,좋음,실외 활동에 좋은 날씨예요,해로움,적합,적합,적합,주의,10.146,-1.728,55.1,7.339,0.0,0.0,27.679,46.209,0.045,0.024,0.003,0.553
11200,성동구,2025-03-07,82.4,82.4,좋음,실외 활동에 좋은 날씨예요 · 미세먼지 주의,해로움,적합,적합,적합,해로움,10.726,-1.298,49.3,5.846,0.0,0.0,48.263,71.389,0.049,0.036,0.004,0.662
11200,성동구,2025-03-08,84.0,84.0,좋음,실외 활동에 좋은 날씨예요 · 미세먼지 주의,주의,적합,적합,적합,해로움,10.796,1.219,55.0,7.375,0.0,0.0,38.804,55.204,0.049,0.028,0.003,0.527
11200,성동구,2025-03-09,81.7,81.7,좋음,실외 활동에 좋은 날씨예요 · 미세먼지 주의,해로움,주의,적합,적합,해로움,13.104,-0.082,67.3,5.561,0.0,0.0,39.931,55.012,0.049,0.027,0.003,0.55
11200,성동구,2025-03-10,82.1,82.1,좋음,실외 활동에 좋은 날씨예요 · 미세먼지 주의,주의,적합,적합,적합,해로움,14.515,0.727,59.8,7.707,0.0,0.0,55.59,72.217,0.056,0.034,0.003,0.637
11200,성동구,2025-03-11,84.7,84.7,좋음,실외 활동에 좋은 날씨예요 · 미세먼지 주의,주의,적합,적합,적합,해로움,15.946,1.534,58.0,6.082,0.0,0.0,44.243,59.549,0.049,0.036,0.003,0.587
11200,성동구,2025-03-12,84.4,84.4,좋음,실외 활동에 좋은 날씨예요,주의,주의,적합,적합,주의,12.275,4.864,72.3,7.061,0.0,0.0,30.613,47.72,0.04,0.033,0.003,0.501
11200,성동구,2025-03-13,83.8,83.8,좋음,실외 활동에 좋은 날씨예요,주의,적합,적합,적합,해로움,15.354,1.441,54.6,7.268,0.0,0.0,28.643,80.151,0.038,0.027,0.003,0.498
11200,성동구,2025-03-14,84.8,84.8,좋음,실외 활동에 좋은 날씨예요,주의,주의,적합,적합,주의,19.221,3.862,31.4,5.946,0.0,0.0,20.573,59.581,0.046,0.031,0.003,0.526
11200,성동구,2025-03-15,91.0,91.0,아주좋음,실외 활동하기 아주 좋은 날씨예요,주의,주의,주의,적합,주의,16.514,8.303,39.1,9.196,0.0,0.0,11.851,34.651,0.048,0.015,0.003,0.324
11200,성동구,2025-03-16,81.4,81.4,좋음,실외 활동에 좋은 날씨예요,해로움,적합,주의,적합,주의,9.725,-1.569,56.3,11.043,1.064,0.0,19.345,36.566,0.047,0.01,0.002,0.341
11200,성동구,2025-03-17,81.9,81.9,좋음,실외 활동에 좋은 날씨예요,해로움,적합,주의,적합,주의,6.782,-3.721,46.0,8.836,0.246,0.0,20.499,36.839,0.046,0.015,0.003,0.37
11200,성동구,2025-03-18,74.1,74.1,좋음,"실외 활동에 좋은 날씨예요 · 비 소식, 우산 챙기세요",해로움,주의,주의,적합,주의,5.822,-3.043,70.6,9.579,6.425,0.0,22.12,30.748,0.047,0.016,0.002,0.387
11200,성동구,2025-03-19,80.7,80.7,좋음,실외 활동에 좋은 날씨예요,해로움,적합,주의,적합,주의,7.015,-4.315,49.5,8.221,0.0,0.0,31.588,44.892,0.05,0.021,0.003,0.431
11200,성동구,2025-03-20,80.7,80.7,좋음,실외 활동에 좋은 날씨예요 · 미세먼지 주의,해로움,주의,주의,적합,해로움,15.089,-0.66,62.8,9.2,0.0,0.0,36.589,57.736,0.061,0.024,0.003,0.489
11200,성동구,2025-03-21,86.6,86.6,아주좋음,실외 활동하기 아주 좋은 날씨예요 · 미세먼지 주의,주의,주의,적합,적합,해로움,18.8,5.713,61.3,7.986,0.0,0.0,48.028,82.876,0.063,0.025,0.003,0.532
11200,성동구,2025-03-22,86.0,86.0,아주좋음,실외 활동하기 아주 좋은 날씨예요 · 미세먼지 주의,주의,적합,주의,적합,해로움,20.179,5.371,53.8,9.246,0.0,0.0,47.683,80.762,0.063,0.027,0.004,0.584
11200,성동구,2025-03-23,87.9,87.9,아주좋음,실외 활동하기 아주 좋은 날씨예요 · 미세먼지 주의,주의,적합,적합,적합,해로움,23.836,6.084,49.0,6.943,0.0,0.0,47.803,85.925,0.073,0.025,0.004,0.591
11200,성동구,2025-03-24,89.4,89.4,아주좋음,실외 활동하기 아주 좋은 날씨예요 · 미세먼지 주의,적합,적합,주의,적합,해로움,21.075,10.601,56.1,8.854,0.0,0.0,48.278,93.532,0.066,0.024,0.004,0.559
11200,성동구,2025-03-25,79.6,79.6,좋음,실외 활동에 좋은 날씨예요 · 미세먼지 주의,주의,주의,해로움,적합,위험,21.632,6.394,63.5,15.521,0.0,0.0,58.334,146.3,0.061,0.019,0.003,0.543
11200,성동구,2025-03-26,84.7,84.7,좋음,실외 활동에 좋은 날씨예요 · 미세먼지 주의,주의,적합,적합,적합,위험,24.111,4.815,46.4,6.539,0.0,0.0,20.368,110.163,0.047,0.034,0.003,0.556
11200,성동구,2025-03-27,85.9,85.9,아주좋음,실외 활동하기 아주 좋은 날씨예요,주의,주의,주의,적합,주의,18.879,5.74,65.1,9.657,0.189,0.0,23.079,61.453,0.052,0.018,0.003,0.421
11200,성동구,2025-03-28,83.8,83.8,좋음,실외 활동에 좋은 날씨예요,주의,적합,주의,적합,주의,12.17,0.751,41.6,10.746,0.0,0.0,18.903,41.67,0.044,0.012,0.003,0.364
11200,성동구,2025-03-29,80.1,80.1,좋음,실외 활동에 좋은 날씨예요,해로움,적합,주의,적합,주의,7.354,-3.054,40.8,13.154,0.179,0.0,9.396,24.774,0.044,0.013,0.003,0.321
11200,성동구,2025-03-30,81.4,81.4,좋음,실외 활동에 좋은 날씨예요,해로움,적합,주의,적합,주의,7.836,-4.182,51.1,9.964,0.107,0.0,9.143,24.223,0.046,0.012,0.002,0.318
11200,성동구,2025-03-31,85.3,85.3,아주좋음,실외 활동하기 아주 좋은 날씨예요,해로움,적합,적합,적합,주의,13.857,-0.0,50.5,7.096,0.0,0.0,17.036,35.542,0.05,0.024,0.003,0.42
11200,성동구,2025-04-01,86.1,86.1,아주좋음,실외 활동하기 아주 좋은 날씨예요,주의,적합,적합,적합,주의,16.761,2.814,53.0,7.032,0.0,0.0,34.146,62.055,0.066,0.03,0.003,0.502
11200,성동구,2025-04-02,85.7,85.7,아주좋음,실외 활동하기 아주 좋은 날씨예요,주의,적합,주의,적합,주의,14.607,3.382,55.4,9.125,0.0,0.0,31.16,52.355,0.058,0.033,0.003,0.5
11200,성동구,2025-04-03,86.4,86.4,아주좋음,실외 활동하기 아주 좋은 날씨예요,주의,적합,적합,적합,주의,16.507,2.615,58.6,7.571,0.0,0.0,27.185,41.152,0.054,0.024,0.003,0.414
11200,성동구,2025-04-04,87.4,87.4,아주좋음,실외 활동하기 아주 좋은 날씨예요,주의,적합,주의,적합,주의,16.407,4.498,54.5,8.093,0.0,0.0,30.639,45.293,0.061,0.027,0.003,0.441
11200,성동구,2025-04-05,73.5,73.5,좋음,"실외 활동에 좋은 날씨예요 · 비 소식, 우산 챙기세요",주의,해로움,적합,주의,주의,9.586,6.451,86.1,5.286,20.243,0.154,18.677,27.81,0.044,0.022,0.002,0.457
11200,성동구,2025-04-06,86.8,86.8,아주좋음,실외 활동하기 아주 좋은 날씨예요,주의,주의,주의,적합,주의,16.011,5.288,67.3,8.322,0.018,0.0,17.89,33.563,0.053,0.015,0.003,0.387
11200,성동구,2025-04-07,85.7,85.7,아주좋음,실외 활동하기 아주 좋은 날씨예요,주의,적합,주의,적합,주의,20.459,3.596,54.5,9.641,0.0,0.0,27.318,56.071,0.072,0.023,0.003,0.474
11200,성동구,2025-04-08,89.8,89.8,아주좋음,실외 활동하기 아주 좋은 날씨예요,적합,적합,주의,적합,주의,18.667,9.37,55.0,9.478,0.0,0.0,28.71,67.222,0.074,0.02,0.003,0.436
11200,성동구,2025-04-09,90.7,90.7,아주좋음,실외 활동하기 아주 좋은 날씨예요,주의,적합,적합,적합,주의,18.256,7.569,51.6,7.863,0.252,0.03,24.935,48.94,0.051,0.032,0.003,0.506
11200,성동구,2025-04-10,90.4,90.4,아주좋음,실외 활동하기 아주 좋은 날씨예요,주의,주의,적합,적합,주의,19.03,7.831,60.6,7.5,0.143,0.0,30.543,48.596,0.06,0.024,0.003,0.494
11200,성동구,2025-04-11,90.2,90.2,아주좋음,실외 활동하기 아주 좋은 날씨예요 · 미세먼지 주의,주의,적합,적합,적합,해로움,24.211,7.137,51.8,6.343,0.0,0.0,37.079,57.874,0.06,0.034,0.003,0.587
11200,성동구,2025-04-12,70.3,70.3,좋음,"실외 활동에 좋은 날씨예요 · 비 소식, 우산 챙기세요",해로움,주의,주의,주의,주의,22.675,-0.584,66.5,11.914,16.782,0.15,22.128,38.323,0.055,0.024,0.003,0.474
11200,성동구,2025-04-13,72.3,72.3,좋음,실외 활동에 좋은 날씨예요 · 바람 강함,해로움,주의,해로움,적합,주의,8.859,-1.932,71.1,14.839,3.454,0.096,8.878,45.424,0.043,0.009,0.002,0.297
11200,성동구,2025-04-14,70.1,70.1,좋음,"실외 활동에 좋은 날씨예요 · 비 소식, 우산 챙기세요",주의,해로움,주의,적합,주의,6.389,0.108,87.4,9.321,7.836,0.139,9.012,17.239,0.041,0.018,0.002,0.379
11200,성동구,2025-04-15,81.0,81.0,좋음,실외 활동에 좋은 날씨예요,주의,주의,주의,적합,주의,14.211,0.227,70.3,9.285,0.0,0.0,14.667,25.283,0.048,0.02,0.002,0.438
11200,성동구,2025-04-16,87.3,87.3,아주좋음,실외 활동하기 아주 좋은 날씨예요,주의,적합,주의,적합,주의,22.511,4.619,58.0,8.839,0.0,0.0,23.73,42.599,0.072,0.024,0.003,0.468
11200,성동구,2025-04-17,90.2,90.2,아주좋음,실외 활동하기 아주 좋은 날씨예요,적합,주의,주의,적합,주의,25.019,14.852,63.5,8.132,0.0,0.0,24.081,62.753,0.067,0.021,0.003,0.429
11200,성동구,2025-04-18,89.1,89.1,아주좋음,실외 활동하기 아주 좋은 날씨예요,적합,주의,적합,적합,주의,23.807,14.841,67.9,7.075,0.0,0.0,32.492,72.977,0.068,0.024,0.003,0.482
11200,성동구,2025-04-19,75.4,75.4,좋음,"실외 활동에 좋은 날씨예요 · 비 소식, 우산 챙기세요",적합,해로움,주의,적합,주의,20.957,11.918,89.1,13.236,7.061,0.129,19.321,40.159,0.049,0.016,0.002,0.394
11200,성동구,2025-04-20,90.9,90.9,아주좋음,실외 활동하기 아주 좋은 날씨예요,적합,주의,적합,적합,주의,24.604,9.822,70.0,5.161,0.0,0.0,13.763,23.485,0.059,0.015,0.002,0.449
11200,성동구,2025-04-21,89.9,89.9,아주좋음,실외 활동하기 아주 좋은 날씨예요,주의,주의,적합,적합,주의,26.869,13.675,65.3,6.914,0.0,0.0,13.989,28.017,0.057,0.022,0.003,0.449
11200,성동구,2025-04-22,70.8,70.8,좋음,"실외 활동에 좋은 날씨예요 · 비 많음, 우산 필수",적합,해로움,적합,주의,주의,19.85,14.411,87.8,6.446,31.868,0.3,10.512,18.97,0.04,0.02,0.002,0.449
11200,성동구,2025-04-23,92.3,92.3,아주좋음,실외 활동하기 아주 좋은 날씨예요,적합,주의,적합,적합,주의,23.236,10.965,62.4,6.921,0.0,0.0,6.533,17.171,0.06,0.018,0.002,0.388
11200,성동구,2025-04-24,90.7,90.7,아주좋음,실외 활동하기 아주 좋은 날씨예요,적합,적합,주의,적합,주의,19.839,9.95,52.4,9.736,0.0,0.0,26.712,47.929,0.06,0.019,0.003,0.409
11200,성동구,2025-04-25,87.9,87.9,아주좋음,실외 활동하기 아주 좋은 날씨예요,주의,주의,주의,적합,주의,17.957,6.942,38.4,10.857,0.0,0.0,23.609,52.836,0.049,0.015,0.003,0.343
11200,성동구,2025-04-26,89.2,89.2,아주좋음,실외 활동하기 아주 좋은 날씨예요,주의,적합,주의,적합,주의,20.007,5.854,53.1,8.636,0.0,0.0,13.48,37.605,0.055,0.019,0.003,0.354
11200,성동구,2025-04-27,91.6,91.6,아주좋음,실외 활동하기 아주 좋은 날씨예요,적합,적합,주의,적합,주의,19.643,10.406,46.4,9.164,0.0,0.0,9.324,27.372,0.057,0.015,0.003,0.339
11200,성동구,2025-04-28,90.7,90.7,아주좋음,실외 활동하기 아주 좋은 날씨예요,적합,적합,주의,적합,주의,20.693,9.327,45.6,10.143,0.0,0.0,14.899,37.769,0.056,0.016,0.003,0.33
11200,성동구,2025-04-29,88.5,88.5,아주좋음,실외 활동하기 아주 좋은 날씨예요,주의,주의,적합,적합,주의,21.268,7.06,34.1,7.404,0.0,0.0,23.761,40.973,0.06,0.022,0.003,0.397
11200,성동구,2025-04-30,88.6,88.6,아주좋음,실외 활동하기 아주 좋은 날씨예요,주의,주의,주의,적합,주의,26.182,9.621,36.3,9.525,0.0,0.0,20.318,43.649,0.067,0.025,0.003,0.433
11200,성동구,2025-05-01,79.7,79.7,좋음,"실외 활동에 좋은 날씨예요 · 비 소식, 우산 챙기세요",적합,주의,적합,주의,주의,18.039,10.719,69.6,7.65,19.379,0.321,17.026,34.554,0.052,0.018,0.003,0.392
11200,성동구,2025-05-02,90.5,90.5,아주좋음,실외 활동하기 아주 좋은 날씨예요,주의,적합,주의,적합,주의,18.689,7.383,59.3,9.621,0.0,0.0,11.322,24.965,0.051,0.014,0.003,0.336
11200,성동구,2025-05-03,80.7,80.7,좋음,"실외 활동에 좋은 날씨예요 · 비 소식, 우산 챙기세요",주의,해로움,적합,적합,주의,13.875,8.1,80.5,7.361,7.511,0.079,9.758,18.563,0.048,0.015,0.002,0.34
11200,성동구,2025-05-04,86.9,86.9,아주좋음,실외 활동하기 아주 좋은 날씨예요,주의,주의,주의,적합,주의,20.336,6.468,60.9,12.614,0.0,0.0,12.372,34.327,0.066,0.014,0.003,0.373
11200,성동구,2025-05-05,90.6,90.6,아주좋음,실외 활동하기 아주 좋은 날씨예요,주의,주의,적합,적합,주의,15.136,8.422,64.5,7.311,0.0,0.0,13.809,28.661,0.058,0.017,0.003,0.39
11200,성동구,2025-05-06,92.1,92.1,아주좋음,실외 활동하기 아주 좋은 날씨예요,주의,적합,적합,적합,주의,19.511,7.525,57.5,6.754,0.0,0.0,9.284,21.855,0.053,0.015,0.002,0.347
11200,성동구,2025-05-07,92.1,92.1,아주좋음,실외 활동하기 아주 좋은 날씨예요,적합,주의,적합,적합,주의,21.157,9.118,61.5,7.189,0.0,0.0,15.346,32.837,0.055,0.021,0.003,0.391
11200,성동구,2025-05-08,91.6,91.6,아주좋음,실외 활동하기 아주 좋은 날씨예요,적합,적합,적합,적합,주의,25.139,9.134,53.5,7.061,0.0,0.0,21.138,57.447,0.068,0.023,0.003,0.404
11200,성동구,2025-05-09,76.3,76.3,좋음,"실외 활동에 좋은 날씨예요 · 비 소식, 우산 챙기세요",적합,해로움,주의,주의,주의,17.411,13.521,81.8,8.393,14.932,0.129,16.467,48.775,0.055,0.022,0.002,0.406
11200,성동구,2025-05-10,73.7,73.7,좋음,"실외 활동에 좋은 날씨예요 · 비 소식, 우산 챙기세요",적합,위험,주의,주의,주의,15.307,11.254,95.5,8.975,11.843,0.096,13.334,23.155,0.043,0.013,0.002,0.44
11200,성동구,2025-05-11,86.8,86.8,아주좋음,실외 활동하기 아주 좋은 날씨예요,적합,주의,적합,적합,주의,20.936,10.814,76.9,6.771,0.0,0.0,31.307,53.876,0.066,0.014,0.003,0.504
11200,성동구,2025-05-12,90.6,90.6,아주좋음,실외 활동하기 아주 좋은 날씨예요,적합,주의,적합,적합,주의,23.921,9.599,62.6,7.318,0.0,0.0,31.412,49.094,0.075,0.023,0.003,0.472
11200,성동구,2025-05-13,89.1,89.1,아주좋음,실외 활동하기 아주 좋은 날씨예요,주의,적합,주의,적합,주의,26.618,13.254,47.4,10.004,0.0,0.0,25.886,43.313,0.079,0.026,0.003,0.47
11200,성동구,2025-05-14,90.0,90.0,아주좋음,실외 활동하기 아주 좋은 날씨예요,주의,적합,적합,적합,주의,26.8,13.275,52.8,7.604,0.0,0.0,25.104,41.52,0.082,0.025,0.003,0.471
11200,성동구,2025-05-15,86.0,86.0,아주좋음,실외 활동하기 아주 좋은 날씨예요,적합,해로움,적합,적합,주의,22.696,16.104,80.9,6.314,1.307,0.014,21.118,31.652,0.054,0.017,0.002,0.417
11200,성동구,2025-05-16,61.7,61.7,무난,"실외 활동하기 무난해요 — 비 많음, 우산 필수",적합,해로움,적합,해로움,주의,22.439,17.289,92.6,7.929,51.582,0.507,20.994,34.391,0.038,0.022,0.003,0.463
11200,성동구,2025-05-17,81.6,81.6,좋음,실외 활동에 좋은 날씨예요,적합,해로움,주의,적합,주의,25.079,14.371,86.4,9.125,3.061,0.079,8.827,20.092,0.045,0.014,0.002,0.34
11200,성동구,2025-05-18,92.8,92.8,아주좋음,실외 활동하기 아주 좋은 날씨예요,적합,적합,적합,적합,주의,21.629,11.049,59.3,7.675,0.0,0.0,15.195,34.028,0.053,0.01,0.002,0.338
11200,성동구,2025-05-19,88.2,88.2,아주좋음,실외 활동하기 아주 좋은 날씨예요,적합,주의,주의,적합,주의,21.093,9.884,70.4,8.114,1.146,0.029,19.208,37.989,0.051,0.019,0.003,0.414
11200,성동구,2025-05-20,80.4,80.4,좋음,실외 활동에 좋은 날씨예요,주의,해로움,주의,적합,주의,27.905,17.536,85.5,8.132,0.839,0.025,9.136,20.235,0.051,0.015,0.002,0.359
11200,성동구,2025-05-21,77.8,77.8,좋음,실외 활동에 좋은 날씨예요,주의,해로움,적합,적합,주의,31.087,21.539,75.5,6.411,0.0,0.0,9.936,19.216,0.056,0.015,0.003,0.349
11200,성동구,2025-05-22,84.2,84.2,좋음,실외 활동에 좋은 날씨예요,주의,주의,적합,적합,주의,28.827,18.893,68.0,6.561,0.457,0.025,13.427,26.836,0.057,0.015,0.002,0.369
11200,성동구,2025-05-23,91.8,91.8,아주좋음,실외 활동하기 아주 좋은 날씨예요,적합,적합,적합,적합,주의,21.829,14.664,53.8,7.182,2.311,0.029,19.52,30.655,0.047,0.015,0.002,0.355
11200,성동구,2025-05-24,87.8,87.8,아주좋음,실외 활동하기 아주 좋은 날씨예요,적합,주의,적합,적합,주의,18.414,12.589,69.1,7.479,4.1,0.086,13.492,20.555,0.041,0.01,0.002,0.301
11200,성동구,2025-05-25,92.5,92.5,아주좋음,실외 활동하기 아주 좋은 날씨예요,적합,주의,적합,적합,주의,22.864,10.843,61.0,7.436,0.0,0.0,11.737,19.99,0.057,0.012,0.003,0.328
11200,성동구,2025-05-26,91.9,91.9,아주좋음,실외 활동하기 아주 좋은 날씨예요,주의,적합,적합,적합,주의,26.375,12.537,59.4,5.775,0.0,0.0,25.112,39.801,0.08,0.021,0.003,0.447
11200,성동구,2025-05-27,89.5,89.5,아주좋음,실외 활동하기 아주 좋은 날씨예요 · 미세먼지 주의,주의,적합,적합,적합,해로움,27.099,14.018,57.0,5.971,0.0,0.0,37.04,55.038,0.101,0.022,0.004,0.507
11200,성동구,2025-05-28,88.5,88.5,아주좋음,실외 활동하기 아주 좋은 날씨예요 · 미세먼지 주의,주의,주의,적합,적합,해로움,27.139,15.543,62.0,6.85,0.0,0.0,38.765,55.259,0.09,0.021,0.004,0.49
11200,성동구,2025-05-29,88.9,88.9,아주좋음,실외 활동하기 아주 좋은 날씨예요,주의,적합,적합,적합,주의,27.512,15.079,58.4,7.014,0.482,0.0,26.25,39.538,0.08,0.019,0.003,0.423
11200,성동구,2025-05-30,88.8,88.8,아주좋음,실외 활동하기 아주 좋은 날씨예요,주의,주의,적합,적합,주의,28.283,15.75,55.0,5.504,0.0,0.0,25.773,40.407,0.069,0.023,0.003,0.436
11200,성동구,2025-05-31,90.3,90.3,아주좋음,실외 활동하기 아주 좋은 날씨예요,주의,적합,적합,적합,해로움,26.991,16.007,55.0,5.807,0.0,0.0,28.897,44.219,0.094,0.022,0.003,0.439
11200,성동구,2025-06-01,86.3,86.3,아주좋음,실외 활동하기 아주 좋은 날씨예요 · 미세먼지 주의,주의,주의,적합,적합,해로움,29.396,16.139,57.8,6.829,0.0,0.0,38.604,54.406,0.094,0.018,0.003,0.469
11200,성동구,2025-06-02,94.5,94.5,아주좋음,실외 활동하기 아주 좋은 날씨예요 · 미세먼지 주의,적합,주의,적합,적합,해로움,23.118,18.514,64.3,4.793,0.0,0.0,36.602,55.533,0.074,0.031,0.003,0.527
11200,성동구,2025-06-03,91.3,91.3,아주좋음,실외 활동하기 아주 좋은 날씨예요,적합,적합,주의,적합,주의,25.454,16.532,56.9,9.375,0.0,0.0,25.085,43.279,0.069,0.014,0.003,0.376
11200,성동구,2025-06-04,89.4,89.4,아주좋음,실외 활동하기 아주 좋은 날씨예요,적합,적합,주의,적합,주의,25.929,14.729,55.3,11.661,0.0,0.0,8.495,30.222,0.053,0.014,0.003,0.315
11200,성동구,2025-06-05,90.9,90.9,아주좋음,실외 활동하기 아주 좋은 날씨예요,주의,적합,적합,적합,주의,27.421,14.932,49.8,7.314,0.0,0.0,12.021,26.93,0.069,0.02,0.003,0.335
11200,성동구,2025-06-06,81.5,81.5,좋음,실외 활동에 좋은 날씨예요,주의,주의,주의,적합,주의,30.146,17.568,42.6,10.539,0.0,0.0,14.615,32.506,0.081,0.017,0.003,0.369
11200,성동구,2025-06-07,86.5,86.5,아주좋음,실외 활동하기 아주 좋은 날씨예요,주의,주의,적합,적합,주의,28.154,19.139,61.4,7.979,0.111,0.021,22.831,42.838,0.07,0.013,0.003,0.375
11200,성동구,2025-06-08,81.8,81.8,좋음,실외 활동에 좋은 날씨예요,주의,주의,적합,적합,주의,30.477,20.371,69.3,6.546,0.164,0.021,16.259,27.78,0.068,0.01,0.002,0.329
11200,성동구,2025-06-09,82.8,82.8,좋음,실외 활동에 좋은 날씨예요,주의,주의,적합,적합,주의,30.25,19.882,66.6,6.907,0.0,0.0,20.053,32.711,0.084,0.014,0.002,0.389
11200,성동구,2025-06-10,90.7,90.7,아주좋음,실외 활동하기 아주 좋은 날씨예요,적합,주의,적합,적합,주의,25.386,18.232,71.6,7.404,0.0,0.0,11.111,20.291,0.05,0.015,0.002,0.356
11200,성동구,2025-06-11,87.4,87.4,아주좋음,실외 활동하기 아주 좋은 날씨예요,주의,주의,주의,적합,주의,28.612,15.657,54.6,8.0,0.0,0.0,13.228,27.11,0.063,0.018,0.003,0.371
11200,성동구,2025-06-12,78.7,78.7,좋음,실외 활동에 좋은 날씨예요,주의,주의,적합,적합,해로움,32.679,17.193,50.4,6.621,0.0,0.0,20.225,35.844,0.096,0.021,0.003,0.435
11200,성동구,2025-06-13,84.6,84.6,좋음,실외 활동에 좋은 날씨예요,주의,주의,적합,적합,해로움,28.946,18.921,60.9,6.657,1.482,0.054,27.382,43.608,0.094,0.027,0.004,0.473
11200,성동구,2025-06-14,78.2,78.2,좋음,실외 활동에 좋은 날씨예요,주의,주의,적합,적합,주의,32.624,19.654,66.3,6.446,0.0,0.0,15.377,25.652,0.071,0.014,0.003,0.346
11200,성동구,2025-06-15,68.1,68.1,무난,"실외 활동하기 무난해요 — 비 소식, 우산 챙기세요",주의,해로움,주의,적합,주의,32.987,20.889,69.6,9.175,9.171,0.282,14.803,24.383,0.061,0.011,0.003,0.335
11200,성동구,2025-06-16,73.5,73.5,좋음,"실외 활동에 좋은 날씨예요 · 비 소식, 우산 챙기세요",적합,해로움,주의,주의,주의,25.864,21.371,87.8,9.354,17.607,0.468,18.717,33.896,0.063,0.013,0.002,0.406
11200,성동구,2025-06-17,83.4,83.4,좋음,실외 활동에 좋은 날씨예요,주의,주의,적합,적합,주의,29.572,20.607,73.3,6.321,0.0,0.0,22.559,44.968,0.088,0.015,0.003,0.394
11200,성동구,2025-06-18,80.6,80.6,좋음,실외 활동에 좋은 날씨예요,주의,주의,적합,적합,해로움,31.157,20.575,65.3,5.996,0.0,0.0,25.49,44.527,0.099,0.02,0.003,0.444
11200,성동구,2025-06-19,72.7,72.7,좋음,실외 활동에 좋은 날씨예요 · 더위 주의,해로움,해로움,적합,적합,주의,34.252,20.539,57.9,7.493,0.368,0.029,18.411,32.415,0.082,0.022,0.003,0.416
11200,성동구,2025-06-20,52.7,52.7,주의,"가벼운 실외 활동은 괜찮아요 — 비 많음, 우산 필수",주의,해로움,주의,해로움,주의,28.414,21.911,93.4,13.061,54.557,0.286,3.785,9.458,0.038,0.009,0.002,0.25
11200,성동구,2025-06-21,86.9,86.9,아주좋음,실외 활동하기 아주 좋은 날씨예요,적합,해로움,적합,적합,주의,24.511,20.036,88.1,7.25,0.221,0.018,13.263,22.041,0.034,0.014,0.002,0.346
11200,성동구,2025-06-22,85.9,85.9,아주좋음,실외 활동하기 아주 좋은 날씨예요,주의,주의,적합,적합,주의,28.977,17.386,68.6,6.975,0.0,0.0,17.135,30.458,0.083,0.012,0.003,0.386
11200,성동구,2025-06-23,78.6,78.6,좋음,실외 활동에 좋은 날씨예요,주의,주의,적합,적합,해로움,32.612,18.486,64.8,5.289,0.0,0.0,21.676,36.217,0.092,0.019,0.003,0.44
11200,성동구,2025-06-24,84.6,84.6,좋음,실외 활동에 좋은 날씨예요,주의,주의,적합,적합,주의,28.241,20.011,63.4,7.136,2.136,0.075,12.235,23.543,0.05,0.018,0.003,0.378
11200,성동구,2025-06-25,82.0,82.0,좋음,"실외 활동에 좋은 날씨예요 · 비 소식, 우산 챙기세요",적합,해로움,적합,적합,주의,21.957,18.925,88.9,6.386,7.661,0.1,4.789,10.886,0.041,0.014,0.002,0.334
11200,성동구,2025-06-26,89.7,89.7,아주좋음,실외 활동하기 아주 좋은 날씨예요,적합,해로움,적합,적합,주의,24.864,19.593,85.3,4.804,0.664,0.036,9.039,17.814,0.039,0.018,0.002,0.397
11200,성동구,2025-06-27,84.8,84.8,좋음,실외 활동에 좋은 날씨예요,주의,주의,적합,적합,주의,29.702,20.536,78.1,4.743,0.0,0.0,18.242,30.301,0.066,0.023,0.003,0.5
11200,성동구,2025-06-28,84.3,84.3,좋음,실외 활동에 좋은 날씨예요,주의,해로움,적합,적합,주의,28.778,23.707,85.0,5.011,0.521,0.018,21.554,32.763,0.049,0.018,0.003,0.45
11200,성동구,2025-06-29,79.4,79.4,좋음,실외 활동에 좋은 날씨예요,주의,해로움,적합,적합,주의,31.344,24.311,77.1,5.975,0.018,0.0,9.783,16.635,0.034,0.009,0.002,0.303
11200,성동구,2025-06-30,76.7,76.7,좋음,실외 활동에 좋은 날씨예요,주의,해로움,적합,적합,적합,32.105,24.607,74.6,6.693,0.0,0.0,5.443,11.637,0.027,0.011,0.002,0.269
11200,성동구,2025-07-01,73.6,73.6,좋음,실외 활동에 좋은 날씨예요,주의,위험,적합,적합,적합,32.81,25.7,78.6,7.489,0.871,0.032,5.037,11.646,0.022,0.01,0.002,0.252
11200,성동구,2025-07-02,75.9,75.9,좋음,실외 활동에 좋은 날씨예요,주의,위험,적합,적합,적합,31.718,26.146,76.3,7.811,0.0,0.0,6.245,13.899,0.023,0.01,0.003,0.256
11200,성동구,2025-07-03,75.2,75.2,좋음,실외 활동에 좋은 날씨예요,주의,해로움,적합,적합,주의,32.772,25.954,75.5,6.8,0.0,0.0,15.205,24.219,0.034,0.011,0.003,0.29
11200,성동구,2025-07-04,78.1,78.1,좋음,실외 활동에 좋은 날씨예요,주의,해로움,주의,적합,주의,30.615,25.129,77.0,8.336,0.018,0.0,12.901,24.834,0.034,0.011,0.002,0.315
11200,성동구,2025-07-05,75.4,75.4,좋음,실외 활동에 좋은 날씨예요,주의,해로움,적합,적합,주의,32.677,25.675,72.9,6.661,0.0,0.0,10.22,22.215,0.045,0.01,0.002,0.283
11200,성동구,2025-07-06,74.0,74.0,좋음,실외 활동에 좋은 날씨예요 · 더위 주의,해로움,위험,적합,적합,주의,33.464,25.964,74.3,5.854,0.0,0.0,14.629,26.377,0.06,0.009,0.002,0.301
11200,성동구,2025-07-07,72.8,72.8,좋음,실외 활동에 좋은 날씨예요 · 더위 주의,해로움,위험,적합,적합,주의,34.019,26.157,79.0,5.393,0.0,0.0,30.39,45.985,0.085,0.016,0.002,0.456
11200,성동구,2025-07-08,52.7,52.7,주의,"⚠️ 폭염, 온열질환 주의 — 실외 활동에 주의하세요",위험,위험,주의,주의,주의,39.07,25.621,72.5,10.018,18.707,0.229,26.828,39.843,0.072,0.017,0.002,0.427
11200,성동구,2025-07-09,55.0,68.0,주의,"⚠️ 폭염, 온열질환 주의 — 실외 활동에 주의하세요",해로움,위험,적합,적합,주의,36.934,26.8,61.1,6.118,0.0,0.0,14.788,24.19,0.053,0.014,0.002,0.364
11200,성동구,2025-07-10,55.0,68.9,주의,"⚠️ 폭염, 온열질환 주의 — 실외 활동에 주의하세요",해로움,해로움,주의,적합,주의,36.18,26.579,46.6,8.186,0.0,0.0,7.959,17.735,0.052,0.012,0.002,0.291
11200,성동구,2025-07-11,55.0,71.1,주의,"⚠️ 폭염, 온열질환 주의 — 실외 활동에 주의하세요",해로움,해로움,적합,적합,주의,35.658,24.046,47.1,7.486,0.0,0.0,6.621,15.698,0.052,0.012,0.002,0.267
11200,성동구,2025-07-12,55.0,70.9,주의,"⚠️ 폭염, 온열질환 주의 — 실외 활동에 주의하세요",해로움,해로움,적합,적합,주의,36.245,23.514,47.5,6.504,0.0,0.0,7.045,15.99,0.065,0.014,0.002,0.279
11200,성동구,2025-07-13,79.6,79.6,좋음,실외 활동에 좋은 날씨예요,주의,해로움,적합,적합,주의,31.191,24.318,66.8,5.357,0.196,0.0,18.514,31.162,0.068,0.018,0.003,0.406
11200,성동구,2025-07-14,75.4,75.4,좋음,"실외 활동에 좋은 날씨예요 · 비 소식, 우산 챙기세요",주의,주의,적합,주의,주의,28.914,21.1,78.3,7.271,13.789,0.143,12.271,21.777,0.046,0.015,0.003,0.36
11200,성동구,2025-07-15,84.8,84.8,좋음,실외 활동에 좋은 날씨예요,주의,해로움,적합,적합,주의,26.571,21.111,84.1,5.936,4.357,0.046,4.194,10.463,0.036,0.014,0.002,0.321
11200,성동구,2025-07-16,64.2,64.2,무난,"실외 활동하기 무난해요 — 비 많음, 우산 필수",적합,해로움,주의,주의,주의,24.929,21.675,90.1,8.318,48.718,0.964,10.532,20.651,0.041,0.017,0.002,0.388
11200,성동구,2025-07-17,55.8,55.8,주의,"가벼운 실외 활동은 괜찮아요 — 비 많음, 우산 필수",적합,해로움,주의,해로움,주의,24.932,21.546,94.3,9.636,72.589,1.161,4.217,8.803,0.053,0.015,0.002,0.354
11200,성동구,2025-07-18,77.5,77.5,좋음,"실외 활동에 좋은 날씨예요 · 비 소식, 우산 챙기세요",주의,해로움,적합,주의,주의,27.82,22.268,89.5,5.186,12.093,0.339,5.226,12.515,0.046,0.02,0.002,0.383
11200,성동구,2025-07-19,56.9,56.9,주의,"가벼운 실외 활동은 괜찮아요 — 비 많음, 우산 필수",주의,위험,적합,해로움,주의,26.871,20.911,95.4,7.486,67.0,1.146,3.902,10.085,0.045,0.015,0.002,0.332
11200,성동구,2025-07-20,64.4,64.4,무난,"실외 활동하기 무난해요 — 비 소식, 우산 챙기세요",주의,해로움,적합,주의,적합,32.463,24.5,82.8,7.925,18.439,0.257,6.076,16.954,0.022,0.008,0.002,0.258
11200,성동구,2025-07-21,74.4,74.4,좋음,실외 활동에 좋은 날씨예요,주의,위험,적합,적합,적합,32.79,24.696,77.4,7.393,0.089,0.0,7.806,19.18,0.023,0.012,0.003,0.285
11200,성동구,2025-07-22,73.2,73.2,좋음,실외 활동에 좋은 날씨예요 · 더위 주의,해로움,위험,적합,적합,주의,33.526,25.75,75.6,7.211,0.093,0.004,6.323,17.192,0.031,0.011,0.003,0.239
11200,성동구,2025-07-23,74.7,74.7,좋음,실외 활동에 좋은 날씨예요 · 더위 주의,해로움,해로움,적합,적합,주의,33.99,24.786,70.4,5.479,0.0,0.0,7.062,17.503,0.04,0.014,0.002,0.271
11200,성동구,2025-07-24,55.0,72.3,주의,"⚠️ 폭염, 온열질환 주의 — 실외 활동에 주의하세요",해로움,위험,적합,적합,주의,35.019,24.957,68.0,5.175,0.0,0.0,13.775,25.516,0.073,0.016,0.003,0.314
11200,성동구,2025-07-25,55.0,68.6,주의,"⚠️ 폭염, 온열질환 주의 — 실외 활동에 주의하세요",해로움,위험,적합,적합,주의,37.12,25.021,64.6,5.007,0.0,0.0,20.931,32.208,0.089,0.019,0.003,0.366
11200,성동구,2025-07-26,55.0,67.9,주의,"⚠️ 폭염, 온열질환 주의 — 실외 활동에 주의하세요",해로움,위험,적합,적합,주의,37.804,26.664,61.9,4.968,0.0,0.0,14.511,23.326,0.06,0.016,0.003,0.326
11200,성동구,2025-07-27,55.0,67.0,주의,"⚠️ 폭염, 온열질환 주의 — 실외 활동에 주의하세요",위험,위험,적합,적합,주의,38.267,27.146,62.4,5.293,0.0,0.0,11.879,19.223,0.064,0.012,0.002,0.291
11200,성동구,2025-07-28,55.0,66.2,주의,"⚠️ 폭염, 온열질환 주의 — 실외 활동에 주의하세요",해로움,위험,적합,적합,주의,37.151,27.564,67.3,6.507,0.75,0.0,24.324,37.253,0.078,0.017,0.003,0.376
11200,성동구,2025-07-29,55.0,67.1,주의,"⚠️ 폭염, 온열질환 주의 — 실외 활동에 주의하세요",해로움,위험,적합,적합,해로움,37.304,26.671,64.0,5.296,0.036,0.0,24.952,39.185,0.107,0.019,0.003,0.401
11200,성동구,2025-07-30,55.0,68.6,주의,"⚠️ 폭염, 온열질환 주의 — 실외 활동에 주의하세요",해로움,위험,적합,적합,주의,36.432,27.361,62.9,5.704,0.0,0.0,19.54,30.733,0.068,0.02,0.003,0.369
11200,성동구,2025-07-31,71.6,71.6,좋음,실외 활동에 좋은 날씨예요 · 더위 주의,해로움,위험,적합,적합,주의,34.941,28.121,62.3,5.546,0.0,0.0,18.546,29.169,0.067,0.017,0.003,0.337
11200,성동구,2025-08-01,55.0,68.2,주의,"⚠️ 폭염, 온열질환 주의 — 실외 활동에 주의하세요",해로움,위험,적합,적합,해로움,35.88,26.896,66.9,6.675,0.0,0.0,25.28,36.686,0.091,0.018,0.003,0.378
11200,성동구,2025-08-02,55.0,68.7,주의,"⚠️ 폭염, 온열질환 주의 — 실외 활동에 주의하세요",해로움,위험,적합,적합,주의,36.3,26.568,62.1,5.964,0.554,0.0,24.362,34.946,0.074,0.015,0.003,0.364
11200,성동구,2025-08-03,73.3,73.3,좋음,실외 활동에 좋은 날씨예요,주의,해로움,적합,적합,주의,32.419,23.396,69.0,6.863,2.707,0.05,20.945,28.961,0.05,0.014,0.003,0.355
11200,성동구,2025-08-04,72.0,72.0,좋음,실외 활동에 좋은 날씨예요 · 더위 주의,해로움,해로움,적합,적합,주의,33.806,23.0,75.5,6.707,2.461,0.032,11.332,18.409,0.054,0.012,0.002,0.315
11200,성동구,2025-08-05,73.4,73.4,좋음,실외 활동에 좋은 날씨예요 · 더위 주의,해로움,해로움,적합,적합,주의,33.636,24.414,67.4,6.914,0.0,0.0,10.983,19.614,0.056,0.015,0.003,0.326
11200,성동구,2025-08-06,68.9,68.9,무난,"실외 활동하기 무난해요 — 비 소식, 우산 챙기세요",주의,해로움,주의,주의,주의,29.902,25.232,89.0,8.993,14.661,0.343,8.814,19.766,0.033,0.013,0.002,0.318
11200,성동구,2025-08-07,75.3,75.3,좋음,실외 활동에 좋은 날씨예요,주의,해로움,적합,적합,주의,32.911,24.879,70.8,6.482,0.018,0.0,9.271,18.699,0.056,0.012,0.003,0.368
11200,성동구,2025-08-08,77.4,77.4,좋음,실외 활동에 좋은 날씨예요,주의,해로움,적합,적합,주의,31.832,23.239,74.8,6.407,0.261,0.225,15.143,28.58,0.074,0.017,0.003,0.396
11200,성동구,2025-08-09,88.8,88.8,아주좋음,실외 활동하기 아주 좋은 날씨예요,주의,해로움,적합,적합,주의,26.804,22.775,82.1,4.236,1.464,0.1,15.473,24.95,0.042,0.018,0.003,0.438
11200,성동구,2025-08-10,76.5,76.5,좋음,실외 활동에 좋은 날씨예요 · 더위 주의,해로움,해로움,적합,적합,주의,33.711,20.921,70.0,5.096,0.0,0.0,12.194,21.364,0.061,0.012,0.003,0.37
11200,성동구,2025-08-11,82.4,82.4,좋음,실외 활동에 좋은 날씨예요,주의,해로움,적합,적합,주의,29.6,24.289,73.9,5.632,0.482,0.0,17.341,27.93,0.05,0.018,0.003,0.431
11200,성동구,2025-08-12,73.0,73.0,좋음,실외 활동에 좋은 날씨예요 · 더위 주의,해로움,해로움,적합,적합,주의,34.394,22.764,62.9,6.864,0.143,0.0,12.133,20.739,0.063,0.015,0.003,0.375
11200,성동구,2025-08-13,48.1,48.1,주의,"⚠️ 호우, 침수·안전 주의 — 실외 활동에 주의하세요",주의,해로움,주의,위험,주의,27.865,22.121,91.8,11.414,104.186,1.168,3.652,10.094,0.042,0.013,0.002,0.309
11200,성동구,2025-08-14,65.3,65.3,무난,"실외 활동하기 무난해요 — 비 많음, 우산 필수",주의,해로움,적합,주의,적합,27.618,23.771,91.1,7.686,37.796,0.879,5.521,12.114,0.028,0.014,0.002,0.311
11200,성동구,2025-08-15,77.5,77.5,좋음,실외 활동에 좋은 날씨예요,주의,해로움,적합,적합,주의,31.564,23.811,84.3,4.975,2.786,0.0,9.586,20.077,0.042,0.014,0.003,0.345
11200,성동구,2025-08-16,75.2,75.2,좋음,실외 활동에 좋은 날씨예요 · 더위 주의,해로움,해로움,적합,적합,적합,33.017,24.55,76.0,6.704,0.0,0.0,5.017,13.935,0.028,0.01,0.003,0.255
11200,성동구,2025-08-17,76.0,76.0,좋음,실외 활동에 좋은 날씨예요,주의,해로움,적합,적합,적합,32.93,25.068,76.3,5.954,0.0,0.0,7.797,15.215,0.028,0.008,0.003,0.24
11200,성동구,2025-08-18,71.1,71.1,좋음,실외 활동에 좋은 날씨예요 · 더위 주의,해로움,위험,주의,적합,주의,33.534,26.143,75.6,8.043,1.382,0.046,17.573,26.107,0.033,0.012,0.003,0.263
11200,성동구,2025-08-19,72.3,72.3,좋음,실외 활동에 좋은 날씨예요 · 더위 주의,해로움,위험,주의,적합,적합,33.265,25.779,75.3,8.032,0.786,0.0,5.093,14.482,0.024,0.01,0.003,0.244
11200,성동구,2025-08-20,72.7,72.7,좋음,실외 활동에 좋은 날씨예요 · 더위 주의,해로움,위험,적합,적합,주의,33.421,25.821,74.5,6.725,1.054,0.0,6.716,16.112,0.033,0.012,0.003,0.259
11200,성동구,2025-08-21,71.4,71.4,좋음,실외 활동에 좋은 날씨예요 · 더위 주의,해로움,위험,적합,적합,주의,34.855,26.125,70.6,6.532,0.0,0.0,8.316,17.273,0.049,0.014,0.003,0.264
11200,성동구,2025-08-22,72.1,72.1,좋음,실외 활동에 좋은 날씨예요 · 더위 주의,해로움,위험,적합,적합,주의,34.293,25.411,71.5,6.968,0.0,0.0,6.515,14.151,0.041,0.014,0.003,0.266
11200,성동구,2025-08-23,75.2,75.2,좋음,실외 활동에 좋은 날씨예요,주의,위험,적합,적합,주의,32.951,26.086,74.9,5.446,0.0,0.0,9.77,18.644,0.045,0.014,0.003,0.29
11200,성동구,2025-08-24,55.0,70.7,주의,"⚠️ 폭염, 온열질환 주의 — 실외 활동에 주의하세요",해로움,위험,적합,적합,주의,35.551,26.179,69.4,5.936,0.0,0.0,13.354,22.589,0.056,0.012,0.003,0.339
11200,성동구,2025-08-25,63.1,63.1,무난,"실외 활동하기 무난해요 — 더위 주의, 비 소식, 우산 챙기세요",해로움,위험,주의,주의,주의,33.524,25.532,80.6,9.543,12.45,0.507,11.038,22.99,0.043,0.013,0.002,0.321
11200,성동구,2025-08-26,67.7,67.7,무난,"실외 활동하기 무난해요 — 비 소식, 우산 챙기세요",주의,해로움,적합,적합,주의,32.568,24.536,81.8,7.257,9.907,0.089,7.503,15.668,0.052,0.014,0.002,0.349
11200,성동구,2025-08-27,77.6,77.6,좋음,실외 활동에 좋은 날씨예요,주의,해로움,적합,적합,주의,32.704,23.193,73.8,5.389,0.0,0.0,9.808,21.373,0.068,0.017,0.002,0.396
11200,성동구,2025-08-28,75.6,75.6,좋음,실외 활동에 좋은 날씨예요,주의,해로움,적합,적합,주의,31.993,24.354,72.9,7.296,0.0,0.0,11.885,22.168,0.055,0.016,0.003,0.364
11200,성동구,2025-08-29,63.5,63.5,무난,"실외 활동하기 무난해요 — 더위 주의, 비 소식, 우산 챙기세요",해로움,위험,주의,주의,주의,33.566,26.389,82.0,9.239,11.829,0.446,7.316,18.762,0.036,0.011,0.002,0.267
11200,성동구,2025-08-30,61.1,61.1,무난,"실외 활동하기 무난해요 — 더위 주의, 비 소식, 우산 챙기세요",해로움,위험,적합,주의,주의,33.178,24.889,81.1,7.033,25.157,0.382,6.085,13.631,0.033,0.013,0.002,0.278
11200,성동구,2025-08-31,74.8,74.8,좋음,실외 활동에 좋은 날씨예요,주의,해로움,적합,적합,주의,32.714,24.633,75.3,6.856,0.407,0.0,14.646,23.006,0.033,0.011,0.003,0.281
11200,성동구,2025-09-01,65.7,65.7,무난,"실외 활동하기 무난해요 — 비 소식, 우산 챙기세요",주의,해로움,주의,주의,주의,29.459,23.633,87.3,8.622,28.663,0.315,5.409,11.572,0.032,0.012,0.002,0.292
11200,성동구,2025-09-02,81.9,81.9,좋음,실외 활동에 좋은 날씨예요,주의,해로움,적합,적합,주의,31.429,21.967,74.6,4.73,0.0,0.0,8.518,19.556,0.058,0.015,0.002,0.356
11200,성동구,2025-09-03,79.0,79.0,좋음,실외 활동에 좋은 날씨예요,주의,해로움,적합,적합,주의,32.496,22.275,67.5,5.568,0.0,0.0,11.313,22.392,0.06,0.018,0.002,0.386
11200,성동구,2025-09-04,67.3,67.3,무난,"실외 활동하기 무난해요 — 비 소식, 우산 챙기세요",주의,해로움,적합,주의,주의,30.169,22.639,82.1,6.418,28.829,1.229,4.694,10.926,0.04,0.013,0.002,0.319
11200,성동구,2025-09-05,77.9,77.9,좋음,실외 활동에 좋은 날씨예요 · 더위 주의,해로움,해로움,적합,적합,주의,33.544,22.882,68.5,5.8,0.0,0.0,7.95,17.583,0.057,0.016,0.003,0.335
11200,성동구,2025-09-06,63.1,63.1,무난,"실외 활동하기 무난해요 — 비 소식, 우산 챙기세요",주의,해로움,주의,주의,주의,31.124,24.539,86.6,10.05,25.914,0.532,9.385,17.666,0.038,0.012,0.002,0.337
11200,성동구,2025-09-07,83.9,83.9,좋음,실외 활동에 좋은 날씨예요,주의,해로움,적합,적합,주의,29.312,21.796,77.5,5.561,0.543,0.018,7.404,16.643,0.048,0.01,0.002,0.347
11200,성동구,2025-09-08,84.7,84.7,좋음,실외 활동에 좋은 날씨예요,주의,주의,적합,적합,주의,30.16,20.57,73.0,4.581,0.0,0.0,12.209,27.945,0.059,0.018,0.003,0.449
11200,성동구,2025-09-09,89.4,89.4,아주좋음,실외 활동하기 아주 좋은 날씨예요,주의,주의,적합,적합,주의,27.204,20.9,71.9,4.319,0.036,0.0,16.427,34.945,0.049,0.019,0.003,0.458
11200,성동구,2025-09-10,83.1,83.1,좋음,실외 활동에 좋은 날씨예요,주의,주의,적합,적합,주의,31.842,18.252,61.1,5.704,0.0,0.0,11.997,26.216,0.046,0.02,0.003,0.4
11200,성동구,2025-09-11,81.8,81.8,좋음,실외 활동에 좋은 날씨예요,주의,주의,적합,적합,주의,31.775,19.148,57.6,6.463,0.0,0.0,8.983,20.995,0.046,0.017,0.003,0.348
11200,성동구,2025-09-12,82.3,82.3,좋음,"실외 활동에 좋은 날씨예요 · 비 소식, 우산 챙기세요",주의,주의,적합,적합,주의,26.307,20.471,68.8,6.825,8.243,0.096,7.256,17.908,0.036,0.014,0.002,0.303
11200,성동구,2025-09-13,58.8,58.8,주의,"가벼운 실외 활동은 괜찮아요 — 비 많음, 우산 필수",주의,해로움,적합,해로움,주의,27.284,19.961,81.0,7.721,59.811,0.804,2.541,6.094,0.042,0.009,0.002,0.266
11200,성동구,2025-09-14,85.9,85.9,아주좋음,실외 활동하기 아주 좋은 날씨예요,주의,주의,적합,적합,주의,29.347,20.989,72.0,4.229,0.0,0.0,5.709,12.719,0.057,0.013,0.002,0.324
11200,성동구,2025-09-15,82.8,82.8,좋음,실외 활동에 좋은 날씨예요,주의,해로움,적합,적합,주의,30.606,20.507,71.6,4.682,0.0,0.0,10.987,20.353,0.063,0.02,0.002,0.406
11200,성동구,2025-09-16,69.9,69.9,무난,"실외 활동하기 무난해요 — 비 소식, 우산 챙기세요",주의,해로움,주의,주의,주의,27.745,21.307,86.8,10.764,16.214,0.529,11.758,20.716,0.039,0.023,0.003,0.429
11200,성동구,2025-09-17,63.5,63.5,무난,"실외 활동하기 무난해요 — 비 많음, 우산 필수",적합,해로움,적합,주의,주의,23.961,20.829,92.0,7.471,43.882,1.471,5.816,12.683,0.031,0.016,0.002,0.382
11200,성동구,2025-09-18,88.5,88.5,아주좋음,실외 활동하기 아주 좋은 날씨예요,주의,주의,적합,적합,적합,26.111,19.325,74.4,7.368,0.0,0.0,3.672,12.222,0.029,0.011,0.002,0.289
11200,성동구,2025-09-19,80.1,80.1,좋음,"실외 활동에 좋은 날씨예요 · 비 소식, 우산 챙기세요",적합,해로움,적합,주의,적합,21.425,17.436,82.0,6.457,11.993,0.254,4.604,12.946,0.023,0.014,0.002,0.3
11200,성동구,2025-09-20,69.7,69.7,무난,"실외 활동하기 무난해요 — 비 많음, 우산 필수",적합,해로움,적합,주의,주의,24.085,17.189,85.4,6.571,34.529,0.414,2.904,6.52,0.031,0.011,0.002,0.29
11200,성동구,2025-09-21,89.8,89.8,아주좋음,실외 활동하기 아주 좋은 날씨예요,주의,주의,적합,적합,주의,27.007,16.8,67.0,6.1,0.0,0.0,2.911,7.159,0.037,0.009,0.002,0.256
11200,성동구,2025-09-22,92.1,92.1,아주좋음,실외 활동하기 아주 좋은 날씨예요,적합,적합,적합,적합,주의,25.014,17.229,59.8,6.446,0.0,0.0,4.518,12.2,0.036,0.014,0.002,0.281
11200,성동구,2025-09-23,89.6,89.6,아주좋음,실외 활동하기 아주 좋은 날씨예요,주의,주의,적합,적합,주의,26.639,18.682,56.5,7.168,0.0,0.0,5.307,14.31,0.04,0.015,0.002,0.288
11200,성동구,2025-09-24,71.9,71.9,좋음,"실외 활동에 좋은 날씨예요 · 비 소식, 우산 챙기세요",적합,해로움,적합,주의,주의,23.882,20.129,81.8,7.161,28.114,0.879,5.583,13.104,0.034,0.018,0.002,0.335
11200,성동구,2025-09-25,88.3,88.3,아주좋음,실외 활동하기 아주 좋은 날씨예요,주의,주의,적합,적합,주의,26.646,19.377,80.0,4.219,0.368,0.011,8.589,17.696,0.048,0.021,0.003,0.404
11200,성동구,2025-09-26,87.8,87.8,아주좋음,실외 활동하기 아주 좋은 날씨예요,주의,주의,적합,적합,주의,27.131,17.339,78.1,4.332,0.0,0.0,17.896,30.179,0.056,0.022,0.002,0.512
11200,성동구,2025-09-27,88.0,88.0,아주좋음,실외 활동하기 아주 좋은 날씨예요,주의,주의,적합,적합,주의,27.204,17.489,71.1,5.789,0.0,0.0,15.641,27.036,0.051,0.019,0.002,0.453
11200,성동구,2025-09-28,66.0,66.0,무난,"실외 활동하기 무난해요 — 비 많음, 우산 필수",적합,해로움,적합,주의,주의,22.089,17.664,85.6,5.714,43.214,0.464,9.617,15.424,0.046,0.012,0.002,0.391
11200,성동구,2025-09-29,89.4,89.4,아주좋음,실외 활동하기 아주 좋은 날씨예요,적합,주의,적합,적합,주의,24.679,16.518,77.8,4.836,0.0,0.0,16.831,28.433,0.045,0.017,0.002,0.431
11200,성동구,2025-09-30,89.1,89.1,아주좋음,실외 활동하기 아주 좋은 날씨예요,적합,해로움,적합,적합,주의,24.118,16.754,81.3,4.111,0.0,0.0,20.682,34.042,0.042,0.028,0.003,0.535
11200,성동구,2025-10-01,86.4,86.4,아주좋음,실외 활동하기 아주 좋은 날씨예요,주의,주의,적합,적합,주의,26.179,16.325,78.1,6.2,0.018,0.0,19.726,31.453,0.061,0.024,0.003,0.518
11200,성동구,2025-10-02,90.0,90.0,아주좋음,실외 활동하기 아주 좋은 날씨예요,주의,주의,적합,적합,주의,26.243,16.982,74.5,3.736,0.0,0.0,17.095,28.948,0.054,0.027,0.003,0.497
11200,성동구,2025-10-03,87.8,87.8,아주좋음,실외 활동하기 아주 좋은 날씨예요,적합,주의,적합,적합,주의,22.629,19.136,75.5,6.629,1.1,0.011,15.647,25.122,0.036,0.014,0.002,0.379
11200,성동구,2025-10-04,90.0,90.0,아주좋음,실외 활동하기 아주 좋은 날씨예요,적합,주의,적합,적합,주의,24.296,20.096,74.6,5.032,0.5,0.0,4.992,10.782,0.039,0.012,0.002,0.325
11200,성동구,2025-10-05,82.8,82.8,좋음,"실외 활동에 좋은 날씨예요 · 비 소식, 우산 챙기세요",적합,해로움,적합,적합,적합,22.218,20.271,89.6,4.043,9.45,0.371,4.406,9.518,0.024,0.012,0.002,0.37
11200,성동구,2025-10-06,64.8,64.8,무난,"실외 활동하기 무난해요 — 비 많음, 우산 필수",적합,해로움,주의,주의,주의,20.711,15.281,93.8,9.096,36.636,0.289,2.516,6.057,0.032,0.007,0.002,0.254
11200,성동구,2025-10-07,77.2,77.2,좋음,"실외 활동에 좋은 날씨예요 · 비 소식, 우산 챙기세요",적합,해로움,적합,적합,주의,19.819,15.459,94.9,7.943,8.057,0.071,2.161,4.582,0.035,0.008,0.002,0.261
11200,성동구,2025-10-08,88.8,88.8,아주좋음,실외 활동하기 아주 좋은 날씨예요,주의,주의,적합,적합,주의,27.768,16.807,72.8,5.05,0.071,0.0,4.589,11.39,0.038,0.011,0.002,0.316
11200,성동구,2025-10-09,90.0,90.0,아주좋음,실외 활동하기 아주 좋은 날씨예요,적합,주의,적합,적합,주의,22.589,16.911,69.6,6.871,0.232,0.007,4.568,11.538,0.031,0.008,0.002,0.27
11200,성동구,2025-10-10,66.3,66.3,무난,"실외 활동하기 무난해요 — 비 많음, 우산 필수",적합,위험,적합,주의,적합,17.915,15.785,98.1,6.225,40.189,0.25,3.163,7.044,0.025,0.014,0.002,0.318
11200,성동구,2025-10-11,72.9,72.9,좋음,"실외 활동에 좋은 날씨예요 · 비 소식, 우산 챙기세요",적합,해로움,적합,주의,주의,24.733,17.311,93.1,7.289,18.643,0.171,5.575,13.937,0.037,0.013,0.002,0.354
11200,성동구,2025-10-12,87.5,87.5,아주좋음,실외 활동하기 아주 좋은 날씨예요,적합,해로움,적합,적합,적합,21.73,17.044,84.6,6.671,0.057,0.004,2.404,6.087,0.028,0.008,0.002,0.307
11200,성동구,2025-10-13,70.8,70.8,좋음,"실외 활동에 좋은 날씨예요 · 비 소식, 우산 챙기세요",적합,해로움,적합,주의,주의,18.13,13.652,94.4,7.979,23.843,0.168,2.168,4.862,0.031,0.011,0.002,0.279
11200,성동구,2025-10-14,87.2,87.2,아주좋음,실외 활동하기 아주 좋은 날씨예요,적합,해로움,적합,적합,주의,20.77,14.193,80.3,6.921,0.504,0.014,2.365,5.468,0.034,0.012,0.002,0.279
11200,성동구,2025-10-15,86.5,86.5,아주좋음,실외 활동하기 아주 좋은 날씨예요,적합,주의,적합,적합,주의,25.07,15.707,74.8,6.968,2.732,0.043,3.522,9.565,0.033,0.015,0.002,0.307
11200,성동구,2025-10-16,86.8,86.8,아주좋음,실외 활동하기 아주 좋은 날씨예요,적합,주의,적합,적합,주의,24.892,16.527,75.3,7.104,2.314,0.021,3.2,7.552,0.033,0.012,0.002,0.293
11200,성동구,2025-10-17,80.3,80.3,좋음,"실외 활동에 좋은 날씨예요 · 비 소식, 우산 챙기세요",적합,주의,적합,주의,주의,24.521,15.204,74.8,7.736,10.136,0.189,4.955,12.385,0.036,0.016,0.002,0.316
11200,성동구,2025-10-18,78.0,78.0,좋음,"실외 활동에 좋은 날씨예요 · 비 소식, 우산 챙기세요",적합,해로움,적합,주의,적합,17.815,13.885,87.8,7.111,10.864,0.1,7.312,12.452,0.03,0.011,0.002,0.361
11200,성동구,2025-10-19,88.3,88.3,아주좋음,실외 활동하기 아주 좋은 날씨예요,주의,주의,적합,적합,주의,20.211,8.374,71.5,7.663,0.0,0.0,8.884,17.486,0.034,0.01,0.002,0.374
11200,성동구,2025-10-20,88.8,88.8,아주좋음,실외 활동하기 아주 좋은 날씨예요,주의,주의,적합,적합,주의,16.364,4.78,65.9,6.579,0.0,0.0,10.329,23.266,0.03,0.012,0.002,0.321
11200,성동구,2025-10-21,90.0,90.0,아주좋음,실외 활동하기 아주 좋은 날씨예요,주의,주의,적합,적합,주의,14.5,4.874,68.3,4.746,0.0,0.0,11.862,27.669,0.028,0.018,0.003,0.371
11200,성동구,2025-10-22,90.4,90.4,아주좋음,실외 활동하기 아주 좋은 날씨예요,주의,주의,적합,적합,적합,19.361,6.11,72.1,4.707,0.0,0.0,8.563,18.852,0.027,0.02,0.002,0.381
11200,성동구,2025-10-23,91.8,91.8,아주좋음,실외 활동하기 아주 좋은 날씨예요,적합,주의,적합,적합,주의,20.836,11.387,70.3,4.989,0.0,0.0,4.754,11.546,0.032,0.017,0.002,0.333
11200,성동구,2025-10-24,91.4,91.4,아주좋음,실외 활동하기 아주 좋은 날씨예요,적합,주의,적합,적합,주의,20.864,11.114,66.5,5.786,0.0,0.0,4.511,10.941,0.036,0.019,0.002,0.341
11200,성동구,2025-10-25,91.0,91.0,아주좋음,실외 활동하기 아주 좋은 날씨예요,적합,주의,적합,적합,주의,18.768,11.976,66.9,5.921,0.0,0.0,10.244,21.868,0.04,0.018,0.003,0.381
11200,성동구,2025-10-26,86.9,86.9,아주좋음,실외 활동하기 아주 좋은 날씨예요,적합,주의,주의,적합,주의,14.596,10.797,70.1,8.246,0.125,0.014,23.16,38.686,0.038,0.017,0.003,0.502
11200,성동구,2025-10-27,85.2,85.2,아주좋음,실외 활동하기 아주 좋은 날씨예요,주의,적합,주의,적합,주의,11.643,2.363,45.0,9.779,0.0,0.0,10.678,29.245,0.035,0.012,0.003,0.295
11200,성동구,2025-10-28,89.3,89.3,아주좋음,실외 활동하기 아주 좋은 날씨예요,주의,적합,적합,적합,주의,13.793,1.806,52.4,5.554,0.0,0.0,8.787,23.074,0.032,0.023,0.003,0.39
11200,성동구,2025-10-29,90.4,90.4,아주좋음,실외 활동하기 아주 좋은 날씨예요,주의,주의,적합,적합,주의,17.271,5.192,65.0,4.729,0.0,0.0,14.459,28.335,0.033,0.032,0.003,0.498
11200,성동구,2025-10-30,90.3,90.3,아주좋음,실외 활동하기 아주 좋은 날씨예요,주의,주의,적합,적합,주의,17.671,7.052,70.3,3.825,0.0,0.0,21.685,35.846,0.028,0.037,0.003,0.556
11200,성동구,2025-10-31,89.1,89.1,아주좋음,실외 활동하기 아주 좋은 날씨예요,적합,주의,적합,적합,주의,20.279,10.513,69.9,6.018,0.004,0.025,22.956,37.009,0.038,0.028,0.003,0.506
11200,성동구,2025-11-01,84.8,84.8,좋음,실외 활동에 좋은 날씨예요,주의,주의,주의,적합,주의,17.339,8.743,73.0,8.704,2.318,0.0,13.317,22.855,0.041,0.015,0.003,0.402
11200,성동구,2025-11-02,84.6,84.6,좋음,실외 활동에 좋은 날씨예요,주의,적합,주의,적합,주의,11.457,1.527,57.0,9.839,0.061,0.0,8.458,28.979,0.033,0.01,0.002,0.315
11200,성동구,2025-11-03,89.2,89.2,아주좋음,실외 활동하기 아주 좋은 날씨예요,해로움,적합,적합,적합,적합,13.832,-0.08,54.1,5.111,0.0,0.0,11.191,21.949,0.029,0.024,0.003,0.432
11200,성동구,2025-11-04,90.9,90.9,아주좋음,실외 활동하기 아주 좋은 날씨예요,주의,주의,적합,적합,주의,15.786,4.647,60.6,4.775,0.0,0.0,17.194,30.076,0.029,0.034,0.003,0.559
11200,성동구,2025-11-05,91.1,91.1,아주좋음,실외 활동하기 아주 좋은 날씨예요,주의,적합,적합,적합,주의,18.064,5.238,60.0,4.332,0.0,0.0,21.591,37.099,0.032,0.036,0.003,0.593
11200,성동구,2025-11-06,87.2,87.2,아주좋음,실외 활동하기 아주 좋은 날씨예요,주의,주의,적합,적합,주의,18.382,6.485,69.9,4.771,0.0,0.0,32.649,54.588,0.032,0.037,0.003,0.693
11200,성동구,2025-11-07,87.7,87.7,아주좋음,실외 활동하기 아주 좋은 날씨예요,주의,주의,적합,적합,주의,19.821,7.683,66.3,5.604,0.0,0.0,32.552,50.666,0.035,0.033,0.003,0.641
11200,성동구,2025-11-08,90.9,90.9,아주좋음,실외 활동하기 아주 좋은 날씨예요,적합,주의,적합,적합,주의,17.096,11.264,69.4,5.618,0.0,0.0,16.149,26.801,0.033,0.023,0.003,0.461
11200,성동구,2025-11-09,87.0,87.0,아주좋음,실외 활동하기 아주 좋은 날씨예요,적합,주의,주의,적합,주의,17.821,9.377,64.1,9.746,0.0,0.0,19.199,43.065,0.046,0.015,0.003,0.459
11200,성동구,2025-11-10,86.1,86.1,아주좋음,실외 활동하기 아주 좋은 날씨예요,주의,주의,주의,적합,주의,12.189,3.677,37.6,8.618,0.0,0.0,6.434,21.795,0.043,0.013,0.003,0.321
11200,성동구,2025-11-11,90.0,90.0,아주좋음,실외 활동하기 아주 좋은 날씨예요,주의,적합,적합,적합,주의,14.604,2.878,57.6,5.321,0.0,0.0,10.213,27.42,0.027,0.028,0.003,0.465
11200,성동구,2025-11-12,90.0,90.0,아주좋음,실외 활동하기 아주 좋은 날씨예요,주의,주의,적합,적합,주의,16.854,5.089,65.5,4.65,0.0,0.0,18.269,37.778,0.035,0.034,0.003,0.554
11200,성동구,2025-11-13,87.0,87.0,아주좋음,실외 활동하기 아주 좋은 날씨예요,주의,주의,적합,적합,주의,17.3,5.495,65.4,6.629,0.0,0.0,25.76,50.503,0.039,0.032,0.003,0.583
11200,성동구,2025-11-14,88.8,88.8,아주좋음,실외 활동하기 아주 좋은 날씨예요,주의,적합,적합,적합,주의,14.746,3.494,53.8,6.486,0.0,0.0,14.742,33.269,0.033,0.027,0.003,0.49
11200,성동구,2025-11-15,90.5,90.5,아주좋음,실외 활동하기 아주 좋은 날씨예요,주의,적합,적합,적합,주의,16.55,3.003,49.1,3.975,0.0,0.0,20.105,37.568,0.028,0.037,0.003,0.634
11200,성동구,2025-11-16,84.7,84.7,좋음,실외 활동에 좋은 날씨예요,주의,적합,주의,적합,주의,18.35,4.117,58.4,9.414,0.921,0.0,23.428,39.598,0.047,0.026,0.003,0.541
11200,성동구,2025-11-17,80.1,80.1,좋음,실외 활동에 좋은 날씨예요,해로움,주의,주의,적합,주의,9.543,-4.001,37.4,10.118,0.0,0.0,10.079,41.393,0.041,0.01,0.003,0.296
11200,성동구,2025-11-18,84.4,84.4,좋음,실외 활동에 좋은 날씨예요,해로움,적합,적합,적합,주의,6.039,-4.286,47.1,7.893,0.0,0.0,10.844,29.679,0.025,0.014,0.003,0.346
11200,성동구,2025-11-19,87.2,87.2,아주좋음,실외 활동하기 아주 좋은 날씨예요,해로움,적합,적합,적합,주의,7.839,-2.511,50.1,5.475,0.0,0.0,14.621,33.911,0.024,0.025,0.003,0.464
11200,성동구,2025-11-20,83.4,83.4,좋음,실외 활동에 좋은 날씨예요,해로움,적합,주의,적합,주의,13.768,-0.591,58.8,9.4,0.0,0.0,20.809,43.082,0.032,0.029,0.003,0.52
11200,성동구,2025-11-21,85.6,85.6,아주좋음,실외 활동하기 아주 좋은 날씨예요,해로움,적합,주의,적합,주의,11.846,-0.464,58.5,8.139,0.0,0.0,9.469,25.987,0.031,0.026,0.003,0.426
11200,성동구,2025-11-22,87.0,87.0,아주좋음,실외 활동하기 아주 좋은 날씨예요,주의,주의,적합,적합,주의,14.8,4.344,65.3,6.668,0.0,0.0,22.915,41.962,0.037,0.034,0.003,0.595
11200,성동구,2025-11-23,85.1,85.1,아주좋음,실외 활동하기 아주 좋은 날씨예요,주의,주의,적합,적합,주의,14.536,5.956,69.6,7.164,0.0,0.0,29.959,47.007,0.048,0.028,0.003,0.566
11200,성동구,2025-11-24,82.2,82.2,좋음,실외 활동에 좋은 날씨예요 · 미세먼지 주의,주의,주의,적합,적합,해로움,16.646,7.965,72.5,7.471,0.0,0.0,52.913,79.349,0.055,0.03,0.003,0.605
11200,성동구,2025-11-25,70.7,70.7,좋음,실외 활동에 좋은 날씨예요 · 미세먼지 주의,주의,해로움,주의,적합,해로움,9.582,3.787,81.1,9.45,6.243,0.0,61.387,81.902,0.035,0.024,0.003,0.633
11200,성동구,2025-11-26,85.5,85.5,아주좋음,실외 활동하기 아주 좋은 날씨예요,주의,주의,적합,적합,주의,10.182,2.755,66.4,5.136,0.0,0.0,32.754,46.763,0.032,0.027,0.003,0.5
11200,성동구,2025-11-27,71.9,71.9,좋음,"실외 활동에 좋은 날씨예요 · 비 소식, 우산 챙기세요",주의,주의,주의,적합,주의,9.011,0.058,77.4,10.461,9.982,0.0,20.071,34.808,0.028,0.024,0.002,0.447
11200,성동구,2025-11-28,86.5,86.5,아주좋음,실외 활동하기 아주 좋은 날씨예요,해로움,적합,적합,적합,적합,7.032,-2.267,56.4,7.079,0.0,0.0,13.317,24.13,0.027,0.022,0.002,0.417
11200,성동구,2025-11-29,87.3,87.3,아주좋음,실외 활동하기 아주 좋은 날씨예요,해로움,적합,적합,적합,주의,10.657,-1.707,57.1,5.561,0.004,0.0,15.524,29.47,0.014,0.034,0.003,0.552
11200,성동구,2025-11-30,81.8,81.8,좋음,실외 활동에 좋은 날씨예요 · 미세먼지 주의,주의,주의,적합,적합,해로움,15.796,7.598,78.8,7.086,0.0,0.0,28.674,82.262,0.051,0.026,0.003,0.648
11200,성동구,2025-12-01,82.9,82.9,좋음,실외 활동에 좋은 날씨예요,주의,적합,주의,적합,주의,12.068,0.266,50.5,9.321,0.0,0.0,20.296,48.987,0.035,0.016,0.003,0.408
11200,성동구,2025-12-02,79.7,79.7,좋음,"실외 활동에 좋은 날씨예요 · 쌀쌀해요, 옷 챙기세요",해로움,적합,주의,적합,주의,3.496,-9.452,41.1,10.054,0.0,0.0,6.97,19.141,0.032,0.012,0.002,0.326
11200,성동구,2025-12-03,55.0,78.5,주의,"⚠️ 한파, 한랭질환 주의 — 실외 활동에 주의하세요",해로움,적합,주의,적합,적합,-3.05,-12.811,41.4,9.829,0.0,0.0,7.21,19.91,0.03,0.011,0.002,0.337
11200,성동구,2025-12-04,55.0,77.5,주의,"⚠️ 한파, 한랭질환 주의 — 실외 활동에 주의하세요",해로움,적합,주의,적합,적합,2.171,-12.793,49.6,9.736,2.268,0.0,10.507,22.814,0.025,0.021,0.003,0.435
11200,성동구,2025-12-05,81.9,81.9,좋음,"실외 활동에 좋은 날씨예요 · 쌀쌀해요, 옷 챙기세요",해로움,적합,적합,적합,적합,1.918,-8.901,53.6,7.518,0.0,0.0,14.188,26.713,0.024,0.025,0.003,0.514
11200,성동구,2025-12-06,80.0,80.0,좋음,실외 활동에 좋은 날씨예요,해로움,주의,적합,적합,주의,6.675,-4.04,70.9,6.057,0.289,0.0,16.669,27.668,0.011,0.036,0.003,0.637
11200,성동구,2025-12-07,74.4,74.4,좋음,실외 활동에 좋은 날씨예요 · 미세먼지 주의,주의,주의,주의,적합,해로움,12.914,1.144,77.4,8.107,0.0,0.0,51.854,79.841,0.046,0.033,0.003,0.975
11200,성동구,2025-12-08,84.0,84.0,좋음,실외 활동에 좋은 날씨예요,해로움,적합,적합,적합,주의,7.329,-2.265,45.4,7.318,0.0,0.0,16.502,35.405,0.039,0.019,0.003,0.435
11200,성동구,2025-12-09,85.5,85.5,아주좋음,실외 활동하기 아주 좋은 날씨예요,해로움,적합,적합,적합,주의,7.975,-2.823,59.0,5.661,0.0,0.0,11.87,23.4,0.02,0.032,0.003,0.518
11200,성동구,2025-12-10,81.3,81.3,좋음,실외 활동에 좋은 날씨예요,해로움,주의,적합,적합,주의,9.264,-0.063,73.1,4.836,0.0,0.0,23.478,41.49,0.012,0.041,0.003,0.671
11200,성동구,2025-12-11,69.6,69.6,무난,"실외 활동하기 무난해요 — 비 소식, 우산 챙기세요",해로움,주의,주의,주의,주의,8.511,-4.211,68.3,9.554,14.443,0.0,26.185,39.821,0.031,0.027,0.003,0.567
11200,성동구,2025-12-12,85.7,85.7,아주좋음,실외 활동하기 아주 좋은 날씨예요,해로움,적합,적합,적합,적합,6.725,-4.713,56.3,5.104,0.0,0.0,11.915,21.681,0.026,0.024,0.003,0.453
11200,성동구,2025-12-13,74.5,74.5,좋음,"실외 활동에 좋은 날씨예요 · 비 소식, 우산 챙기세요",해로움,해로움,적합,적합,적합,4.763,-2.073,81.5,6.622,6.714,0.0,7.048,11.905,0.021,0.022,0.002,0.419
11200,성동구,2025-12-14,77.9,77.9,좋음,실외 활동에 좋은 날씨예요,해로움,주의,적합,적합,주의,2.964,-3.613,76.5,7.237,0.021,0.0,18.151,25.315,0.032,0.015,0.002,0.507
11200,성동구,2025-12-15,78.8,78.8,좋음,실외 활동에 좋은 날씨예요,해로움,주의,적합,적합,주의,3.929,-4.145,76.4,4.464,0.0,0.0,22.664,31.817,0.02,0.035,0.003,0.622
11200,성동구,2025-12-16,75.3,75.3,좋음,실외 활동에 좋은 날씨예요,주의,해로움,적합,적합,주의,4.689,1.306,88.5,3.929,1.843,0.0,27.91,39.74,0.005,0.035,0.003,0.659
11200,성동구,2025-12-17,78.3,78.3,좋음,실외 활동에 좋은 날씨예요 · 미세먼지 주의,해로움,주의,적합,적합,해로움,7.339,-0.395,72.8,5.493,0.0,0.0,39.334,65.984,0.03,0.025,0.003,0.622
11200,성동구,2025-12-18,85.4,85.4,아주좋음,실외 활동하기 아주 좋은 날씨예요,해로움,주의,적합,적합,주의,7.764,-2.795,60.6,4.282,0.0,0.0,21.223,33.453,0.022,0.034,0.003,0.611
11200,성동구,2025-12-19,82.6,82.6,좋음,실외 활동에 좋은 날씨예요,해로움,주의,적합,적합,주의,9.879,-1.896,66.5,4.775,0.0,0.0,25.221,38.792,0.009,0.039,0.003,0.729
11200,성동구,2025-12-20,77.0,77.0,좋음,실외 활동에 좋은 날씨예요,해로움,주의,주의,적합,주의,10.689,-0.12,74.1,8.621,0.1,0.0,30.532,47.605,0.026,0.03,0.003,0.709
11200,성동구,2025-12-21,81.5,81.5,좋음,"실외 활동에 좋은 날씨예요 · 쌀쌀해요, 옷 챙기세요",해로움,적합,주의,적합,주의,2.182,-6.536,42.0,8.911,0.0,0.0,8.535,26.155,0.027,0.011,0.003,0.343
11200,성동구,2025-12-22,84.5,84.5,좋음,"실외 활동에 좋은 날씨예요 · 쌀쌀해요, 옷 챙기세요",해로움,적합,적합,적합,주의,4.832,-6.911,44.8,4.554,0.0,0.0,13.459,30.93,0.022,0.029,0.003,0.559
11200,성동구,2025-12-23,75.1,75.1,좋음,"실외 활동에 좋은 날씨예요 · 비 소식, 우산 챙기세요",해로움,주의,적합,적합,주의,4.889,-2.182,70.9,7.593,8.064,0.0,11.881,22.214,0.007,0.036,0.003,0.59
11200,성동구,2025-12-24,78.7,78.7,좋음,실외 활동에 좋은 날씨예요,해로움,주의,적합,적합,주의,5.568,-2.39,79.0,5.529,0.0,0.0,19.204,27.091,0.024,0.024,0.002,0.528
11200,성동구,2025-12-25,55.0,76.9,주의,"⚠️ 한파, 한랭질환 주의 — 실외 활동에 주의하세요",위험,적합,주의,적합,주의,0.371,-13.899,54.1,11.407,0.0,0.0,14.773,27.294,0.032,0.012,0.003,0.403
11200,성동구,2025-12-26,55.0,77.7,주의,"⚠️ 한파, 한랭질환 주의 — 실외 활동에 주의하세요",위험,주의,주의,적합,적합,-4.364,-16.113,38.9,8.996,0.0,0.0,7.929,19.196,0.025,0.013,0.003,0.352
11200,성동구,2025-12-27,83.3,83.3,좋음,"실외 활동에 좋은 날씨예요 · 쌀쌀해요, 옷 챙기세요",해로움,적합,적합,적합,주의,0.185,-9.896,52.1,4.452,0.0,0.0,16.163,29.324,0.019,0.03,0.003,0.514
11200,성동구,2025-12-28,77.8,77.8,좋음,실외 활동에 좋은 날씨예요,해로움,주의,적합,적합,주의,6.326,-1.965,76.4,4.944,0.689,0.0,28.711,42.351,0.017,0.027,0.003,0.544
11200,성동구,2025-12-29,74.6,74.6,좋음,실외 활동에 좋은 날씨예요 · 미세먼지 주의,해로움,주의,적합,적합,해로움,9.248,-1.645,74.1,7.415,1.243,0.0,42.341,61.274,0.035,0.03,0.003,0.658
11200,성동구,2025-12-30,83.2,83.2,좋음,실외 활동에 좋은 날씨예요,해로움,적합,적합,적합,주의,3.529,-5.559,45.1,7.343,0.0,0.0,9.002,21.06,0.031,0.018,0.003,0.383
11200,성동구,2025-12-31,55.0,79.2,주의,"⚠️ 한파, 한랭질환 주의 — 실외 활동에 주의하세요",위험,적합,주의,적합,주의,-1.071,-13.301,40.9,8.246,0.0,0.0,8.175,21.363,0.031,0.012,0.003,0.38
11215,광진구,2023-01-01,78.1,78.1,좋음,"실외 활동에 좋은 날씨예요 · 쌀쌀해요, 옷 챙기세요",해로움,적합,주의,적합,해로움,3.879,-6.809,54.5,8.114,0.0,0.0,36.97,52.234,0.032,0.025,0.004,0.675
11215,광진구,2023-01-02,82.3,82.3,좋음,"실외 활동에 좋은 날씨예요 · 쌀쌀해요, 옷 챙기세요",해로움,적합,적합,적합,적합,-0.432,-9.947,45.9,6.182,0.0,0.0,11.671,25.534,0.027,0.022,0.003,0.475
11215,광진구,2023-01-03,81.1,81.1,좋음,"실외 활동에 좋은 날씨예요 · 쌀쌀해요, 옷 챙기세요",해로움,적합,적합,적합,주의,0.489,-11.014,49.0,6.25,0.0,0.0,16.983,30.736,0.021,0.032,0.003,0.597
11215,광진구,2023-01-04,81.6,81.6,좋음,"실외 활동에 좋은 날씨예요 · 쌀쌀해요, 옷 챙기세요",해로움,적합,적합,적합,주의,3.357,-7.16,51.4,6.039,0.0,0.0,23.117,36.247,0.02,0.043,0.004,0.716
11215,광진구,2023-01-05,81.2,81.2,좋음,"실외 활동에 좋은 날씨예요 · 쌀쌀해요, 옷 챙기세요",해로움,적합,적합,적합,해로움,3.314,-6.276,58.1,4.314,0.0,0.0,36.083,50.298,0.009,0.054,0.004,0.946
11215,광진구,2023-01-06,70.8,70.8,좋음,"실외 활동에 좋은 날씨예요 · 쌀쌀해요, 옷 챙기세요",해로움,주의,적합,적합,해로움,5.386,-6.396,71.9,5.882,3.55,0.0,61.521,77.725,0.019,0.049,0.004,0.911
11215,광진구,2023-01-07,55.0,68.6,주의,"⚠️ 미세먼지 매우 나쁨, 마스크 착용 — 실외 활동에 주의하세요",해로움,해로움,적합,적합,위험,4.311,-3.223,80.9,6.671,0.057,0.0,89.602,120.404,0.03,0.031,0.003,0.963
11215,광진구,2023-01-08,75.0,75.0,좋음,실외 활동에 좋은 날씨예요 · 미세먼지 주의,해로움,주의,적합,적합,해로움,5.586,-4.468,69.3,4.154,0.0,0.0,58.944,131.286,0.019,0.038,0.003,0.866
11215,광진구,2023-01-09,79.4,79.4,좋음,실외 활동에 좋은 날씨예요 · 미세먼지 주의,해로움,주의,적합,적합,해로움,7.254,-3.053,60.1,6.768,0.0,0.0,40.406,93.473,0.026,0.033,0.004,0.688
11215,광진구,2023-01-10,82.7,82.7,좋음,실외 활동에 좋은 날씨예요,해로움,적합,적합,적합,주의,8.139,-4.371,59.9,3.921,0.0,0.0,33.452,62.129,0.021,0.046,0.004,0.777
11215,광진구,2023-01-11,80.8,80.8,좋음,실외 활동에 좋은 날씨예요 · 미세먼지 주의,해로움,주의,적합,적합,해로움,8.571,-2.907,61.9,4.15,0.0,0.0,48.582,75.299,0.009,0.062,0.004,1.022
11215,광진구,2023-01-12,82.1,82.1,좋음,실외 활동에 좋은 날씨예요 · 미세먼지 주의,해로움,적합,적합,적합,해로움,12.639,-1.945,46.6,4.4,0.0,0.0,44.727,65.947,0.011,0.057,0.004,0.929
11215,광진구,2023-01-13,60.6,60.6,무난,"실외 활동하기 무난해요 — 비 많음, 우산 필수",주의,위험,적합,주의,주의,9.6,3.291,99.1,6.693,31.868,0.0,13.506,21.878,0.013,0.038,0.004,0.753
11215,광진구,2023-01-14,75.7,75.7,좋음,실외 활동에 좋은 날씨예요,주의,해로움,적합,적합,적합,7.918,2.692,92.9,6.75,2.129,0.0,8.097,12.915,0.02,0.025,0.003,0.62
11215,광진구,2023-01-15,70.7,70.7,좋음,실외 활동에 좋은 날씨예요,해로움,해로움,적합,적합,적합,3.733,-5.376,93.9,6.378,3.168,0.0,10.498,14.572,0.024,0.015,0.002,0.423
11215,광진구,2023-01-16,81.5,81.5,좋음,"실외 활동에 좋은 날씨예요 · 쌀쌀해요, 옷 챙기세요",해로움,주의,적합,적합,적합,-1.169,-9.592,63.1,6.348,0.018,0.0,12.798,22.665,0.025,0.019,0.003,0.426
11215,광진구,2023-01-17,82.0,82.0,좋음,"실외 활동에 좋은 날씨예요 · 쌀쌀해요, 옷 챙기세요",해로움,주의,적합,적합,주의,-0.311,-7.57,65.1,4.379,0.0,0.0,17.754,33.358,0.018,0.035,0.003,0.568
11215,광진구,2023-01-18,81.5,81.5,좋음,"실외 활동에 좋은 날씨예요 · 쌀쌀해요, 옷 챙기세요",해로움,주의,적합,적합,주의,2.546,-6.145,60.5,6.154,0.0,0.0,24.488,54.329,0.025,0.033,0.003,0.616
11215,광진구,2023-01-19,74.6,74.6,좋음,"실외 활동에 좋은 날씨예요 · 쌀쌀해요, 옷 챙기세요",해로움,주의,주의,적합,주의,4.621,-8.042,69.3,8.05,1.143,0.0,25.078,62.989,0.026,0.036,0.003,0.665
11215,광진구,2023-01-20,73.7,73.7,좋음,"실외 활동에 좋은 날씨예요 · 쌀쌀해요, 옷 챙기세요",해로움,적합,주의,적합,해로움,2.757,-11.87,52.4,10.939,0.0,0.0,16.669,65.149,0.028,0.016,0.003,0.402
11215,광진구,2023-01-21,83.0,83.0,좋음,"실외 활동에 좋은 날씨예요 · 쌀쌀해요, 옷 챙기세요",해로움,적합,적합,적합,적합,1.007,-11.507,55.4,4.646,0.0,0.0,10.952,24.885,0.022,0.025,0.003,0.466
11215,광진구,2023-01-22,84.1,84.1,좋음,실외 활동에 좋은 날씨예요,해로움,주의,적합,적합,주의,2.754,-4.588,62.8,5.55,0.018,0.0,12.579,27.652,0.021,0.026,0.003,0.459
11215,광진구,2023-01-23,75.1,75.1,좋음,"실외 활동에 좋은 날씨예요 · 쌀쌀해요, 옷 챙기세요",해로움,주의,주의,적합,주의,4.768,-9.887,66.6,8.889,0.0,0.0,29.523,54.603,0.031,0.025,0.003,0.601
11215,광진구,2023-01-24,55.0,72.2,주의,"⚠️ 한파, 한랭질환 주의 — 실외 활동에 주의하세요",위험,적합,주의,적합,주의,-6.663,-24.201,51.9,11.504,0.0,0.0,9.889,28.064,0.03,0.008,0.002,0.346
11215,광진구,2023-01-25,55.0,78.2,주의,"⚠️ 한파, 한랭질환 주의 — 실외 활동에 주의하세요",위험,적합,적합,적합,적합,-5.978,-20.227,45.1,5.914,0.0,0.0,9.052,22.62,0.027,0.025,0.003,0.449
11215,광진구,2023-01-26,74.3,74.3,좋음,"실외 활동에 좋은 날씨예요 · 쌀쌀해요, 옷 챙기세요",해로움,해로움,적합,적합,주의,-3.368,-11.377,80.1,5.0,0.082,0.0,19.78,30.948,0.009,0.035,0.003,0.546
11215,광진구,2023-01-27,55.0,75.8,주의,"⚠️ 한파, 한랭질환 주의 — 실외 활동에 주의하세요",위험,적합,주의,적합,주의,-3.543,-14.196,56.5,11.175,0.0,0.0,19.453,40.183,0.028,0.019,0.003,0.496
11215,광진구,2023-01-28,55.0,77.7,주의,"⚠️ 한파, 한랭질환 주의 — 실외 활동에 주의하세요",위험,적합,적합,적합,주의,-0.661,-14.605,54.9,7.686,0.0,0.0,12.504,38.421,0.025,0.02,0.003,0.431
11215,광진구,2023-01-29,77.0,77.0,좋음,"실외 활동에 좋은 날씨예요 · 쌀쌀해요, 옷 챙기세요",해로움,적합,주의,적합,주의,4.782,-11.548,58.3,9.604,0.0,0.0,14.876,46.043,0.028,0.024,0.003,0.528
11215,광진구,2023-01-30,81.3,81.3,좋음,"실외 활동에 좋은 날씨예요 · 쌀쌀해요, 옷 챙기세요",해로움,적합,적합,적합,주의,4.186,-6.438,55.9,7.346,0.0,0.0,16.241,43.708,0.028,0.028,0.003,0.533
11215,광진구,2023-01-31,77.9,77.9,좋음,"실외 활동에 좋은 날씨예요 · 쌀쌀해요, 옷 챙기세요",해로움,주의,주의,적합,주의,8.171,-6.176,69.1,8.529,0.0,0.0,16.213,38.51,0.031,0.036,0.003,0.557
11215,광진구,2023-02-01,75.1,75.1,좋음,실외 활동에 좋은 날씨예요,해로움,주의,주의,적합,해로움,5.9,-5.475,68.4,9.432,0.0,0.0,35.435,64.952,0.034,0.024,0.003,0.562
11215,광진구,2023-02-02,81.6,81.6,좋음,"실외 활동에 좋은 날씨예요 · 쌀쌀해요, 옷 챙기세요",해로움,적합,적합,적합,주의,1.339,-7.676,50.3,6.186,0.0,0.0,16.018,43.416,0.026,0.022,0.003,0.445
11215,광진구,2023-02-03,83.2,83.2,좋음,실외 활동에 좋은 날씨예요,해로움,적합,적합,적합,주의,3.482,-5.956,47.4,5.864,0.0,0.0,19.102,40.677,0.024,0.028,0.003,0.515
11215,광진구,2023-02-04,81.2,81.2,좋음,"실외 활동에 좋은 날씨예요 · 쌀쌀해요, 옷 챙기세요",해로움,적합,적합,적합,주의,5.639,-6.543,49.8,6.607,0.0,0.0,25.967,41.372,0.029,0.034,0.003,0.606
11215,광진구,2023-02-05,75.3,75.3,좋음,실외 활동에 좋은 날씨예요 · 미세먼지 주의,해로움,주의,적합,적합,해로움,7.2,-4.395,71.0,6.111,0.0,0.0,49.941,66.644,0.04,0.041,0.003,0.801
11215,광진구,2023-02-06,76.1,76.1,좋음,실외 활동에 좋은 날씨예요 · 미세먼지 주의,해로움,주의,적합,적합,해로움,8.339,-2.562,72.3,4.329,0.0,0.0,59.373,79.51,0.03,0.049,0.003,0.874
11215,광진구,2023-02-07,75.9,75.9,좋음,실외 활동에 좋은 날씨예요 · 미세먼지 주의,해로움,주의,적합,적합,해로움,8.95,-1.749,72.9,4.618,0.0,0.0,60.476,80.347,0.024,0.049,0.003,0.868
11215,광진구,2023-02-08,78.6,78.6,좋음,실외 활동에 좋은 날씨예요 · 미세먼지 주의,해로움,주의,적합,적합,해로움,8.054,-3.434,62.1,6.779,0.0,0.0,48.205,67.561,0.033,0.034,0.003,0.732
11215,광진구,2023-02-09,81.8,81.8,좋음,실외 활동에 좋은 날씨예요,해로움,적합,적합,적합,주의,9.636,-5.195,49.9,7.318,0.0,0.0,23.23,37.578,0.03,0.032,0.003,0.535
11215,광진구,2023-02-10,78.9,78.9,좋음,실외 활동에 좋은 날씨예요,해로움,주의,적합,적합,주의,6.811,-0.579,79.6,6.282,0.396,0.0,16.82,22.843,0.031,0.025,0.003,0.434
11215,광진구,2023-02-11,78.6,78.6,좋음,실외 활동에 좋은 날씨예요,해로움,주의,적합,적합,해로움,8.254,-2.21,73.0,4.261,0.0,0.0,35.286,45.659,0.02,0.041,0.003,0.692
11215,광진구,2023-02-12,76.3,76.3,좋음,실외 활동에 좋은 날씨예요 · 미세먼지 주의,해로움,주의,적합,적합,해로움,7.796,-2.152,70.0,5.711,0.0,0.0,56.733,69.831,0.028,0.036,0.003,0.793
11215,광진구,2023-02-13,83.9,83.9,좋음,실외 활동에 좋은 날씨예요,주의,주의,적합,적합,주의,8.654,0.895,66.5,5.811,0.0,0.0,23.172,34.228,0.03,0.028,0.003,0.591
11215,광진구,2023-02-14,82.6,82.6,좋음,실외 활동에 좋은 날씨예요,해로움,적합,적합,적합,주의,6.354,-4.473,54.9,6.532,0.0,0.0,23.948,38.808,0.03,0.022,0.003,0.512
11215,광진구,2023-02-15,85.0,85.0,아주좋음,실외 활동하기 아주 좋은 날씨예요,해로움,적합,적합,적합,주의,8.143,-2.948,46.4,6.525,0.0,0.0,9.967,18.532,0.031,0.024,0.003,0.387
11215,광진구,2023-02-16,80.7,80.7,좋음,실외 활동에 좋은 날씨예요,해로움,주의,적합,적합,주의,5.243,-2.941,68.3,7.504,0.0,0.0,18.715,28.658,0.032,0.028,0.003,0.433
11215,광진구,2023-02-17,80.7,80.7,좋음,실외 활동에 좋은 날씨예요,해로움,주의,적합,적합,주의,9.489,-2.191,67.8,4.446,0.0,0.0,32.621,46.823,0.025,0.044,0.003,0.613
11215,광진구,2023-02-18,83.5,83.5,좋음,실외 활동에 좋은 날씨예요 · 미세먼지 주의,주의,적합,적합,적합,해로움,8.143,2.352,58.3,3.321,0.0,0.0,63.853,84.016,0.011,0.054,0.003,0.864
11215,광진구,2023-02-19,79.2,79.2,좋음,실외 활동에 좋은 날씨예요,해로움,적합,주의,적합,주의,6.607,-2.629,56.1,9.868,0.246,0.0,33.166,47.975,0.039,0.02,0.003,0.474
11215,광진구,2023-02-20,78.8,78.8,좋음,"실외 활동에 좋은 날씨예요 · 쌀쌀해요, 옷 챙기세요",해로움,적합,주의,적합,주의,2.982,-6.787,46.4,10.464,0.0,0.0,9.426,38.882,0.034,0.018,0.003,0.355
11215,광진구,2023-02-21,83.1,83.1,좋음,"실외 활동에 좋은 날씨예요 · 쌀쌀해요, 옷 챙기세요",해로움,적합,적합,적합,주의,4.382,-7.42,42.4,5.929,0.0,0.0,15.581,32.036,0.031,0.025,0.003,0.412
11215,광진구,2023-02-22,81.6,81.6,좋음,실외 활동에 좋은 날씨예요,해로움,적합,적합,적합,주의,7.768,-5.904,50.6,6.289,0.0,0.0,26.501,43.361,0.028,0.041,0.004,0.568
11215,광진구,2023-02-23,81.4,81.4,좋음,실외 활동에 좋은 날씨예요,해로움,주의,적합,적합,주의,9.1,-3.03,65.5,6.275,0.0,0.0,24.513,41.69,0.034,0.031,0.003,0.496
11215,광진구,2023-02-24,80.5,80.5,좋음,실외 활동에 좋은 날씨예요,해로움,적합,주의,적합,주의,8.743,-2.738,57.9,9.136,0.0,0.0,29.521,51.425,0.038,0.025,0.003,0.486
11215,광진구,2023-02-25,82.3,82.3,좋음,실외 활동에 좋은 날씨예요,해로움,적합,적합,적합,주의,5.757,-5.448,44.0,7.579,0.0,0.0,18.375,38.14,0.036,0.017,0.003,0.419
11215,광진구,2023-02-26,83.7,83.7,좋음,실외 활동에 좋은 날씨예요,해로움,적합,적합,적합,주의,8.818,-4.736,46.6,5.768,0.0,0.0,21.115,36.974,0.038,0.024,0.003,0.504
11215,광진구,2023-02-27,82.2,82.2,좋음,실외 활동에 좋은 날씨예요,해로움,적합,적합,적합,주의,11.968,-2.828,47.4,6.154,0.0,0.0,31.071,49.052,0.03,0.046,0.004,0.657
11215,광진구,2023-02-28,81.7,81.7,좋음,실외 활동에 좋은 날씨예요,해로움,주의,적합,적합,주의,8.771,-2.298,63.4,7.1,0.0,0.0,24.758,37.591,0.035,0.04,0.003,0.602
11215,광진구,2023-03-01,84.4,84.4,좋음,실외 활동에 좋은 날씨예요,주의,적합,주의,적합,주의,9.414,0.968,54.4,10.482,0.0,0.0,18.272,35.579,0.042,0.021,0.003,0.396
11215,광진구,2023-03-02,79.5,79.5,좋음,실외 활동에 좋은 날씨예요,해로움,주의,주의,적합,주의,6.625,-3.829,37.8,8.993,0.0,0.0,10.994,52.585,0.037,0.018,0.003,0.353
11215,광진구,2023-03-03,81.5,81.5,좋음,실외 활동에 좋은 날씨예요,해로움,주의,적합,적합,주의,10.225,-3.334,65.0,7.586,0.0,0.0,16.698,40.52,0.035,0.03,0.003,0.471
11215,광진구,2023-03-04,83.5,83.5,좋음,실외 활동에 좋은 날씨예요 · 미세먼지 주의,주의,주의,적합,적합,해로움,13.796,2.423,68.4,5.286,0.0,0.0,41.031,69.724,0.039,0.035,0.003,0.602
11215,광진구,2023-03-05,84.2,84.2,좋음,실외 활동에 좋은 날씨예요 · 미세먼지 주의,주의,적합,적합,적합,해로움,15.243,1.247,54.0,5.986,0.0,0.0,48.529,73.034,0.054,0.037,0.003,0.671
11215,광진구,2023-03-06,84.4,84.4,좋음,실외 활동에 좋은 날씨예요,주의,적합,적합,적합,주의,16.061,0.737,41.9,7.039,0.0,0.0,32.719,56.192,0.052,0.046,0.004,0.628
11215,광진구,2023-03-07,88.5,88.5,아주좋음,실외 활동하기 아주 좋은 날씨예요,주의,주의,적합,적합,주의,18.832,5.298,60.9,6.521,0.0,0.0,32.954,63.513,0.049,0.04,0.004,0.602
11215,광진구,2023-03-08,87.2,87.2,아주좋음,실외 활동하기 아주 좋은 날씨예요,주의,주의,적합,적합,주의,18.136,6.72,66.3,7.371,0.829,0.0,30.516,64.127,0.049,0.038,0.004,0.599
11215,광진구,2023-03-09,77.1,77.1,좋음,실외 활동에 좋은 날씨예요 · 미세먼지 주의,주의,해로움,적합,적합,해로움,13.511,5.946,85.9,7.257,3.579,0.0,42.593,64.168,0.039,0.035,0.003,0.6
11215,광진구,2023-03-10,85.6,85.6,아주좋음,실외 활동하기 아주 좋은 날씨예요 · 미세먼지 주의,주의,주의,적합,적합,해로움,22.264,4.189,62.1,6.121,0.0,0.0,54.161,94.804,0.046,0.041,0.004,0.756
11215,광진구,2023-03-11,89.0,89.0,아주좋음,실외 활동하기 아주 좋은 날씨예요 · 미세먼지 주의,적합,적합,주의,적합,해로움,23.046,9.105,52.0,8.118,0.0,0.0,51.863,99.708,0.066,0.038,0.004,0.726
11215,광진구,2023-03-12,74.1,74.1,좋음,"실외 활동에 좋은 날씨예요 · 비 소식, 우산 챙기세요",해로움,주의,주의,적합,주의,12.296,-2.193,68.0,12.025,5.254,0.0,24.366,54.633,0.061,0.014,0.003,0.48
11215,광진구,2023-03-13,80.7,80.7,좋음,실외 활동에 좋은 날씨예요,해로움,주의,주의,적합,주의,7.386,-4.306,38.9,9.671,0.0,0.0,8.14,34.256,0.037,0.017,0.003,0.338
11215,광진구,2023-03-14,83.9,83.9,좋음,실외 활동에 좋은 날씨예요,주의,적합,주의,적합,주의,15.471,0.872,45.9,9.711,0.0,0.0,10.068,41.644,0.043,0.023,0.003,0.399
11215,광진구,2023-03-15,81.8,81.8,좋음,실외 활동에 좋은 날씨예요,주의,주의,주의,적합,주의,15.189,1.604,66.6,10.007,0.0,0.0,12.574,48.416,0.036,0.026,0.003,0.467
11215,광진구,2023-03-16,80.5,80.5,좋음,실외 활동에 좋은 날씨예요,해로움,주의,적합,적합,해로움,9.5,-1.355,36.8,7.818,0.0,0.0,10.74,59.482,0.036,0.018,0.003,0.381
11215,광진구,2023-03-17,84.0,84.0,좋음,실외 활동에 좋은 날씨예요,해로움,주의,적합,적합,주의,12.732,-0.377,34.3,4.982,0.0,0.0,15.297,43.153,0.03,0.026,0.003,0.464
11215,광진구,2023-03-18,84.7,84.7,좋음,실외 활동에 좋은 날씨예요,주의,적합,적합,적합,주의,14.268,1.289,46.4,7.982,0.0,0.0,28.828,60.909,0.045,0.023,0.003,0.562
11215,광진구,2023-03-19,82.4,82.4,좋음,실외 활동에 좋은 날씨예요 · 미세먼지 주의,주의,적합,적합,적합,해로움,15.029,0.663,59.6,6.55,0.0,0.0,60.276,94.575,0.057,0.028,0.003,0.749
11215,광진구,2023-03-20,83.5,83.5,좋음,실외 활동에 좋은 날씨예요 · 미세먼지 주의,주의,적합,적합,적합,해로움,16.664,1.495,50.4,6.039,0.0,0.0,60.179,86.071,0.044,0.045,0.003,0.786
11215,광진구,2023-03-21,86.6,86.6,아주좋음,실외 활동하기 아주 좋은 날씨예요 · 미세먼지 주의,주의,주의,적합,적합,해로움,21.436,4.114,35.1,4.754,0.0,0.0,37.539,65.016,0.053,0.051,0.004,0.707
11215,광진구,2023-03-22,91.0,91.0,아주좋음,실외 활동하기 아주 좋은 날씨예요 · 미세먼지 주의,주의,적합,적합,적합,해로움,24.757,7.806,44.8,5.818,0.0,0.0,36.877,68.721,0.055,0.046,0.004,0.732
11215,광진구,2023-03-23,87.7,87.7,아주좋음,실외 활동하기 아주 좋은 날씨예요 · 미세먼지 주의,적합,적합,적합,적합,위험,23.643,12.043,48.9,7.836,0.0,0.0,29.111,113.105,0.047,0.023,0.003,0.528
11215,광진구,2023-03-24,84.6,84.6,좋음,실외 활동에 좋은 날씨예요 · 미세먼지 주의,주의,주의,적합,적합,위험,18.007,6.758,36.8,5.743,0.0,0.0,25.799,138.101,0.034,0.024,0.003,0.475
11215,광진구,2023-03-25,87.0,87.0,아주좋음,실외 활동하기 아주 좋은 날씨예요 · 미세먼지 주의,주의,적합,적합,적합,해로움,18.257,6.704,59.9,6.511,0.0,0.0,26.458,100.257,0.043,0.021,0.003,0.459
11215,광진구,2023-03-26,81.6,81.6,좋음,실외 활동에 좋은 날씨예요,주의,주의,주의,적합,주의,14.521,2.272,34.0,9.636,0.0,0.0,15.373,59.064,0.046,0.012,0.003,0.37
11215,광진구,2023-03-27,84.4,84.4,좋음,실외 활동에 좋은 날씨예요,주의,적합,주의,적합,주의,14.039,0.096,44.8,8.293,0.0,0.0,20.27,47.9,0.05,0.023,0.003,0.434
11215,광진구,2023-03-28,85.9,85.9,아주좋음,실외 활동하기 아주 좋은 날씨예요,주의,적합,적합,적합,주의,15.521,1.96,53.3,6.586,0.0,0.0,28.636,66.71,0.052,0.033,0.003,0.505
11215,광진구,2023-03-29,86.7,86.7,아주좋음,실외 활동하기 아주 좋은 날씨예요 · 미세먼지 주의,주의,적합,적합,적합,해로움,19.804,3.92,50.3,6.764,0.0,0.0,38.374,80.649,0.052,0.038,0.004,0.585
11215,광진구,2023-03-30,87.8,87.8,아주좋음,실외 활동하기 아주 좋은 날씨예요 · 미세먼지 주의,주의,적합,적합,적합,해로움,21.271,5.225,42.5,6.9,0.0,0.0,39.399,80.54,0.064,0.04,0.004,0.622
11215,광진구,2023-03-31,88.8,88.8,아주좋음,실외 활동하기 아주 좋은 날씨예요 · 미세먼지 주의,주의,적합,적합,적합,해로움,23.554,6.613,42.5,6.129,0.0,0.0,47.766,99.122,0.069,0.042,0.004,0.628
11215,광진구,2023-04-01,90.0,90.0,아주좋음,실외 활동하기 아주 좋은 날씨예요 · 미세먼지 주의,주의,적합,적합,적합,해로움,25.407,8.528,40.4,6.425,0.0,0.0,49.21,89.14,0.08,0.041,0.004,0.647
11215,광진구,2023-04-02,87.7,87.7,아주좋음,실외 활동하기 아주 좋은 날씨예요,적합,주의,적합,적합,주의,24.707,11.729,29.6,7.604,0.0,0.0,30.048,47.454,0.062,0.024,0.003,0.468
11215,광진구,2023-04-03,87.2,87.2,아주좋음,실외 활동하기 아주 좋은 날씨예요,적합,주의,적합,적합,주의,25.529,10.698,29.4,7.504,0.0,0.0,31.725,49.147,0.065,0.029,0.003,0.462
11215,광진구,2023-04-04,86.8,86.8,아주좋음,"실외 활동하기 아주 좋은 날씨예요 · 비 소식, 우산 챙기세요",적합,적합,주의,적합,주의,21.689,12.143,40.4,9.525,7.211,0.111,20.443,37.224,0.05,0.022,0.003,0.391
11215,광진구,2023-04-05,60.0,60.0,무난,"실외 활동하기 무난해요 — 비 많음, 우산 필수",주의,위험,주의,주의,주의,14.986,7.302,97.8,8.843,45.207,0.321,11.866,18.096,0.043,0.017,0.002,0.437
11215,광진구,2023-04-06,74.9,74.9,좋음,실외 활동에 좋은 날씨예요 · 미세먼지 주의,주의,해로움,적합,적합,해로움,10.136,6.194,94.6,6.329,2.489,0.054,52.58,62.249,0.043,0.021,0.002,0.696
11215,광진구,2023-04-07,81.6,81.6,좋음,실외 활동에 좋은 날씨예요 · 미세먼지 주의,주의,주의,주의,적합,해로움,15.764,2.581,65.0,10.454,0.0,0.0,41.766,73.442,0.046,0.021,0.003,0.503
11215,광진구,2023-04-08,83.7,83.7,좋음,실외 활동에 좋은 날씨예요,주의,적합,주의,적합,주의,15.104,0.915,51.1,10.143,0.0,0.0,7.601,39.671,0.043,0.017,0.003,0.341
11215,광진구,2023-04-09,84.3,84.3,좋음,실외 활동에 좋은 날씨예요,주의,적합,주의,적합,주의,18.082,2.222,56.8,8.889,0.0,0.0,15.734,59.392,0.057,0.019,0.003,0.445
11215,광진구,2023-04-10,87.4,87.4,아주좋음,실외 활동하기 아주 좋은 날씨예요,주의,적합,주의,적합,주의,19.411,4.888,50.8,9.782,0.0,0.0,17.79,46.164,0.059,0.025,0.003,0.443
11215,광진구,2023-04-11,81.1,81.1,좋음,실외 활동에 좋은 날씨예요,적합,주의,주의,적합,해로움,17.707,9.244,73.4,13.264,1.729,0.093,19.215,68.374,0.051,0.019,0.003,0.359
11215,광진구,2023-04-12,55.0,78.6,주의,"⚠️ 미세먼지 매우 나쁨, 마스크 착용 — 실외 활동에 주의하세요",주의,적합,주의,적합,위험,15.786,3.169,45.1,9.825,0.0,0.0,29.49,263.464,0.04,0.023,0.003,0.362
11215,광진구,2023-04-13,55.0,82.8,주의,"⚠️ 미세먼지 매우 나쁨, 마스크 착용 — 실외 활동에 주의하세요",주의,적합,적합,적합,위험,17.907,4.923,45.0,5.711,0.0,0.0,26.712,189.158,0.035,0.034,0.003,0.481
11215,광진구,2023-04-14,89.1,89.1,아주좋음,실외 활동하기 아주 좋은 날씨예요 · 미세먼지 주의,적합,적합,적합,적합,해로움,21.936,11.043,58.6,6.707,0.0,0.0,19.777,92.58,0.052,0.032,0.003,0.49
11215,광진구,2023-04-15,82.3,82.3,좋음,실외 활동에 좋은 날씨예요,주의,해로움,적합,적합,주의,17.004,8.379,81.8,6.707,2.896,0.129,20.507,59.384,0.041,0.023,0.003,0.463
11215,광진구,2023-04-16,80.9,80.9,좋음,실외 활동에 좋은 날씨예요 · 미세먼지 주의,주의,주의,주의,적합,위험,16.496,6.161,71.4,9.539,0.036,0.0,30.234,106.532,0.047,0.015,0.002,0.434
11215,광진구,2023-04-17,86.7,86.7,아주좋음,실외 활동하기 아주 좋은 날씨예요 · 미세먼지 주의,주의,적합,적합,적합,해로움,18.679,5.757,59.0,6.004,0.0,0.0,28.409,100.273,0.052,0.025,0.003,0.459
11215,광진구,2023-04-18,86.6,86.6,아주좋음,실외 활동하기 아주 좋은 날씨예요,적합,주의,적합,적합,주의,18.332,9.875,78.6,6.461,1.5,0.021,17.283,43.33,0.043,0.022,0.002,0.483
11215,광진구,2023-04-19,86.1,86.1,아주좋음,실외 활동하기 아주 좋은 날씨예요,주의,주의,적합,적합,주의,28.703,11.105,66.1,6.95,0.0,0.0,17.65,36.698,0.06,0.023,0.003,0.485
11215,광진구,2023-04-20,83.0,83.0,좋음,실외 활동에 좋은 날씨예요,적합,해로움,적합,적합,주의,18.65,14.068,92.1,6.825,0.161,0.018,12.865,24.241,0.05,0.019,0.002,0.422
11215,광진구,2023-04-21,91.6,91.6,아주좋음,실외 활동하기 아주 좋은 날씨예요,적합,적합,적합,적합,주의,23.093,11.377,50.4,7.489,0.0,0.0,14.267,55.817,0.047,0.015,0.003,0.371
11215,광진구,2023-04-22,84.9,84.9,좋음,실외 활동에 좋은 날씨예요,적합,주의,적합,적합,주의,22.214,12.475,22.9,7.4,0.0,0.0,11.99,54.172,0.046,0.015,0.003,0.31
11215,광진구,2023-04-23,89.7,89.7,아주좋음,실외 활동하기 아주 좋은 날씨예요,적합,주의,적합,적합,주의,22.236,10.27,34.1,6.911,0.0,0.0,14.684,53.049,0.052,0.017,0.003,0.365
11215,광진구,2023-04-24,91.7,91.7,아주좋음,실외 활동하기 아주 좋은 날씨예요,적합,적합,적합,적합,주의,20.861,10.805,40.5,7.764,0.0,0.0,15.352,50.941,0.051,0.018,0.003,0.35
11215,광진구,2023-04-25,90.3,90.3,아주좋음,실외 활동하기 아주 좋은 날씨예요,주의,주의,적합,적합,주의,13.343,8.311,68.6,6.375,0.425,0.014,15.005,33.241,0.042,0.023,0.003,0.387
11215,광진구,2023-04-26,86.7,86.7,아주좋음,실외 활동하기 아주 좋은 날씨예요,주의,주의,주의,적합,주의,13.521,5.399,69.9,8.336,0.0,0.0,13.169,27.965,0.04,0.016,0.002,0.362
11215,광진구,2023-04-27,89.1,89.1,아주좋음,실외 활동하기 아주 좋은 날씨예요,주의,주의,적합,적합,주의,20.593,4.526,61.6,6.014,0.0,0.0,21.076,38.118,0.057,0.029,0.003,0.49
11215,광진구,2023-04-28,89.3,89.3,아주좋음,실외 활동하기 아주 좋은 날씨예요,주의,주의,적합,적합,주의,21.804,7.761,62.0,7.793,1.8,0.061,16.545,35.942,0.055,0.029,0.003,0.49
11215,광진구,2023-04-29,71.0,71.0,좋음,"실외 활동에 좋은 날씨예요 · 비 소식, 우산 챙기세요",적합,해로움,주의,주의,주의,15.618,9.751,88.1,9.557,24.361,0.175,12.242,26.967,0.043,0.015,0.002,0.404
11215,광진구,2023-04-30,85.2,85.2,아주좋음,실외 활동하기 아주 좋은 날씨예요,주의,주의,주의,적합,주의,18.539,6.526,72.9,8.868,0.468,0.004,13.088,38.878,0.058,0.012,0.003,0.361
11215,광진구,2023-05-01,91.4,91.4,아주좋음,실외 활동하기 아주 좋은 날씨예요,주의,적합,주의,적합,주의,20.9,8.682,57.0,8.711,0.0,0.0,16.577,42.85,0.052,0.016,0.003,0.373
11215,광진구,2023-05-02,92.8,92.8,아주좋음,실외 활동하기 아주 좋은 날씨예요,주의,적합,적합,적합,주의,24.246,8.531,40.5,6.118,0.0,0.0,12.65,32.441,0.054,0.03,0.003,0.427
11215,광진구,2023-05-03,92.0,92.0,아주좋음,실외 활동하기 아주 좋은 날씨예요,주의,적합,적합,적합,주의,26.286,11.832,52.5,7.186,0.0,0.0,17.134,40.783,0.061,0.028,0.003,0.44
11215,광진구,2023-05-04,91.1,91.1,아주좋음,실외 활동하기 아주 좋은 날씨예요,주의,주의,적합,적합,주의,26.018,15.121,65.5,6.525,0.0,0.0,21.725,43.192,0.055,0.021,0.003,0.387
11215,광진구,2023-05-05,69.1,69.1,무난,"실외 활동하기 무난해요 — 비 소식, 우산 챙기세요",적합,위험,주의,주의,주의,21.396,15.343,95.3,8.596,25.382,0.332,4.677,11.406,0.042,0.013,0.002,0.352
11215,광진구,2023-05-06,63.4,63.4,무난,"실외 활동하기 무난해요 — 비 많음, 우산 필수",적합,해로움,주의,주의,주의,15.486,11.171,85.6,11.65,46.571,0.332,8.061,14.072,0.043,0.009,0.002,0.322
11215,광진구,2023-05-07,92.8,92.8,아주좋음,실외 활동하기 아주 좋은 날씨예요,적합,적합,적합,적합,주의,18.404,10.22,47.1,6.971,0.071,0.0,24.061,32.195,0.044,0.014,0.002,0.351
11215,광진구,2023-05-08,91.2,91.2,아주좋음,실외 활동하기 아주 좋은 날씨예요,주의,적합,적합,적합,주의,22.5,6.968,55.3,7.039,0.0,0.0,22.568,36.203,0.052,0.028,0.003,0.431
11215,광진구,2023-05-09,91.2,91.2,아주좋음,실외 활동하기 아주 좋은 날씨예요,주의,적합,적합,적합,주의,24.336,8.957,55.4,7.439,0.0,0.0,28.58,51.014,0.075,0.032,0.003,0.497
11215,광진구,2023-05-10,91.9,91.9,아주좋음,실외 활동하기 아주 좋은 날씨예요,주의,적합,적합,적합,주의,26.311,10.109,53.3,5.518,0.0,0.0,31.565,55.53,0.068,0.032,0.004,0.502
11215,광진구,2023-05-11,90.1,90.1,아주좋음,실외 활동하기 아주 좋은 날씨예요,주의,적합,적합,적합,주의,26.993,12.117,50.1,6.818,0.0,0.0,25.901,50.299,0.082,0.03,0.004,0.498
11215,광진구,2023-05-12,93.1,93.1,아주좋음,실외 활동하기 아주 좋은 날씨예요,적합,적합,적합,적합,주의,24.939,12.554,50.9,5.496,0.0,0.0,30.584,53.02,0.061,0.034,0.005,0.515
11215,광진구,2023-05-13,91.9,91.9,아주좋음,실외 활동하기 아주 좋은 날씨예요,적합,주의,적합,적합,주의,24.093,11.677,62.0,7.039,0.0,0.0,24.288,40.594,0.065,0.019,0.003,0.41
11215,광진구,2023-05-14,92.7,92.7,아주좋음,실외 활동하기 아주 좋은 날씨예요,적합,적합,적합,적합,주의,23.904,12.205,56.5,7.211,0.0,0.0,13.112,23.64,0.064,0.016,0.003,0.359
11215,광진구,2023-05-15,88.2,88.2,아주좋음,실외 활동하기 아주 좋은 날씨예요,주의,적합,적합,적합,주의,28.177,12.479,54.6,6.754,0.0,0.0,20.632,37.421,0.08,0.025,0.003,0.433
11215,광진구,2023-05-16,78.2,78.2,좋음,실외 활동에 좋은 날씨예요,주의,주의,적합,적합,해로움,31.577,16.571,51.9,7.575,0.0,0.0,31.293,57.416,0.096,0.025,0.003,0.513
11215,광진구,2023-05-17,82.3,82.3,좋음,실외 활동에 좋은 날씨예요,주의,주의,주의,적합,주의,29.156,17.439,63.6,10.418,0.0,0.0,14.575,35.878,0.063,0.016,0.003,0.395
11215,광진구,2023-05-18,86.7,86.7,아주좋음,실외 활동하기 아주 좋은 날씨예요,주의,주의,적합,적합,주의,26.638,18.293,74.8,7.754,0.814,0.046,18.218,35.014,0.039,0.017,0.003,0.377
11215,광진구,2023-05-19,89.5,89.5,아주좋음,실외 활동하기 아주 좋은 날씨예요,주의,주의,적합,적합,주의,27.597,16.611,61.4,6.929,0.0,0.0,12.311,23.072,0.051,0.016,0.002,0.349
11215,광진구,2023-05-20,88.0,88.0,아주좋음,실외 활동하기 아주 좋은 날씨예요,주의,주의,주의,적합,주의,26.743,16.021,66.9,9.121,0.0,0.0,14.172,24.69,0.061,0.015,0.003,0.37
11215,광진구,2023-05-21,85.5,85.5,아주좋음,실외 활동하기 아주 좋은 날씨예요,적합,주의,적합,적합,해로움,22.004,15.025,74.0,7.7,0.079,0.007,22.193,78.475,0.05,0.01,0.003,0.356
11215,광진구,2023-05-22,87.0,87.0,아주좋음,실외 활동하기 아주 좋은 날씨예요 · 미세먼지 주의,주의,주의,적합,적합,위험,26.046,15.368,61.3,6.089,0.536,0.0,30.188,127.451,0.049,0.02,0.003,0.414
11215,광진구,2023-05-23,90.0,90.0,아주좋음,실외 활동하기 아주 좋은 날씨예요,주의,적합,적합,적합,해로움,26.871,13.711,48.0,6.636,0.0,0.0,16.103,62.411,0.05,0.021,0.003,0.353
11215,광진구,2023-05-24,93.3,93.3,아주좋음,실외 활동하기 아주 좋은 날씨예요,적합,적합,적합,적합,주의,25.864,14.393,49.8,5.696,0.0,0.0,17.088,39.854,0.063,0.029,0.004,0.448
11215,광진구,2023-05-25,89.6,89.6,아주좋음,실외 활동하기 아주 좋은 날씨예요,주의,적합,주의,적합,주의,27.467,14.932,46.6,8.046,0.0,0.0,13.573,34.126,0.062,0.02,0.003,0.36
11215,광진구,2023-05-26,89.9,89.9,아주좋음,실외 활동하기 아주 좋은 날씨예요,주의,적합,적합,적합,주의,27.209,15.321,57.4,7.286,0.304,0.018,13.725,33.25,0.07,0.02,0.003,0.37
11215,광진구,2023-05-27,72.6,72.6,좋음,"실외 활동에 좋은 날씨예요 · 비 소식, 우산 챙기세요",적합,해로움,적합,주의,주의,20.9,17.675,87.4,4.486,29.975,0.207,15.328,28.771,0.044,0.022,0.003,0.457
11215,광진구,2023-05-28,64.7,64.7,무난,"실외 활동하기 무난해요 — 비 많음, 우산 필수",적합,위험,적합,주의,적합,20.314,17.986,98.9,7.121,41.993,0.175,5.146,9.925,0.021,0.013,0.002,0.35
11215,광진구,2023-05-29,80.1,80.1,좋음,실외 활동에 좋은 날씨예요,주의,해로움,적합,적합,주의,28.994,18.75,83.4,4.504,3.779,0.05,7.142,14.915,0.036,0.017,0.002,0.41
11215,광진구,2023-05-30,84.4,84.4,좋음,실외 활동에 좋은 날씨예요,주의,주의,적합,적합,주의,28.916,19.7,69.5,6.967,0.0,0.0,19.408,36.854,0.041,0.019,0.003,0.442
11215,광진구,2023-05-31,87.5,87.5,아주좋음,실외 활동하기 아주 좋은 날씨예요,주의,주의,적합,적합,주의,28.291,18.504,60.8,6.429,0.0,0.0,13.352,28.356,0.062,0.018,0.003,0.371
11215,광진구,2023-06-01,93.3,93.3,아주좋음,실외 활동하기 아주 좋은 날씨예요,주의,주의,적합,적합,주의,26.561,19.261,66.9,4.861,0.0,0.0,21.911,39.202,0.063,0.023,0.003,0.455
11215,광진구,2023-06-02,90.2,90.2,아주좋음,실외 활동하기 아주 좋은 날씨예요,적합,주의,적합,적합,주의,25.486,17.518,77.4,6.304,0.0,0.0,17.101,32.024,0.054,0.018,0.003,0.394
11215,광진구,2023-06-03,87.3,87.3,아주좋음,실외 활동하기 아주 좋은 날씨예요,주의,주의,주의,적합,주의,28.242,16.314,60.1,9.293,0.0,0.0,13.911,34.264,0.064,0.017,0.003,0.381
11215,광진구,2023-06-04,88.5,88.5,아주좋음,실외 활동하기 아주 좋은 날씨예요,주의,주의,적합,적합,주의,28.324,15.754,61.0,7.4,0.0,0.0,17.957,36.738,0.076,0.013,0.003,0.403
11215,광진구,2023-06-05,89.1,89.1,아주좋음,실외 활동하기 아주 좋은 날씨예요,주의,주의,주의,적합,주의,26.289,16.875,66.9,9.354,0.0,0.0,14.67,30.482,0.061,0.017,0.003,0.365
11215,광진구,2023-06-06,89.6,89.6,아주좋음,실외 활동하기 아주 좋은 날씨예요,적합,주의,적합,적합,주의,25.704,16.529,72.9,7.789,0.036,0.0,10.33,20.91,0.062,0.012,0.003,0.31
11215,광진구,2023-06-07,91.7,91.7,아주좋음,실외 활동하기 아주 좋은 날씨예요,적합,주의,적합,적합,주의,25.375,18.418,75.3,5.486,0.0,0.0,19.33,34.953,0.057,0.018,0.003,0.416
11215,광진구,2023-06-08,84.3,84.3,좋음,"실외 활동에 좋은 날씨예요 · 비 소식, 우산 챙기세요",적합,해로움,적합,적합,주의,24.414,17.571,80.5,7.729,8.193,0.054,11.0,21.054,0.046,0.017,0.003,0.405
11215,광진구,2023-06-09,85.7,85.7,아주좋음,실외 활동하기 아주 좋은 날씨예요,주의,주의,적합,적합,주의,28.703,17.529,64.0,6.125,2.846,0.021,13.89,26.255,0.072,0.022,0.003,0.431
11215,광진구,2023-06-10,81.4,81.4,좋음,실외 활동에 좋은 날씨예요,주의,주의,주의,적합,주의,28.824,18.65,70.0,9.686,2.529,0.061,20.256,34.378,0.081,0.019,0.003,0.456
11215,광진구,2023-06-11,78.1,78.1,좋음,"실외 활동에 좋은 날씨예요 · 비 소식, 우산 챙기세요",주의,주의,적합,주의,주의,27.668,17.65,76.1,5.682,17.025,0.575,13.277,21.991,0.063,0.012,0.002,0.394
11215,광진구,2023-06-12,88.4,88.4,아주좋음,실외 활동하기 아주 좋은 날씨예요,주의,주의,적합,적합,주의,27.921,17.621,70.5,6.421,0.018,0.0,18.014,30.91,0.064,0.023,0.003,0.458
11215,광진구,2023-06-13,89.2,89.2,아주좋음,실외 활동하기 아주 좋은 날씨예요,주의,주의,적합,적합,주의,26.825,18.454,70.0,7.436,0.0,0.0,15.127,27.45,0.066,0.019,0.003,0.404
11215,광진구,2023-06-14,86.6,86.6,아주좋음,실외 활동하기 아주 좋은 날씨예요,주의,해로움,적합,적합,주의,26.029,17.114,80.3,5.975,3.325,1.093,18.956,30.665,0.067,0.022,0.003,0.435
11215,광진구,2023-06-15,87.0,87.0,아주좋음,실외 활동하기 아주 좋은 날씨예요,주의,주의,적합,적합,주의,28.535,17.654,70.8,6.554,0.036,0.0,20.042,31.896,0.066,0.022,0.003,0.445
11215,광진구,2023-06-16,85.8,85.8,아주좋음,실외 활동하기 아주 좋은 날씨예요,주의,주의,적합,적합,주의,29.641,18.189,64.4,6.161,0.0,0.0,16.219,26.689,0.063,0.021,0.003,0.414
11215,광진구,2023-06-17,83.1,83.1,좋음,실외 활동에 좋은 날씨예요,주의,주의,적합,적합,주의,31.037,18.061,57.1,6.232,0.0,0.0,12.779,22.578,0.071,0.023,0.003,0.398
11215,광진구,2023-06-18,78.3,78.3,좋음,실외 활동에 좋은 날씨예요 · 더위 주의,해로움,주의,적합,적합,주의,33.217,20.193,60.5,5.679,0.0,0.0,16.332,27.216,0.072,0.016,0.003,0.405
11215,광진구,2023-06-19,73.6,73.6,좋음,실외 활동에 좋은 날씨예요 · 더위 주의,해로움,해로움,적합,적합,해로움,34.342,22.05,57.8,6.268,0.0,0.0,28.945,46.3,0.091,0.024,0.003,0.511
11215,광진구,2023-06-20,81.9,81.9,좋음,"실외 활동에 좋은 날씨예요 · 비 소식, 우산 챙기세요",주의,주의,적합,적합,주의,26.411,19.661,64.5,7.636,8.693,0.229,20.629,36.01,0.08,0.024,0.003,0.461
11215,광진구,2023-06-21,73.7,73.7,좋음,"실외 활동에 좋은 날씨예요 · 비 소식, 우산 챙기세요",적합,해로움,적합,주의,적합,22.2,18.346,92.6,5.771,27.425,0.3,4.941,11.219,0.027,0.014,0.003,0.352
11215,광진구,2023-06-22,87.6,87.6,아주좋음,실외 활동하기 아주 좋은 날씨예요,주의,주의,적합,적합,주의,27.068,18.475,77.1,7.368,0.196,0.0,9.589,20.324,0.041,0.015,0.003,0.37
11215,광진구,2023-06-23,84.5,84.5,좋음,실외 활동에 좋은 날씨예요,주의,주의,적합,적합,주의,30.209,19.357,76.6,4.621,0.0,0.0,22.81,35.303,0.074,0.022,0.003,0.516
11215,광진구,2023-06-24,78.8,78.8,좋음,실외 활동에 좋은 날씨예요,주의,해로움,적합,적합,해로움,31.972,21.311,70.5,5.389,0.0,0.0,25.232,37.392,0.09,0.02,0.003,0.48
11215,광진구,2023-06-25,75.8,75.8,좋음,실외 활동에 좋은 날씨예요 · 더위 주의,해로움,해로움,적합,적합,주의,33.391,22.182,64.9,5.6,0.0,0.0,21.788,31.339,0.07,0.014,0.003,0.43
11215,광진구,2023-06-26,67.4,67.4,무난,"실외 활동하기 무난해요 — 비 많음, 우산 필수",주의,해로움,주의,주의,주의,27.372,21.318,88.6,9.032,30.332,0.396,9.645,17.122,0.047,0.014,0.003,0.385
11215,광진구,2023-06-27,78.5,78.5,좋음,실외 활동에 좋은 날씨예요,주의,주의,주의,적합,주의,30.006,21.311,73.1,8.793,2.071,0.089,10.315,21.381,0.063,0.015,0.003,0.37
11215,광진구,2023-06-28,80.3,80.3,좋음,실외 활동에 좋은 날씨예요,주의,해로움,적합,적합,주의,30.69,23.589,77.4,6.093,0.0,0.0,20.679,31.492,0.058,0.017,0.003,0.427
11215,광진구,2023-06-29,59.6,59.6,주의,"가벼운 실외 활동은 괜찮아요 — 비 많음, 우산 필수",적합,위험,주의,해로움,주의,25.618,22.643,95.4,8.225,57.171,1.207,21.032,32.884,0.045,0.017,0.002,0.414
11215,광진구,2023-06-30,80.8,80.8,좋음,실외 활동에 좋은 날씨예요,주의,해로움,적합,적합,주의,30.035,22.864,89.8,4.911,0.679,0.014,23.684,35.687,0.058,0.023,0.003,0.497
11215,광진구,2023-07-01,73.9,73.9,좋음,실외 활동에 좋은 날씨예요 · 더위 주의,해로움,해로움,적합,적합,주의,33.916,22.804,76.9,6.279,0.0,0.0,17.794,27.47,0.07,0.018,0.003,0.447
11215,광진구,2023-07-02,80.2,80.2,좋음,실외 활동에 좋은 날씨예요,주의,해로움,적합,적합,주의,31.361,22.621,79.5,4.975,0.0,0.0,12.713,19.665,0.052,0.014,0.003,0.385
11215,광진구,2023-07-03,55.0,71.9,주의,"⚠️ 폭염, 온열질환 주의 — 실외 활동에 주의하세요",해로움,위험,적합,적합,주의,35.362,23.318,72.0,5.525,0.0,0.0,20.884,32.898,0.079,0.021,0.003,0.449
11215,광진구,2023-07-04,54.1,54.1,주의,"가벼운 실외 활동은 괜찮아요 — 비 많음, 우산 필수",주의,해로움,주의,해로움,주의,29.673,23.679,86.8,8.307,61.457,1.018,22.246,31.636,0.062,0.019,0.003,0.441
11215,광진구,2023-07-05,71.9,71.9,좋음,"실외 활동에 좋은 날씨예요 · 비 소식, 우산 챙기세요",주의,해로움,주의,주의,주의,27.78,21.907,82.6,10.132,16.225,0.493,14.708,27.447,0.064,0.014,0.003,0.436
11215,광진구,2023-07-06,73.7,73.7,좋음,실외 활동에 좋은 날씨예요,주의,해로움,주의,적합,주의,32.77,22.332,70.9,8.582,0.0,0.0,26.19,46.917,0.084,0.018,0.003,0.556
11215,광진구,2023-07-07,76.6,76.6,좋음,실외 활동에 좋은 날씨예요,주의,해로움,주의,적합,주의,31.911,22.625,64.9,8.293,0.0,0.0,19.988,41.745,0.068,0.021,0.003,0.481
11215,광진구,2023-07-08,82.9,82.9,좋음,실외 활동에 좋은 날씨예요,주의,해로움,적합,적합,주의,30.116,21.5,76.5,5.764,0.0,0.0,6.539,12.715,0.049,0.014,0.003,0.367
11215,광진구,2023-07-09,66.5,66.5,무난,"실외 활동하기 무난해요 — 비 많음, 우산 필수",주의,해로움,주의,주의,주의,27.742,20.793,86.4,8.732,32.786,0.879,8.936,16.333,0.052,0.012,0.002,0.371
11215,광진구,2023-07-10,70.5,70.5,좋음,"실외 활동에 좋은 날씨예요 · 비 소식, 우산 챙기세요",주의,해로움,적합,적합,주의,32.071,22.721,80.4,7.336,8.839,0.411,19.357,33.211,0.066,0.018,0.003,0.443
11215,광진구,2023-07-11,55.0,56.2,주의,"⚠️ 호우, 침수·안전 주의 — 실외 활동에 주의하세요",적합,해로움,적합,위험,주의,25.868,20.793,92.4,6.944,83.975,0.55,10.253,19.155,0.056,0.022,0.003,0.433
11215,광진구,2023-07-12,82.6,82.6,좋음,실외 활동에 좋은 날씨예요,주의,해로움,적합,적합,주의,29.904,21.771,86.4,4.568,0.436,0.018,15.127,25.108,0.053,0.023,0.003,0.42
11215,광진구,2023-07-13,53.1,53.1,주의,"⚠️ 호우, 침수·안전 주의 — 실외 활동에 주의하세요",주의,해로움,주의,위험,주의,26.525,23.768,95.0,8.061,86.521,1.25,15.228,23.782,0.034,0.023,0.003,0.436
11215,광진구,2023-07-14,54.3,54.3,주의,"가벼운 실외 활동은 괜찮아요 — 비 많음, 우산 필수",적합,위험,주의,해로움,주의,25.204,23.539,99.1,9.121,76.418,0.725,10.449,17.469,0.031,0.016,0.003,0.373
11215,광진구,2023-07-15,80.9,80.9,좋음,실외 활동에 좋은 날씨예요,주의,해로움,주의,적합,주의,26.043,23.482,93.5,8.854,3.261,0.021,13.849,23.427,0.041,0.014,0.003,0.407
11215,광진구,2023-07-16,80.3,80.3,좋음,"실외 활동에 좋은 날씨예요 · 비 소식, 우산 챙기세요",적합,해로움,적합,적합,주의,25.954,23.071,89.5,6.811,8.346,0.343,15.856,30.874,0.043,0.013,0.003,0.372
11215,광진구,2023-07-17,83.6,83.6,좋음,실외 활동에 좋은 날씨예요,주의,해로움,적합,적합,주의,28.622,23.067,86.1,5.989,0.514,0.054,14.462,26.548,0.036,0.02,0.003,0.378
11215,광진구,2023-07-18,81.4,81.4,좋음,"실외 활동에 좋은 날씨예요 · 비 소식, 우산 챙기세요",주의,해로움,적합,적합,적합,27.925,22.982,87.9,4.463,8.939,0.029,7.505,15.383,0.021,0.016,0.003,0.352
11215,광진구,2023-07-19,75.7,75.7,좋음,실외 활동에 좋은 날씨예요 · 더위 주의,해로움,해로움,적합,적합,주의,33.443,21.761,78.8,5.764,0.0,0.0,17.047,30.419,0.055,0.018,0.003,0.418
11215,광진구,2023-07-20,74.6,74.6,좋음,실외 활동에 좋은 날씨예요 · 더위 주의,해로움,해로움,적합,적합,해로움,33.62,22.979,74.0,5.418,0.0,0.0,39.42,56.738,0.087,0.026,0.003,0.576
11215,광진구,2023-07-21,55.0,71.2,주의,"⚠️ 폭염, 온열질환 주의 — 실외 활동에 주의하세요",해로움,위험,적합,적합,해로움,35.275,23.464,69.6,4.911,0.0,0.0,46.646,62.191,0.124,0.027,0.003,0.622
11215,광진구,2023-07-22,66.5,66.5,무난,"실외 활동하기 무난해요 — 비 소식, 우산 챙기세요",주의,해로움,주의,적합,해로움,32.775,23.796,73.9,9.025,8.386,0.361,20.913,30.365,0.093,0.013,0.003,0.368
11215,광진구,2023-07-23,66.3,66.3,무난,"실외 활동하기 무난해요 — 비 많음, 우산 필수",주의,해로움,주의,주의,적합,26.007,23.929,94.3,8.221,39.614,0.325,4.769,9.929,0.015,0.008,0.002,0.265
11215,광진구,2023-07-24,78.6,78.6,좋음,실외 활동에 좋은 날씨예요,주의,해로움,적합,적합,주의,31.252,23.986,83.1,5.407,1.104,0.014,13.866,22.225,0.053,0.017,0.003,0.378
11215,광진구,2023-07-25,73.9,73.9,좋음,실외 활동에 좋은 날씨예요,주의,해로움,적합,적합,주의,31.753,24.839,80.5,7.9,2.218,0.196,10.228,18.525,0.038,0.014,0.003,0.305
11215,광진구,2023-07-26,72.5,72.5,좋음,"실외 활동에 좋은 날씨예요 · 비 소식, 우산 챙기세요",주의,해로움,적합,적합,적합,32.148,24.668,80.9,7.175,8.875,0.036,5.739,13.271,0.024,0.014,0.003,0.294
11215,광진구,2023-07-27,73.9,73.9,좋음,실외 활동에 좋은 날씨예요 · 더위 주의,해로움,위험,적합,적합,주의,33.978,24.157,78.1,5.654,0.429,0.0,12.591,21.941,0.047,0.018,0.003,0.333
11215,광진구,2023-07-28,55.0,70.6,주의,"⚠️ 폭염, 온열질환 주의 — 실외 활동에 주의하세요",해로움,위험,적합,적합,주의,35.458,24.763,72.4,6.464,0.089,0.0,22.19,31.909,0.048,0.018,0.003,0.337
11215,광진구,2023-07-29,71.6,71.6,좋음,실외 활동에 좋은 날씨예요 · 더위 주의,해로움,위험,적합,적합,주의,34.814,25.507,72.1,6.782,0.0,0.0,20.978,28.732,0.051,0.014,0.003,0.312
11215,광진구,2023-07-30,55.0,58.4,주의,"⚠️ 폭염, 온열질환 주의 — 실외 활동에 주의하세요",해로움,해로움,주의,주의,주의,36.119,23.882,72.5,8.711,22.268,0.714,10.014,15.945,0.058,0.013,0.003,0.298
11215,광진구,2023-07-31,70.6,70.6,좋음,실외 활동에 좋은 날씨예요 · 더위 주의,해로움,위험,적합,적합,주의,34.632,24.961,76.3,6.214,2.743,0.011,21.447,29.715,0.058,0.019,0.003,0.361
11215,광진구,2023-08-01,55.0,71.0,주의,"⚠️ 폭염, 온열질환 주의 — 실외 활동에 주의하세요",해로움,위험,적합,적합,주의,35.54,25.139,71.6,5.05,0.0,0.0,22.134,30.749,0.09,0.019,0.003,0.373
11215,광진구,2023-08-02,71.7,71.7,좋음,실외 활동에 좋은 날씨예요 · 더위 주의,해로움,위험,적합,적합,주의,34.772,25.8,67.8,6.325,0.0,0.0,23.409,33.742,0.058,0.019,0.003,0.365
11215,광진구,2023-08-03,72.6,72.6,좋음,실외 활동에 좋은 날씨예요 · 더위 주의,해로움,위험,적합,적합,주의,34.72,24.55,67.0,6.118,0.0,0.0,14.475,22.54,0.047,0.018,0.003,0.305
11215,광진구,2023-08-04,55.0,71.5,주의,"⚠️ 폭염, 온열질환 주의 — 실외 활동에 주의하세요",해로움,위험,적합,적합,주의,35.326,25.796,67.6,5.946,0.0,0.0,12.642,21.222,0.048,0.017,0.003,0.297
11215,광진구,2023-08-05,55.0,70.0,주의,"⚠️ 폭염, 온열질환 주의 — 실외 활동에 주의하세요",해로움,위험,적합,적합,주의,36.047,25.789,69.0,6.104,0.0,0.0,12.63,20.622,0.049,0.012,0.003,0.258
11215,광진구,2023-08-06,55.0,67.0,주의,"⚠️ 폭염, 온열질환 주의 — 실외 활동에 주의하세요",해로움,위험,적합,적합,주의,35.036,26.604,76.5,7.338,3.443,0.175,14.942,22.105,0.056,0.013,0.003,0.297
11215,광진구,2023-08-07,55.0,68.0,주의,"⚠️ 폭염, 온열질환 주의 — 실외 활동에 주의하세요",해로움,위험,적합,적합,주의,36.319,26.937,68.4,7.456,0.643,0.0,5.747,11.422,0.036,0.012,0.003,0.275
11215,광진구,2023-08-08,55.0,69.5,주의,"⚠️ 폭염, 온열질환 주의 — 실외 활동에 주의하세요",해로움,위험,적합,적합,주의,36.472,25.881,60.5,6.604,0.0,0.0,3.865,9.377,0.035,0.011,0.003,0.259
11215,광진구,2023-08-09,76.2,76.2,좋음,실외 활동에 좋은 날씨예요,주의,해로움,주의,적합,적합,31.639,24.23,67.6,8.568,0.239,0.007,3.563,8.811,0.022,0.01,0.003,0.259
11215,광진구,2023-08-10,52.2,52.2,주의,"⚠️ 호우, 침수·안전 주의 — 실외 활동에 주의하세요",적합,해로움,주의,위험,주의,24.85,20.821,91.9,11.632,84.396,0.486,2.234,5.45,0.045,0.01,0.002,0.251
11215,광진구,2023-08-11,65.8,65.8,무난,"실외 활동하기 무난해요 — 비 많음, 우산 필수",적합,해로움,주의,주의,주의,25.886,21.461,93.1,9.907,35.811,0.486,10.093,18.403,0.037,0.016,0.003,0.398
11215,광진구,2023-08-12,86.6,86.6,아주좋음,실외 활동하기 아주 좋은 날씨예요,적합,해로움,적합,적합,주의,24.814,22.146,91.0,5.807,1.393,0.043,10.842,18.958,0.035,0.016,0.002,0.379
11215,광진구,2023-08-13,79.1,79.1,좋음,실외 활동에 좋은 날씨예요,주의,해로움,적합,적합,주의,32.029,22.446,76.9,4.689,0.018,0.0,18.655,29.345,0.064,0.014,0.003,0.447
11215,광진구,2023-08-14,73.9,73.9,좋음,실외 활동에 좋은 날씨예요 · 더위 주의,해로움,해로움,적합,적합,주의,33.984,24.089,75.4,5.793,0.0,0.0,27.54,40.547,0.072,0.019,0.003,0.53
11215,광진구,2023-08-15,75.0,75.0,좋음,실외 활동에 좋은 날씨예요 · 더위 주의,해로움,해로움,적합,적합,주의,33.45,24.261,71.4,5.8,0.0,0.0,16.093,25.991,0.053,0.012,0.003,0.384
11215,광진구,2023-08-16,76.5,76.5,좋음,실외 활동에 좋은 날씨예요,주의,해로움,적합,적합,주의,32.855,24.171,72.0,5.975,0.189,0.011,10.578,19.445,0.059,0.016,0.003,0.387
11215,광진구,2023-08-17,75.3,75.3,좋음,실외 활동에 좋은 날씨예요 · 더위 주의,해로움,해로움,적합,적합,주의,33.404,23.654,73.0,5.246,0.0,0.0,17.541,26.988,0.077,0.021,0.003,0.525
11215,광진구,2023-08-18,71.6,71.6,좋음,실외 활동에 좋은 날씨예요 · 더위 주의,해로움,위험,적합,적합,주의,34.529,25.104,72.1,5.596,1.093,0.004,26.221,37.257,0.089,0.024,0.003,0.522
11215,광진구,2023-08-19,72.4,72.4,좋음,실외 활동에 좋은 날씨예요 · 더위 주의,해로움,해로움,적합,적합,주의,34.668,25.454,68.9,5.889,0.0,0.0,18.775,27.909,0.081,0.02,0.003,0.459
11215,광진구,2023-08-20,76.1,76.1,좋음,실외 활동에 좋은 날씨예요 · 더위 주의,해로움,해로움,적합,적합,주의,33.181,24.993,71.8,5.121,0.0,0.0,17.751,26.683,0.064,0.014,0.003,0.415
11215,광진구,2023-08-21,72.1,72.1,좋음,실외 활동에 좋은 날씨예요 · 더위 주의,해로움,위험,적합,적합,주의,33.973,25.554,69.8,7.211,0.232,0.0,15.976,25.741,0.047,0.018,0.003,0.388
11215,광진구,2023-08-22,58.2,58.2,주의,"가벼운 실외 활동은 괜찮아요 — 비 많음, 우산 필수",주의,해로움,주의,주의,주의,32.837,24.871,80.3,9.204,30.896,1.036,12.921,20.697,0.031,0.015,0.003,0.313
11215,광진구,2023-08-23,63.0,63.0,무난,"실외 활동하기 무난해요 — 비 많음, 우산 필수",주의,해로움,적합,주의,주의,28.063,22.925,91.3,6.532,45.189,0.557,5.206,10.273,0.036,0.017,0.003,0.359
11215,광진구,2023-08-24,80.0,80.0,좋음,"실외 활동에 좋은 날씨예요 · 비 소식, 우산 챙기세요",주의,해로움,적합,적합,주의,28.329,21.871,84.8,6.121,6.561,0.154,3.094,7.775,0.04,0.014,0.002,0.341
11215,광진구,2023-08-25,78.4,78.4,좋음,실외 활동에 좋은 날씨예요,주의,해로움,적합,적합,주의,30.749,23.782,77.9,7.282,1.107,0.0,9.247,19.463,0.047,0.016,0.003,0.408
11215,광진구,2023-08-26,79.4,79.4,좋음,실외 활동에 좋은 날씨예요,주의,해로움,적합,적합,주의,31.31,22.446,72.3,5.868,0.0,0.0,24.223,39.228,0.085,0.017,0.003,0.548
11215,광진구,2023-08-27,83.7,83.7,좋음,실외 활동에 좋은 날씨예요,주의,해로움,적합,적합,주의,29.747,22.368,75.0,5.029,0.036,0.0,18.438,28.903,0.057,0.013,0.003,0.459
11215,광진구,2023-08-28,77.7,77.7,좋음,"실외 활동에 좋은 날씨예요 · 비 소식, 우산 챙기세요",적합,해로움,적합,주의,주의,25.693,20.4,87.5,7.575,14.139,0.104,7.996,14.816,0.033,0.014,0.002,0.362
11215,광진구,2023-08-29,66.6,66.6,무난,"실외 활동하기 무난해요 — 비 많음, 우산 필수",주의,해로움,적합,주의,적합,26.307,22.029,89.6,7.625,41.689,0.971,6.933,14.141,0.025,0.015,0.003,0.35
11215,광진구,2023-08-30,87.2,87.2,아주좋음,실외 활동하기 아주 좋은 날씨예요,적합,해로움,적합,적합,적합,25.339,20.879,88.0,3.85,4.214,0.082,9.985,19.935,0.028,0.022,0.003,0.476
11215,광진구,2023-08-31,85.8,85.8,아주좋음,실외 활동하기 아주 좋은 날씨예요,주의,주의,적합,적합,주의,29.44,20.375,76.9,5.039,0.0,0.0,12.441,23.535,0.053,0.02,0.003,0.436
11215,광진구,2023-09-01,83.1,83.1,좋음,실외 활동에 좋은 날씨예요,주의,주의,적합,적합,주의,30.347,19.239,70.6,5.954,0.0,0.0,14.039,27.557,0.061,0.019,0.003,0.442
11215,광진구,2023-09-02,82.9,82.9,좋음,실외 활동에 좋은 날씨예요,주의,주의,적합,적합,주의,31.518,19.418,63.9,4.521,0.0,0.0,17.087,29.368,0.062,0.02,0.003,0.452
11215,광진구,2023-09-03,84.1,84.1,좋음,실외 활동에 좋은 날씨예요,주의,해로움,적합,적합,주의,29.12,22.032,77.8,4.97,2.218,0.004,10.859,17.719,0.034,0.012,0.002,0.386
11215,광진구,2023-09-04,82.4,82.4,좋음,실외 활동에 좋은 날씨예요,주의,해로움,적합,적합,적합,31.045,23.721,79.9,4.725,1.136,0.007,9.158,18.31,0.029,0.017,0.003,0.4
11215,광진구,2023-09-05,75.8,75.8,좋음,실외 활동에 좋은 날씨예요 · 더위 주의,해로움,해로움,적합,적합,주의,33.78,24.246,69.5,6.196,3.0,0.0,9.031,18.341,0.046,0.018,0.003,0.362
11215,광진구,2023-09-06,79.4,79.4,좋음,실외 활동에 좋은 날씨예요,주의,해로움,적합,적합,주의,32.809,23.35,65.1,6.643,0.0,0.0,9.554,19.857,0.035,0.015,0.003,0.359
11215,광진구,2023-09-07,81.9,81.9,좋음,실외 활동에 좋은 날씨예요,주의,주의,적합,적합,주의,31.96,20.607,54.8,6.296,0.0,0.0,9.578,19.12,0.041,0.015,0.003,0.359
11215,광진구,2023-09-08,83.1,83.1,좋음,실외 활동에 좋은 날씨예요,주의,주의,적합,적합,주의,31.171,19.493,60.3,5.707,0.0,0.0,8.746,19.045,0.051,0.018,0.003,0.367
11215,광진구,2023-09-09,80.6,80.6,좋음,실외 활동에 좋은 날씨예요,주의,주의,적합,적합,주의,31.929,20.596,66.3,5.419,0.0,0.0,16.738,31.173,0.068,0.02,0.003,0.439
11215,광진구,2023-09-10,81.1,81.1,좋음,실외 활동에 좋은 날씨예요,주의,주의,적합,적합,주의,30.635,21.511,68.1,5.282,0.0,0.0,22.424,35.556,0.082,0.017,0.003,0.463
11215,광진구,2023-09-11,82.8,82.8,좋음,실외 활동에 좋은 날씨예요,주의,주의,적합,적합,주의,30.48,22.507,67.3,5.468,0.0,0.0,18.982,30.818,0.061,0.02,0.003,0.416
11215,광진구,2023-09-12,82.7,82.7,좋음,실외 활동에 좋은 날씨예요,주의,주의,적합,적합,주의,30.865,21.136,69.8,5.025,0.0,0.0,16.857,30.362,0.058,0.021,0.003,0.409
11215,광진구,2023-09-13,76.5,76.5,좋음,"실외 활동에 좋은 날씨예요 · 비 소식, 우산 챙기세요",적합,해로움,적합,주의,주의,24.671,19.289,84.5,5.596,19.336,0.104,13.834,22.498,0.035,0.021,0.003,0.408
11215,광진구,2023-09-14,87.0,87.0,아주좋음,실외 활동하기 아주 좋은 날씨예요,주의,주의,적합,적합,주의,27.869,18.971,72.4,7.064,0.0,0.0,3.324,9.441,0.035,0.014,0.003,0.328
11215,광진구,2023-09-15,86.0,86.0,아주좋음,실외 활동하기 아주 좋은 날씨예요,적합,해로움,적합,적합,주의,24.086,19.925,82.3,5.825,2.789,0.032,4.023,10.191,0.034,0.015,0.002,0.348
11215,광진구,2023-09-16,74.4,74.4,좋음,"실외 활동에 좋은 날씨예요 · 비 소식, 우산 챙기세요",주의,해로움,적합,주의,적합,26.582,21.664,87.8,4.4,26.329,1.0,5.419,11.528,0.022,0.016,0.002,0.383
11215,광진구,2023-09-17,81.6,81.6,좋음,실외 활동에 좋은 날씨예요,주의,해로움,적합,적합,주의,28.795,21.721,84.8,4.786,2.821,0.407,10.361,15.567,0.055,0.014,0.003,0.39
11215,광진구,2023-09-18,83.4,83.4,좋음,실외 활동에 좋은 날씨예요,주의,주의,적합,적합,주의,30.192,21.525,79.1,6.014,0.0,0.0,10.993,18.936,0.045,0.019,0.003,0.395
11215,광진구,2023-09-19,84.4,84.4,좋음,실외 활동에 좋은 날씨예요,주의,해로움,적합,적합,주의,28.486,20.579,81.1,5.282,0.0,0.0,17.692,29.362,0.061,0.021,0.003,0.422
11215,광진구,2023-09-20,67.6,67.6,무난,"실외 활동하기 무난해요 — 비 소식, 우산 챙기세요",적합,해로움,주의,주의,주의,23.596,18.746,90.4,8.925,29.832,0.343,14.665,22.081,0.041,0.018,0.003,0.411
11215,광진구,2023-09-21,88.7,88.7,아주좋음,실외 활동하기 아주 좋은 날씨예요,적합,주의,적합,적합,주의,23.504,16.886,70.9,7.75,0.054,0.0,4.603,11.992,0.036,0.015,0.003,0.328
11215,광진구,2023-09-22,90.8,90.8,아주좋음,실외 활동하기 아주 좋은 날씨예요,주의,주의,적합,적합,주의,26.625,15.046,68.4,5.086,0.0,0.0,9.509,21.037,0.038,0.022,0.003,0.421
11215,광진구,2023-09-23,89.8,89.8,아주좋음,실외 활동하기 아주 좋은 날씨예요,주의,주의,적합,적합,주의,27.17,16.254,63.9,6.514,0.0,0.0,9.481,18.833,0.039,0.018,0.003,0.392
11215,광진구,2023-09-24,90.9,90.9,아주좋음,실외 활동하기 아주 좋은 날씨예요,적합,주의,적합,적합,주의,25.671,17.386,56.4,7.204,0.0,0.0,4.63,11.728,0.04,0.009,0.002,0.289
11215,광진구,2023-09-25,90.4,90.4,아주좋음,실외 활동하기 아주 좋은 날씨예요,적합,주의,적합,적합,주의,25.814,17.375,66.4,5.436,1.693,0.036,4.464,13.514,0.034,0.018,0.002,0.347
11215,광진구,2023-09-26,74.0,74.0,좋음,"실외 활동에 좋은 날씨예요 · 비 소식, 우산 챙기세요",적합,위험,적합,주의,적합,20.921,18.343,95.8,5.143,23.189,0.218,3.185,6.812,0.022,0.019,0.002,0.401
11215,광진구,2023-09-27,84.6,84.6,좋음,"실외 활동에 좋은 날씨예요 · 비 소식, 우산 챙기세요",적합,해로움,적합,적합,적합,23.539,19.671,90.1,4.4,5.907,0.05,5.06,10.81,0.019,0.019,0.002,0.427
11215,광진구,2023-09-28,84.4,84.4,좋음,실외 활동에 좋은 날씨예요,주의,주의,적합,적합,주의,27.131,19.067,78.3,5.996,0.0,0.0,31.777,47.341,0.07,0.013,0.003,0.622
11215,광진구,2023-09-29,90.9,90.9,아주좋음,실외 활동하기 아주 좋은 날씨예요,주의,주의,적합,적합,주의,26.867,17.344,61.5,4.996,0.0,0.0,18.618,34.274,0.056,0.014,0.003,0.53
11215,광진구,2023-09-30,83.9,83.9,좋음,실외 활동에 좋은 날씨예요,적합,주의,적합,적합,주의,22.5,16.822,77.0,7.693,2.556,0.156,12.479,27.599,0.054,0.012,0.003,0.419
11215,광진구,2023-10-01,90.5,90.5,아주좋음,실외 활동하기 아주 좋은 날씨예요,적합,적합,적합,적합,주의,23.93,13.978,59.5,7.604,0.0,0.0,8.712,25.549,0.043,0.01,0.003,0.335
11215,광진구,2023-10-02,91.1,91.1,아주좋음,실외 활동하기 아주 좋은 날씨예요,적합,적합,적합,적합,주의,24.574,12.204,53.8,7.048,0.0,0.0,8.668,18.371,0.042,0.018,0.003,0.38
11215,광진구,2023-10-03,92.9,92.9,아주좋음,실외 활동하기 아주 좋은 날씨예요,적합,주의,적합,적합,주의,22.47,13.581,66.3,4.667,0.0,0.0,10.833,20.111,0.033,0.02,0.003,0.426
11215,광진구,2023-10-04,75.3,75.3,좋음,"실외 활동에 좋은 날씨예요 · 비 소식, 우산 챙기세요",적합,주의,주의,주의,주의,23.526,13.556,75.5,9.044,16.804,0.433,12.657,22.655,0.047,0.022,0.003,0.451
11215,광진구,2023-10-05,88.8,88.8,아주좋음,실외 활동하기 아주 좋은 날씨예요,적합,적합,주의,적합,주의,19.241,10.744,46.1,8.567,0.0,0.0,6.483,32.55,0.037,0.012,0.003,0.31
11215,광진구,2023-10-06,93.0,93.0,아주좋음,실외 활동하기 아주 좋은 날씨예요,적합,적합,적합,적합,주의,21.326,9.199,55.3,5.4,0.0,0.0,9.425,24.016,0.031,0.024,0.003,0.428
11215,광진구,2023-10-07,92.6,92.6,아주좋음,실외 활동하기 아주 좋은 날씨예요,적합,주의,적합,적합,주의,21.181,11.339,62.6,5.456,0.0,0.0,11.34,22.758,0.032,0.021,0.003,0.424
11215,광진구,2023-10-08,92.2,92.2,아주좋음,실외 활동하기 아주 좋은 날씨예요,적합,주의,적합,적합,적합,19.507,14.741,67.1,5.522,0.0,0.0,5.398,11.609,0.029,0.012,0.002,0.347
11215,광진구,2023-10-09,90.7,90.7,아주좋음,실외 활동하기 아주 좋은 날씨예요,적합,주의,적합,적합,주의,22.011,13.563,68.1,5.844,0.544,0.026,5.703,12.643,0.035,0.015,0.002,0.351
11215,광진구,2023-10-10,92.0,92.0,아주좋음,실외 활동하기 아주 좋은 날씨예요,적합,주의,적합,적합,주의,23.311,11.63,67.1,5.244,0.0,0.0,11.376,21.556,0.034,0.021,0.003,0.442
11215,광진구,2023-10-11,92.9,92.9,아주좋음,실외 활동하기 아주 좋은 날씨예요,적합,적합,적합,적합,주의,23.944,12.423,57.5,5.169,0.0,0.0,14.933,26.023,0.036,0.029,0.003,0.487
11215,광진구,2023-10-12,92.8,92.8,아주좋음,실외 활동하기 아주 좋은 날씨예요,적합,주의,적합,적합,주의,24.304,11.66,62.4,4.188,0.0,0.0,16.607,28.043,0.047,0.03,0.003,0.495
11215,광진구,2023-10-13,91.4,91.4,아주좋음,실외 활동하기 아주 좋은 날씨예요,적합,주의,적합,적합,주의,21.778,14.015,69.6,4.089,0.0,0.0,21.905,35.426,0.041,0.033,0.003,0.536
11215,광진구,2023-10-14,85.4,85.4,아주좋음,실외 활동하기 아주 좋은 날씨예요,적합,해로움,적합,적합,주의,18.375,12.407,84.9,4.396,3.457,0.079,19.624,28.029,0.032,0.029,0.003,0.544
11215,광진구,2023-10-15,86.5,86.5,아주좋음,실외 활동하기 아주 좋은 날씨예요,적합,주의,적합,적합,주의,21.382,11.094,80.0,6.568,0.018,0.0,16.759,25.636,0.055,0.018,0.003,0.526
11215,광진구,2023-10-16,91.0,91.0,아주좋음,실외 활동하기 아주 좋은 날씨예요,적합,적합,적합,적합,주의,19.889,10.168,57.0,6.043,0.0,0.0,18.735,44.541,0.046,0.019,0.003,0.485
11215,광진구,2023-10-17,92.2,92.2,아주좋음,실외 활동하기 아주 좋은 날씨예요,주의,적합,적합,적합,주의,20.9,7.108,55.6,4.696,0.0,0.0,14.06,34.426,0.037,0.03,0.003,0.502
11215,광진구,2023-10-18,89.7,89.7,아주좋음,실외 활동하기 아주 좋은 날씨예요,주의,주의,적합,적합,주의,21.707,8.752,67.0,6.263,0.0,0.0,17.163,32.986,0.045,0.03,0.003,0.547
11215,광진구,2023-10-19,79.9,79.9,좋음,"실외 활동에 좋은 날씨예요 · 비 소식, 우산 챙기세요",적합,해로움,적합,적합,주의,18.321,14.696,82.5,6.846,8.668,0.268,18.464,30.501,0.038,0.029,0.003,0.549
11215,광진구,2023-10-20,87.5,87.5,아주좋음,실외 활동하기 아주 좋은 날씨예요,주의,적합,주의,적합,적합,15.632,6.49,46.9,10.364,0.0,0.0,6.693,21.275,0.03,0.012,0.003,0.34
11215,광진구,2023-10-21,86.2,86.2,아주좋음,실외 활동하기 아주 좋은 날씨예요,주의,적합,주의,적합,주의,16.844,4.23,54.8,9.152,1.356,0.041,6.912,18.988,0.032,0.017,0.003,0.389
11215,광진구,2023-10-22,88.8,88.8,아주좋음,실외 활동하기 아주 좋은 날씨예요,주의,주의,적합,적합,주의,18.722,4.829,67.3,5.826,0.0,0.0,10.571,23.837,0.038,0.021,0.003,0.464
11215,광진구,2023-10-23,89.4,89.4,아주좋음,실외 활동하기 아주 좋은 날씨예요,적합,주의,적합,적합,주의,21.138,10.75,73.8,5.365,0.0,0.0,16.518,31.595,0.047,0.031,0.003,0.547
11215,광진구,2023-10-24,88.4,88.4,아주좋음,실외 활동하기 아주 좋은 날씨예요,적합,주의,적합,적합,주의,19.781,11.188,78.5,5.241,0.0,0.0,21.273,34.29,0.039,0.033,0.003,0.563
11215,광진구,2023-10-25,89.1,89.1,아주좋음,실외 활동하기 아주 좋은 날씨예요,적합,주의,적합,적합,주의,21.742,11.977,78.6,4.081,0.0,0.0,23.47,36.953,0.049,0.034,0.003,0.584
11215,광진구,2023-10-26,83.1,83.1,좋음,실외 활동에 좋은 날씨예요,적합,주의,적합,적합,주의,21.388,14.042,79.4,7.285,1.446,0.0,33.262,49.368,0.061,0.028,0.003,0.556
11215,광진구,2023-10-27,90.2,90.2,아주좋음,실외 활동하기 아주 좋은 날씨예요,적합,주의,적합,적합,주의,20.119,11.96,71.1,5.344,0.0,0.0,15.842,30.167,0.047,0.021,0.003,0.474
11215,광진구,2023-10-28,92.9,92.9,아주좋음,실외 활동하기 아주 좋은 날씨예요,적합,주의,적합,적합,주의,20.519,9.279,62.9,4.204,0.0,0.0,19.236,36.459,0.034,0.031,0.003,0.595
11215,광진구,2023-10-29,92.9,92.9,아주좋음,실외 활동하기 아주 좋은 날씨예요,적합,주의,적합,적합,주의,21.265,9.399,61.6,4.463,0.0,0.0,17.624,30.361,0.043,0.025,0.003,0.522
11215,광진구,2023-10-30,89.7,89.7,아주좋음,실외 활동하기 아주 좋은 날씨예요,적합,주의,적합,적합,주의,21.365,9.782,72.0,4.459,0.0,0.0,25.669,43.806,0.044,0.037,0.003,0.6
11215,광진구,2023-10-31,87.0,87.0,아주좋음,실외 활동하기 아주 좋은 날씨예요,적합,주의,적합,적합,주의,20.558,11.892,76.0,5.533,0.0,0.0,29.979,49.101,0.053,0.03,0.003,0.568
11215,광진구,2023-11-01,85.1,85.1,아주좋음,실외 활동하기 아주 좋은 날씨예요,적합,해로움,적합,적합,주의,20.838,16.558,81.8,7.1,0.0,0.0,24.828,47.334,0.055,0.021,0.003,0.462
11215,광진구,2023-11-02,86.6,86.6,아주좋음,실외 활동하기 아주 좋은 날씨예요,적합,주의,주의,적합,주의,25.867,17.781,70.9,8.056,0.0,0.0,18.668,39.132,0.057,0.018,0.003,0.436
11215,광진구,2023-11-03,83.9,83.9,좋음,실외 활동에 좋은 날씨예요,적합,해로움,적합,적합,주의,22.537,17.056,83.3,7.633,2.0,0.0,15.803,34.205,0.04,0.019,0.003,0.401
11215,광진구,2023-11-04,87.9,87.9,아주좋음,실외 활동하기 아주 좋은 날씨예요,적합,주의,적합,적합,주의,20.979,14.046,75.5,5.679,0.0,0.0,18.041,48.396,0.029,0.017,0.003,0.46
11215,광진구,2023-11-05,75.5,75.5,좋음,"실외 활동에 좋은 날씨예요 · 비 소식, 우산 챙기세요",적합,해로움,주의,주의,적합,21.118,14.65,87.0,8.968,14.05,0.0,9.388,14.586,0.029,0.012,0.002,0.385
11215,광진구,2023-11-06,54.7,54.7,주의,"가벼운 실외 활동은 괜찮아요 — 비 많음, 우산 필수",주의,해로움,주의,해로움,주의,19.689,4.308,84.9,13.586,51.046,0.0,7.607,21.158,0.033,0.01,0.002,0.377
11215,광진구,2023-11-07,82.0,82.0,좋음,실외 활동에 좋은 날씨예요,주의,주의,주의,적합,주의,9.933,0.945,62.5,12.215,0.232,0.0,7.708,21.452,0.033,0.016,0.002,0.35
11215,광진구,2023-11-08,90.0,90.0,아주좋음,실외 활동하기 아주 좋은 날씨예요,주의,적합,적합,적합,주의,15.879,1.605,55.1,4.246,0.0,0.0,12.631,26.312,0.018,0.036,0.003,0.593
11215,광진구,2023-11-09,82.1,82.1,좋음,실외 활동에 좋은 날씨예요,주의,주의,주의,적합,주의,18.707,5.445,73.1,8.154,4.539,0.0,16.929,31.237,0.027,0.033,0.003,0.627
11215,광진구,2023-11-10,84.9,84.9,좋음,실외 활동에 좋은 날씨예요,해로움,적합,주의,적합,적합,9.307,-2.607,53.1,8.564,0.0,0.0,9.099,17.643,0.03,0.013,0.002,0.352
11215,광진구,2023-11-11,87.0,87.0,아주좋음,실외 활동하기 아주 좋은 날씨예요,해로움,적합,적합,적합,적합,6.782,-3.319,47.9,6.421,0.0,0.0,10.352,19.677,0.027,0.017,0.003,0.378
11215,광진구,2023-11-12,85.7,85.7,아주좋음,실외 활동하기 아주 좋은 날씨예요,해로움,적합,적합,적합,주의,5.482,-3.598,53.8,7.15,0.0,0.0,10.922,19.756,0.033,0.012,0.002,0.368
11215,광진구,2023-11-13,86.6,86.6,아주좋음,실외 활동하기 아주 좋은 날씨예요,해로움,적합,적합,적합,적합,7.018,-3.531,54.0,6.4,0.0,0.0,13.344,24.765,0.028,0.022,0.003,0.444
11215,광진구,2023-11-14,86.3,86.3,아주좋음,실외 활동하기 아주 좋은 날씨예요,해로움,주의,적합,적합,주의,10.919,-1.32,66.1,5.674,0.0,0.0,15.477,28.077,0.024,0.031,0.003,0.53
11215,광진구,2023-11-15,83.8,83.8,좋음,실외 활동에 좋은 날씨예요,주의,주의,적합,적합,주의,12.296,1.639,71.4,5.844,0.0,0.0,29.424,45.859,0.021,0.04,0.003,0.734
11215,광진구,2023-11-16,74.9,74.9,좋음,"실외 활동에 좋은 날씨예요 · 비 소식, 우산 챙기세요",주의,해로움,적합,적합,주의,8.204,4.744,85.0,6.271,8.264,0.0,34.335,45.7,0.011,0.038,0.003,0.657
11215,광진구,2023-11-17,84.0,84.0,좋음,실외 활동에 좋은 날씨예요,해로움,적합,주의,적합,적합,6.371,-4.547,59.3,9.693,0.089,0.0,9.291,19.381,0.021,0.018,0.003,0.402
11215,광진구,2023-11-18,82.1,82.1,좋음,"실외 활동에 좋은 날씨예요 · 쌀쌀해요, 옷 챙기세요",해로움,적합,주의,적합,적합,5.804,-6.988,58.9,10.125,0.0,0.0,13.524,22.929,0.029,0.013,0.003,0.407
11215,광진구,2023-11-19,81.3,81.3,좋음,실외 활동에 좋은 날씨예요,해로움,주의,주의,적합,주의,13.929,-1.865,68.3,8.8,0.0,0.0,23.866,41.177,0.033,0.025,0.003,0.569
11215,광진구,2023-11-20,89.4,89.4,아주좋음,실외 활동하기 아주 좋은 날씨예요,주의,적합,적합,적합,주의,12.354,1.109,58.4,4.586,0.0,0.0,18.035,32.524,0.028,0.034,0.003,0.642
11215,광진구,2023-11-21,88.3,88.3,아주좋음,실외 활동하기 아주 좋은 날씨예요,주의,적합,적합,적합,주의,14.637,0.943,59.6,3.981,0.0,0.0,22.327,37.875,0.014,0.047,0.004,0.777
11215,광진구,2023-11-22,85.6,85.6,아주좋음,실외 활동하기 아주 좋은 날씨예요,주의,주의,적합,적합,주의,14.537,2.129,68.1,5.23,0.0,0.0,27.49,43.035,0.023,0.045,0.004,0.728
11215,광진구,2023-11-23,75.8,75.8,좋음,실외 활동에 좋은 날씨예요 · 미세먼지 주의,해로움,주의,주의,적합,해로움,14.785,-0.212,71.1,10.741,0.075,0.0,48.086,91.653,0.035,0.023,0.003,0.671
11215,광진구,2023-11-24,82.7,82.7,좋음,"실외 활동에 좋은 날씨예요 · 쌀쌀해요, 옷 챙기세요",해로움,적합,주의,적합,적합,2.589,-8.168,51.8,9.364,0.0,0.0,7.879,16.787,0.028,0.012,0.002,0.316
11215,광진구,2023-11-25,87.0,87.0,아주좋음,"실외 활동하기 아주 좋은 날씨예요 · 쌀쌀해요, 옷 챙기세요",해로움,적합,적합,적합,적합,3.504,-7.111,42.8,5.293,0.0,0.0,9.286,19.116,0.026,0.022,0.003,0.406
11215,광진구,2023-11-26,89.7,89.7,아주좋음,실외 활동하기 아주 좋은 날씨예요,해로움,적합,적합,적합,주의,7.654,-0.192,43.6,4.05,0.0,0.0,15.531,25.118,0.021,0.031,0.003,0.481
11215,광진구,2023-11-27,78.7,78.7,좋음,실외 활동에 좋은 날씨예요,주의,해로움,주의,적합,주의,9.496,3.177,82.9,8.256,2.575,0.0,24.907,40.982,0.022,0.031,0.003,0.571
11215,광진구,2023-11-28,83.6,83.6,좋음,실외 활동에 좋은 날씨예요,해로움,적합,주의,적합,주의,5.582,-3.727,57.5,8.879,0.0,0.0,17.783,30.45,0.028,0.017,0.003,0.435
11215,광진구,2023-11-29,83.2,83.2,좋음,"실외 활동에 좋은 날씨예요 · 쌀쌀해요, 옷 챙기세요",해로움,적합,주의,적합,적합,3.421,-6.496,58.9,9.2,0.0,0.0,9.027,18.655,0.028,0.025,0.003,0.42
11215,광진구,2023-11-30,83.0,83.0,좋음,"실외 활동에 좋은 날씨예요 · 쌀쌀해요, 옷 챙기세요",해로움,적합,적합,적합,주의,-0.2,-10.251,48.5,7.907,0.0,0.0,7.49,18.288,0.031,0.015,0.002,0.344
11215,광진구,2023-12-01,82.4,82.4,좋음,"실외 활동에 좋은 날씨예요 · 쌀쌀해요, 옷 챙기세요",해로움,적합,적합,적합,적합,0.9,-8.481,55.3,6.93,0.0,0.0,10.999,24.231,0.027,0.024,0.003,0.456
11215,광진구,2023-12-02,80.7,80.7,좋음,"실외 활동에 좋은 날씨예요 · 쌀쌀해요, 옷 챙기세요",해로움,주의,주의,적합,주의,7.578,-6.307,60.8,9.03,0.0,0.0,19.24,35.425,0.024,0.033,0.003,0.566
11215,광진구,2023-12-03,84.2,84.2,좋음,실외 활동에 좋은 날씨예요,해로움,적합,적합,적합,주의,5.881,-3.307,56.3,5.504,0.0,0.0,22.893,38.224,0.027,0.025,0.003,0.582
11215,광진구,2023-12-04,84.5,84.5,좋음,실외 활동에 좋은 날씨예요,해로움,적합,적합,적합,주의,8.642,-3.238,59.5,3.788,0.0,0.0,25.834,42.348,0.014,0.046,0.003,0.762
11215,광진구,2023-12-05,87.4,87.4,아주좋음,실외 활동하기 아주 좋은 날씨예요,주의,적합,적합,적합,주의,12.096,2.779,55.4,4.241,0.0,0.0,27.658,44.561,0.017,0.048,0.004,0.723
11215,광진구,2023-12-06,75.1,75.1,좋음,실외 활동에 좋은 날씨예요 · 미세먼지 주의,주의,주의,적합,적합,해로움,9.233,2.463,76.1,7.733,2.363,0.0,46.435,66.691,0.017,0.044,0.003,0.788
11215,광진구,2023-12-07,78.2,78.2,좋음,실외 활동에 좋은 날씨예요,해로움,주의,주의,적합,해로움,11.7,-1.088,64.0,9.481,0.0,0.0,16.77,64.192,0.027,0.027,0.003,0.499
11215,광진구,2023-12-08,75.8,75.8,좋음,실외 활동에 좋은 날씨예요 · 미세먼지 주의,주의,주의,주의,적합,해로움,17.162,4.304,73.4,11.169,0.0,0.0,22.761,82.868,0.05,0.028,0.003,0.533
11215,광진구,2023-12-09,81.6,81.6,좋음,실외 활동에 좋은 날씨예요,적합,해로움,적합,적합,주의,16.452,10.845,82.9,6.089,0.0,0.0,32.026,73.729,0.05,0.028,0.003,0.608
11215,광진구,2023-12-10,84.8,84.8,좋음,실외 활동에 좋은 날씨예요,주의,주의,적합,적합,주의,15.322,5.749,67.9,5.477,0.0,0.0,33.822,76.361,0.028,0.025,0.003,0.647
11215,광진구,2023-12-11,70.7,70.7,좋음,"실외 활동에 좋은 날씨예요 · 비 소식, 우산 챙기세요",주의,해로움,주의,주의,적합,12.407,2.743,82.9,11.804,11.774,0.0,2.562,6.049,0.026,0.014,0.002,0.353
11215,광진구,2023-12-12,80.2,80.2,좋음,실외 활동에 좋은 날씨예요,주의,주의,주의,적합,적합,9.341,1.338,75.6,9.422,0.404,0.0,3.345,8.977,0.027,0.021,0.002,0.419
11215,광진구,2023-12-13,83.8,83.8,좋음,실외 활동에 좋은 날씨예요,주의,주의,적합,적합,적합,10.663,1.182,74.1,4.915,0.0,0.0,6.63,15.051,0.012,0.03,0.003,0.529
11215,광진구,2023-12-14,71.7,71.7,좋음,"실외 활동에 좋은 날씨예요 · 비 소식, 우산 챙기세요",주의,해로움,주의,주의,적합,9.304,4.619,85.8,8.586,16.75,0.0,5.103,9.769,0.02,0.021,0.002,0.408
11215,광진구,2023-12-15,60.8,60.8,무난,"실외 활동하기 무난해요 — 비 많음, 우산 필수",주의,위험,주의,주의,적합,6.604,2.061,95.4,8.693,31.736,0.0,2.973,5.873,0.028,0.019,0.002,0.371
11215,광진구,2023-12-16,55.0,69.9,주의,"⚠️ 한파, 한랭질환 주의 — 실외 활동에 주의하세요",위험,주의,해로움,적합,주의,4.056,-15.725,68.9,14.4,1.589,0.0,9.207,18.624,0.033,0.01,0.002,0.369
11215,광진구,2023-12-17,55.0,76.6,주의,"⚠️ 한파, 한랭질환 주의 — 실외 활동에 주의하세요",위험,적합,주의,적합,주의,-6.086,-17.291,48.9,9.743,0.0,0.0,6.941,14.29,0.033,0.01,0.002,0.345
11215,광진구,2023-12-18,55.0,80.9,주의,"⚠️ 한파, 한랭질환 주의 — 실외 활동에 주의하세요",위험,적합,적합,적합,적합,-3.429,-13.907,45.1,5.907,0.0,0.0,7.316,15.479,0.028,0.024,0.002,0.416
11215,광진구,2023-12-19,81.3,81.3,좋음,"실외 활동에 좋은 날씨예요 · 쌀쌀해요, 옷 챙기세요",해로움,주의,적합,적합,주의,0.146,-8.693,63.1,5.054,0.046,0.0,15.609,26.422,0.02,0.039,0.002,0.578
11215,광진구,2023-12-20,55.0,73.7,주의,"⚠️ 한파, 한랭질환 주의 — 실외 활동에 주의하세요",위험,주의,주의,적합,주의,-2.389,-16.477,64.1,8.764,0.225,0.0,26.698,41.699,0.029,0.017,0.002,0.515
11215,광진구,2023-12-21,55.0,77.0,주의,"⚠️ 한파, 한랭질환 주의 — 실외 활동에 주의하세요",위험,적합,주의,적합,적합,-8.118,-19.345,57.4,8.289,0.0,0.0,12.462,20.497,0.029,0.015,0.002,0.4
11215,광진구,2023-12-22,55.0,76.9,주의,"⚠️ 한파, 한랭질환 주의 — 실외 활동에 주의하세요",위험,적합,주의,적합,적합,-7.879,-19.169,51.8,8.757,0.0,0.0,11.179,21.44,0.027,0.018,0.002,0.414
11215,광진구,2023-12-23,55.0,81.3,주의,"⚠️ 한파, 한랭질환 주의 — 실외 활동에 주의하세요",위험,적합,적합,적합,주의,-1.579,-13.415,53.4,3.914,0.0,0.0,18.799,30.085,0.019,0.038,0.003,0.619
11215,광진구,2023-12-24,77.6,77.6,좋음,"실외 활동에 좋은 날씨예요 · 쌀쌀해요, 옷 챙기세요",해로움,주의,적합,적합,주의,1.882,-6.799,73.4,4.264,0.2,0.0,28.061,35.653,0.019,0.039,0.003,0.66
11215,광진구,2023-12-25,74.0,74.0,좋음,실외 활동에 좋은 날씨예요,해로움,해로움,적합,적합,주의,2.421,-4.03,80.8,5.425,0.418,0.0,34.69,43.237,0.026,0.036,0.003,0.709
11215,광진구,2023-12-26,75.8,75.8,좋음,실외 활동에 좋은 날씨예요,해로움,주의,적합,적합,해로움,7.089,-3.408,72.9,7.404,0.0,0.0,35.159,48.518,0.023,0.047,0.003,0.867
11215,광진구,2023-12-27,74.9,74.9,좋음,실외 활동에 좋은 날씨예요 · 미세먼지 주의,해로움,주의,적합,적합,해로움,6.557,-3.517,76.6,3.457,0.0,0.0,57.141,76.645,0.013,0.054,0.004,1.058
11215,광진구,2023-12-28,77.5,77.5,좋음,실외 활동에 좋은 날씨예요 · 미세먼지 주의,해로움,주의,적합,적합,해로움,5.043,-2.822,69.5,6.179,0.0,0.0,40.352,52.387,0.018,0.045,0.004,0.896
11215,광진구,2023-12-29,79.4,79.4,좋음,실외 활동에 좋은 날씨예요,해로움,주의,적합,적합,주의,5.057,-2.247,71.0,4.714,0.0,0.0,32.672,43.104,0.017,0.039,0.003,0.747
11215,광진구,2023-12-30,66.2,66.2,무난,"실외 활동하기 무난해요 — 비 소식, 우산 챙기세요",해로움,해로움,적합,적합,주의,2.489,-2.549,92.0,5.064,8.718,0.0,31.524,39.956,0.014,0.036,0.003,0.695
11215,광진구,2023-12-31,68.3,68.3,무난,"실외 활동하기 무난해요 — 비 소식, 우산 챙기세요",해로움,위험,적합,적합,주의,4.811,-1.081,95.5,7.268,6.007,0.0,17.925,23.19,0.025,0.028,0.003,0.752
11215,광진구,2024-01-01,77.9,77.9,좋음,실외 활동에 좋은 날씨예요,해로움,해로움,적합,적합,주의,6.9,-1.116,83.4,4.896,0.0,0.0,19.857,25.047,0.023,0.03,0.003,0.781
11215,광진구,2024-01-02,81.5,81.5,좋음,실외 활동에 좋은 날씨예요,주의,주의,적합,적합,주의,4.564,1.16,72.6,4.718,0.0,0.0,28.925,40.256,0.025,0.026,0.003,0.566
11215,광진구,2024-01-03,75.3,75.3,좋음,실외 활동에 좋은 날씨예요,해로움,해로움,적합,적합,주의,4.163,-1.6,80.4,6.589,0.557,0.0,29.587,42.672,0.023,0.031,0.003,0.593
11215,광진구,2024-01-04,76.3,76.3,좋음,실외 활동에 좋은 날씨예요,해로움,주의,적합,적합,해로움,4.912,-4.537,74.3,5.207,0.0,0.0,35.992,52.494,0.025,0.036,0.003,0.743
11215,광진구,2024-01-05,73.7,73.7,좋음,실외 활동에 좋은 날씨예요 · 미세먼지 주의,해로움,주의,적합,적합,해로움,9.372,-0.411,77.1,7.235,0.0,0.0,55.88,82.387,0.033,0.034,0.003,0.797
11215,광진구,2024-01-06,82.4,82.4,좋음,실외 활동에 좋은 날씨예요,해로움,주의,적합,적합,적합,5.059,-4.145,63.9,6.863,0.978,0.0,13.101,25.452,0.026,0.021,0.003,0.46
11215,광진구,2024-01-07,55.0,78.7,주의,"⚠️ 한파, 한랭질환 주의 — 실외 활동에 주의하세요",해로움,적합,주의,적합,적합,-0.87,-12.311,57.4,10.044,0.0,0.0,13.552,24.085,0.029,0.012,0.003,0.446
11215,광진구,2024-01-08,82.3,82.3,좋음,"실외 활동에 좋은 날씨예요 · 쌀쌀해요, 옷 챙기세요",해로움,적합,적합,적합,적합,-0.068,-11.182,57.8,5.504,0.0,0.0,13.215,24.001,0.022,0.029,0.003,0.542
11215,광진구,2024-01-09,75.8,75.8,좋음,실외 활동에 좋은 날씨예요,해로움,해로움,적합,적합,주의,0.529,-2.657,84.0,3.825,1.004,0.0,25.315,34.663,0.005,0.043,0.003,0.687
11215,광진구,2024-01-10,70.5,70.5,좋음,실외 활동에 좋은 날씨예요 · 미세먼지 주의,해로움,해로움,적합,적합,해로움,3.393,-4.875,85.9,4.296,0.0,0.0,55.432,69.262,0.011,0.041,0.003,0.818
11215,광진구,2024-01-11,72.1,72.1,좋음,실외 활동에 좋은 날씨예요 · 미세먼지 주의,해로움,해로움,적합,적합,해로움,4.8,-4.253,80.6,5.996,0.0,0.0,49.557,64.004,0.014,0.041,0.003,0.707
11215,광진구,2024-01-12,80.7,80.7,좋음,실외 활동에 좋은 날씨예요,해로움,주의,적합,적합,주의,4.775,-3.05,61.6,6.564,0.0,0.0,34.297,55.09,0.027,0.027,0.003,0.573
11215,광진구,2024-01-13,85.4,85.4,아주좋음,실외 활동하기 아주 좋은 날씨예요,해로움,적합,적합,적합,주의,5.629,-4.178,44.3,4.775,0.0,0.0,13.373,27.611,0.023,0.033,0.003,0.581
11215,광진구,2024-01-14,75.5,75.5,좋음,실외 활동에 좋은 날씨예요,해로움,주의,적합,적합,주의,3.496,-5.007,74.5,7.157,2.307,0.0,23.387,33.304,0.023,0.035,0.003,0.743
11215,광진구,2024-01-15,82.5,82.5,좋음,"실외 활동에 좋은 날씨예요 · 쌀쌀해요, 옷 챙기세요",해로움,적합,적합,적합,적합,1.1,-9.266,51.3,6.275,0.0,0.0,10.153,23.596,0.029,0.02,0.003,0.421
11215,광진구,2024-01-16,83.2,83.2,좋음,"실외 활동에 좋은 날씨예요 · 쌀쌀해요, 옷 챙기세요",해로움,적합,적합,적합,주의,3.821,-8.074,49.8,4.396,0.0,0.0,18.106,33.626,0.025,0.039,0.003,0.656
11215,광진구,2024-01-17,72.7,72.7,좋음,"실외 활동에 좋은 날씨예요 · 비 소식, 우산 챙기세요",해로움,주의,적합,적합,주의,1.843,-3.465,78.5,4.021,7.579,0.0,26.987,37.343,0.004,0.047,0.003,0.805
11215,광진구,2024-01-18,77.5,77.5,좋음,실외 활동에 좋은 날씨예요,해로움,해로움,적합,적합,주의,9.411,-0.119,81.5,6.707,0.411,0.0,20.337,26.386,0.025,0.029,0.003,0.579
11215,광진구,2024-01-19,84.2,84.2,좋음,실외 활동에 좋은 날씨예요,주의,주의,주의,적합,주의,8.879,1.56,65.4,8.625,0.0,0.0,8.085,14.378,0.032,0.018,0.003,0.42
11215,광진구,2024-01-20,80.0,80.0,좋음,실외 활동에 좋은 날씨예요,해로움,주의,주의,적합,주의,5.05,-1.355,69.5,9.436,0.496,0.0,2.342,5.702,0.033,0.013,0.002,0.326
11215,광진구,2024-01-21,78.0,78.0,좋음,실외 활동에 좋은 날씨예요,해로움,주의,적합,적합,주의,4.237,-4.708,75.8,7.586,0.104,0.0,9.461,13.779,0.031,0.016,0.002,0.399
11215,광진구,2024-01-22,55.0,73.7,주의,"⚠️ 한파, 한랭질환 주의 — 실외 활동에 주의하세요",위험,주의,주의,적합,주의,-2.329,-17.358,65.6,9.771,0.007,0.0,19.909,31.094,0.03,0.012,0.002,0.407
11215,광진구,2024-01-23,55.0,75.3,주의,"⚠️ 한파, 한랭질환 주의 — 실외 활동에 주의하세요",위험,적합,주의,적합,주의,-8.154,-19.722,53.6,10.4,0.0,0.0,11.745,22.201,0.03,0.012,0.003,0.361
11215,광진구,2024-01-24,55.0,76.8,주의,"⚠️ 한파, 한랭질환 주의 — 실외 활동에 주의하세요",위험,적합,주의,적합,주의,-3.646,-16.149,52.0,10.2,0.0,0.0,11.244,24.033,0.031,0.014,0.003,0.394
11215,광진구,2024-01-25,55.0,81.2,주의,"⚠️ 한파, 한랭질환 주의 — 실외 활동에 주의하세요",해로움,적합,적합,적합,적합,-0.346,-12.195,47.8,6.457,0.0,0.0,12.607,23.29,0.027,0.022,0.003,0.45
11215,광진구,2024-01-26,80.6,80.6,좋음,"실외 활동에 좋은 날씨예요 · 쌀쌀해요, 옷 챙기세요",해로움,주의,적합,적합,주의,3.957,-7.909,62.5,6.179,0.0,0.0,22.921,35.308,0.022,0.039,0.003,0.645
11215,광진구,2024-01-27,75.9,75.9,좋음,실외 활동에 좋은 날씨예요 · 미세먼지 주의,해로움,주의,적합,적합,해로움,4.575,-5.757,70.0,6.732,0.0,0.0,37.409,51.886,0.035,0.036,0.003,0.746
11215,광진구,2024-01-28,82.1,82.1,좋음,"실외 활동에 좋은 날씨예요 · 쌀쌀해요, 옷 챙기세요",해로움,주의,적합,적합,주의,3.407,-6.172,62.3,5.85,0.0,0.0,21.318,31.334,0.033,0.026,0.003,0.534
11215,광진구,2024-01-29,78.7,78.7,좋음,실외 활동에 좋은 날씨예요,해로움,주의,적합,적합,주의,4.67,-5.952,66.6,5.825,0.0,0.0,31.655,44.839,0.031,0.039,0.003,0.704
11215,광진구,2024-01-30,81.6,81.6,좋음,실외 활동에 좋은 날씨예요 · 미세먼지 주의,해로움,적합,적합,적합,해로움,7.829,-4.644,59.3,3.957,0.0,0.0,41.619,59.823,0.024,0.049,0.003,0.868
11215,광진구,2024-01-31,81.7,81.7,좋음,실외 활동에 좋은 날씨예요 · 미세먼지 주의,해로움,적합,적합,적합,해로움,10.561,-0.715,54.1,6.307,0.0,0.0,41.171,58.746,0.034,0.046,0.004,0.804
11215,광진구,2024-02-01,77.6,77.6,좋음,실외 활동에 좋은 날씨예요 · 미세먼지 주의,해로움,주의,적합,적합,해로움,7.404,-2.75,64.9,5.661,0.0,0.0,59.508,80.53,0.032,0.031,0.003,0.802
11215,광진구,2024-02-02,81.7,81.7,좋음,실외 활동에 좋은 날씨예요,해로움,주의,적합,적합,주의,7.55,-0.798,65.5,5.414,0.0,0.0,32.459,45.734,0.025,0.036,0.003,0.619
11215,광진구,2024-02-03,82.9,82.9,좋음,실외 활동에 좋은 날씨예요,해로움,주의,적합,적합,주의,8.468,-1.738,63.9,5.504,0.0,0.0,25.928,36.451,0.023,0.035,0.003,0.58
11215,광진구,2024-02-04,87.5,87.5,아주좋음,실외 활동하기 아주 좋은 날씨예요,주의,주의,적합,적합,주의,11.278,2.177,60.9,6.185,0.0,0.0,16.582,23.582,0.032,0.025,0.003,0.49
11215,광진구,2024-02-05,72.0,72.0,좋음,실외 활동에 좋은 날씨예요,해로움,해로움,주의,적합,주의,6.611,-3.478,81.8,11.129,2.943,0.0,3.291,6.58,0.034,0.015,0.002,0.326
11215,광진구,2024-02-06,78.3,78.3,좋음,실외 활동에 좋은 날씨예요,해로움,해로움,적합,적합,주의,3.25,-1.393,83.5,5.322,0.061,0.0,10.301,14.982,0.03,0.025,0.002,0.427
11215,광진구,2024-02-07,78.5,78.5,좋음,실외 활동에 좋은 날씨예요,해로움,주의,적합,적합,주의,3.114,-2.248,76.6,5.014,0.0,0.0,26.304,33.334,0.027,0.027,0.002,0.606
11215,광진구,2024-02-08,79.6,79.6,좋음,실외 활동에 좋은 날씨예요,해로움,주의,적합,적합,주의,6.064,-4.096,66.9,5.614,0.0,0.0,31.249,40.936,0.034,0.036,0.003,0.671
11215,광진구,2024-02-09,79.7,79.7,좋음,실외 활동에 좋은 날씨예요,해로움,주의,적합,적합,주의,5.971,-4.023,66.8,7.225,0.0,0.0,25.33,34.847,0.041,0.03,0.003,0.582
11215,광진구,2024-02-10,76.8,76.8,좋음,실외 활동에 좋은 날씨예요 · 미세먼지 주의,해로움,주의,적합,적합,해로움,7.339,-3.017,69.4,7.654,0.0,0.0,36.597,47.623,0.046,0.026,0.003,0.634
11215,광진구,2024-02-11,73.8,73.8,좋음,실외 활동에 좋은 날씨예요 · 미세먼지 주의,해로움,주의,주의,적합,해로움,5.689,-4.667,70.6,8.343,0.0,0.0,49.936,63.708,0.045,0.023,0.003,0.653
11215,광진구,2024-02-12,79.2,79.2,좋음,실외 활동에 좋은 날씨예요 · 미세먼지 주의,해로움,주의,적합,적합,해로움,10.382,-3.882,62.8,5.446,0.0,0.0,47.499,63.804,0.04,0.033,0.003,0.739
11215,광진구,2024-02-13,76.9,76.9,좋음,실외 활동에 좋은 날씨예요 · 미세먼지 주의,주의,주의,주의,적합,해로움,14.5,1.221,70.6,9.425,0.0,0.0,42.695,68.189,0.043,0.039,0.003,0.756
11215,광진구,2024-02-14,83.9,83.9,좋음,실외 활동에 좋은 날씨예요,주의,주의,적합,적합,주의,18.043,8.671,76.4,7.186,0.0,0.0,28.055,47.278,0.034,0.038,0.003,0.687
11215,광진구,2024-02-15,66.5,66.5,무난,"실외 활동하기 무난해요 — 비 소식, 우산 챙기세요",해로움,해로움,주의,적합,주의,11.479,-1.926,89.9,9.975,8.711,0.0,15.121,22.619,0.037,0.018,0.002,0.419
11215,광진구,2024-02-16,81.0,81.0,좋음,실외 활동에 좋은 날씨예요,해로움,주의,적합,적합,주의,7.986,-2.389,72.4,5.646,0.0,0.0,18.082,28.545,0.027,0.03,0.003,0.523
11215,광진구,2024-02-17,78.7,78.7,좋음,실외 활동에 좋은 날씨예요,해로움,주의,적합,적합,주의,11.068,-1.76,73.5,5.161,0.0,0.0,31.227,44.911,0.034,0.038,0.003,0.661
11215,광진구,2024-02-18,69.2,69.2,무난,"실외 활동하기 무난해요 — 비 소식, 우산 챙기세요",해로움,해로움,적합,주의,주의,10.189,-0.245,81.4,6.664,14.111,0.0,25.678,37.18,0.02,0.034,0.003,0.619
11215,광진구,2024-02-19,71.2,71.2,좋음,"실외 활동에 좋은 날씨예요 · 비 소식, 우산 챙기세요",주의,위험,적합,적합,적합,12.111,3.528,95.8,7.681,6.675,0.0,8.657,15.255,0.021,0.03,0.003,0.636
11215,광진구,2024-02-20,75.8,75.8,좋음,실외 활동에 좋은 날씨예요,주의,해로움,주의,적합,주의,7.378,1.482,86.3,8.115,1.911,0.0,15.654,28.345,0.024,0.021,0.002,0.494
11215,광진구,2024-02-21,64.7,64.7,무난,"실외 활동하기 무난해요 — 비 소식, 우산 챙기세요",해로움,해로움,주의,주의,적합,4.348,-2.903,92.5,8.607,14.233,0.0,2.121,4.513,0.03,0.016,0.002,0.351
11215,광진구,2024-02-22,71.1,71.1,좋음,"실외 활동에 좋은 날씨예요 · 비 소식, 우산 챙기세요",해로움,해로움,주의,적합,주의,1.674,-3.333,84.5,8.142,6.011,0.0,2.987,7.005,0.033,0.016,0.002,0.33
11215,광진구,2024-02-23,80.7,80.7,좋음,실외 활동에 좋은 날씨예요,해로움,주의,적합,적합,주의,6.163,-3.581,68.8,7.464,0.104,0.0,4.667,9.974,0.035,0.016,0.002,0.326
11215,광진구,2024-02-24,80.0,80.0,좋음,실외 활동에 좋은 날씨예요,해로움,주의,적합,적합,주의,6.029,-3.709,68.6,7.6,1.171,0.0,7.392,14.45,0.035,0.015,0.002,0.331
11215,광진구,2024-02-25,78.7,78.7,좋음,실외 활동에 좋은 날씨예요,해로움,해로움,적합,적합,주의,6.436,-0.817,80.8,5.621,1.171,0.0,10.651,15.581,0.033,0.017,0.002,0.396
11215,광진구,2024-02-26,83.5,83.5,좋음,실외 활동에 좋은 날씨예요,해로움,주의,적합,적합,주의,9.968,-2.257,65.3,5.657,0.0,0.0,18.323,30.193,0.032,0.026,0.003,0.506
11215,광진구,2024-02-27,84.7,84.7,좋음,실외 활동에 좋은 날씨예요,해로움,적합,적합,적합,주의,9.746,-1.045,52.0,7.789,0.0,0.0,9.417,20.424,0.036,0.02,0.002,0.357
11215,광진구,2024-02-28,88.9,88.9,아주좋음,실외 활동하기 아주 좋은 날씨예요,주의,적합,적합,적합,주의,10.364,2.473,59.5,4.893,0.0,0.0,17.263,34.312,0.029,0.028,0.003,0.429
11215,광진구,2024-02-29,79.4,79.4,좋음,실외 활동에 좋은 날씨예요,해로움,주의,주의,적합,해로움,9.661,-0.78,63.6,8.736,0.0,0.0,35.261,57.218,0.038,0.029,0.003,0.57
11215,광진구,2024-03-01,75.4,75.4,좋음,"실외 활동에 좋은 날씨예요 · 쌀쌀해요, 옷 챙기세요",해로움,주의,주의,적합,주의,0.629,-11.94,38.9,11.821,0.0,0.0,11.136,37.504,0.04,0.009,0.002,0.301
11215,광진구,2024-03-02,55.0,76.1,주의,"⚠️ 한파, 한랭질환 주의 — 실외 활동에 주의하세요",해로움,주의,주의,적합,주의,4.407,-12.207,60.4,11.682,0.0,0.0,13.778,35.448,0.041,0.017,0.003,0.372
11215,광진구,2024-03-03,75.2,75.2,좋음,실외 활동에 좋은 날씨예요 · 미세먼지 주의,해로움,주의,주의,적합,해로움,8.336,-1.947,71.5,9.104,0.0,0.0,63.584,113.361,0.045,0.021,0.003,0.595
11215,광진구,2024-03-04,83.6,83.6,좋음,실외 활동에 좋은 날씨예요 · 미세먼지 주의,해로움,적합,적합,적합,해로움,11.778,-2.076,45.5,4.611,0.0,0.0,37.442,73.038,0.037,0.039,0.003,0.596
11215,광진구,2024-03-05,88.6,88.6,아주좋음,실외 활동하기 아주 좋은 날씨예요,주의,적합,적합,적합,주의,11.178,4.264,45.1,7.511,0.0,0.0,22.172,45.845,0.039,0.031,0.003,0.474
11215,광진구,2024-03-06,87.1,87.1,아주좋음,실외 활동하기 아주 좋은 날씨예요,주의,적합,적합,적합,주의,10.618,1.006,58.8,6.571,0.0,0.0,7.469,15.952,0.037,0.021,0.002,0.382
11215,광진구,2024-03-07,83.5,83.5,좋음,실외 활동에 좋은 날씨예요,해로움,주의,주의,적합,주의,8.4,-0.557,62.4,8.161,0.629,0.0,17.685,31.134,0.038,0.021,0.002,0.405
11215,광진구,2024-03-08,80.6,80.6,좋음,실외 활동에 좋은 날씨예요,해로움,적합,주의,적합,주의,7.059,-3.858,50.6,10.921,0.0,0.0,22.371,44.554,0.043,0.017,0.003,0.415
11215,광진구,2024-03-09,83.1,83.1,좋음,실외 활동에 좋은 날씨예요,해로움,적합,적합,적합,주의,7.289,-4.567,50.8,7.079,0.0,0.0,17.587,33.917,0.04,0.018,0.003,0.398
11215,광진구,2024-03-10,83.6,83.6,좋음,실외 활동에 좋은 날씨예요,해로움,적합,적합,적합,주의,10.752,-2.984,54.0,7.289,0.0,0.0,17.193,30.598,0.045,0.024,0.003,0.435
11215,광진구,2024-03-11,86.0,86.0,아주좋음,실외 활동하기 아주 좋은 날씨예요,주의,주의,적합,적합,주의,11.196,1.247,62.3,6.504,0.0,0.0,18.901,35.688,0.035,0.039,0.003,0.511
11215,광진구,2024-03-12,83.1,83.1,좋음,실외 활동에 좋은 날씨예요,주의,주의,적합,적합,주의,10.285,3.563,78.0,5.2,1.039,0.0,21.312,33.531,0.032,0.036,0.003,0.544
11215,광진구,2024-03-13,82.5,82.5,좋음,실외 활동에 좋은 날씨예요,해로움,적합,주의,적합,주의,12.325,-1.159,57.6,9.35,0.0,0.0,26.784,46.261,0.055,0.028,0.003,0.525
11215,광진구,2024-03-14,84.6,84.6,좋음,실외 활동에 좋은 날씨예요 · 미세먼지 주의,주의,적합,적합,적합,해로움,15.523,1.626,58.3,7.192,0.0,0.0,36.315,61.152,0.052,0.03,0.003,0.496
11215,광진구,2024-03-15,82.7,82.7,좋음,실외 활동에 좋은 날씨예요,주의,주의,적합,적합,주의,14.714,2.352,68.5,7.939,0.0,0.0,31.411,50.53,0.05,0.029,0.003,0.466
11215,광진구,2024-03-16,86.8,86.8,아주좋음,실외 활동하기 아주 좋은 날씨예요,주의,적합,적합,적합,주의,18.704,3.575,54.5,7.411,0.0,0.0,31.284,51.602,0.054,0.03,0.003,0.498
11215,광진구,2024-03-17,81.4,81.4,좋음,실외 활동에 좋은 날씨예요 · 미세먼지 주의,주의,적합,주의,적합,해로움,12.452,2.897,48.0,10.763,0.021,0.0,19.298,93.495,0.051,0.012,0.002,0.334
11215,광진구,2024-03-18,81.2,81.2,좋음,실외 활동에 좋은 날씨예요,해로움,주의,적합,적합,주의,13.577,-0.229,28.6,7.342,0.0,0.0,7.693,22.841,0.039,0.023,0.003,0.35
11215,광진구,2024-03-19,82.5,82.5,좋음,실외 활동에 좋은 날씨예요,주의,주의,주의,적합,주의,10.607,1.464,60.8,12.348,0.079,0.0,25.998,51.057,0.048,0.02,0.003,0.408
11215,광진구,2024-03-20,82.5,82.5,좋음,실외 활동에 좋은 날씨예요,해로움,적합,주의,적합,주의,8.85,-1.373,46.5,10.046,0.0,0.0,23.022,39.925,0.045,0.014,0.002,0.364
11215,광진구,2024-03-21,83.8,83.8,좋음,실외 활동에 좋은 날씨예요,해로움,적합,적합,적합,주의,11.415,-2.026,46.5,7.57,0.0,0.0,20.483,36.528,0.044,0.027,0.003,0.438
11215,광진구,2024-03-22,79.4,79.4,좋음,"실외 활동에 좋은 날씨예요 · 비 소식, 우산 챙기세요",주의,적합,주의,적합,주의,15.693,1.185,57.0,11.463,6.086,0.0,18.411,43.476,0.05,0.028,0.003,0.436
11215,광진구,2024-03-23,89.6,89.6,아주좋음,실외 활동하기 아주 좋은 날씨예요,주의,주의,적합,적합,주의,18.327,8.296,66.0,7.285,0.218,0.0,24.704,57.769,0.053,0.02,0.002,0.442
11215,광진구,2024-03-24,93.0,93.0,아주좋음,실외 활동하기 아주 좋은 날씨예요,주의,적합,적합,적합,주의,23.182,8.984,42.5,6.464,0.0,0.0,16.05,35.497,0.052,0.024,0.003,0.468
11215,광진구,2024-03-25,84.6,84.6,좋음,"실외 활동에 좋은 날씨예요 · 비 소식, 우산 챙기세요",주의,주의,주의,적합,주의,15.037,5.128,63.0,9.333,5.057,0.0,7.491,18.848,0.04,0.018,0.002,0.348
11215,광진구,2024-03-26,72.7,72.7,좋음,"실외 활동에 좋은 날씨예요 · 비 소식, 우산 챙기세요",주의,주의,적합,주의,주의,12.359,0.896,77.3,7.732,12.857,0.0,3.574,8.386,0.042,0.018,0.002,0.34
11215,광진구,2024-03-27,86.9,86.9,아주좋음,실외 활동하기 아주 좋은 날씨예요,주의,주의,적합,적합,주의,16.7,3.876,68.4,6.136,0.0,0.0,15.389,26.6,0.043,0.028,0.003,0.46
11215,광진구,2024-03-28,85.0,85.0,아주좋음,실외 활동하기 아주 좋은 날씨예요,주의,해로움,적합,적합,주의,12.032,7.512,81.8,6.318,1.586,0.0,15.938,31.648,0.034,0.028,0.003,0.48
11215,광진구,2024-03-29,55.0,73.6,주의,"⚠️ 미세먼지 매우 나쁨, 마스크 착용 — 실외 활동에 주의하세요",주의,주의,주의,적합,위험,12.668,2.892,73.0,8.829,1.711,0.0,40.62,231.051,0.04,0.023,0.002,0.463
11215,광진구,2024-03-30,81.6,81.6,좋음,실외 활동에 좋은 날씨예요 · 미세먼지 주의,주의,적합,주의,적합,해로움,16.421,1.493,56.5,8.307,0.0,0.0,22.352,90.864,0.047,0.025,0.003,0.456
11215,광진구,2024-03-31,86.9,86.9,아주좋음,실외 활동하기 아주 좋은 날씨예요,주의,주의,적합,적합,주의,17.446,2.071,39.9,6.532,0.0,0.0,11.54,42.735,0.047,0.017,0.003,0.401
11215,광진구,2024-04-01,85.8,85.8,아주좋음,실외 활동하기 아주 좋은 날씨예요,주의,주의,적합,적합,주의,19.236,4.944,32.0,7.361,0.0,0.0,14.146,45.198,0.048,0.029,0.003,0.436
11215,광진구,2024-04-02,89.5,89.5,아주좋음,실외 활동하기 아주 좋은 날씨예요,주의,주의,적합,적합,주의,24.089,6.467,37.5,6.496,0.0,0.0,23.076,54.017,0.06,0.041,0.003,0.54
11215,광진구,2024-04-03,94.7,94.7,아주좋음,실외 활동하기 아주 좋은 날씨예요,적합,적합,적합,적합,주의,19.0,13.121,55.9,4.779,0.071,0.0,21.649,44.062,0.039,0.038,0.003,0.54
11215,광진구,2024-04-04,93.4,93.4,아주좋음,실외 활동하기 아주 좋은 날씨예요,적합,적합,적합,적합,주의,20.239,12.099,52.1,7.118,0.0,0.0,14.997,33.347,0.05,0.02,0.003,0.395
11215,광진구,2024-04-05,92.0,92.0,아주좋음,실외 활동하기 아주 좋은 날씨예요,적합,적합,적합,적합,주의,18.964,9.594,51.3,7.936,0.0,0.0,20.521,42.481,0.058,0.02,0.003,0.402
11215,광진구,2024-04-06,89.4,89.4,아주좋음,실외 활동하기 아주 좋은 날씨예요 · 미세먼지 주의,주의,적합,적합,적합,해로움,19.279,7.162,48.6,7.154,0.0,0.0,39.074,65.713,0.059,0.033,0.003,0.553
11215,광진구,2024-04-07,87.7,87.7,아주좋음,실외 활동하기 아주 좋은 날씨예요,주의,주의,적합,적합,주의,23.511,7.0,33.4,6.468,0.0,0.0,32.463,55.184,0.076,0.029,0.003,0.545
11215,광진구,2024-04-08,93.0,93.0,아주좋음,실외 활동하기 아주 좋은 날씨예요,적합,적합,적합,적합,주의,22.696,10.183,46.5,5.782,0.0,0.0,28.309,57.087,0.055,0.041,0.003,0.58
11215,광진구,2024-04-09,88.4,88.4,아주좋음,실외 활동하기 아주 좋은 날씨예요,적합,주의,주의,적합,주의,20.646,10.251,32.4,9.979,0.0,0.0,18.289,40.927,0.052,0.018,0.003,0.382
11215,광진구,2024-04-10,91.9,91.9,아주좋음,실외 활동하기 아주 좋은 날씨예요,적합,주의,적합,적합,주의,18.514,9.687,62.6,6.921,0.0,0.0,17.797,43.197,0.056,0.014,0.003,0.357
11215,광진구,2024-04-11,94.2,94.2,아주좋음,실외 활동하기 아주 좋은 날씨예요,적합,주의,적합,적합,주의,21.271,11.506,61.0,4.754,0.0,0.0,21.038,49.772,0.049,0.026,0.003,0.466
11215,광진구,2024-04-12,93.2,93.2,아주좋음,실외 활동하기 아주 좋은 날씨예요,적합,적합,적합,적합,주의,24.271,11.075,59.6,6.418,0.0,0.0,23.685,48.471,0.057,0.03,0.003,0.493
11215,광진구,2024-04-13,90.8,90.8,아주좋음,실외 활동하기 아주 좋은 날씨예요,주의,적합,적합,적합,주의,27.41,10.733,52.4,6.454,0.0,0.0,18.09,40.533,0.057,0.024,0.003,0.428
11215,광진구,2024-04-14,86.2,86.2,아주좋음,실외 활동하기 아주 좋은 날씨예요,주의,적합,적합,적합,주의,29.204,12.55,47.1,7.036,0.0,0.0,22.269,44.61,0.077,0.025,0.003,0.512
11215,광진구,2024-04-15,78.3,78.3,좋음,"실외 활동에 좋은 날씨예요 · 비 소식, 우산 챙기세요",적합,주의,주의,주의,주의,20.329,11.306,77.4,8.282,15.825,0.286,11.599,22.919,0.048,0.02,0.003,0.398
11215,광진구,2024-04-16,81.9,81.9,좋음,실외 활동에 좋은 날씨예요 · 미세먼지 주의,적합,해로움,적합,적합,해로움,18.036,10.567,82.6,6.661,1.957,0.043,28.295,85.07,0.048,0.021,0.003,0.505
11215,광진구,2024-04-17,85.6,85.6,아주좋음,실외 활동하기 아주 좋은 날씨예요 · 미세먼지 주의,주의,주의,적합,적합,위험,22.146,8.662,65.3,6.586,0.0,0.0,41.726,141.53,0.042,0.027,0.003,0.555
11215,광진구,2024-04-18,87.8,87.8,아주좋음,실외 활동하기 아주 좋은 날씨예요 · 미세먼지 주의,적합,적합,적합,적합,위험,25.454,10.058,53.3,7.207,0.0,0.0,27.221,113.564,0.055,0.03,0.003,0.513
11215,광진구,2024-04-19,89.7,89.7,아주좋음,실외 활동하기 아주 좋은 날씨예요 · 미세먼지 주의,적합,적합,적합,적합,해로움,24.632,11.122,51.8,6.582,0.0,0.0,30.33,95.773,0.091,0.031,0.004,0.524
11215,광진구,2024-04-20,82.9,82.9,좋음,실외 활동에 좋은 날씨예요,적합,주의,주의,적합,주의,17.914,12.829,77.3,8.264,4.796,0.043,26.045,59.901,0.06,0.024,0.003,0.512
11215,광진구,2024-04-21,91.3,91.3,아주좋음,실외 활동하기 아주 좋은 날씨예요,적합,주의,주의,적합,주의,21.075,13.257,65.5,8.068,0.0,0.0,6.759,17.409,0.048,0.009,0.002,0.323
11215,광진구,2024-04-22,93.5,93.5,아주좋음,실외 활동하기 아주 좋은 날씨예요,적합,적합,적합,적합,주의,24.007,14.7,49.4,6.921,0.0,0.0,15.88,31.434,0.053,0.015,0.002,0.332
11215,광진구,2024-04-23,92.7,92.7,아주좋음,실외 활동하기 아주 좋은 날씨예요,적합,적합,주의,적합,주의,23.493,12.688,55.0,8.146,0.054,0.0,10.217,21.603,0.052,0.014,0.002,0.321
11215,광진구,2024-04-24,80.4,80.4,좋음,"실외 활동에 좋은 날씨예요 · 비 소식, 우산 챙기세요",적합,해로움,적합,주의,주의,17.186,10.406,80.1,6.961,10.857,0.154,5.566,13.023,0.04,0.014,0.002,0.331
11215,광진구,2024-04-25,88.8,88.8,아주좋음,실외 활동하기 아주 좋은 날씨예요,적합,주의,적합,적합,주의,21.221,9.905,75.6,5.404,0.0,0.0,19.756,32.247,0.064,0.022,0.002,0.458
11215,광진구,2024-04-26,91.7,91.7,아주좋음,실외 활동하기 아주 좋은 날씨예요,주의,주의,적합,적합,주의,26.115,10.936,61.1,5.918,0.0,0.0,26.858,66.53,0.063,0.031,0.003,0.544
11215,광진구,2024-04-27,91.1,91.1,아주좋음,실외 활동하기 아주 좋은 날씨예요,주의,적합,적합,적합,주의,26.682,10.661,56.4,6.704,0.0,0.0,23.917,51.345,0.068,0.027,0.003,0.516
11215,광진구,2024-04-28,87.6,87.6,아주좋음,실외 활동하기 아주 좋은 날씨예요,주의,적합,적합,적합,주의,28.92,11.906,53.5,5.079,0.0,0.0,20.811,38.844,0.086,0.026,0.003,0.518
11215,광진구,2024-04-29,91.9,91.9,아주좋음,실외 활동하기 아주 좋은 날씨예요,적합,적합,적합,적합,주의,25.889,16.4,48.0,7.736,0.0,0.0,19.99,43.369,0.064,0.019,0.003,0.392
11215,광진구,2024-04-30,91.7,91.7,아주좋음,실외 활동하기 아주 좋은 날씨예요,적합,주의,적합,적합,주의,22.443,15.257,62.5,6.061,0.0,0.0,33.417,59.315,0.056,0.025,0.004,0.516
11215,광진구,2024-05-01,93.6,93.6,아주좋음,실외 활동하기 아주 좋은 날씨예요,적합,적합,적합,적합,주의,23.768,13.686,46.0,6.386,0.0,0.0,14.158,26.85,0.058,0.014,0.003,0.34
11215,광진구,2024-05-02,92.5,92.5,아주좋음,실외 활동하기 아주 좋은 날씨예요,적합,적합,적합,적합,주의,24.093,12.306,48.4,7.485,0.0,0.0,18.757,36.266,0.064,0.024,0.003,0.396
11215,광진구,2024-05-03,89.1,89.1,아주좋음,실외 활동하기 아주 좋은 날씨예요,주의,적합,적합,적합,주의,28.025,11.05,46.9,5.641,0.0,0.0,24.966,48.907,0.082,0.032,0.003,0.465
11215,광진구,2024-05-04,85.7,85.7,아주좋음,실외 활동하기 아주 좋은 날씨예요,주의,적합,적합,적합,해로움,28.686,13.463,44.8,6.867,0.0,0.0,33.148,56.728,0.11,0.032,0.004,0.548
11215,광진구,2024-05-05,63.8,63.8,무난,"실외 활동하기 무난해요 — 비 많음, 우산 필수",적합,해로움,주의,주의,주의,20.641,15.381,87.4,10.167,42.011,0.3,14.375,23.054,0.073,0.013,0.003,0.393
11215,광진구,2024-05-06,75.0,75.0,좋음,"실외 활동에 좋은 날씨예요 · 비 소식, 우산 챙기세요",적합,해로움,적합,주의,주의,15.619,13.185,92.9,7.789,11.141,0.152,7.187,11.837,0.049,0.012,0.002,0.373
11215,광진구,2024-05-07,85.6,85.6,아주좋음,실외 활동하기 아주 좋은 날씨예요,적합,주의,주의,적합,주의,15.419,11.704,77.3,8.196,2.385,0.044,13.041,22.006,0.049,0.014,0.002,0.382
11215,광진구,2024-05-08,92.4,92.4,아주좋음,실외 활동하기 아주 좋은 날씨예요,주의,적합,적합,적합,주의,21.748,8.376,58.8,7.563,0.0,0.0,9.241,21.668,0.045,0.016,0.002,0.322
11215,광진구,2024-05-09,90.0,90.0,아주좋음,실외 활동하기 아주 좋은 날씨예요,적합,주의,주의,적합,주의,22.261,10.104,63.6,8.893,0.0,0.0,14.654,30.811,0.069,0.02,0.003,0.38
11215,광진구,2024-05-10,92.1,92.1,아주좋음,실외 활동하기 아주 좋은 날씨예요,적합,적합,주의,적합,주의,24.539,12.225,55.6,8.182,0.0,0.0,14.634,30.932,0.065,0.019,0.003,0.382
11215,광진구,2024-05-11,70.9,70.9,좋음,"실외 활동에 좋은 날씨예요 · 비 소식, 우산 챙기세요",적합,주의,주의,주의,주의,22.579,13.193,80.0,12.357,27.882,0.275,7.987,21.239,0.048,0.014,0.002,0.329
11215,광진구,2024-05-12,88.0,88.0,아주좋음,실외 활동하기 아주 좋은 날씨예요,적합,주의,주의,적합,해로움,22.274,10.979,65.0,8.896,0.0,0.0,15.166,67.954,0.05,0.011,0.002,0.333
11215,광진구,2024-05-13,92.7,92.7,아주좋음,실외 활동하기 아주 좋은 날씨예요,적합,적합,적합,적합,주의,25.174,11.314,51.9,7.448,0.0,0.0,13.809,31.358,0.058,0.021,0.003,0.4
11215,광진구,2024-05-14,92.2,92.2,아주좋음,실외 활동하기 아주 좋은 날씨예요,적합,적합,적합,적합,주의,25.114,11.979,43.3,7.614,0.0,0.0,13.822,29.282,0.066,0.025,0.003,0.388
11215,광진구,2024-05-15,73.6,73.6,좋음,"실외 활동에 좋은 날씨예요 · 비 소식, 우산 챙기세요",주의,주의,주의,주의,주의,19.318,6.14,74.3,10.211,21.057,0.139,7.948,23.149,0.051,0.016,0.003,0.332
11215,광진구,2024-05-16,88.8,88.8,아주좋음,실외 활동하기 아주 좋은 날씨예요,주의,주의,주의,적합,주의,20.129,5.934,61.3,8.871,0.45,0.011,6.867,18.35,0.05,0.015,0.003,0.321
11215,광진구,2024-05-17,90.9,90.9,아주좋음,실외 활동하기 아주 좋은 날씨예요,적합,주의,적합,적합,주의,25.546,10.717,63.6,6.946,0.0,0.0,19.512,42.792,0.074,0.023,0.003,0.456
11215,광진구,2024-05-18,90.2,90.2,아주좋음,실외 활동하기 아주 좋은 날씨예요,주의,주의,적합,적합,주의,26.761,14.896,65.3,6.629,0.0,0.0,11.406,27.955,0.058,0.018,0.003,0.391
11215,광진구,2024-05-19,87.4,87.4,아주좋음,실외 활동하기 아주 좋은 날씨예요,주의,주의,적합,적합,주의,28.287,15.375,63.1,7.046,0.0,0.0,11.45,24.747,0.067,0.013,0.003,0.336
11215,광진구,2024-05-20,89.1,89.1,아주좋음,실외 활동하기 아주 좋은 날씨예요,적합,주의,적합,적합,주의,23.407,16.357,75.0,6.754,0.0,0.0,16.119,31.557,0.045,0.017,0.003,0.34
11215,광진구,2024-05-21,85.7,85.7,아주좋음,실외 활동하기 아주 좋은 날씨예요,주의,주의,적합,적합,주의,28.639,16.107,68.1,5.775,0.0,0.0,27.481,44.991,0.07,0.02,0.003,0.414
11215,광진구,2024-05-22,88.0,88.0,아주좋음,실외 활동하기 아주 좋은 날씨예요,주의,주의,적합,적합,해로움,26.368,15.996,68.9,6.689,0.0,0.0,35.514,54.25,0.067,0.022,0.003,0.467
11215,광진구,2024-05-23,89.3,89.3,아주좋음,실외 활동하기 아주 좋은 날씨예요,주의,주의,적합,적합,주의,26.854,15.482,67.9,6.643,0.0,0.0,18.82,32.353,0.055,0.021,0.003,0.361
11215,광진구,2024-05-24,89.0,89.0,아주좋음,실외 활동하기 아주 좋은 날씨예요,적합,주의,적합,적합,주의,24.504,15.45,75.1,5.996,0.0,0.0,24.369,37.402,0.04,0.017,0.002,0.367
11215,광진구,2024-05-25,93.0,93.0,아주좋음,실외 활동하기 아주 좋은 날씨예요,적합,주의,적합,적합,주의,24.593,18.121,62.8,5.896,0.0,0.0,18.835,35.107,0.057,0.017,0.003,0.357
11215,광진구,2024-05-26,82.2,82.2,좋음,"실외 활동에 좋은 날씨예요 · 비 소식, 우산 챙기세요",적합,주의,주의,적합,주의,24.35,16.829,74.3,8.275,8.561,0.107,13.033,24.786,0.051,0.012,0.002,0.354
11215,광진구,2024-05-27,90.8,90.8,아주좋음,실외 활동하기 아주 좋은 날씨예요,적합,주의,주의,적합,주의,23.411,14.368,63.4,9.754,0.0,0.0,10.131,27.376,0.051,0.012,0.002,0.368
11215,광진구,2024-05-28,92.4,92.4,아주좋음,실외 활동하기 아주 좋은 날씨예요,주의,적합,주의,적합,주의,26.036,13.989,54.8,8.132,0.0,0.0,7.125,17.699,0.048,0.017,0.002,0.317
11215,광진구,2024-05-29,90.6,90.6,아주좋음,실외 활동하기 아주 좋은 날씨예요,주의,적합,적합,적합,주의,27.561,14.775,51.6,6.579,0.0,0.0,11.771,25.65,0.057,0.025,0.003,0.38
11215,광진구,2024-05-30,95.0,95.0,아주좋음,실외 활동하기 아주 좋은 날씨예요,적합,적합,적합,적합,주의,24.821,15.943,49.1,4.296,0.0,0.0,15.161,29.321,0.054,0.032,0.003,0.448
11215,광진구,2024-05-31,92.0,92.0,아주좋음,실외 활동하기 아주 좋은 날씨예요,적합,적합,적합,적합,주의,25.796,15.968,60.0,7.925,0.071,0.036,13.55,25.588,0.06,0.019,0.003,0.353
11215,광진구,2024-06-01,92.3,92.3,아주좋음,실외 활동하기 아주 좋은 날씨예요,적합,주의,주의,적합,주의,25.8,17.136,61.3,8.246,0.018,0.0,13.691,29.1,0.051,0.011,0.002,0.327
11215,광진구,2024-06-02,91.3,91.3,아주좋음,실외 활동하기 아주 좋은 날씨예요,주의,적합,주의,적합,주의,26.522,15.293,51.9,8.678,0.0,0.0,9.861,21.772,0.058,0.011,0.003,0.309
11215,광진구,2024-06-03,90.2,90.2,아주좋음,실외 활동하기 아주 좋은 날씨예요,주의,적합,적합,적합,주의,28.355,15.259,47.4,6.807,0.0,0.0,7.165,15.447,0.052,0.014,0.002,0.292
11215,광진구,2024-06-04,88.4,88.4,아주좋음,실외 활동하기 아주 좋은 날씨예요,주의,주의,적합,적합,주의,29.352,15.811,42.1,6.474,0.0,0.0,8.546,19.202,0.056,0.017,0.002,0.297
11215,광진구,2024-06-05,85.0,85.0,아주좋음,실외 활동하기 아주 좋은 날씨예요,주의,주의,적합,적합,주의,30.431,17.286,53.9,5.957,0.0,0.0,21.898,40.035,0.084,0.029,0.003,0.432
11215,광진구,2024-06-06,82.1,82.1,좋음,실외 활동에 좋은 날씨예요,주의,주의,적합,적합,해로움,31.095,18.675,54.3,6.614,0.054,0.0,27.95,44.051,0.104,0.024,0.003,0.433
11215,광진구,2024-06-07,89.6,89.6,아주좋음,실외 활동하기 아주 좋은 날씨예요,주의,주의,적합,적합,주의,28.263,17.543,54.3,5.568,0.171,0.029,19.078,32.546,0.078,0.024,0.003,0.381
11215,광진구,2024-06-08,80.0,80.0,좋음,"실외 활동에 좋은 날씨예요 · 비 소식, 우산 챙기세요",적합,주의,적합,주의,주의,24.929,17.0,79.5,5.75,17.104,0.443,16.625,25.08,0.062,0.015,0.002,0.369
11215,광진구,2024-06-09,86.2,86.2,아주좋음,실외 활동하기 아주 좋은 날씨예요,주의,주의,적합,적합,주의,29.236,16.907,68.9,6.286,0.0,0.0,18.187,29.605,0.084,0.015,0.003,0.405
11215,광진구,2024-06-10,80.0,80.0,좋음,실외 활동에 좋은 날씨예요,주의,주의,적합,적합,해로움,31.438,18.311,66.3,6.811,0.0,0.0,28.139,48.137,0.096,0.02,0.003,0.493
11215,광진구,2024-06-11,78.8,78.8,좋음,실외 활동에 좋은 날씨예요 · 미세먼지 주의,주의,주의,적합,적합,해로움,31.855,20.696,62.4,6.85,0.0,0.0,36.063,61.006,0.1,0.018,0.003,0.491
11215,광진구,2024-06-12,78.7,78.7,좋음,실외 활동에 좋은 날씨예요,주의,주의,적합,적합,해로움,32.348,18.364,60.8,7.114,0.0,0.0,16.57,32.434,0.093,0.022,0.003,0.388
11215,광진구,2024-06-13,78.0,78.0,좋음,실외 활동에 좋은 날씨예요,주의,주의,적합,적합,주의,32.967,19.279,51.4,6.446,0.0,0.0,16.872,32.86,0.075,0.026,0.003,0.39
11215,광진구,2024-06-14,75.0,75.0,좋음,실외 활동에 좋은 날씨예요 · 더위 주의,해로움,주의,주의,적합,주의,33.337,20.229,56.0,8.521,0.0,0.0,20.575,36.058,0.084,0.025,0.004,0.385
11215,광진구,2024-06-15,83.8,83.8,좋음,실외 활동에 좋은 날씨예요,주의,주의,적합,적합,주의,28.414,20.389,72.3,5.957,4.861,0.182,18.565,27.016,0.041,0.015,0.003,0.327
11215,광진구,2024-06-16,82.9,82.9,좋음,실외 활동에 좋은 날씨예요,주의,주의,주의,적합,주의,30.112,19.1,58.4,8.046,0.0,0.0,12.918,23.235,0.059,0.012,0.003,0.331
11215,광진구,2024-06-17,82.8,82.8,좋음,실외 활동에 좋은 날씨예요,주의,주의,적합,적합,주의,30.535,17.857,48.4,7.471,0.0,0.0,11.487,22.514,0.067,0.022,0.003,0.342
11215,광진구,2024-06-18,77.6,77.6,좋음,실외 활동에 좋은 날씨예요,주의,주의,적합,적합,주의,32.735,19.136,59.5,6.893,0.0,0.0,14.53,27.506,0.078,0.023,0.003,0.353
11215,광진구,2024-06-19,55.0,71.4,주의,"⚠️ 폭염, 온열질환 주의 — 실외 활동에 주의하세요",해로움,해로움,적합,적합,해로움,35.886,20.361,54.3,5.539,0.0,0.0,26.222,43.123,0.141,0.026,0.004,0.452
11215,광진구,2024-06-20,55.0,72.6,주의,"⚠️ 폭염, 온열질환 주의 — 실외 활동에 주의하세요",해로움,해로움,적합,적합,해로움,35.122,22.175,45.1,6.079,0.0,0.0,27.956,43.414,0.113,0.027,0.004,0.472
11215,광진구,2024-06-21,74.6,74.6,좋음,실외 활동에 좋은 날씨예요 · 더위 주의,해로움,해로움,적합,적합,주의,33.686,21.85,49.8,7.125,0.0,0.0,22.39,38.153,0.089,0.029,0.004,0.429
11215,광진구,2024-06-22,79.2,79.2,좋음,"실외 활동에 좋은 날씨예요 · 비 소식, 우산 챙기세요",주의,해로움,적합,주의,주의,26.154,21.811,80.6,5.286,18.911,0.168,21.093,29.674,0.054,0.019,0.003,0.462
11215,광진구,2024-06-23,75.4,75.4,좋음,"실외 활동에 좋은 날씨예요 · 비 소식, 우산 챙기세요",주의,해로움,적합,적합,주의,30.33,21.686,79.5,7.957,6.789,0.107,9.127,16.356,0.049,0.009,0.002,0.346
11215,광진구,2024-06-24,84.1,84.1,좋음,실외 활동에 좋은 날씨예요,주의,주의,주의,적합,주의,28.751,20.696,70.4,8.071,0.125,0.0,19.384,53.45,0.068,0.015,0.002,0.385
11215,광진구,2024-06-25,88.0,88.0,아주좋음,실외 활동하기 아주 좋은 날씨예요,주의,주의,주의,적합,주의,27.4,19.15,61.9,9.107,0.0,0.0,8.666,21.441,0.056,0.014,0.003,0.312
11215,광진구,2024-06-26,80.9,80.9,좋음,실외 활동에 좋은 날씨예요,주의,주의,적합,적합,주의,31.509,18.243,61.0,6.529,0.0,0.0,12.769,25.617,0.074,0.02,0.003,0.36
11215,광진구,2024-06-27,82.0,82.0,좋음,실외 활동에 좋은 날씨예요,주의,주의,적합,적합,주의,31.101,19.761,55.0,5.107,0.0,0.0,16.858,31.803,0.084,0.027,0.003,0.414
11215,광진구,2024-06-28,76.8,76.8,좋음,실외 활동에 좋은 날씨예요,주의,주의,적합,적합,해로움,32.567,20.396,54.6,7.007,0.0,0.0,25.598,40.684,0.109,0.027,0.003,0.448
11215,광진구,2024-06-29,59.8,59.8,주의,"가벼운 실외 활동은 괜찮아요 — 비 많음, 우산 필수",주의,해로움,주의,주의,주의,32.193,21.093,65.1,8.768,31.832,0.739,19.979,30.577,0.077,0.018,0.003,0.412
11215,광진구,2024-06-30,67.3,67.3,무난,"실외 활동하기 무난해요 — 비 소식, 우산 챙기세요",주의,해로움,주의,주의,주의,26.082,21.918,88.5,11.389,29.418,0.568,12.24,20.713,0.049,0.009,0.002,0.336
11215,광진구,2024-07-01,80.0,80.0,좋음,실외 활동에 좋은 날씨예요,주의,해로움,적합,적합,주의,31.655,21.532,69.1,4.989,0.0,0.0,15.572,27.703,0.087,0.017,0.002,0.367
11215,광진구,2024-07-02,60.5,60.5,무난,"실외 활동하기 무난해요 — 비 많음, 우산 필수",적합,해로움,주의,해로움,주의,25.379,21.35,90.0,8.575,57.932,0.857,9.849,18.103,0.053,0.017,0.002,0.378
11215,광진구,2024-07-03,83.8,83.8,좋음,실외 활동에 좋은 날씨예요,주의,해로움,주의,적합,주의,26.964,23.368,80.3,9.318,1.136,0.043,15.721,27.595,0.06,0.013,0.002,0.421
11215,광진구,2024-07-04,72.1,72.1,좋음,실외 활동에 좋은 날씨예요,주의,해로움,주의,적합,주의,31.433,23.1,74.8,9.482,3.718,0.129,29.425,39.108,0.081,0.015,0.002,0.476
11215,광진구,2024-07-05,77.6,77.6,좋음,"실외 활동에 좋은 날씨예요 · 비 소식, 우산 챙기세요",주의,해로움,주의,적합,주의,26.796,21.057,80.5,12.693,5.575,0.118,11.167,19.715,0.065,0.015,0.002,0.436
11215,광진구,2024-07-06,70.9,70.9,좋음,실외 활동에 좋은 날씨예요,주의,해로움,주의,적합,주의,30.892,21.579,84.1,12.089,4.779,0.071,16.904,29.266,0.052,0.015,0.002,0.412
11215,광진구,2024-07-07,72.7,72.7,좋음,"실외 활동에 좋은 날씨예요 · 비 소식, 우산 챙기세요",주의,해로움,적합,주의,주의,28.582,21.107,85.1,6.146,19.096,0.957,12.999,21.898,0.058,0.012,0.002,0.423
11215,광진구,2024-07-08,76.0,76.0,좋음,"실외 활동에 좋은 날씨예요 · 비 소식, 우산 챙기세요",적합,해로움,적합,주의,주의,24.732,22.689,93.4,6.382,18.343,0.254,6.19,11.792,0.035,0.018,0.002,0.351
11215,광진구,2024-07-09,85.5,85.5,아주좋음,실외 활동하기 아주 좋은 날씨예요,주의,해로움,적합,적합,주의,26.836,22.257,86.9,6.814,1.011,0.007,9.041,16.445,0.034,0.018,0.002,0.366
11215,광진구,2024-07-10,72.0,72.0,좋음,"실외 활동에 좋은 날씨예요 · 비 소식, 우산 챙기세요",주의,해로움,적합,적합,주의,32.642,22.271,77.1,7.071,6.407,0.05,5.682,13.239,0.052,0.015,0.002,0.332
11215,광진구,2024-07-11,82.2,82.2,좋음,실외 활동에 좋은 날씨예요,주의,해로움,적합,적합,주의,29.639,22.539,79.6,6.136,0.0,0.0,25.181,36.581,0.082,0.02,0.003,0.482
11215,광진구,2024-07-12,82.6,82.6,좋음,실외 활동에 좋은 날씨예요,주의,해로움,적합,적합,주의,30.769,21.55,79.5,4.175,0.0,0.0,27.145,39.509,0.075,0.023,0.003,0.526
11215,광진구,2024-07-13,73.5,73.5,좋음,실외 활동에 좋은 날씨예요 · 더위 주의,해로움,해로움,적합,적합,해로움,33.905,22.904,70.0,6.143,0.089,0.0,38.201,50.068,0.081,0.018,0.003,0.563
11215,광진구,2024-07-14,75.2,75.2,좋음,실외 활동에 좋은 날씨예요,주의,해로움,적합,적합,주의,32.476,24.339,65.9,6.929,0.068,0.014,23.163,30.507,0.075,0.01,0.002,0.395
11215,광진구,2024-07-15,76.4,76.4,좋음,실외 활동에 좋은 날씨예요,주의,해로움,적합,적합,주의,32.477,24.13,64.6,6.23,0.232,0.0,6.143,12.374,0.053,0.014,0.002,0.32
11215,광진구,2024-07-16,68.1,68.1,무난,"실외 활동하기 무난해요 — 비 소식, 우산 챙기세요",주의,해로움,적합,주의,주의,31.247,23.833,78.4,7.259,16.5,0.261,7.203,13.761,0.044,0.015,0.002,0.345
11215,광진구,2024-07-17,54.0,54.0,주의,"가벼운 실외 활동은 괜찮아요 — 비 많음, 우산 필수",주의,해로움,주의,해로움,적합,29.359,23.257,91.6,9.682,68.118,2.261,4.555,11.854,0.022,0.013,0.002,0.294
11215,광진구,2024-07-18,45.4,45.4,주의,"⚠️ 호우, 침수·안전 주의 — 실외 활동에 주의하세요",주의,위험,주의,위험,적합,26.125,22.982,95.3,12.364,123.939,0.721,4.679,10.295,0.022,0.017,0.002,0.324
11215,광진구,2024-07-19,76.8,76.8,좋음,실외 활동에 좋은 날씨예요,주의,해로움,적합,적합,주의,32.137,23.693,80.1,6.168,0.325,0.004,16.286,24.766,0.063,0.016,0.002,0.378
11215,광진구,2024-07-20,64.2,64.2,무난,"실외 활동하기 무난해요 — 비 소식, 우산 챙기세요",주의,해로움,주의,주의,주의,31.25,24.482,80.4,10.746,16.729,0.493,9.112,16.297,0.046,0.011,0.002,0.317
11215,광진구,2024-07-21,67.0,67.0,무난,"실외 활동하기 무난해요 — 비 소식, 우산 챙기세요",주의,해로움,주의,적합,주의,30.945,22.582,83.6,13.432,8.036,0.15,9.131,19.281,0.056,0.009,0.002,0.285
11215,광진구,2024-07-22,55.1,55.1,주의,"가벼운 실외 활동은 괜찮아요 — 비 많음, 우산 필수",주의,해로움,주의,해로움,적합,28.642,24.143,89.0,12.393,52.55,1.15,6.063,14.437,0.029,0.011,0.002,0.278
11215,광진구,2024-07-23,77.8,77.8,좋음,실외 활동에 좋은 날씨예요,주의,해로움,주의,적합,적합,28.123,25.354,87.9,11.643,2.429,0.036,5.503,12.167,0.022,0.011,0.002,0.263
11215,광진구,2024-07-24,65.3,65.3,무난,"실외 활동하기 무난해요 — 비 소식, 우산 챙기세요",주의,위험,적합,주의,적합,32.448,25.268,85.0,7.411,15.4,0.443,6.354,15.231,0.022,0.012,0.002,0.283
11215,광진구,2024-07-25,60.0,60.0,무난,"실외 활동하기 무난해요 — 더위 주의, 비 소식, 우산 챙기세요",해로움,위험,주의,주의,주의,34.258,24.671,79.8,8.746,17.957,0.539,9.103,20.658,0.04,0.015,0.002,0.301
11215,광진구,2024-07-26,63.0,63.0,무난,"실외 활동하기 무난해요 — 더위 주의, 비 소식, 우산 챙기세요",해로움,위험,주의,주의,주의,34.129,24.718,81.9,9.546,10.411,0.179,8.09,15.951,0.03,0.015,0.002,0.294
11215,광진구,2024-07-27,61.5,61.5,무난,"실외 활동하기 무난해요 — 비 소식, 우산 챙기세요",주의,위험,적합,주의,적합,32.964,26.729,83.6,7.718,21.446,0.539,7.566,16.319,0.024,0.012,0.002,0.296
11215,광진구,2024-07-28,70.2,70.2,좋음,실외 활동에 좋은 날씨예요 · 더위 주의,해로움,위험,주의,적합,적합,33.489,26.961,76.0,10.493,0.018,0.0,6.643,17.293,0.02,0.007,0.002,0.252
11215,광진구,2024-07-29,80.8,80.8,좋음,실외 활동에 좋은 날씨예요,주의,해로움,주의,적합,적합,28.414,26.625,84.0,8.95,0.071,0.0,8.0,21.798,0.026,0.01,0.002,0.231
11215,광진구,2024-07-30,73.7,73.7,좋음,실외 활동에 좋은 날씨예요 · 더위 주의,해로움,위험,적합,적합,주의,33.075,26.271,78.8,6.911,0.0,0.0,12.143,25.096,0.053,0.013,0.002,0.266
11215,광진구,2024-07-31,72.7,72.7,좋음,실외 활동에 좋은 날씨예요 · 더위 주의,해로움,위험,적합,적합,주의,34.409,26.482,74.5,6.189,0.0,0.0,7.741,17.339,0.033,0.012,0.002,0.254
11215,광진구,2024-08-01,72.2,72.2,좋음,실외 활동에 좋은 날씨예요 · 더위 주의,해로움,위험,적합,적합,주의,34.231,27.064,75.5,6.039,0.082,0.011,9.088,19.558,0.04,0.012,0.002,0.275
11215,광진구,2024-08-02,71.8,71.8,좋음,실외 활동에 좋은 날씨예요 · 더위 주의,해로움,위험,적합,적합,주의,33.716,27.779,79.4,6.607,0.339,0.0,16.074,28.296,0.05,0.013,0.002,0.33
11215,광진구,2024-08-03,55.0,70.2,주의,"⚠️ 폭염, 온열질환 주의 — 실외 활동에 주의하세요",해로움,위험,적합,적합,주의,35.391,26.814,75.0,5.843,0.0,0.0,23.018,31.893,0.067,0.012,0.002,0.386
11215,광진구,2024-08-04,55.0,68.4,주의,"⚠️ 폭염, 온열질환 주의 — 실외 활동에 주의하세요",해로움,위험,적합,적합,주의,36.818,26.437,69.3,5.17,0.143,0.0,22.106,30.002,0.085,0.014,0.002,0.431
11215,광진구,2024-08-05,61.2,61.2,무난,"실외 활동하기 무난해요 — 더위 주의, 비 소식, 우산 챙기세요",해로움,위험,적합,주의,주의,34.954,25.907,75.5,7.982,13.475,0.029,21.42,29.171,0.068,0.017,0.002,0.405
11215,광진구,2024-08-06,71.4,71.4,좋음,실외 활동에 좋은 날씨예요 · 더위 주의,해로움,위험,적합,적합,주의,34.169,24.975,74.8,5.504,2.143,0.0,9.88,17.566,0.062,0.018,0.002,0.357
11215,광진구,2024-08-07,68.2,68.2,무난,"실외 활동하기 무난해요 — 더위 주의, 비 소식, 우산 챙기세요",해로움,위험,적합,적합,주의,34.3,25.521,72.0,6.5,5.425,0.121,11.442,19.313,0.048,0.016,0.002,0.321
11215,광진구,2024-08-08,75.2,75.2,좋음,"실외 활동에 좋은 날씨예요 · 비 소식, 우산 챙기세요",주의,위험,적합,적합,주의,32.024,25.496,77.5,4.782,5.571,0.0,13.623,21.065,0.046,0.017,0.002,0.325
11215,광진구,2024-08-09,70.8,70.8,좋음,실외 활동에 좋은 날씨예요 · 더위 주의,해로움,위험,적합,적합,주의,34.762,24.893,74.1,5.707,2.339,0.0,18.622,28.465,0.071,0.019,0.002,0.365
11215,광진구,2024-08-10,72.0,72.0,좋음,실외 활동에 좋은 날씨예요 · 더위 주의,해로움,위험,적합,적합,주의,34.69,25.646,70.8,5.325,0.0,0.0,23.69,33.112,0.073,0.018,0.003,0.41
11215,광진구,2024-08-11,71.4,71.4,좋음,실외 활동에 좋은 날씨예요 · 더위 주의,해로움,위험,적합,적합,주의,34.976,26.886,67.8,5.393,0.0,0.0,21.489,28.739,0.06,0.013,0.002,0.363
11215,광진구,2024-08-12,55.0,69.8,주의,"⚠️ 폭염, 온열질환 주의 — 실외 활동에 주의하세요",해로움,위험,적합,적합,주의,35.339,27.164,70.5,5.386,0.589,0.0,19.02,27.682,0.07,0.018,0.003,0.353
11215,광진구,2024-08-13,55.0,62.8,주의,"⚠️ 폭염, 온열질환 주의 — 실외 활동에 주의하세요",해로움,위험,적합,적합,주의,36.955,27.136,70.0,7.441,6.268,0.0,17.114,26.172,0.067,0.017,0.002,0.361
11215,광진구,2024-08-14,55.0,63.7,주의,"⚠️ 폭염, 온열질환 주의 — 실외 활동에 주의하세요",해로움,위험,주의,적합,주의,36.836,26.632,73.0,8.211,3.589,0.107,16.612,25.282,0.075,0.02,0.002,0.377
11215,광진구,2024-08-15,55.0,68.2,주의,"⚠️ 폭염, 온열질환 주의 — 실외 활동에 주의하세요",해로움,위험,적합,적합,주의,35.717,26.104,74.6,6.729,2.229,0.218,15.517,23.174,0.07,0.015,0.002,0.35
11215,광진구,2024-08-16,55.0,71.2,주의,"⚠️ 폭염, 온열질환 주의 — 실외 활동에 주의하세요",해로움,위험,적합,적합,주의,35.679,26.464,69.4,5.504,0.0,0.0,14.307,22.37,0.064,0.017,0.002,0.348
11215,광진구,2024-08-17,55.0,67.1,주의,"⚠️ 폭염, 온열질환 주의 — 실외 활동에 주의하세요",해로움,위험,적합,적합,주의,35.671,26.743,71.0,6.918,2.982,0.393,14.805,22.3,0.075,0.015,0.002,0.355
11215,광진구,2024-08-18,55.0,68.0,주의,"⚠️ 폭염, 온열질환 주의 — 실외 활동에 주의하세요",해로움,위험,적합,적합,주의,35.199,26.325,73.8,7.025,3.571,0.0,14.071,20.406,0.067,0.011,0.002,0.343
11215,광진구,2024-08-19,55.0,67.3,주의,"⚠️ 폭염, 온열질환 주의 — 실외 활동에 주의하세요",해로움,위험,적합,적합,주의,36.523,25.796,72.3,6.982,1.35,0.082,17.151,25.955,0.074,0.018,0.002,0.402
11215,광진구,2024-08-20,55.0,68.0,주의,"⚠️ 폭염, 온열질환 주의 — 실외 활동에 주의하세요",해로움,위험,적합,적합,주의,36.311,26.643,68.3,6.593,0.018,0.0,17.413,25.574,0.06,0.016,0.003,0.348
11215,광진구,2024-08-21,55.0,55.0,주의,"가벼운 실외 활동은 괜찮아요 — 비 많음, 우산 필수",주의,위험,주의,주의,주의,31.375,26.35,85.9,9.321,41.882,0.525,5.982,13.805,0.032,0.012,0.002,0.281
11215,광진구,2024-08-22,72.0,72.0,좋음,실외 활동에 좋은 날씨예요,주의,위험,주의,적합,주의,31.281,26.575,79.9,10.639,1.807,0.018,5.78,16.408,0.034,0.011,0.002,0.284
11215,광진구,2024-08-23,73.8,73.8,좋음,실외 활동에 좋은 날씨예요,주의,해로움,적합,적합,주의,32.864,25.414,73.5,7.043,0.268,0.0,20.289,29.946,0.075,0.017,0.002,0.433
11215,광진구,2024-08-24,72.2,72.2,좋음,"실외 활동에 좋은 날씨예요 · 비 소식, 우산 챙기세요",주의,해로움,적합,적합,주의,32.258,24.586,78.8,6.021,6.339,0.054,30.139,39.87,0.074,0.018,0.002,0.537
11215,광진구,2024-08-25,73.0,73.0,좋음,실외 활동에 좋은 날씨예요 · 더위 주의,해로움,위험,적합,적합,주의,33.471,24.479,76.6,5.57,1.75,0.0,29.2,38.171,0.079,0.015,0.003,0.537
11215,광진구,2024-08-26,76.3,76.3,좋음,실외 활동에 좋은 날씨예요,주의,해로움,적합,적합,주의,31.87,24.829,77.8,4.77,2.393,0.0,27.185,37.494,0.057,0.023,0.003,0.54
11215,광진구,2024-08-27,81.6,81.6,좋음,실외 활동에 좋은 날씨예요,주의,해로움,적합,적합,주의,30.533,23.993,69.8,5.968,0.207,0.011,12.647,22.86,0.037,0.018,0.003,0.403
11215,광진구,2024-08-28,74.7,74.7,좋음,실외 활동에 좋은 날씨예요 · 더위 주의,해로움,해로움,적합,적합,주의,33.951,22.614,62.1,6.529,0.0,0.0,7.608,14.624,0.051,0.014,0.002,0.331
11215,광진구,2024-08-29,73.8,73.8,좋음,실외 활동에 좋은 날씨예요 · 더위 주의,해로움,해로움,적합,적합,주의,33.725,23.182,61.0,7.846,0.0,0.0,4.498,10.486,0.045,0.012,0.002,0.296
11215,광진구,2024-08-30,74.7,74.7,좋음,실외 활동에 좋은 날씨예요 · 더위 주의,해로움,해로움,적합,적합,주의,33.88,23.407,64.0,6.718,0.0,0.0,6.698,15.679,0.047,0.015,0.002,0.324
11215,광진구,2024-08-31,76.1,76.1,좋음,실외 활동에 좋은 날씨예요 · 더위 주의,해로움,해로움,적합,적합,주의,33.548,22.329,65.6,5.375,0.0,0.0,19.558,37.095,0.077,0.015,0.003,0.411
11215,광진구,2024-09-01,78.4,78.4,좋음,실외 활동에 좋은 날씨예요,주의,해로움,적합,적합,주의,32.082,23.439,64.9,6.496,0.0,0.0,20.263,30.753,0.069,0.013,0.003,0.431
11215,광진구,2024-09-02,85.7,85.7,아주좋음,실외 활동하기 아주 좋은 날씨예요,주의,주의,적합,적합,주의,27.354,21.596,73.6,6.493,1.543,0.071,12.142,20.627,0.041,0.018,0.003,0.399
11215,광진구,2024-09-03,79.7,79.7,좋음,실외 활동에 좋은 날씨예요,주의,주의,적합,적합,주의,32.182,22.932,54.5,6.943,0.0,0.0,5.231,13.62,0.054,0.014,0.002,0.309
11215,광진구,2024-09-04,77.4,77.4,좋음,실외 활동에 좋은 날씨예요 · 더위 주의,해로움,해로움,적합,적합,주의,33.269,22.821,61.4,5.55,0.0,0.0,10.38,20.729,0.077,0.018,0.003,0.36
11215,광진구,2024-09-05,73.1,73.1,좋음,"실외 활동에 좋은 날씨예요 · 비 소식, 우산 챙기세요",주의,해로움,적합,적합,주의,29.404,24.461,79.1,7.943,9.461,0.168,13.306,24.657,0.065,0.018,0.003,0.384
11215,광진구,2024-09-06,86.4,86.4,아주좋음,실외 활동하기 아주 좋은 날씨예요,적합,주의,적합,적합,주의,25.368,22.386,79.3,6.389,2.9,0.011,7.886,16.603,0.03,0.016,0.002,0.38
11215,광진구,2024-09-07,79.2,79.2,좋음,실외 활동에 좋은 날씨예요,주의,해로움,적합,적합,주의,31.852,22.254,68.9,5.082,0.0,0.0,14.025,23.643,0.084,0.016,0.002,0.409
