shot_id,match_id,team,opponent,player,period,minute,second,shot_x,shot_y,shot_dist_to_goal_m,xg,outcome,is_goal,shot_type,body_part,first_time,under_pressure,play_pattern,attack_start_x,attack_start_y,attack_start_type,attack_duration_s,n_pass,n_carry,x_progression,goal_dist_gain,progression_speed,last_pass_type,last_pass_x,last_pass_y,attack_path,has_360_frame,n_tracked_360,n_defenders_ff,nearest_def_dist_m,def_within_1m,def_within_2m,def_within_3m,def_in_box,def_between_ball_goal,teammates_in_box,gk_x,gk_y,gk_dist_from_goalline_m,gk_lateral_offset_m,attack_type
473df22f-d159-4416-a5ce-62838698ea12,3857276,Canada,Morocco,Mark Anthony Kaye,1,2,5,96.5,40.7,21.5,0.038882375,Blocked,0,Open Play,Left Foot,True,True,Regular Play,69.3,13.7,Pass,11,3,2,27.2,33.6,2.47,cutback,103.1,51.1,half_space,True,20,11,0.94,1,1,2,8,3,4,118.5,39.1,1.37,0.82,cutback
13b63722-8099-4cdf-818a-d2df3036a633,3857276,Morocco,Canada,Hakim Ziyech,1,3,29,83.9,45.0,33.32,0.024477394,Goal,1,Open Play,Left Foot,True,False,From Throw In,87.0,4.7,Pressure,46,1,0,-3.1,11.9,-0.07,,,,central,True,8,6,10.68,0,0,0,0,1,0,96.0,39.2,21.95,0.73,other
19f400ea-038a-458b-a26a-2a6137a71583,3857276,Morocco,Canada,Abdelhamid Sabiri,1,8,18,86.8,38.4,30.39,0.02207015,Blocked,0,Free Kick,Right Foot,False,False,From Free Kick,86.8,38.4,Shot,0,0,0,0.0,0.0,,,,,central,True,20,11,9.05,0,0,0,1,4,0,119.0,41.3,0.91,1.19,set_piece
06924724-9654-4c47-a906-2e4c55b1155f,3857276,Morocco,Canada,Sofiane Boufal,1,9,9,107.0,48.3,14.1,0.06158555,Wayward,0,Open Play,Left Foot,False,False,From Corner,120.0,80.0,Pass,4,0,1,-13.0,24.6,-3.25,,,,central,True,18,10,1.12,0,1,1,9,4,5,118.9,42.0,1.01,1.83,other
ac8b083c-950f-4978-8497-8f60b4b4fe6d,3857276,Canada,Morocco,Tajon Buchanan,1,14,7,113.3,34.9,7.7,0.27914461,Off T,0,Open Play,Right Foot,True,False,From Counter,16.1,69.7,Pass,12,4,5,97.2,99.6,8.1,central_pass,100.8,61.9,half_space,False,0,7,3.21,0,0,0,5,1,1,116.4,37.6,3.29,2.19,fast_counter
5c5a5090-a0eb-47cf-bc78-fd124cb45f43,3857276,Morocco,Canada,Hakim Ziyech,1,15,6,97.5,54.0,24.23,0.022624016,Off T,0,Open Play,Left Foot,False,False,From Goal Kick,7.0,44.1,Pass,31,10,9,90.5,86.6,2.92,central_pass,39.4,39.2,central,True,12,8,1.93,0,1,1,6,1,3,118.5,42.6,1.37,2.38,central_penetration
fa3e211a-da39-4edb-af18-f1c34dd09874,3857276,Morocco,Canada,Youssef En-Nesyri,1,22,36,107.6,53.2,16.56,0.10405799,Goal,1,Open Play,Right Foot,False,False,From Throw In,63.3,80.0,Pass,24,6,6,44.3,51.3,1.85,through_ball,39.0,79.2,wide,True,5,4,0.91,1,1,2,3,1,0,117.0,43.7,2.74,3.38,central_penetration
c250176b-5f51-4bfc-8fb0-5ecb47352fe2,3857276,Morocco,Canada,Abdelhamid Sabiri,1,32,45,107.9,34.2,12.27,0.09711841,Blocked,0,Open Play,Right Foot,True,False,Regular Play,27.6,29.0,Duel,29,10,9,80.3,79.6,2.77,central_pass,104.2,41.3,central,True,13,8,1.27,0,1,1,8,3,2,118.1,37.9,1.74,1.92,central_penetration
650fa4d8-6a8d-4340-a0e2-1268ca085d4b,3857276,Morocco,Canada,Youssef En-Nesyri,1,47,18,106.8,46.7,13.54,0.094470315,Wayward,0,Open Play,Right Foot,True,False,From Free Kick,80.9,75.7,Pass,3,0,0,25.9,38.1,8.63,,,,central,True,15,10,4.0,0,0,0,9,2,4,119.0,42.1,0.91,1.92,other
4d310ca7-0c38-46f7-8d2d-2b695968dd56,3857276,Canada,Morocco,Alphonso Davies,2,57,6,105.1,41.2,13.67,0.051903803,Off T,0,Open Play,Left Foot,True,False,Regular Play,39.8,33.8,Duel,11,3,3,65.3,65.5,5.94,cross,96.1,68.4,wide,True,10,6,2.33,0,0,1,6,2,1,117.9,41.5,1.92,1.37,fast_counter
fffd8564-9064-427c-900c-f59a8163f4ca,3857276,Canada,Morocco,Atiba Hutchinson,2,70,55,112.2,37.7,7.44,0.086874224,Post,0,Open Play,Head,False,True,From Corner,120.0,80.0,Pass,2,1,0,-7.8,31.9,-3.9,cutback,120.0,80.0,wide,True,18,11,0.55,1,3,3,10,1,5,116.7,38.8,3.02,1.1,cutback
c8a3baeb-6a18-4b13-a1ba-07bd5b1f9bc5,3857276,Canada,Morocco,Alistair Johnston,2,70,57,118.8,41.6,1.83,0.638813,Off T,0,Open Play,Head,False,True,From Corner,120.0,80.0,Pass,4,1,0,-1.2,38.0,-0.3,,,,central,True,15,9,0.52,1,3,4,9,1,5,120.0,39.3,0.0,0.64,other
4f45c801-4bd5-448e-b985-5d23fd737fbd,3857271,England,Iran,Harry Maguire,1,7,15,115.4,29.4,10.57,0.23307544,Off T,0,Open Play,Left Foot,True,False,From Free Kick,73.9,55.6,Pass,4,1,1,41.5,37.1,10.38,,,,half_space,True,17,11,3.56,0,0,0,10,0,3,115.8,38.8,3.84,1.1,fast_counter
743254c2-073c-4f7b-a0af-c0a6304c36d5,3857271,England,Iran,Bukayo Saka,1,26,58,101.1,55.3,22.24,0.028282227,Saved,0,Open Play,Left Foot,False,False,Regular Play,63.3,17.7,Interception,9,1,2,37.8,36.6,4.2,central_pass,85.9,20.9,half_space,True,16,10,2.01,0,0,2,7,2,2,117.7,41.9,2.1,1.74,central_penetration
8f88956e-94ff-460b-afdd-570963d6759a,3857271,England,Iran,Mason Mount,1,29,8,113.4,49.1,10.28,0.06697492,Off T,0,Open Play,Right Foot,True,False,From Free Kick,47.9,69.0,Pass,66,21,19,65.5,66.5,0.99,cross,113.6,68.0,wide,True,15,10,1.13,0,1,1,7,1,2,117.6,43.8,2.19,3.47,wide_cross
e32629f1-a105-440c-8bfa-fdfebd076f4a,3857271,England,Iran,Harry Maguire,1,31,47,110.5,40.7,8.71,0.06988547,Post,0,Open Play,Head,False,True,From Corner,120.0,80.0,Pass,2,1,0,-9.5,30.5,-4.75,cutback,120.0,80.0,wide,True,18,11,0.78,1,1,1,9,1,4,119.0,39.8,0.91,0.18,cutback
09a3d7a3-983e-4c01-a8c1-2b1db7169647,3857271,England,Iran,Jude Bellingham,1,34,9,112.0,38.0,7.54,0.08285139,Goal,1,Open Play,Head,False,True,Regular Play,18.6,65.8,Pass,68,17,14,93.4,96.4,1.37,cross,109.9,6.6,wide,True,15,9,0.93,1,2,2,9,2,4,117.0,38.7,2.74,1.19,wide_cross
c9bdb7ab-5b37-4fea-a46b-5969a3563175,3857271,England,Iran,Bukayo Saka,1,42,46,104.1,38.5,14.6,0.061030492,Goal,1,Open Play,Left Foot,True,False,From Corner,120.0,0.1,Pass,3,2,0,-15.9,23.9,-5.3,cutback,107.0,47.4,central,True,19,11,1.58,0,1,1,10,4,5,117.8,39.9,2.01,0.09,cutback
d47018bb-61d6-425b-ab3c-fa5982a27e05,3857271,England,Iran,Raheem Sterling,1,45,17,111.0,42.8,8.62,0.1885282,Goal,1,Open Play,Right Foot,True,False,Regular Play,45.8,23.0,Ball Recovery,27,7,8,65.2,66.7,2.41,cross,107.2,61.9,half_space,True,10,7,2.43,0,0,1,6,1,1,118.1,41.7,1.74,1.55,wide_cross
eb275892-7c32-45cf-b985-aaaa70f0abe3,3857271,Iran,England,Alireza Jahanbakhsh,1,55,4,106.4,48.8,14.81,0.11232807,Off T,0,Open Play,Right Foot,True,False,Regular Play,64.5,42.4,Ball Recovery,9,2,2,41.9,39.4,4.66,cross,102.6,13.2,wide,True,11,7,4.04,0,0,0,7,1,2,117.9,42.4,1.92,2.19,fast_counter
be726f9e-21ea-4db2-b188-92a93bf619c8,3857271,England,Iran,Kieran Trippier,2,50,11,93.9,27.7,26.38,0.042866398,Blocked,0,Free Kick,Right Foot,False,False,From Free Kick,93.9,27.7,Shot,0,0,0,0.0,0.0,,,,,half_space,True,20,11,8.23,0,0,0,11,4,4,119.1,40.3,0.82,0.27,set_piece
f756b2e3-e4d6-4732-af47-f7a7b53bbe18,3857271,England,Iran,Luke Shaw,2,58,56,97.9,25.1,24.37,0.021548782,Blocked,0,Open Play,Left Foot,True,False,From Free Kick,38.7,17.3,Pass,24,8,6,59.2,57.8,2.47,,,,half_space,True,14,9,3.81,0,0,0,5,3,2,116.7,37.8,3.02,2.01,slow_possession
e71b5d22-1492-45e0-b17a-e377d30e6cf4,3857271,Iran,England,Saeid Ezatolahi Afagh,2,60,16,83.8,35.5,33.36,0.0065368367,Off T,0,Open Play,Right Foot,False,False,Regular Play,57.5,16.5,Pass,8,2,2,26.3,30.3,3.29,central_pass,85.0,35.5,central,True,16,10,7.78,0,0,0,1,1,0,117.6,39.8,2.19,0.18,central_penetration
828aa0c6-95dc-422f-aaa5-fd201e3a5ad9,3857271,England,Iran,Bukayo Saka,2,61,26,105.3,46.3,14.62,0.080026746,Goal,1,Open Play,Left Foot,False,False,Regular Play,57.4,16.4,Pass,11,2,4,47.9,50.9,4.35,,,,central,True,13,8,2.21,0,0,1,7,2,3,116.0,42.3,3.66,2.1,fast_counter
4e3dddd6-1001-4bca-a950-fe89f59cea25,3857271,Iran,England,Mehdi Taremi,2,64,33,109.7,48.0,11.93,0.065701395,Goal,1,Open Play,Right Foot,True,True,From Throw In,97.9,80.0,Pass,18,6,4,11.8,32.7,0.66,central_pass,99.0,61.7,half_space,True,16,10,1.12,0,1,2,6,1,2,116.7,43.8,3.02,3.47,central_penetration
e78cbb4c-63d2-4368-8396-0e0acdf33e29,3857271,Iran,England,Mehdi Torabi,2,69,3,103.5,32.3,16.65,0.045791544,Blocked,0,Open Play,Right Foot,False,False,From Throw In,9.7,80.0,Pass,42,7,8,93.8,99.1,2.23,cutback,105.5,23.1,half_space,True,15,9,2.09,0,0,2,9,3,4,117.4,37.7,2.38,2.1,cutback
98df5d37-d8a0-49e5-af23-7e0605e1ee65,3857271,Iran,England,Ahmad Nourollahi,2,69,5,97.8,34.8,20.85,0.028478073,Off T,0,Open Play,Left Foot,True,False,From Throw In,9.7,80.0,Pass,44,7,8,88.1,94.5,2.0,,,,central,True,15,9,3.94,0,0,0,9,3,4,118.2,39.0,1.65,0.91,other
eb01f465-08f6-4adf-a1b8-865127b41a97,3857271,England,Iran,Marcus Rashford,2,70,51,109.7,47.7,11.76,0.40810898,Goal,1,Open Play,Left Foot,False,False,From Goal Kick,7.0,44.1,Pass,24,3,3,102.7,100.2,4.28,central_pass,82.9,38.7,central,True,11,7,4.11,0,0,0,5,1,2,115.3,44.4,4.3,4.02,central_penetration
ba04a55e-9bc0-464d-820f-d32c9f35d18f,3857271,Iran,England,Mehdi Taremi,2,76,20,105.1,54.6,19.08,0.06202265,Off T,0,Open Play,Right Foot,True,True,From Counter,53.0,39.1,Pass,5,2,1,52.1,46.1,10.42,central_pass,56.4,46.1,central,True,4,3,1.51,0,1,1,2,1,0,114.2,45.4,5.3,4.94,fast_counter
f220150c-38d7-4456-b5ef-5bf0e70a001e,3857271,England,Iran,Marcus Rashford,2,83,5,108.6,50.7,14.3,0.0776978,Blocked,0,Open Play,Left Foot,False,False,Regular Play,69.1,72.6,Pass,75,22,20,39.5,44.8,0.53,central_pass,59.4,33.1,central,True,15,9,2.79,0,0,1,8,2,4,117.6,43.6,2.19,3.29,central_penetration
0ae88f68-f153-4cfc-8fdc-68ae1c5c17b8,3857271,England,Iran,Jack Grealish,2,89,1,112.0,39.9,7.32,0.6262809,Goal,1,Open Play,Right Foot,True,False,From Free Kick,64.2,36.9,Pass,86,35,24,47.8,47.9,0.56,cutback,113.1,53.0,half_space,True,7,4,3.76,0,0,0,3,1,2,114.9,49.0,4.66,8.23,cutback
d1394538-2cec-4547-904f-a529be2af46d,3857271,Iran,England,Sardar Azmoun,2,97,41,110.9,30.5,12.03,0.35130003,Saved to Post,0,Open Play,Right Foot,False,False,Regular Play,76.7,9.1,Pass,6,3,3,34.2,40.0,5.7,through_ball,73.7,13.6,wide,True,6,4,4.15,0,0,0,3,1,0,115.6,35.4,4.02,4.21,central_penetration
364fa937-c38a-4c40-b659-5e2c369263bd,3857296,Croatia,Belgium,Ivan Perišić,1,0,8,102.9,23.8,21.54,0.03397081,Off T,0,Open Play,Right Foot,False,False,From Kick Off,60.0,40.0,Pass,8,4,4,42.9,36.4,5.36,central_pass,55.3,44.7,central,True,13,9,2.22,0,0,1,5,1,2,118.6,37.2,1.28,2.56,fast_counter
e5643de5-fddc-4ce4-88b5-3cb0e3b7ef31,3857296,Belgium,Croatia,Yannick Ferreira Carrasco,1,9,7,105.3,27.8,17.47,0.05519996,Blocked,0,Open Play,Right Foot,False,False,From Free Kick,65.1,40.0,Pass,38,14,13,40.2,35.8,1.06,central_pass,77.3,26.3,half_space,True,17,10,1.31,0,3,3,7,3,3,118.8,38.0,1.1,1.83,central_penetration
e2fdd559-20ee-4568-938b-e0fc4f20d432,3857296,Belgium,Croatia,Yannick Ferreira Carrasco,1,10,51,117.0,29.2,10.25,0.020840297,Blocked,0,Open Play,Right Foot,False,False,From Free Kick,29.6,66.1,Pass,32,11,9,87.4,82.9,2.73,cross,111.1,59.4,half_space,True,14,8,3.91,0,0,0,8,2,3,119.0,35.2,0.91,4.39,wide_cross
dfa7a03f-d353-42b6-8eab-0b3c773cab85,3857296,Belgium,Croatia,Dries Mertens,1,12,56,105.2,33.9,14.64,0.1934709,Off T,0,Open Play,Right Foot,True,True,From Counter,29.9,44.9,Pass,9,3,2,75.3,74.2,8.37,through_ball,89.7,51.2,half_space,True,10,7,1.65,0,1,1,4,1,1,117.1,39.5,2.65,0.46,fast_counter
c6a6c1cf-85c6-4f3e-981e-9a08db6494ba,3857296,Belgium,Croatia,Axel Witsel,1,24,50,92.7,34.9,25.39,0.025340356,Blocked,0,Open Play,Right Foot,False,False,Regular Play,45.6,59.2,Pass,62,18,18,47.1,49.1,0.76,cutback,105.1,22.6,half_space,True,18,10,2.29,0,0,1,7,4,5,119.2,39.6,0.73,0.37,cutback
acb70d12-2cb8-447a-804b-a2f037965fb8,3857296,Croatia,Belgium,Marcelo Brozović,1,32,19,99.8,36.6,18.73,0.054300383,Blocked,0,Open Play,Left Foot,False,False,From Throw In,108.5,0.1,Pass,28,8,6,-8.7,21.0,-0.31,cutback,102.8,22.1,half_space,True,18,10,1.07,0,1,2,5,2,4,118.4,39.2,1.46,0.73,cutback
254222dc-6a4a-4e76-8062-a3a8747ae9ca,3857296,Croatia,Belgium,Marko Livaja,1,32,28,112.2,42.5,7.49,0.104244776,Off T,0,Open Play,Head,False,True,From Throw In,108.5,0.1,Pass,37,10,7,3.7,33.3,0.1,cross,110.2,4.1,wide,True,14,9,0.83,2,2,2,5,1,1,119.0,40.5,0.91,0.46,wide_cross
e2c8f9fc-08c1-4988-8ec5-49b55a0c299d,3857296,Belgium,Croatia,Dries Mertens,1,41,14,116.9,49.2,8.88,0.108029366,Wayward,0,Open Play,Left Foot,True,False,Regular Play,70.5,20.0,Pass,69,28,24,46.4,43.7,0.67,cross,118.2,57.2,half_space,True,15,10,2.75,0,0,1,9,1,3,119.0,44.1,0.91,3.75,wide_cross
b677a42f-dd8c-4931-baca-5a2bcf0c8c8d,3857296,Croatia,Belgium,Borna Sosa,1,44,42,94.9,25.7,26.41,0.024362085,Off T,0,Open Play,Left Foot,False,False,Regular Play,5.2,38.7,Ball Recovery,55,13,9,89.7,85.9,1.63,central_pass,91.9,50.1,half_space,True,20,11,2.96,0,0,1,5,1,1,118.7,38.4,1.19,1.46,central_penetration
6d173e6f-fc09-488e-95bc-bd7c0866dc78,3857296,Croatia,Belgium,Ivan Perišić,1,48,47,108.5,38.0,10.67,0.08771692,Wayward,0,Open Play,Head,False,False,From Throw In,89.6,0.1,Pass,18,8,4,18.9,38.5,1.05,cross,113.4,65.6,wide,True,12,9,1.47,0,1,1,6,1,1,119.2,39.8,0.73,0.18,wide_cross
60f6f1bb-756e-46f6-831e-e805defb3b0c,3857296,Croatia,Belgium,Josip Juranović,1,48,56,103.1,51.5,18.69,0.041306578,Off T,0,Open Play,Right Foot,True,False,From Throw In,89.6,0.1,Pass,27,8,5,13.5,29.7,0.5,,,,half_space,True,17,10,4.72,0,0,0,8,3,4,118.3,42.2,1.55,2.01,slow_possession
526a8e99-85bc-4561-a695-0158650da5f7,3857296,Belgium,Croatia,Yannick Ferreira Carrasco,2,47,54,100.9,28.3,20.48,0.026916144,Wayward,0,Open Play,Left Foot,True,False,From Corner,120.0,80.0,Pass,3,0,0,-19.1,17.6,-6.37,,,,half_space,True,19,11,7.32,0,0,0,11,5,6,119.0,38.1,0.91,1.74,other
d3eea860-3d7b-4234-aa28-b83d35f1f927,3857296,Belgium,Croatia,Romelu Lukaku Menama,2,48,2,117.5,34.2,5.78,0.1189759,Saved,0,Open Play,Head,False,True,From Corner,120.0,80.0,Pass,11,2,2,-2.5,33.7,-0.23,cross,117.5,63.8,wide,True,20,11,0.65,2,2,2,10,1,5,119.5,37.0,0.46,2.74,wide_cross
7f4067cb-9208-4cae-81ec-961e8ffea634,3857296,Croatia,Belgium,Mateo Kovačić,2,49,15,103.9,29.2,17.73,0.07960723,Saved,0,Open Play,Right Foot,False,False,From Keeper,7.2,41.2,Pass,59,18,15,96.7,93.4,1.64,central_pass,96.0,35.2,central,True,15,10,2.18,0,0,2,5,1,1,118.0,38.2,1.83,1.65,central_penetration
4799713f-dd43-4ede-a5c6-b2ea63f69933,3857296,Croatia,Belgium,Borna Sosa,2,49,54,94.7,35.3,23.53,0.024012579,Off T,0,Open Play,Left Foot,False,False,From Corner,120.0,0.1,Pass,8,3,3,-25.3,14.2,-3.16,,,,central,True,20,11,5.28,0,0,0,8,3,4,118.8,39.8,1.1,0.18,other
bcf52ea6-b0d3-4575-9758-ddbb8f479712,3857296,Belgium,Croatia,Kevin De Bruyne,2,50,38,100.9,32.5,18.76,0.048855886,Off T,0,Open Play,Left Foot,False,True,From Goal Kick,6.0,36.0,Pass,37,12,10,94.9,93.6,2.56,cutback,107.1,28.0,half_space,True,16,9,2.31,0,0,1,8,3,3,118.9,38.1,1.01,1.74,cutback
51790588-987a-4e63-b965-b90098c5ebb9,3857296,Croatia,Belgium,Marcelo Brozović,2,53,8,100.6,37.7,17.86,0.10219261,Saved,0,Open Play,Left Foot,True,True,Regular Play,22.8,27.8,Pass,73,18,15,77.8,78.4,1.07,central_pass,100.8,31.0,central,True,16,10,1.19,0,1,1,6,2,4,118.8,39.7,1.1,0.27,central_penetration
41a28fd2-7a6d-4d11-ab36-662edf29c124,3857296,Croatia,Belgium,Luka Modrić,2,53,42,105.6,52.9,17.68,0.071706615,Saved,0,Open Play,Left Foot,False,True,From Throw In,111.9,0.1,Pass,26,10,8,-6.3,21.4,-0.24,central_pass,95.1,53.7,half_space,True,16,9,1.32,0,1,1,8,1,2,118.9,42.5,1.01,2.29,central_penetration
4d24c4b6-efe8-4170-b8ed-e96e7f386697,3857296,Belgium,Croatia,Yannick Ferreira Carrasco,2,59,47,112.8,36.3,7.4,0.09935363,Blocked,0,Open Play,Right Foot,False,False,From Keeper,5.0,37.7,Goal Keeper,46,13,14,107.8,106.9,2.34,central_pass,83.3,41.7,central,True,10,7,1.13,0,2,4,5,2,2,115.4,36.8,4.21,2.93,central_penetration
6ffaa2e9-dde1-4e99-b913-008e8f6c8b0e,3857296,Belgium,Croatia,Romelu Lukaku Menama,2,59,49,110.7,45.1,9.7,0.19960539,Post,0,Open Play,Right Foot,True,True,From Keeper,5.0,37.7,Goal Keeper,48,13,14,105.7,104.4,2.2,,,,central,True,12,7,3.15,0,0,0,6,2,3,115.3,42.2,4.3,2.01,slow_possession
90fa222e-7214-4251-907e-4c13dea0e5bc,3857296,Belgium,Croatia,Romelu Lukaku Menama,2,61,50,113.1,42.1,6.6,0.30245224,Off T,0,Open Play,Head,False,False,Regular Play,82.6,37.7,Ball Recovery,37,11,9,30.5,30.3,0.82,,,,central,True,13,8,1.24,0,1,2,8,0,3,113.4,36.1,6.04,3.57,slow_possession
e9af7197-0724-4ef3-b17e-07da8e6cac98,3857296,Croatia,Belgium,Luka Modrić,2,67,9,106.7,39.0,12.2,0.07160131,Saved,0,Open Play,Right Foot,False,False,From Free Kick,46.3,44.6,Pass,47,14,14,60.4,60.5,1.29,cross,116.0,24.7,half_space,True,15,9,1.43,0,1,2,9,2,3,118.9,40.3,1.01,0.27,wide_cross
e96a5916-d1e2-4b7d-9a7f-b103be833574,3857296,Belgium,Croatia,Kevin De Bruyne,2,68,11,111.9,60.4,20.07,0.0061408128,Saved,0,Open Play,Right Foot,True,True,From Goal Kick,6.0,36.0,Pass,15,4,2,105.9,92.1,7.06,other,93.4,70.6,wide,True,14,9,1.02,0,1,1,5,1,2,119.1,43.9,0.82,3.57,other
aa3fc28f-fc81-42e2-834e-3ae8e92a0da0,3857296,Belgium,Croatia,Jan Vertonghen,2,77,41,112.6,36.5,7.49,0.07045005,Blocked,0,Open Play,Head,False,True,From Corner,120.0,80.0,Pass,2,1,0,-7.4,31.8,-3.7,cutback,120.0,80.0,wide,True,18,11,0.65,1,1,3,11,4,4,119.4,39.3,0.55,0.64,cutback
52099583-c849-48ca-9e9e-ea2569525622,3857296,Belgium,Croatia,Thomas Meunier,2,86,9,110.5,53.1,14.8,0.04308796,Blocked,0,Open Play,Right Foot,True,False,From Corner,120.0,80.0,Pass,60,10,11,-9.5,23.8,-0.16,,,,half_space,True,15,9,4.83,0,0,0,7,3,4,119.1,43.5,0.82,3.2,slow_possession
14cf62a1-a8b4-48d8-b7cd-1ff6d1356524,3857296,Belgium,Croatia,Romelu Lukaku Menama,2,86,9,115.5,43.8,5.39,0.4909717,Off T,0,Open Play,Left Foot,False,False,From Corner,120.0,80.0,Pass,60,10,11,-4.5,34.1,-0.07,,,,central,True,15,9,1.68,0,2,2,7,1,4,119.0,42.9,0.91,2.65,slow_possession
5078e0df-5e43-4742-956a-45fd5c985eaf,3857296,Belgium,Croatia,Romelu Lukaku Menama,2,89,41,117.4,37.3,3.43,0.5721495,Saved,0,Open Play,Other,False,False,Regular Play,22.5,60.1,Duel,27,5,7,94.9,95.8,3.51,cross,115.7,56.3,half_space,True,17,10,1.23,0,1,1,10,1,2,117.3,43.1,2.47,2.83,wide_cross
6480e222-737c-4aed-b197-531c094e9437,3857274,Netherlands,Ecuador,Cody Mathès Gakpo,1,5,3,100.6,31.0,19.56,0.059259485,Goal,1,Open Play,Left Foot,False,False,From Throw In,55.7,80.0,Pass,18,4,4,44.9,54.3,2.49,central_pass,96.6,26.8,half_space,True,15,8,1.88,0,1,2,4,2,0,115.0,37.6,4.57,2.19,central_penetration
ff1a53d0-f872-4616-8507-eff81ff4f55f,3857274,Ecuador,Netherlands,Enner Remberto Valencia Lastra,1,10,39,107.0,30.0,15.0,0.062208217,Blocked,0,Open Play,Left Foot,True,False,From Free Kick,75.1,22.5,Pass,11,4,2,31.9,31.8,2.9,cross,118.5,26.0,half_space,True,15,9,4.39,0,0,0,9,5,5,118.6,38.0,1.28,1.83,wide_cross
42373685-6982-43c1-900a-effd6f2a52ac,3857274,Ecuador,Netherlands,Moisés Isaac Caicedo Corozo,1,23,32,94.8,37.9,23.12,0.030668529,Blocked,0,Open Play,Right Foot,False,False,From Throw In,19.9,80.0,Pass,17,1,4,74.9,82.5,4.41,,,,central,True,13,8,3.66,0,0,0,6,3,3,118.3,39.4,1.55,0.55,other
6bcbde54-278e-4ad6-a4b4-b8a2297b48b3,3857274,Ecuador,Netherlands,Michael Steveen Estrada Martínez,1,26,56,112.1,34.6,8.75,0.069653474,Wayward,0,Open Play,Left Foot,True,False,Regular Play,72.3,57.2,Pass,17,5,5,39.8,41.1,2.34,cross,117.3,13.5,wide,True,12,9,2.56,0,0,2,7,1,2,117.9,37.7,1.92,2.1,wide_cross
6e57cb5e-fe39-4d22-ab15-155340299c5e,3857274,Ecuador,Netherlands,Enner Remberto Valencia Lastra,1,31,53,100.6,23.5,23.29,0.029882463,Saved,0,Open Play,Right Foot,False,False,Regular Play,48.0,60.5,Pass,12,3,3,52.6,49.4,4.38,central_pass,64.2,54.4,half_space,True,10,7,2.49,0,0,1,5,1,2,117.0,38.0,2.74,1.83,fast_counter
02351ac9-8032-4e32-a23a-3700c1017f02,3857274,Ecuador,Netherlands,Enner Remberto Valencia Lastra,1,46,49,110.2,47.9,11.51,0.024015462,Blocked,0,Open Play,Head,False,True,From Free Kick,86.0,12.4,Pass,2,1,0,24.2,31.2,12.1,cross,86.0,12.4,wide,True,19,11,1.01,0,2,3,9,2,6,116.5,43.6,3.2,3.29,wide_cross
3e2667b7-6f4a-496d-9cb3-e8efa5f6515a,3857274,Ecuador,Netherlands,Angelo Smit Preciado Quiñónez,1,47,48,100.6,54.0,21.88,0.022953799,Blocked,0,Open Play,Right Foot,True,True,From Corner,120.0,80.0,Pass,2,0,0,-19.4,16.1,-9.7,,,,half_space,True,20,11,0.82,1,1,1,10,4,7,119.1,42.4,0.82,2.19,other
871c42ca-7750-4de7-93af-f8b750a8e61e,3857274,Ecuador,Netherlands,Pervis Josué Estupiñán Tenorio,1,47,49,112.0,44.1,8.22,0.18923391,Wayward,0,Open Play,Left Foot,False,False,From Corner,120.0,80.0,Pass,3,0,0,-8.0,31.0,-2.67,,,,central,False,0,11,3.04,0,0,0,10,1,7,118.5,42.3,1.37,2.1,other
ce31638e-77ff-4769-9fd0-6493ea1e5fbe,3857274,Ecuador,Netherlands,Pervis Josué Estupiñán Tenorio,2,48,43,105.8,28.7,16.59,0.08083876,Saved,0,Open Play,Left Foot,False,False,Regular Play,76.0,38.9,Duel,5,2,2,29.8,25.9,5.96,central_pass,80.8,34.6,central,True,11,6,3.24,0,0,0,4,2,1,116.9,37.1,2.83,2.65,central_penetration
d53ccaf1-0307-4067-946b-d514978dfae2,3857274,Ecuador,Netherlands,Enner Remberto Valencia Lastra,2,48,44,116.0,38.1,4.05,0.790909,Goal,1,Open Play,Right Foot,True,False,From Counter,76.0,38.9,Duel,6,2,2,40.0,39.6,6.67,,,,central,True,11,6,1.23,0,1,1,6,0,4,116.9,37.1,2.83,2.65,fast_counter
606e5dca-fb45-4582-8bc4-b6527ccf65ab,3857274,Ecuador,Netherlands,Enner Remberto Valencia Lastra,2,58,46,102.0,37.5,16.62,0.09564507,Blocked,0,Open Play,Right Foot,True,False,From Throw In,88.7,80.0,Pass,16,3,2,13.3,32.6,0.83,cross,117.5,72.7,wide,True,14,8,4.99,0,0,0,5,2,3,117.3,40.8,2.47,0.73,wide_cross
94f9aa5a-82d1-4ae7-b3ff-122032190f11,3857274,Ecuador,Netherlands,Gonzalo Jordy Plata Jiménez,2,58,48,104.2,52.6,18.48,0.046335444,Post,0,Open Play,Left Foot,False,False,From Throw In,88.7,80.0,Pass,18,3,3,15.5,30.6,0.86,,,,half_space,True,14,9,4.09,0,0,0,7,3,2,118.0,42.2,1.83,2.01,other
480e1191-458e-4d33-af33-5c6fdf422fe0,3857274,Ecuador,Netherlands,Michael Steveen Estrada Martínez,2,63,19,105.1,38.0,13.75,0.13418972,Wayward,0,Open Play,Left Foot,True,True,Regular Play,15.4,42.5,Ball Recovery,34,3,3,89.7,89.6,2.64,cross,111.0,18.4,half_space,True,12,8,1.04,0,1,1,5,1,1,117.3,38.4,2.47,1.46,wide_cross
9d22d858-2313-4003-bf87-035723948feb,3857274,Netherlands,Ecuador,Teun Koopmeiners,2,65,12,96.5,40.9,21.5,0.04520454,Off T,0,Open Play,Left Foot,True,False,Regular Play,64.0,43.9,Pass,75,21,18,32.5,32.6,0.43,central_pass,101.3,41.4,central,True,15,9,2.95,0,0,1,3,2,2,115.8,39.6,3.84,0.37,central_penetration
dccdd639-c6b9-4faf-a07e-274f8cbb07d2,3857274,Ecuador,Netherlands,Moisés Isaac Caicedo Corozo,2,72,33,103.2,29.4,18.16,0.03323832,Blocked,0,Open Play,Right Foot,False,True,Regular Play,83.0,14.2,Ball Recovery,7,1,1,20.2,25.2,2.89,,,,half_space,True,16,10,2.21,0,0,2,8,2,2,118.0,38.4,1.83,1.46,high_turnover
d9fc9b92-3403-4914-a4e2-356a1e2ff527,3857274,Ecuador,Netherlands,Angelo Smit Preciado Quiñónez,2,80,21,95.3,57.9,27.89,0.007451811,Off T,0,Open Play,Right Foot,True,False,From Corner,120.0,0.1,Pass,4,0,0,-24.7,9.4,-6.17,,,,half_space,True,19,11,4.38,0,0,0,10,4,6,117.9,41.1,1.92,1.01,other
f4222a25-6e19-4f82-a028-9b485e226ccd,3857274,Ecuador,Netherlands,Angelo Smit Preciado Quiñónez,2,91,54,98.9,38.2,19.36,0.033830326,Saved,0,Open Play,Head,False,False,From Throw In,102.8,0.1,Pass,3,2,0,-3.9,22.3,-1.3,cutback,105.1,20.6,half_space,True,14,9,2.75,0,0,1,6,2,3,117.6,38.7,2.19,1.19,cutback
82468ec3-39a3-4a2a-8876-f7444e4d18d6,3857255,Spain,Japan,Sergio Busquets i Burgos,1,6,3,97.0,46.1,21.76,0.03268242,Off T,0,Open Play,Left Foot,False,False,Regular Play,69.8,75.1,Pass,198,54,58,27.2,37.5,0.14,,,,central,True,18,10,3.86,0,0,0,8,4,6,118.5,40.7,1.37,0.64,slow_possession
06f800a8-83c4-4024-a82e-c6fc0b33af5e,3857255,Japan,Spain,Junya Ito,1,7,12,114.0,53.5,13.51,0.04214545,Off T,0,Open Play,Right Foot,False,False,Regular Play,105.0,25.1,Pass,9,3,2,9.0,6.4,1.0,central_pass,103.3,44.1,central,True,15,9,2.11,0,0,1,9,1,5,118.7,44.4,1.19,4.02,central_penetration
9c33b0de-c433-49e8-980d-cd5eff16f5d0,3857255,Spain,Japan,Álvaro Borja Morata Martín,1,8,52,109.9,35.6,10.07,0.06376064,Saved,0,Open Play,Head,False,False,From Corner,120.0,0.1,Pass,5,4,1,-10.1,28.9,-2.02,cross,103.1,9.1,wide,True,20,11,1.37,0,2,3,8,1,4,119.1,39.2,0.82,0.73,wide_cross
9b897300-f3b0-4bdf-bbb4-a3a31cbe616d,3857255,Spain,Japan,Álvaro Borja Morata Martín,1,11,0,115.3,38.3,4.57,0.33106714,Goal,1,Open Play,Head,False,True,Regular Play,31.5,19.2,Ball Recovery,110,30,38,83.8,85.9,0.76,central_pass,98.6,60.9,half_space,True,14,11,0.75,1,2,2,8,1,3,119.3,39.5,0.64,0.46,central_penetration
91c0f01d-e57d-456a-ad9d-eaa9974a9728,3857255,Spain,Japan,Álvaro Borja Morata Martín,1,22,34,104.7,51.6,17.56,0.10093839,Saved,0,Open Play,Right Foot,True,False,Regular Play,28.4,75.5,Duel,53,16,14,76.3,79.0,1.44,,,,half_space,True,10,7,1.02,0,1,1,3,1,0,116.6,43.0,3.11,2.74,slow_possession
5d9ae612-b0f2-4e38-ad91-1bca50a5c65b,3857255,Japan,Spain,Daichi Kamada,1,35,50,107.0,54.5,17.81,0.03356069,Blocked,0,Open Play,Right Foot,False,False,Regular Play,56.6,5.4,Duel,52,17,18,50.4,52.8,0.97,,,,half_space,True,16,9,2.46,0,0,1,6,2,2,118.1,43.0,1.74,2.74,slow_possession
e0173ae5-f487-4d33-8543-dbfe98355b39,3857255,Spain,Japan,Daniel Olmo Carvajal,1,41,54,102.8,35.2,16.33,0.10385344,Blocked,0,Open Play,Right Foot,False,False,From Goal Kick,7.0,36.1,Pass,121,31,31,95.8,95.2,0.79,central_pass,92.0,34.1,central,True,15,9,1.23,0,1,2,5,1,1,117.0,38.9,2.74,1.01,central_penetration
bc946af5-84cd-4f04-a439-78394d428a5a,3857255,Japan,Spain,Ritsu Doan,2,47,48,100.5,55.8,22.95,0.027777622,Goal,1,Open Play,Left Foot,False,False,Regular Play,93.0,70.1,Pass,4,1,3,7.5,15.3,1.88,other,93.0,70.1,wide,True,15,8,3.28,0,0,0,6,1,2,118.0,42.1,1.83,1.92,other
62233fb1-7200-49ca-aa10-948d071008f0,3857255,Japan,Spain,Ao Tanaka,2,50,14,118.7,40.2,1.2,0.87261814,Goal,1,Open Play,Other,False,False,From Free Kick,25.6,10.6,Pass,13,5,2,93.1,97.6,7.16,cutback,120.0,32.4,central,True,15,9,0.91,1,1,2,9,1,4,120.0,37.6,0.0,2.19,cutback
0e9861a9-0c0f-4398-ba07-9b56b5696d97,3857255,Japan,Spain,Takuma Asano,2,69,50,100.5,36.3,18.15,0.13121767,Off T,0,Open Play,Right Foot,True,False,From Counter,36.0,15.8,Interception,7,1,1,64.5,67.6,9.21,other,89.0,4.9,wide,True,7,6,2.17,0,0,1,1,1,0,115.5,38.9,4.11,1.01,fast_counter
c1c5d527-034b-44f2-8b75-627ddf38dc88,3857255,Spain,Japan,Marco Asensio Willemsen,2,73,12,104.8,23.5,20.51,0.016301522,Blocked,0,Open Play,Left Foot,False,False,From Throw In,100.0,80.0,Pass,48,17,18,4.8,22.3,0.1,other,94.1,13.1,wide,True,19,11,1.76,0,1,1,6,2,1,118.2,37.3,1.65,2.47,slow_possession
4c5377bd-6c6a-4e50-b475-6fea2a226c95,3857255,Spain,Japan,Daniel Olmo Carvajal,2,79,18,86.3,46.3,31.35,0.01649772,Blocked,0,Open Play,Right Foot,False,False,From Throw In,91.6,80.0,Pass,65,23,22,-5.3,14.8,-0.08,central_pass,85.3,22.8,half_space,True,17,11,2.89,0,0,1,3,1,0,117.9,40.3,1.92,0.27,central_penetration
526ba5d5-9a4a-4eb6-8703-2e38c0b4e3a5,3857255,Japan,Spain,Ko Itakura,2,82,21,104.0,39.0,14.66,0.0504811,Saved,0,Open Play,Head,False,False,From Free Kick,91.9,10.8,Pass,1,1,0,12.1,24.5,12.1,cross,91.9,10.8,wide,True,17,11,1.8,0,1,2,5,1,3,118.5,39.7,1.37,0.27,wide_cross
c0d1a79f-f6c7-46a5-a8d7-e78d77573103,3857255,Spain,Japan,Marco Asensio Willemsen,2,84,30,96.8,52.1,23.93,0.02842248,Blocked,0,Open Play,Left Foot,False,False,Regular Play,25.5,33.6,Duel,51,15,16,71.3,68.6,1.4,central_pass,96.9,52.2,half_space,True,20,11,1.53,0,1,1,8,1,3,118.6,41.6,1.28,1.46,central_penetration
1ffc5e2a-e9bd-437e-8ef2-f8a715e4b132,3857255,Spain,Japan,Jordi Alba Ramos,2,88,28,97.9,27.0,23.45,0.0241939,Blocked,0,Open Play,Right Foot,False,False,From Throw In,95.4,80.0,Pass,111,30,29,2.5,21.3,0.02,,,,half_space,True,18,11,2.75,0,0,1,6,2,2,118.4,37.7,1.46,2.1,slow_possession
3f03f538-4d45-4190-8de2-2ad65dd0663a,3857255,Spain,Japan,Marco Asensio Willemsen,2,88,49,94.8,61.9,30.53,0.007735879,Saved,0,Open Play,Left Foot,False,False,From Throw In,95.4,80.0,Pass,132,34,35,-0.6,13.6,-0.0,central_pass,76.5,51.3,half_space,True,18,11,3.56,0,0,0,5,2,3,118.6,41.1,1.28,1.01,central_penetration
1280d6dd-09c8-485c-9fbd-371ac8726d57,3857255,Spain,Japan,Daniel Olmo Carvajal,2,89,8,111.0,52.0,13.72,0.12373556,Saved,0,Open Play,Right Foot,True,False,From Throw In,95.4,80.0,Pass,151,39,39,15.6,32.0,0.1,through_ball,103.8,42.5,central,True,16,10,1.38,0,1,1,8,1,2,118.0,44.1,1.83,3.75,central_penetration
596f1016-203d-4a69-b0dc-daa09029b504,3857255,Spain,Japan,Daniel Olmo Carvajal,2,95,29,94.2,57.0,28.25,0.008523117,Off T,0,Open Play,Right Foot,False,False,From Throw In,34.5,0.1,Pass,62,21,18,59.7,63.5,0.96,central_pass,84.7,42.0,central,True,19,11,2.38,0,0,1,4,2,0,118.0,41.3,1.83,1.19,central_penetration
f87e24a7-0494-4695-ba45-b9c27ee14946,3857272,England,United States,Harry Kane,1,9,11,108.9,42.6,10.42,0.10607713,Blocked,0,Open Play,Right Foot,True,False,From Throw In,93.4,80.0,Pass,30,13,9,15.5,36.6,0.52,cutback,113.6,53.5,half_space,True,13,8,2.19,0,0,1,8,2,4,118.1,41.7,1.74,1.55,cutback
c0e30aed-d026-4957-8d78-509ab472e2bc,3857272,England,United States,John Stones,1,9,56,109.2,38.6,9.96,0.04222343,Wayward,0,Open Play,Head,False,True,From Corner,120.0,80.0,Pass,2,1,0,-10.8,29.1,-5.4,cutback,120.0,80.0,wide,True,17,11,0.92,1,2,3,11,3,5,119.0,40.1,0.91,0.09,cutback
2cf5b76c-b4b9-4a61-b368-7328525e6a16,3857272,England,United States,Mason Mount,1,10,8,94.2,27.2,26.34,0.019677445,Off T,0,Open Play,Right Foot,True,False,From Corner,120.0,80.0,Pass,14,1,5,-25.8,11.2,-1.84,,,,half_space,True,19,11,8.92,0,0,0,11,3,5,118.3,38.8,1.55,1.1,other
aa485bed-2e34-45a2-aa2b-82368fadefed,3857272,United States,England,Haji Wright,1,16,3,108.1,43.9,11.45,0.048006557,Off T,0,Open Play,Head,False,True,Regular Play,3.1,40.1,Ball Recovery,21,4,4,105.0,104.4,5.0,central_pass,93.2,60.9,half_space,True,14,9,1.07,0,1,1,7,2,2,118.3,40.9,1.55,0.82,central_penetration
f599adfa-210a-4a2a-9e72-13132f299650,3857272,United States,England,Weston McKennie,1,25,7,110.5,39.5,8.7,0.18268152,Off T,0,Open Play,Right Foot,True,False,From Free Kick,30.5,17.4,Pass,55,15,16,80.0,82.8,1.45,cross,104.4,70.0,wide,True,17,10,3.2,0,0,0,7,1,3,118.7,41.0,1.19,0.91,wide_cross
cd7df5a3-11c8-41d0-9ca5-ef6feea55964,3857272,United States,England,Yunus Dimoara Musah,1,28,6,93.0,25.1,28.2,0.016826272,Saved,0,Open Play,Right Foot,False,False,From Free Kick,39.6,53.5,Pass,47,15,13,53.4,50.7,1.14,cutback,105.0,11.7,wide,True,17,10,5.18,0,0,0,6,3,2,117.6,37.8,2.19,2.01,cutback
36012a73-04ec-4435-bb86-ee1e77355d2a,3857272,United States,England,Christian Pulisic,1,32,7,106.4,24.4,18.92,0.023374733,Post,0,Open Play,Left Foot,False,False,Regular Play,53.3,63.3,Duel,16,2,3,53.1,50.0,3.32,central_pass,96.9,39.3,central,True,14,9,0.98,1,1,2,9,2,3,117.2,36.3,2.56,3.38,central_penetration
f0fff306-21ef-46ac-be68-450af71b5cc5,3857272,United States,England,Sergino Dest,1,40,40,108.6,51.2,14.61,0.056137927,Blocked,0,Open Play,Left Foot,False,False,From Throw In,56.4,80.0,Pass,9,3,2,52.2,59.2,5.8,other,73.7,78.6,wide,True,10,6,1.63,0,1,1,6,2,3,116.8,42.9,2.93,2.65,fast_counter
6aa8c0c8-9918-4e7d-9a45-6865e641a875,3857272,United States,England,Christian Pulisic,1,42,11,110.0,42.8,9.5,0.05394238,Off T,0,Open Play,Head,False,True,From Throw In,74.5,0.1,Pass,33,11,9,35.5,50.1,1.08,cross,99.2,70.0,wide,True,16,10,0.97,1,2,3,8,1,3,118.4,40.4,1.46,0.37,wide_cross
39d896cf-f401-446a-8977-b0a1b81d522a,3857272,England,United States,Bukayo Saka,1,44,16,113.2,36.1,7.17,0.08680134,Off T,0,Open Play,Left Foot,True,True,From Throw In,51.5,80.0,Pass,33,10,11,61.7,71.5,1.87,cross,116.8,25.3,half_space,True,14,9,0.94,1,1,2,9,3,3,118.2,36.4,1.65,3.29,wide_cross
e88f5744-6bea-4a45-8192-3ab30fba9225,3857272,England,United States,Mason Mount,1,45,26,100.1,32.9,19.32,0.0710417,Saved,0,Open Play,Right Foot,True,False,Regular Play,50.0,3.6,Pass,18,6,4,50.1,57.8,2.78,,,,central,True,10,7,1.49,0,1,2,2,1,0,114.4,37.3,5.12,2.47,other
5a869d53-76fe-41ac-83e0-39907f59bcd9,3857272,United States,England,Haji Wright,2,48,15,106.5,28.3,16.34,0.0422633,Blocked,0,Open Play,Right Foot,False,False,From Counter,37.9,15.4,Ball Recovery,10,1,2,68.6,67.8,6.86,other,74.5,9.7,wide,True,12,8,1.88,0,1,1,6,2,2,117.0,36.9,2.74,2.83,fast_counter
612549e8-1e30-47c5-94dc-00aa93818c47,3857272,United States,England,Weston McKennie,2,48,18,99.2,53.9,22.88,0.032319076,Off T,0,Open Play,Right Foot,False,False,Regular Play,37.9,15.4,Ball Recovery,13,1,3,61.3,60.7,4.72,,,,half_space,True,14,9,7.48,0,0,0,7,2,3,116.4,42.9,3.29,2.65,other
e2546cad-946c-42d7-809f-71b8feb565c7,3857272,United States,England,Christian Pulisic,2,57,51,98.8,24.7,23.91,0.025169194,Blocked,0,Open Play,Right Foot,False,False,Regular Play,72.7,20.2,Pass,50,11,11,26.1,25.1,0.52,other,81.3,1.1,wide,True,11,7,0.84,1,1,1,5,2,0,118.6,37.0,1.28,2.74,slow_possession
be0a885b-0523-4ed4-99ca-fdd4121209d5,3857272,United States,England,Christian Pulisic,2,61,54,95.3,40.1,22.59,0.033566043,Blocked,0,Open Play,Left Foot,False,False,From Corner,120.0,0.1,Pass,80,13,11,-24.7,15.2,-0.31,central_pass,91.4,51.9,half_space,True,16,10,0.92,1,1,1,2,2,0,116.2,40.1,3.47,0.09,central_penetration
3e1d3da1-96d0-4420-ba9c-dd49658072d5,3857272,England,United States,Marcus Rashford,2,86,43,105.3,20.7,22.18,0.009332121,Saved,0,Open Play,Right Foot,False,False,From Throw In,55.0,0.1,Pass,26,6,9,50.3,52.0,1.93,central_pass,96.9,23.6,half_space,True,16,11,2.58,0,0,1,9,2,3,118.4,37.3,1.46,2.47,central_penetration
ab3fd1ea-a8c3-487b-a32a-07d0b7603ff2,3857272,England,United States,Harry Maguire,2,90,50,109.9,37.5,9.51,0.05556727,Saved,0,Open Play,Head,False,True,From Corner,120.0,80.0,Pass,2,1,0,-10.1,29.6,-5.05,cutback,120.0,80.0,wide,True,18,11,0.91,1,1,1,11,1,5,119.3,40.0,0.64,0.0,cutback
654f8fdc-223a-4074-9ac3-bf5ccbd27083,3857272,England,United States,Harry Kane,2,92,51,111.2,40.8,8.08,0.06991791,Off T,0,Open Play,Head,False,True,From Free Kick,92.2,13.5,Pass,2,1,0,19.0,29.6,9.5,cross,92.2,13.5,wide,True,20,11,0.98,1,3,4,10,1,5,119.0,40.0,0.91,0.0,wide_cross
28e9322f-9f3e-4c71-b494-d1729585f4fb,3857278,United States,Iran,Yunus Dimoara Musah,1,8,38,100.5,38.2,17.91,0.045798708,Off T,0,Open Play,Left Foot,False,False,From Free Kick,70.0,11.7,Pass,24,4,5,30.5,37.9,1.27,,,,central,True,18,10,4.38,0,0,0,9,4,5,118.7,39.0,1.19,0.91,other
519a5012-c032-4962-bc66-7b72b7533891,3857278,United States,Iran,Christian Pulisic,1,10,32,110.1,35.6,9.91,0.080380306,Saved,0,Open Play,Head,False,True,From Free Kick,9.0,70.3,Pass,37,7,5,101.1,104.2,2.73,central_pass,88.0,61.1,half_space,True,13,9,0.59,1,1,1,5,1,2,118.6,39.2,1.28,0.73,central_penetration
c5d602ac-a87c-4561-8a46-d0320eb62e7b,3857278,United States,Iran,Joshua Sargent,1,27,8,99.0,32.1,20.52,0.040954046,Blocked,0,Open Play,Right Foot,False,False,From Corner,120.0,0.1,Pass,33,4,6,-21.0,17.5,-0.64,central_pass,80.7,26.9,half_space,True,16,10,2.41,0,0,1,3,2,1,117.2,38.7,2.56,1.19,central_penetration
bec32e0c-42b3-4387-8ef5-3f5fb13ee5cb,3857278,United States,Iran,Timothy Weah,1,27,10,109.7,35.9,10.14,0.12157792,Saved,0,Open Play,Head,False,False,From Corner,120.0,0.1,Pass,35,4,6,-10.3,28.8,-0.29,,,,central,True,14,9,2.38,0,0,2,8,1,1,118.4,39.0,1.46,0.91,other
6148cab2-e64c-44ec-b397-cdc3c33bbbb9,3857278,United States,Iran,Sergino Dest,1,29,16,101.3,48.2,18.67,0.05512647,Blocked,0,Open Play,Left Foot,False,False,Regular Play,31.9,30.8,Ball Recovery,59,10,12,69.4,68.2,1.18,other,83.5,75.5,wide,True,15,9,0.79,1,1,1,6,1,2,118.2,42.4,1.65,2.19,slow_possession
aad598e1-48e0-4035-a905-96f8614dd026,3857278,United States,Iran,Timothy Weah,1,32,45,108.7,54.1,16.52,0.04585104,Off T,0,Open Play,Right Foot,True,False,From Throw In,92.9,80.0,Pass,14,6,5,15.8,30.2,1.13,cutback,116.8,55.8,half_space,True,16,10,1.73,0,1,1,9,2,3,118.9,43.4,1.01,3.11,cutback
e3b647a1-3b4c-4b02-89f5-fedb8ae83755,3857278,United States,Iran,Sergino Dest,1,36,0,102.0,50.5,19.05,0.043695714,Blocked,0,Open Play,Right Foot,True,False,From Corner,120.0,80.0,Pass,3,1,0,-18.0,19.2,-6.0,cutback,120.0,80.0,wide,True,19,10,0.58,1,1,1,10,4,6,118.1,40.8,1.74,0.73,cutback
7b3d45a1-1640-4268-b448-10d784498599,3857278,United States,Iran,Christian Pulisic,1,37,49,115.1,38.7,4.64,0.5303789,Goal,1,Open Play,Right Foot,True,False,Regular Play,42.4,63.9,Ball Recovery,31,11,9,72.7,76.1,2.35,cross,111.7,58.6,half_space,True,16,9,1.1,0,1,2,6,1,3,118.6,41.6,1.28,1.46,wide_cross
2d521fe0-2d37-4bfb-9db4-a0c6b9959173,3857278,United States,Iran,Joshua Sargent,1,41,31,114.2,56.9,16.34,0.011004616,Wayward,0,Open Play,Right Foot,False,False,Regular Play,39.8,54.3,Ball Recovery,12,4,4,74.4,63.6,6.2,other,66.8,16.6,wide,True,12,8,1.78,0,1,1,6,1,1,118.5,44.5,1.37,4.11,fast_counter
402f4792-19bd-479a-840a-3d7f6a802da7,3857278,United States,Iran,Joshua Sargent,2,46,45,110.0,25.2,16.33,0.05674209,Saved,0,Open Play,Left Foot,True,False,Regular Play,14.0,26.0,Ball Recovery,32,9,9,96.0,89.1,3.0,through_ball,80.5,23.2,half_space,True,13,8,1.01,0,1,1,5,1,1,118.2,36.1,1.65,3.57,central_penetration
59597c3f-d84d-467b-a791-46d9ffd85032,3857278,Iran,United States,Saman Ghoddos,2,51,11,114.1,38.7,5.52,0.39133456,Off T,0,Open Play,Head,False,True,From Throw In,45.0,0.1,Pass,40,14,12,69.1,78.9,1.73,cross,109.8,76.5,wide,True,12,7,0.61,1,1,1,6,1,1,118.8,40.6,1.1,0.55,wide_cross
8b5ef54e-6498-4577-a84b-73391001783c,3857278,United States,Iran,Yunus Dimoara Musah,2,68,45,97.0,43.3,21.25,0.080397844,Off T,0,Free Kick,Right Foot,False,False,From Free Kick,97.0,43.3,Shot,0,0,0,0.0,0.0,,,,,central,True,20,11,7.78,0,0,0,11,3,6,118.1,40.8,1.74,0.73,set_piece
3f1dc4fc-97b1-4780-a60e-a1869374a02c,3857278,Iran,United States,Saeid Ezatolahi Afagh,2,69,53,90.8,21.8,31.46,0.006830182,Off T,0,Open Play,Right Foot,False,False,From Throw In,105.7,0.1,Pass,22,6,3,-14.9,8.0,-0.68,other,95.8,8.8,wide,True,17,10,5.05,0,0,0,5,1,3,117.0,38.5,2.74,1.37,other
3e001ba1-eb31-4eac-93f6-b830ce2ef39d,3857278,Iran,United States,Morteza Pouraliganji,2,92,28,111.0,35.6,9.16,0.21722858,Off T,0,Open Play,Head,False,True,From Free Kick,100.6,8.3,Pass,1,1,0,10.4,27.1,10.4,cross,100.6,8.3,wide,True,18,11,1.02,0,1,1,11,1,6,117.5,38.1,2.29,1.74,wide_cross
75c5c6de-a765-4e21-ad34-f85fbe75a705,3857278,Iran,United States,Mehdi Taremi,2,97,53,111.1,39.5,8.15,0.30539662,Saved,0,Open Play,Left Foot,True,False,From Free Kick,50.2,27.3,Pass,32,7,6,60.9,62.0,1.9,central_pass,101.2,52.9,half_space,True,12,7,0.84,1,2,2,6,1,2,112.0,39.7,7.32,0.27,central_penetration
5994da52-68c1-4f92-9588-c2085766ca21,3857278,United States,Iran,Haji Wright,2,99,26,105.1,23.9,20.06,0.057746947,Saved,0,Open Play,Left Foot,True,False,Regular Play,21.1,51.1,Pass,10,3,1,84.0,77.6,8.4,central_pass,78.1,34.4,central,True,9,6,4.97,0,0,0,3,1,0,114.6,34.3,4.94,5.21,fast_counter
58d90922-71f3-410a-bc38-8f5c2019b615,3857277,Morocco,Croatia,Noussair Mazraoui,1,6,59,96.9,32.0,22.35,0.026111592,Blocked,0,Open Play,Right Foot,False,True,Regular Play,59.7,60.0,Pass,38,9,11,37.2,39.1,0.98,,,,central,True,16,10,1.87,0,1,1,6,3,3,118.7,39.2,1.19,0.73,slow_possession
dcadf5ce-e3d0-422d-a78c-d3d694e5bf65,3857277,Morocco,Croatia,Hakim Ziyech,1,12,48,101.9,43.3,16.82,0.052363984,Blocked,0,Open Play,Left Foot,False,False,Regular Play,58.7,42.9,Duel,38,9,10,43.2,43.0,1.14,cutback,111.5,54.1,half_space,True,14,9,1.47,0,1,2,5,2,3,118.7,40.8,1.19,0.73,cutback
bf3be226-4745-41c9-a03c-33e426012eb3,3857277,Croatia,Morocco,Ivan Perišić,1,16,13,82.9,33.6,34.43,0.00976612,Off T,0,Open Play,Left Foot,False,False,From Throw In,84.5,80.0,Pass,23,4,4,-1.6,15.8,-0.07,,,,central,True,10,7,1.62,0,1,1,1,2,0,114.6,40.5,4.94,0.46,other
425c6a82-408c-48d1-bf9a-ed48bd5dc7c3,3857277,Morocco,Croatia,Sofiane Boufal,1,18,7,96.7,46.7,22.17,0.04188839,Blocked,0,Open Play,Left Foot,False,False,From Throw In,71.3,80.0,Pass,7,2,2,25.4,38.8,3.63,central_pass,74.1,48.1,central,True,14,9,1.83,0,1,2,4,1,2,117.9,40.6,1.92,0.55,central_penetration
14098b9f-cbea-4d3c-81d1-03adff5672cb,3857277,Morocco,Croatia,Hakim Ziyech,1,20,7,94.5,37.4,23.44,0.06625415,Blocked,0,Free Kick,Left Foot,False,False,From Free Kick,94.5,37.4,Shot,0,0,0,0.0,0.0,,,,,central,True,18,11,9.58,0,0,0,11,5,6,118.8,41.3,1.1,1.19,set_piece
ec8752a1-09be-4e88-9523-785d2088a9d0,3857277,Morocco,Croatia,Youssef En-Nesyri,1,24,25,117.8,31.5,8.03,0.03416934,Blocked,0,Open Play,Left Foot,False,True,From Throw In,91.4,80.0,Pass,36,13,13,26.4,40.4,0.73,other,79.8,4.9,wide,True,11,7,1.16,0,1,2,4,2,0,118.7,36.4,1.19,3.29,slow_possession
a0ba5f98-89ba-4320-92bd-1fec8459cf57,3857277,Croatia,Morocco,Nikola Vlašić,1,45,11,114.7,35.7,6.24,0.44776994,Saved,0,Open Play,Right Foot,True,False,From Free Kick,63.6,77.6,Pass,38,12,10,51.1,61.0,1.34,cross,111.3,23.7,half_space,True,14,8,1.13,0,1,1,6,1,2,118.2,37.1,1.65,2.65,wide_cross
4dd10d36-cfb7-4d79-bf8d-06ff722c2431,3857277,Croatia,Morocco,Nikola Vlašić,1,46,48,105.2,33.9,14.64,0.06879163,Blocked,0,Open Play,Right Foot,True,False,From Throw In,102.1,0.1,Pass,4,0,0,3.1,27.7,0.78,,,,central,True,14,9,1.04,0,1,1,7,3,2,115.7,37.9,3.93,1.92,other
095bfd2a-f7a0-4830-9412-0c6d09ddfa41,3857277,Croatia,Morocco,Luka Modrić,1,46,49,98.8,39.3,19.4,0.073204115,Off T,0,Open Play,Left Foot,True,False,From Throw In,102.1,0.1,Pass,5,0,0,-3.3,22.5,-0.66,,,,central,True,15,9,1.23,0,1,1,7,2,3,115.5,39.7,4.11,0.27,other
5b0851c2-4469-45bf-891a-7d71dca0dcc0,3857277,Morocco,Croatia,Sofiane Boufal,2,50,26,94.0,38.6,23.81,0.042848527,Blocked,0,Open Play,Left Foot,False,False,Regular Play,73.1,71.7,Pass,6,2,2,20.9,30.6,3.48,other,79.0,69.6,wide,True,13,8,1.19,0,1,1,2,2,1,118.3,39.2,1.55,0.73,other
2e7a7ec5-3b5b-4eb5-93da-d2e4bfa3203c,3857277,Morocco,Croatia,Noussair Mazraoui,2,50,29,115.3,29.2,10.77,0.07962643,Saved,0,Open Play,Head,False,True,From Counter,73.1,71.7,Pass,9,2,2,42.2,44.8,4.69,,,,half_space,True,11,8,1.1,0,1,1,7,1,2,117.7,34.8,2.1,4.75,fast_counter
cfaaca3f-cf24-4d24-9223-a2c13ff5e288,3857277,Croatia,Morocco,Dejan Lovren,2,51,55,112.7,38.8,6.76,0.2503287,Blocked,0,Open Play,Left Foot,True,False,From Corner,120.0,0.1,Pass,4,1,0,-7.3,32.5,-1.82,,,,central,True,15,9,1.37,0,1,2,9,4,4,119.0,40.5,0.91,0.46,other
ac96c1c1-7a1a-4797-b198-fd1e872f2328,3857277,Morocco,Croatia,Achraf Hakimi Mouh,2,64,6,88.5,31.5,29.83,0.019376563,Saved,0,Open Play,Right Foot,True,False,From Free Kick,87.9,32.0,Pass,2,1,0,0.6,0.5,0.3,central_pass,87.9,32.0,central,True,21,11,3.77,0,0,0,6,1,3,118.7,40.5,1.19,0.46,central_penetration
80f6a8f8-8c52-49e0-ba91-32b59cbe6330,3857273,Wales,Iran,Neco Williams,1,2,2,99.5,23.0,24.35,0.023614733,Off T,0,Open Play,Right Foot,False,True,From Goal Kick,6.0,36.0,Pass,16,4,3,93.5,87.4,5.84,cutback,104.7,3.8,wide,True,16,8,1.28,0,1,1,7,2,3,118.6,37.3,1.28,2.47,cutback
7884c3bd-f0a1-4579-871c-aaf8aaa99707,3857273,Iran,Wales,Sardar Azmoun,1,6,37,97.2,31.2,22.35,0.035244513,Saved,0,Open Play,Right Foot,False,False,Regular Play,41.5,28.0,Pass,35,11,9,55.7,55.0,1.59,central_pass,90.3,38.2,central,True,12,8,2.29,0,0,1,4,2,1,117.9,38.9,1.92,1.01,central_penetration
6cfde0ac-0cc5-4ca1-809c-e801da828e67,3857273,Wales,Iran,Kieffer Roberto Francisco Moore,1,11,22,111.6,44.5,8.71,0.12850787,Saved,0,Open Play,Right Foot,True,False,From Throw In,56.5,80.0,Pass,68,20,18,55.1,65.5,0.81,cross,104.5,67.1,wide,True,15,9,1.8,0,1,1,5,1,3,117.6,41.7,2.19,1.55,wide_cross
f0473e80-a9cc-472a-976f-6fad6237045d,3857273,Iran,Wales,Ahmad Nourollahi,1,19,10,95.5,34.0,23.06,0.017788952,Blocked,0,Open Play,Right Foot,False,False,From Counter,26.8,23.9,Pass,10,1,2,68.7,69.4,6.87,,,,central,True,14,9,1.2,0,1,1,3,2,0,117.6,39.2,2.19,0.73,fast_counter
e980db93-12d8-41fe-b2cf-c2eb5f664ed2,3857273,Iran,Wales,Sardar Azmoun,1,22,36,109.6,34.7,10.67,0.07202582,Off T,0,Open Play,Head,False,True,From Free Kick,81.8,52.3,Pass,2,1,0,27.8,28.5,13.9,central_pass,81.8,52.3,half_space,True,19,11,1.01,0,2,2,9,1,4,118.4,39.0,1.46,0.91,central_penetration
b37c4059-f00c-411b-93d6-e3c13355a153,3857273,Wales,Iran,Gareth Frank Bale,1,28,48,88.9,36.5,28.62,0.02170084,Saved,0,Open Play,Left Foot,True,False,From Throw In,47.3,0.1,Pass,13,4,1,41.6,51.6,3.2,central_pass,93.7,31.4,central,True,13,9,3.45,0,0,0,1,1,0,118.6,40.2,1.28,0.18,central_penetration
a5b8bd42-1a05-4736-9b49-f8fa2c482fb4,3857273,Wales,Iran,Harry Wilson,1,41,9,105.5,25.4,18.82,0.030164797,Blocked,0,Open Play,Left Foot,True,False,From Goal Kick,6.0,36.0,Pass,48,14,9,99.5,93.5,2.07,central_pass,99.6,29.9,half_space,True,12,8,2.14,0,0,2,4,2,1,118.2,37.5,1.65,2.29,central_penetration
5c88d05d-90ee-4bdb-9ff9-e1ba0bfbfc87,3857273,Iran,Wales,Mehdi Taremi,1,48,50,105.7,38.8,13.12,0.08566745,Wayward,0,Open Play,Left Foot,True,False,From Free Kick,89.7,4.7,Pass,4,1,0,16.0,32.2,4.0,cutback,109.9,35.2,central,True,17,11,0.99,1,1,1,10,3,3,119.2,40.1,0.73,0.09,cutback
4ca88dcd-a77a-4f18-9260-5e4c78aed749,3857273,Iran,Wales,Ahmad Nourollahi,1,49,3,86.4,48.2,31.63,0.011584845,Saved,0,Open Play,Right Foot,False,False,From Free Kick,89.7,4.7,Pass,17,1,2,-3.3,11.9,-0.19,,,,central,True,20,11,4.53,0,0,0,1,3,1,119.1,41.8,0.82,1.65,other
28273718-4d73-45d9-a725-ea76f72ea217,3857273,Iran,Wales,Sardar Azmoun,2,50,58,110.0,49.7,12.74,0.28799564,Post,0,Open Play,Right Foot,False,True,From Counter,27.2,50.2,Duel,10,2,2,82.8,79.4,8.28,through_ball,43.5,42.7,central,True,7,5,0.91,1,1,1,2,1,0,117.7,43.6,2.1,3.29,fast_counter
4938ed57-19a7-4bca-bafe-9273a5ff5884,3857273,Iran,Wales,Ali Gholizadeh,2,51,8,97.2,48.0,22.09,0.04282673,Post,0,Open Play,Left Foot,False,False,Regular Play,27.2,50.2,Duel,20,2,3,70.0,69.2,3.5,,,,central,True,17,10,2.74,0,0,1,5,2,2,118.5,38.7,1.37,1.19,other
9a788179-9c98-49e9-a51e-80a48d401785,3857273,Iran,Wales,Sardar Azmoun,2,51,9,111.0,36.2,8.93,0.21401532,Saved,0,Open Play,Head,False,False,From Counter,27.2,50.2,Duel,21,2,3,83.8,83.6,3.99,,,,central,True,15,9,1.13,0,1,1,5,1,1,115.1,37.2,4.48,2.56,fast_counter
c56eba74-325b-4086-96fd-4e71009b673a,3857273,Wales,Iran,Kieffer Roberto Francisco Moore,2,52,19,114.4,39.9,5.12,0.22100283,Off T,0,Open Play,Head,False,False,Regular Play,77.3,32.3,Pass,13,4,3,37.1,37.8,2.85,cross,109.8,75.5,wide,True,14,9,0.98,1,1,1,7,1,3,115.4,39.5,4.21,0.46,wide_cross
b7ee560e-c8ec-4d62-913b-1bd6a7127634,3857273,Iran,Wales,Ehsan Hajsafi,2,55,28,104.6,33.1,15.43,0.068153165,Blocked,0,Open Play,Left Foot,True,False,From Throw In,116.2,80.0,Pass,7,3,1,-11.6,23.3,-1.66,central_pass,111.1,42.5,central,True,17,10,3.3,0,0,0,7,3,2,118.7,39.0,1.19,0.91,central_penetration
90938502-17e3-45fc-91f3-4027148cce77,3857273,Iran,Wales,Mehdi Taremi,2,63,39,107.1,29.4,15.27,0.075855605,Blocked,0,Open Play,Right Foot,False,True,From Counter,45.0,17.5,Ball Recovery,9,1,2,62.1,61.6,6.9,central_pass,76.0,24.3,half_space,True,10,6,1.07,0,1,2,5,1,2,118.6,37.0,1.28,2.74,fast_counter
ad20430a-333f-4c8a-85e7-926d8420a96c,3857273,Iran,Wales,Ahmad Nourollahi,2,69,48,90.5,45.6,27.46,0.015279148,Blocked,0,Open Play,Right Foot,True,True,Regular Play,27.2,16.2,Interception,16,4,4,63.3,65.8,3.96,,,,central,True,14,8,2.22,0,0,1,3,3,1,117.6,41.0,2.19,0.91,other
ab1647b5-fde6-43ac-a3f6-fa7b2dca3aa6,3857273,Iran,Wales,Morteza Pouraliganji,2,71,42,100.8,38.5,17.61,0.05160931,Blocked,0,Open Play,Left Foot,True,False,From Corner,120.0,80.0,Pass,5,1,1,-19.2,20.7,-3.84,,,,central,True,16,10,3.28,0,0,0,9,4,2,118.6,39.1,1.28,0.82,other
64de55f7-5283-4082-9666-c662724d0b45,3857273,Iran,Wales,Saeid Ezatolahi Afagh,2,72,27,99.5,49.3,20.58,0.047915842,Saved,0,Open Play,Right Foot,False,False,Regular Play,55.5,36.3,Pass,11,3,3,44.0,42.1,4.0,central_pass,99.3,56.6,half_space,True,12,7,2.66,0,0,1,5,1,2,118.4,40.4,1.46,0.37,fast_counter
f24d18bc-0a79-40a2-9062-cd223792e771,3857273,Iran,Wales,Ahmad Nourollahi,2,74,15,85.8,53.5,33.62,0.0072957636,Blocked,0,Open Play,Right Foot,False,False,From Corner,120.0,80.0,Pass,32,3,5,-34.2,3.2,-1.07,,,,half_space,True,19,11,4.66,0,0,0,4,3,2,117.8,40.4,2.01,0.37,other
04de946e-90ab-4b01-a80f-e604d5d7cce1,3857273,Wales,Iran,Aaron Ramsey,2,82,52,104.0,53.9,19.38,0.025361432,Wayward,0,Open Play,Right Foot,True,False,Regular Play,64.0,74.6,Pass,33,8,5,40.0,44.6,1.21,cross,111.1,16.0,wide,True,15,9,2.01,0,0,1,9,2,3,118.1,42.4,1.74,2.19,wide_cross
c1606edc-a8af-438d-bfc2-a691861feec9,3857273,Wales,Iran,Neco Williams,2,82,56,98.6,51.1,22.04,0.031851415,Blocked,0,Open Play,Right Foot,True,False,Regular Play,64.0,74.6,Pass,37,9,6,34.6,41.7,0.94,,,,half_space,True,16,10,5.08,0,0,0,9,2,5,116.9,42.2,2.83,2.01,slow_possession
9607f394-ff9c-46f0-889b-d57f13accf5b,3857273,Wales,Iran,Ben Davies,2,82,59,101.7,30.8,18.73,0.053537875,Saved,0,Open Play,Left Foot,True,False,Regular Play,64.0,74.6,Pass,40,10,6,37.7,45.3,0.94,central_pass,105.7,42.3,central,True,16,10,6.15,0,0,0,8,4,5,116.6,39.5,3.11,0.46,central_penetration
22106571-35bb-424a-a3ee-1522889934ae,3857273,Iran,Wales,Karim Ansarifard,2,87,54,99.5,36.2,19.06,0.06399969,Blocked,0,Open Play,Right Foot,True,False,From Free Kick,87.3,54.7,Pass,27,5,5,12.2,15.0,0.45,cutback,105.3,20.3,half_space,True,15,8,3.11,0,0,0,8,2,3,116.3,39.6,3.38,0.37,cutback
272d6bda-a5dc-4e90-b118-c333ae21e13e,3857273,Iran,Wales,Mehdi Torabi,2,87,59,99.1,39.0,19.13,0.051057886,Off T,0,Open Play,Right Foot,False,False,From Free Kick,87.3,54.7,Pass,32,6,7,11.8,14.9,0.37,cutback,102.7,33.1,central,True,16,8,2.26,0,0,1,7,3,3,117.3,40.4,2.47,0.37,cutback
04e19fff-574c-4699-8145-e8c41937f4de,3857273,Wales,Iran,Neco Williams,2,95,23,89.9,45.0,27.9,0.020104993,Wayward,0,Open Play,Right Foot,True,False,From Free Kick,33.4,33.1,Pass,19,5,4,56.5,56.4,2.97,,,,central,True,18,11,2.85,0,0,1,4,2,4,118.5,41.6,1.37,1.46,other
2a582ed0-7b4b-46b5-b875-6e02fe38ceed,3857273,Wales,Iran,Brennan Johnson,2,95,25,114.4,52.4,12.44,0.059788406,Saved Off Target,0,Open Play,Right Foot,False,True,From Free Kick,33.4,33.1,Pass,21,5,5,81.0,73.3,3.86,,,,half_space,True,13,8,0.94,1,1,1,7,1,3,117.9,43.7,1.92,3.38,other
8e99351d-9328-4242-bf74-54274aab234f,3857273,Iran,Wales,Ramin Rezaeian,2,95,43,98.3,52.1,22.72,0.031046849,Blocked,0,Open Play,Right Foot,False,False,Regular Play,2.2,36.4,Goal Keeper,17,4,4,96.1,93.0,5.65,central_pass,91.0,36.1,central,True,11,6,3.25,0,0,0,5,2,2,116.3,42.1,3.38,1.92,central_penetration
dcf3e182-2d46-4cce-b23a-653bf83b9161,3857273,Iran,Wales,Alireza Jahanbakhsh,2,96,12,99.2,46.5,19.93,0.031239294,Blocked,0,Open Play,Right Foot,False,False,Regular Play,2.2,36.4,Goal Keeper,46,7,8,97.0,96.1,2.11,central_pass,67.0,41.0,central,True,10,7,1.07,0,2,2,2,2,0,114.9,42.4,4.66,2.19,central_penetration
7bd656d2-9eac-49a3-9485-eb9451e58b9f,3857273,Iran,Wales,Alireza Jahanbakhsh,2,97,43,91.4,24.9,29.57,0.011336825,Blocked,0,Open Play,Right Foot,False,False,From Throw In,48.2,80.0,Pass,30,5,6,43.2,49.8,1.44,central_pass,74.7,26.9,half_space,True,14,8,3.88,0,0,0,4,2,2,116.5,37.9,3.2,1.92,central_penetration
217cf729-0d66-4202-9024-bfbe3850488c,3857273,Iran,Wales,Roozbeh Cheshmi,2,97,56,95.1,37.5,22.88,0.03268815,Goal,1,Open Play,Right Foot,False,False,From Throw In,48.2,80.0,Pass,43,6,9,46.9,57.2,1.09,,,,central,True,15,8,3.58,0,0,0,7,2,3,115.9,40.0,3.75,0.0,other
1e12ac10-74b9-4408-b799-8cb279172624,3857273,Iran,Wales,Ramin Rezaeian,2,100,37,104.8,45.3,14.72,0.19933115,Goal,1,Open Play,Right Foot,False,False,From Counter,46.7,8.1,Ball Recovery,10,1,2,58.1,63.8,5.81,central_pass,95.7,27.3,half_space,True,7,3,2.2,0,0,1,3,1,1,109.8,43.7,9.33,3.38,fast_counter
a947d83c-9d7f-4e69-aaaf-34028ac5f299,3857275,France,Tunisia,Kingsley Coman,1,24,49,112.3,29.9,11.61,0.08786314,Off T,0,Open Play,Left Foot,False,False,Regular Play,14.1,8.3,Duel,16,4,4,98.2,97.8,6.14,central_pass,91.0,53.9,half_space,True,13,8,3.18,0,0,0,7,2,2,116.7,34.1,3.02,5.39,central_penetration
a0692c73-c43b-4898-99d8-05ae9028217a,3857275,Tunisia,France,Anis Ben Slimane,1,29,11,110.9,41.0,8.37,0.1007914,Saved,0,Open Play,Head,False,False,From Throw In,107.8,0.1,Pass,5,2,1,3.1,32.6,0.62,cross,114.1,21.2,half_space,True,17,10,2.33,0,0,2,9,2,4,118.7,41.6,1.19,1.46,wide_cross
85b1b157-a84c-4b0b-ab24-bd908daf2989,3857275,Tunisia,France,Wahbi Khazri,1,34,34,95.1,52.3,25.39,0.016592033,Saved,0,Open Play,Left Foot,False,False,From Throw In,108.3,80.0,Pass,11,2,2,-13.2,13.9,-1.2,,,,half_space,True,16,10,2.92,0,0,1,4,2,3,117.2,41.1,2.56,1.01,other
e41f4db2-b122-4309-bf9e-338531d10421,3857275,France,Tunisia,Youssouf Fofana,1,46,45,99.9,53.4,22.09,0.041162748,Blocked,0,Open Play,Right Foot,False,False,From Free Kick,9.0,23.9,Pass,15,1,2,90.9,88.0,6.06,central_pass,53.8,37.0,central,True,15,9,1.81,0,1,1,4,1,0,116.5,43.0,3.2,2.74,central_penetration
6398875b-7a2a-4815-80cf-6ce293ecfb04,3857275,Tunisia,France,Wahbi Khazri,1,46,59,97.9,19.8,27.38,0.010898009,Off T,0,Open Play,Right Foot,False,False,Regular Play,35.7,27.4,Ball Recovery,11,3,4,62.2,55.3,5.65,central_pass,75.5,21.6,half_space,True,14,9,4.48,0,0,0,6,1,1,118.8,40.0,1.1,0.0,fast_counter
7f3e6885-9d7a-489d-9a1b-8897a938840b,3857275,Tunisia,France,Aïssa Bilal Laïdouni,2,51,29,114.8,22.4,16.78,0.013856714,Off T,0,Open Play,Right Foot,False,False,From Throw In,74.7,80.0,Pass,16,5,3,40.1,42.1,2.51,,,,half_space,True,13,8,4.09,0,0,0,6,1,3,118.0,34.4,1.83,5.12,other
eea8329f-d9bf-47fe-8ef2-8f41c0a7d829,3857275,Tunisia,France,Wahbi Khazri,2,57,20,103.3,37.8,15.4,0.15620883,Goal,1,Open Play,Left Foot,False,True,Regular Play,65.8,49.7,Duel,8,2,2,37.5,38.2,4.69,central_pass,56.8,45.4,central,True,10,6,1.24,0,2,2,5,1,1,111.0,38.7,8.23,1.19,central_penetration
a937340c-4952-453c-9606-d316b920cf67,3857275,France,Tunisia,Axel Disasi,2,79,23,111.3,41.5,8.07,0.061025612,Blocked,0,Open Play,Head,False,True,From Corner,120.0,0.1,Pass,2,1,0,-8.7,31.1,-4.35,cutback,120.0,0.1,wide,True,20,11,0.71,1,3,5,11,2,6,119.4,40.5,0.55,0.46,cutback
7ef71259-91c7-4f82-aa0e-5f629a73c547,3857275,France,Tunisia,Adrien Rabiot,2,81,8,113.8,47.7,9.04,0.080746524,Wayward,0,Open Play,Right Foot,True,False,From Corner,120.0,80.0,Pass,2,0,0,-6.2,30.1,-3.1,,,,central,True,18,11,1.49,0,1,1,11,2,5,118.8,42.2,1.1,2.01,other
1fceb46b-a327-481b-af47-d9bebd469254,3857275,France,Tunisia,Ousmane Dembélé,2,81,14,95.9,53.5,25.26,0.020325886,Saved,0,Open Play,Right Foot,False,False,From Corner,120.0,80.0,Pass,8,1,1,-24.1,12.4,-3.01,central_pass,106.8,47.5,central,True,19,11,4.42,0,0,0,7,2,4,117.7,40.7,2.1,0.64,central_penetration
d0d54c9f-2ad3-42d0-9c59-10ca23006f5e,3857275,France,Tunisia,Adrien Rabiot,2,84,28,108.7,29.1,14.36,0.06369618,Wayward,0,Open Play,Left Foot,False,False,Regular Play,72.7,17.4,Duel,30,8,7,36.0,36.7,1.2,cross,115.5,66.0,wide,True,13,10,3.25,0,0,0,9,3,3,118.5,36.9,1.37,2.83,wide_cross
0c9c3ca0-d9f0-41d9-a2b6-6c4b2b6d9be5,3857275,France,Tunisia,Kylian Mbappé Lottin,2,88,19,116.8,24.7,14.29,0.01194291,Saved,0,Open Play,Right Foot,False,False,Regular Play,50.2,68.0,Duel,62,16,21,66.6,59.6,1.07,other,96.6,5.1,wide,True,15,10,1.37,0,1,1,8,1,3,119.2,35.9,0.73,3.75,slow_possession
b031838d-ebb8-4042-9824-18b4b1d71123,3857275,France,Tunisia,Randal Kolo Muani,2,89,11,96.4,37.1,21.74,0.041042205,Blocked,0,Open Play,Right Foot,False,False,From Throw In,114.5,0.1,Pass,44,10,11,-18.1,16.5,-0.41,central_pass,93.4,21.6,half_space,True,16,11,2.48,0,0,1,3,1,1,115.4,39.6,4.21,0.37,central_penetration
a53883b6-db8a-4d3d-bca7-10c49010f58e,3857275,France,Tunisia,Kylian Mbappé Lottin,2,92,32,95.6,30.2,24.04,0.06416701,Blocked,0,Free Kick,Right Foot,False,False,From Free Kick,95.6,30.2,Shot,0,0,0,0.0,0.0,,,,,central,True,20,11,9.74,0,0,0,11,5,4,118.2,40.9,1.65,0.82,set_piece
62fb7c39-248e-4bf9-8386-762a65c8c4d6,3857275,France,Tunisia,Kylian Mbappé Lottin,2,92,37,87.6,15.0,37.42,0.005017159,Saved,0,Open Play,Right Foot,False,False,From Free Kick,95.6,30.2,Shot,5,0,1,-8.0,-14.6,-1.6,,,,wide,True,13,11,3.19,0,0,0,9,3,5,119.6,40.5,0.37,0.46,other
5f957f67-cdbc-4a3e-b3bc-89492062f995,3857261,England,Wales,Marcus Rashford,1,9,11,104.0,39.5,14.64,0.28441095,Saved,0,Open Play,Right Foot,True,False,From Throw In,34.6,80.0,Pass,39,12,10,69.4,78.3,1.78,through_ball,81.3,34.2,central,True,8,6,2.74,0,0,2,3,1,0,107.0,39.6,11.89,0.37,central_penetration
b3aa66ac-7c47-4a5e-9e13-f667de5fe7a9,3857261,England,Wales,Phil Foden,1,14,3,97.4,54.6,24.6,0.02354375,Off T,0,Open Play,Left Foot,False,False,From Free Kick,93.1,8.6,Pass,5,0,1,4.3,14.4,0.86,,,,half_space,True,20,11,3.77,0,0,0,8,2,6,116.4,40.6,3.29,0.55,other
2df12147-20e3-409f-82da-ea198b3bd365,3857261,England,Wales,Harry Maguire,1,17,59,120.0,54.6,13.35,0.01084097,Off T,0,Open Play,Head,False,True,From Free Kick,95.3,25.1,Pass,3,3,1,24.7,14.2,8.23,central_pass,93.3,25.1,half_space,True,18,11,1.1,0,1,1,10,0,5,118.6,44.3,1.28,3.93,central_penetration
86274f8e-79da-4350-a17e-19543a96839a,3857261,England,Wales,Marcus Rashford,1,23,3,98.2,19.5,27.36,0.010357286,Blocked,0,Open Play,Right Foot,False,False,From Free Kick,110.5,76.9,Pass,9,1,1,-12.3,8.2,-1.37,cross,110.5,76.9,wide,True,20,11,1.65,0,1,1,9,1,5,117.2,37.4,2.56,2.38,wide_cross
6ceded1c-f538-45b2-8db7-e479b1a8a10e,3857261,England,Wales,Phil Foden,1,37,12,105.5,47.4,14.89,0.05725451,Off T,0,Open Play,Left Foot,False,False,Regular Play,32.1,46.4,Ball Recovery,16,6,9,73.4,71.9,4.59,cutback,107.6,54.0,half_space,True,15,9,1.49,0,2,2,9,2,2,116.2,41.8,3.47,1.65,cutback
0b1f67d9-7e3e-4889-9d49-711875468100,3857261,Wales,England,Joe Allen,1,38,12,94.1,47.0,24.53,0.022615774,Blocked,0,Open Play,Right Foot,True,False,From Goal Kick,6.0,36.0,Pass,20,6,6,88.1,87.2,4.4,central_pass,95.8,32.1,central,True,19,11,3.24,0,0,0,6,2,5,116.6,41.7,3.11,1.55,central_penetration
a1fbe40a-e398-4fa7-8732-e8638dc710be,3857261,England,Wales,Marcus Rashford,1,38,38,108.4,35.0,11.55,0.081256144,Off T,0,Open Play,Right Foot,True,False,Regular Play,32.1,9.0,Ball Recovery,23,4,7,76.3,80.6,3.32,,,,central,True,14,9,2.53,0,0,1,5,1,0,117.6,39.3,2.19,0.64,other
d0ea94db-b546-458a-90c6-ee49c9ae5d93,3857261,England,Wales,Harry Kane,1,43,51,101.5,35.7,17.37,0.028181294,Blocked,0,Open Play,Left Foot,True,False,From Free Kick,51.4,35.8,Pass,29,12,10,50.1,49.7,1.73,cutback,108.2,22.8,half_space,True,17,10,0.87,1,1,1,9,3,4,116.9,37.9,2.83,1.92,cutback
6f221c97-2f08-4e40-a58d-41c6a8d43dd7,3857261,England,Wales,Harry Kane,1,47,16,101.2,27.6,20.59,0.030065771,Blocked,0,Open Play,Right Foot,False,False,Regular Play,73.1,57.0,Interception,20,4,5,28.1,27.4,1.41,cutback,104.9,12.4,wide,True,18,10,2.54,0,0,1,7,2,2,116.6,37.2,3.11,2.56,cutback
559a4918-19c5-4542-a25c-9f97b0f50846,3857261,England,Wales,John Stones,1,47,55,112.8,55.4,15.54,0.006450981,Saved,0,Open Play,Head,False,True,From Corner,120.0,0.1,Pass,3,1,0,-7.2,22.9,-2.4,cutback,120.0,0.1,wide,True,18,11,0.94,1,1,1,9,2,4,117.9,42.5,1.92,2.29,cutback
6f9d3d1b-044c-4b18-917e-fbc5f5eee6e8,3857261,Wales,England,Joe Allen,1,49,36,100.7,51.3,20.45,0.04109325,Off T,0,Open Play,Left Foot,False,False,From Throw In,104.9,80.0,Pass,6,2,2,-4.2,20.4,-0.7,other,87.9,63.8,wide,True,20,11,4.19,0,0,0,8,2,4,117.6,42.2,2.19,2.01,other
6020ebb9-e009-4fa5-b2b4-5ef501777c88,3857261,England,Wales,Marcus Rashford,2,49,17,96.1,29.3,23.94,0.05780817,Goal,1,Free Kick,Right Foot,False,False,From Free Kick,96.1,29.3,Shot,0,0,0,0.0,0.0,,,,,half_space,True,18,11,7.52,0,0,0,10,4,6,117.0,39.3,2.74,0.64,set_piece
e19e6d23-1ae7-41f7-8523-ca44e192c002,3857261,England,Wales,Phil Foden,2,50,53,114.5,34.1,7.38,0.44030064,Goal,1,Open Play,Left Foot,True,False,Regular Play,97.3,74.1,Duel,5,1,1,17.2,32.9,3.44,cross,115.8,58.9,half_space,True,11,6,4.24,0,0,0,6,1,1,118.0,39.4,1.83,0.55,high_turnover
df171e76-7f4c-4369-86e8-f29b80bca70e,3857261,Wales,England,Kieffer Roberto Francisco Moore,2,55,7,90.1,22.3,31.77,0.00753591,Saved,0,Open Play,Right Foot,False,False,From Counter,75.3,3.9,Pass,4,2,2,14.8,22.7,3.7,other,75.4,12.3,wide,True,17,10,6.08,0,0,0,1,1,0,117.9,40.0,1.92,0.0,fast_counter
f1368c72-842d-4757-9932-408fd168e995,3857261,England,Wales,Marcus Rashford,2,67,40,109.9,50.3,13.19,0.096602984,Goal,1,Open Play,Left Foot,False,False,From Throw In,51.9,0.1,Pass,44,14,16,58.0,64.5,1.32,through_ball,39.9,59.9,half_space,True,12,7,1.28,0,1,1,7,2,4,117.1,43.7,2.65,3.38,central_penetration
7d9ece14-5e53-4fa5-a35b-ff1a399e9221,3857261,England,Wales,Marcus Rashford,2,71,21,110.3,52.4,14.4,0.13184288,Saved,0,Open Play,Right Foot,True,False,Regular Play,30.5,69.9,Interception,12,2,3,79.8,78.6,6.65,central_pass,103.6,49.2,central,True,12,7,1.03,0,1,1,6,1,3,116.3,44.6,3.38,4.21,fast_counter
6ace6710-b215-4e46-ba83-cde3e026df5d,3857261,Wales,England,Brennan Johnson,2,72,29,104.5,57.3,21.24,0.02192258,Blocked,0,Open Play,Right Foot,False,False,From Keeper,4.8,40.5,Goal Keeper,25,4,6,99.7,92.0,3.99,central_pass,57.0,54.4,half_space,True,13,7,2.34,0,0,2,7,2,3,117.7,43.4,2.1,3.11,central_penetration
e0b68076-fbac-4918-b206-97d14b9d2e42,3857261,England,Wales,Jude Bellingham,2,76,38,104.3,32.8,15.79,0.25030845,Saved,0,Open Play,Right Foot,True,False,From Counter,68.8,48.5,Ball Recovery,4,1,1,35.5,34.6,8.88,central_pass,92.9,42.6,central,False,0,5,2.62,0,0,1,3,1,1,115.1,38.6,4.48,1.28,fast_counter
bd9dd84a-4f39-4306-92ab-83727e7c522f,3857261,England,Wales,Jude Bellingham,2,76,40,112.7,29.3,11.84,0.24362406,Wayward,0,Open Play,Left Foot,True,False,From Counter,68.8,48.5,Ball Recovery,6,1,1,43.9,38.9,7.32,,,,half_space,True,11,7,2.46,0,0,1,5,1,3,116.8,36.1,2.93,3.57,fast_counter
c0c85901-65b7-43dc-99f6-131d9ce25947,3857261,England,Wales,Phil Foden,2,76,41,116.1,39.5,3.6,0.6100251,Off T,0,Open Play,Left Foot,True,False,From Counter,68.8,48.5,Ball Recovery,7,1,1,47.3,48.0,6.76,,,,central,True,12,7,0.93,1,1,1,6,1,4,116.4,35.3,3.29,4.3,fast_counter
f3bcd7c8-1fb7-4336-b5b9-ba70dd428ae4,3857261,Wales,England,Harry Wilson,2,82,59,92.6,52.6,27.58,0.031328887,Blocked,0,Free Kick,Left Foot,False,False,From Free Kick,92.6,52.6,Shot,0,0,0,0.0,0.0,,,,,half_space,True,18,11,7.41,0,0,0,5,4,4,119.1,39.7,0.82,0.27,set_piece
17bf3017-ecec-4755-a1b7-b6c26c31e712,3857261,Wales,England,Rubin Colwill,2,83,41,98.3,26.1,23.56,0.025066664,Off T,0,Open Play,Right Foot,True,False,From Throw In,88.5,80.0,Pass,31,8,9,9.8,25.1,0.32,,,,half_space,True,18,11,2.79,0,0,1,5,1,4,117.6,37.9,2.19,1.92,slow_possession
ba3ef593-6a87-4c36-a4e8-df68c770aac9,3857261,Wales,England,Kieffer Roberto Francisco Moore,2,86,15,102.1,34.6,17.1,0.058446433,Off T,0,Open Play,Right Foot,False,False,Regular Play,58.1,74.4,Ball Recovery,10,1,2,44.0,52.1,4.4,other,81.3,70.6,wide,True,12,8,1.47,0,1,1,5,1,1,117.2,39.2,2.56,0.73,fast_counter
ed57db75-dfc9-4bf5-8f72-c85a80bb9829,3857261,England,Wales,John Stones,2,90,53,114.4,43.9,6.24,0.45507616,Post,0,Open Play,Left Foot,True,True,From Corner,120.0,80.0,Pass,4,1,0,-5.6,33.2,-1.4,,,,central,True,16,10,1.36,0,1,2,10,1,4,118.7,40.8,1.19,0.73,other
50db4204-c0a9-481b-b731-1f9c2119ec10,3857261,England,Wales,Phil Foden,2,93,25,111.0,48.5,11.32,0.09753507,Blocked,0,Open Play,Left Foot,True,False,From Free Kick,75.9,43.8,Pass,60,22,22,35.1,31.9,0.59,central_pass,111.7,47.7,central,True,14,8,2.05,0,0,2,7,3,4,117.7,43.2,2.1,2.93,central_penetration
273f2a3e-333d-45b6-98ea-40c887724938,3857290,Cameroon,Switzerland,Bryan Mbeumo,1,9,36,109.4,22.7,18.55,0.016072592,Saved,0,Open Play,Left Foot,True,False,Regular Play,29.5,36.5,Pass,31,6,7,79.9,70.3,2.58,through_ball,39.3,21.0,half_space,False,0,5,2.65,0,0,1,3,1,0,118.7,35.8,1.19,3.84,central_penetration
6f976433-79ae-46c6-8442-5619a2616918,3857290,Cameroon,Switzerland,Karl Brillant Toko Ekambi,1,9,38,108.7,32.1,12.61,0.15900026,Off T,0,Open Play,Right Foot,True,False,Regular Play,29.5,36.5,Pass,33,6,7,79.2,76.8,2.4,,,,central,True,7,5,2.38,0,0,2,5,1,1,118.1,37.2,1.74,2.56,other
23f136be-e690-4b7f-87b2-6b3ad068d6dc,3857290,Switzerland,Cameroon,Granit Xhaka,1,11,18,88.1,28.2,31.1,0.012105021,Off T,0,Open Play,Left Foot,False,False,Regular Play,73.7,47.0,Interception,5,2,3,14.4,12.8,2.88,central_pass,85.3,45.5,central,True,15,10,4.1,0,0,0,1,2,0,118.4,40.4,1.46,0.37,central_penetration
d5b28821-d368-43eb-bcd1-f23cbca7ebc1,3857290,Cameroon,Switzerland,Ngoran Suiru Fai Collins,1,25,42,98.8,59.8,26.53,0.009452554,Off T,0,Open Play,Right Foot,False,False,Regular Play,33.7,8.1,Ball Recovery,23,6,6,65.1,63.0,2.83,central_pass,95.4,31.5,central,True,16,10,2.72,0,0,1,5,1,2,118.0,42.9,1.83,2.65,central_penetration
c16ca4fa-a630-423d-9594-9b5000b69427,3857290,Cameroon,Switzerland,Martin Hongla Yma II,1,29,7,110.6,53.8,15.27,0.08237888,Saved,0,Open Play,Right Foot,False,True,Regular Play,29.8,59.2,Pass,27,9,8,80.8,75.5,2.99,other,92.7,65.4,wide,True,10,6,1.74,0,1,1,6,1,1,117.2,43.0,2.56,2.74,slow_possession
ea072536-ad5e-4021-8739-b68638f5bba7,3857290,Switzerland,Cameroon,Nico Elvedi,1,39,41,113.3,38.7,6.24,0.19001445,Off T,0,Open Play,Head,False,True,From Corner,120.0,0.1,Pass,2,1,0,-6.7,33.1,-3.35,cutback,120.0,0.1,wide,True,16,9,1.1,0,1,3,9,2,4,119.1,38.9,0.82,1.01,cutback
a338a246-fa6b-434b-8433-b3226b602dd4,3857290,Cameroon,Switzerland,Jean-Eric Maxim Choupo-Moting,1,40,49,105.2,53.5,18.32,0.041722767,Blocked,0,Open Play,Right Foot,False,False,From Goal Kick,7.0,44.1,Pass,34,7,8,98.2,93.0,2.89,,,,half_space,True,13,7,2.76,0,0,2,6,2,1,117.6,43.8,2.19,3.47,other
783e2d94-42cc-48a0-b7ef-e589bd24bd03,3857290,Switzerland,Cameroon,Manuel Obafemi Akanji,1,45,50,114.7,38.7,4.99,0.15555824,Off T,0,Open Play,Head,False,False,From Corner,120.0,0.1,Pass,2,1,0,-5.3,34.4,-2.65,cutback,120.0,0.1,wide,True,17,9,1.2,0,2,3,9,3,4,119.2,40.2,0.73,0.18,cutback
ae517076-6842-4ef1-aafd-5315f6e5010c,3857290,Switzerland,Cameroon,Breel-Donald Embolo,2,47,33,111.9,39.5,7.42,0.55189455,Goal,1,Open Play,Right Foot,True,True,From Throw In,98.9,0.1,Pass,30,13,9,13.0,37.0,0.43,cross,111.7,64.1,wide,True,13,8,1.52,0,1,2,7,1,2,118.9,41.8,1.01,1.65,wide_cross
f7c0ca0c-a7dd-48d2-ad85-a14d9d51a2ae,3857290,Cameroon,Switzerland,Nicolas Alexis Julio N'Koulou Ndoubena,2,49,37,116.1,35.1,5.73,0.24569963,Saved,0,Open Play,Head,False,False,From Free Kick,86.8,77.0,Pass,3,2,0,29.3,43.4,9.77,cutback,116.8,28.4,half_space,True,15,9,0.91,1,2,2,8,1,4,116.7,35.9,3.02,3.75,cutback
f0860137-a2b5-4c86-ba0f-9b717e4120a5,3857290,Cameroon,Switzerland,Jean-Eric Maxim Choupo-Moting,2,56,31,119.2,47.9,7.26,0.0123953605,Saved,0,Open Play,Right Foot,False,False,Regular Play,43.8,42.4,Duel,32,8,11,75.4,68.3,2.36,,,,central,True,14,8,1.02,0,1,2,7,1,1,119.4,45.1,0.55,4.66,slow_possession
61248d26-7118-4d2c-b82d-442f3c5aa13a,3857290,Cameroon,Switzerland,André-Frank Zambo Anguissa,2,65,26,107.5,44.3,12.09,0.046351306,Saved,0,Open Play,Head,False,True,From Free Kick,84.9,24.7,Pass,2,1,0,22.6,25.1,11.3,central_pass,84.9,24.7,half_space,True,17,10,1.04,0,1,3,8,1,5,118.5,41.1,1.37,1.01,central_penetration
eb094614-1ff9-4459-a420-23deadac917e,3857290,Switzerland,Cameroon,Ruben Vargas,2,65,50,107.5,41.8,11.55,0.1977995,Saved,0,Open Play,Right Foot,True,False,From Keeper,14.0,35.8,Pass,14,3,0,93.5,93.5,6.68,cross,112.0,69.7,wide,True,12,7,2.97,0,0,1,6,1,3,119.2,42.3,0.73,2.1,wide_cross
98534730-90fb-429b-89c3-520ae8e5fbdd,3857290,Switzerland,Cameroon,Granit Xhaka,2,88,2,96.2,37.3,21.9,0.048882935,Saved,0,Open Play,Left Foot,False,False,Regular Play,87.3,64.5,Ball Recovery,6,2,3,8.9,16.9,1.48,other,93.2,72.0,wide,True,14,9,2.17,0,0,1,1,1,0,118.9,41.5,1.01,1.37,high_turnover
5b935c1e-16d3-4bd2-9758-23d64f603909,3857290,Switzerland,Cameroon,Haris Seferović,2,94,52,108.0,45.8,12.19,0.27028984,Blocked,0,Open Play,Left Foot,False,False,From Throw In,44.9,80.0,Pass,14,2,1,63.1,71.8,4.51,other,76.5,64.7,wide,True,7,5,2.77,0,0,1,5,2,1,117.5,41.2,2.29,1.1,other
dd4dbf6b-1fa8-425a-a3db-1bb666f7d995,3857298,Portugal,Ghana,Otávio Edmilson da Silva Monteiro,1,4,10,96.6,34.3,22.02,0.02513017,Off T,0,Open Play,Right Foot,True,False,From Corner,120.0,0.1,Pass,3,0,0,-23.4,15.8,-7.8,,,,central,True,20,11,5.41,0,0,0,10,6,5,119.2,39.4,0.73,0.55,other
83c4eb51-6f0c-4174-9b1a-37bc9aa37a9a,3857298,Portugal,Ghana,Rúben Diogo Da Silva Neves,1,5,47,98.1,36.6,20.27,0.07171052,Blocked,0,Open Play,Right Foot,True,False,Regular Play,93.8,28.1,Duel,2,0,0,4.3,6.6,2.15,,,,central,True,16,9,2.42,0,0,1,2,1,1,115.1,38.8,4.48,1.1,high_turnover
53fc6356-37e6-43e8-a40f-190667081d88,3857298,Portugal,Ghana,Cristiano Ronaldo dos Santos Aveiro,1,9,27,107.7,39.2,11.27,0.4577736,Saved,0,Open Play,Right Foot,False,False,Regular Play,81.3,52.0,Pass,3,2,2,26.4,28.2,8.8,through_ball,81.8,41.6,central,True,10,7,1.49,0,1,1,4,1,0,109.3,39.5,9.78,0.46,central_penetration
61f19d48-a4a3-42f3-b777-0c87f7da2c47,3857298,Portugal,Ghana,Cristiano Ronaldo dos Santos Aveiro,1,12,26,116.3,43.7,4.78,0.2074416,Off T,0,Open Play,Head,False,True,From Corner,120.0,0.1,Pass,4,2,0,-3.7,34.7,-0.93,cross,116.6,14.7,wide,True,18,11,0.84,1,1,3,11,2,3,119.2,39.7,0.73,0.27,wide_cross
5d6269c7-8f46-49a6-b028-4e05d68b6d37,3857298,Portugal,Ghana,João Félix Sequeira,1,27,31,104.2,35.6,15.0,0.07848694,Off T,0,Open Play,Left Foot,True,False,From Free Kick,53.0,20.5,Pass,49,13,10,51.2,53.4,1.04,cross,108.6,16.5,wide,True,16,10,3.44,0,0,0,9,2,3,118.1,38.5,1.74,1.37,wide_cross
4f2f7ef3-bb3a-4db0-b81f-daa03053d4ea,3857298,Portugal,Ghana,Otávio Edmilson da Silva Monteiro,1,35,37,99.9,32.5,19.62,0.045895047,Saved,0,Open Play,Right Foot,False,False,From Throw In,100.0,80.0,Pass,20,5,5,-0.1,23.3,-0.01,central_pass,90.3,34.2,central,True,19,11,1.85,0,1,2,4,1,2,116.9,38.9,2.83,1.01,central_penetration
18118398-00a9-43e1-a44c-0897573712d2,3857298,Portugal,Ghana,Cristiano Ronaldo dos Santos Aveiro,1,41,16,110.0,25.1,16.41,0.030432492,Blocked,0,Open Play,Left Foot,True,False,Regular Play,34.7,54.9,Duel,19,5,3,75.3,68.6,3.96,central_pass,99.6,29.0,half_space,True,14,9,1.94,0,1,1,8,1,3,117.6,36.2,2.19,3.47,central_penetration
a67b0953-60a8-4722-ab82-1bbf2bcd53d4,3857298,Ghana,Portugal,Alidu Seidu,2,53,2,88.8,44.2,28.79,0.015372672,Off T,0,Open Play,Left Foot,True,False,From Corner,120.0,0.1,Pass,6,0,0,-31.2,8.4,-5.2,,,,central,True,21,11,5.83,0,0,0,5,4,4,117.5,40.3,2.29,0.27,other
b495a21d-c7c8-42d0-ab0f-0e90b94d60f8,3857298,Ghana,Portugal,Mohammed Kudus,2,54,33,92.9,31.0,26.11,0.030134441,Off T,0,Open Play,Left Foot,False,False,From Free Kick,51.5,69.3,Pass,31,6,7,41.4,45.9,1.34,central_pass,26.3,27.8,half_space,True,10,6,1.07,0,1,1,2,1,0,116.7,37.3,3.02,2.47,central_penetration
98e5e215-51a0-43f0-b954-40d78e86a583,3857298,Ghana,Portugal,Iñaki Williams Arthuer,2,66,27,91.1,47.3,27.26,0.020453067,Blocked,0,Open Play,Right Foot,False,False,From Throw In,68.9,0.1,Pass,29,5,6,22.2,35.0,0.77,other,75.4,17.2,wide,True,17,10,3.28,0,0,0,2,2,0,116.9,41.2,2.83,1.1,other
6cbb593a-790d-460c-85f3-63513e98011c,3857298,Ghana,Portugal,Thomas Teye Partey,2,68,1,92.4,52.5,27.71,0.021057075,Off T,0,Open Play,Right Foot,False,True,Regular Play,59.7,74.2,Duel,25,8,9,32.7,39.0,1.31,central_pass,79.2,60.6,half_space,True,19,11,1.01,0,1,1,1,2,0,116.8,41.2,2.93,1.1,central_penetration
023e13c1-0fce-4feb-8cfd-a61c9457390c,3857298,Ghana,Portugal,Mohammed Kudus,2,71,38,90.8,34.5,27.17,0.02159481,Saved,0,Open Play,Left Foot,False,False,Regular Play,70.5,67.7,Pass,9,4,4,20.3,27.0,2.26,central_pass,82.5,59.6,half_space,True,15,9,3.4,0,0,0,2,2,0,117.2,40.1,2.56,0.09,central_penetration
d16df27e-55c4-4cf9-9290-54e48d7f346a,3857298,Ghana,Portugal,André Ayew Pelé,2,72,11,115.6,39.8,4.03,0.48524466,Goal,1,Open Play,Right Foot,True,False,Regular Play,56.7,64.4,Pass,25,5,5,58.9,63.4,2.36,,,,central,True,10,6,1.23,0,1,1,6,1,3,118.1,36.9,1.74,2.83,other
9e626aa5-58e5-48c8-afd9-6d8eb3596264,3857298,Portugal,Ghana,João Félix Sequeira,2,77,6,107.5,52.6,16.23,0.21504128,Goal,1,Open Play,Right Foot,False,False,Regular Play,44.1,14.3,Duel,9,3,3,63.4,62.4,7.04,through_ball,68.7,50.7,half_space,True,8,6,2.37,0,0,1,4,1,1,110.3,49.2,8.87,8.41,fast_counter
7ddc71ea-7fbb-426b-bc81-ad287bb99a3f,3857298,Portugal,Ghana,Rafael Alexandre Conceição Leão,2,79,21,111.7,28.3,13.12,0.15539157,Goal,1,Open Play,Right Foot,True,False,Regular Play,45.2,52.6,Duel,9,2,1,66.5,61.5,7.39,central_pass,100.0,33.6,central,True,12,7,2.01,0,0,1,6,1,3,116.8,36.4,2.93,3.29,fast_counter
fc86a7b5-c283-400a-85c9-c61834a7f38a,3857298,Ghana,Portugal,Osman Bukari,2,88,28,113.5,40.2,5.95,0.15547352,Goal,1,Open Play,Head,False,False,From Throw In,51.8,80.0,Pass,13,3,2,61.7,72.6,4.75,,,,central,True,10,6,1.32,0,1,2,6,1,3,117.8,40.1,2.01,0.09,other
b43d8f67-148b-4980-90f8-49bbc0831f13,3857298,Ghana,Portugal,Mohamed Salisu,2,91,13,106.9,30.6,14.74,0.02431712,Off T,0,Open Play,Head,False,True,From Free Kick,62.9,49.0,Pass,15,3,2,44.0,41.7,2.93,central_pass,71.1,56.3,half_space,True,16,10,0.92,1,2,2,5,1,3,117.0,39.6,2.74,0.37,central_penetration
a61f4bb3-9f80-4abf-9722-6640215eb731,3857298,Portugal,Ghana,Rafael Alexandre Conceição Leão,2,95,4,95.5,29.9,24.23,0.026070174,Blocked,0,Open Play,Right Foot,False,False,Regular Play,39.5,65.3,Duel,14,2,3,56.0,57.9,4.0,central_pass,97.9,58.8,half_space,True,13,8,5.44,0,0,0,5,2,2,117.5,38.5,2.29,1.37,central_penetration
03c49999-8755-4565-93e0-67c6ca85093f,3857298,Ghana,Portugal,Osman Bukari,2,97,33,103.3,12.6,29.34,0.0063759447,Off T,0,Open Play,Right Foot,False,False,From Throw In,105.8,0.1,Pass,3,1,1,-2.5,10.3,-0.83,cutback,105.8,0.1,wide,True,18,11,4.06,0,0,0,5,1,3,118.2,37.6,1.65,2.19,cutback
81fb64a4-a41f-4eec-ab6d-7721b769e3a2,3857285,Senegal,Netherlands,Boulaye Dia,1,0,45,107.0,27.1,16.75,0.034865376,Blocked,0,Open Play,Left Foot,False,False,Regular Play,86.5,5.4,Duel,5,1,2,20.5,29.8,4.1,cutback,106.8,5.2,wide,True,14,8,0.91,1,1,1,5,1,0,117.3,36.1,2.47,3.57,high_turnover
dd029fc0-18f9-47f2-9e90-f289f838e02e,3857285,Netherlands,Senegal,Vincent Janssen,1,3,55,103.2,34.3,16.22,0.12169348,Blocked,0,Open Play,Left Foot,True,False,From Throw In,102.6,80.0,Pass,14,4,3,0.6,25.9,0.04,,,,central,True,18,10,1.02,0,1,1,7,2,4,116.1,42.0,3.57,1.83,other
c4602ac8-db2f-4580-ba9a-ce7292be1032,3857285,Senegal,Netherlands,Ismaïla Sarr,1,8,48,97.5,44.1,20.91,0.059537582,Off T,0,Open Play,Left Foot,False,True,Regular Play,97.4,58.8,Ball Recovery,5,2,3,0.1,6.5,0.02,central_pass,88.4,53.3,half_space,True,16,9,1.28,0,1,1,5,1,2,117.2,39.9,2.56,0.09,high_turnover
21b51419-7d6c-443b-8107-2c90cb73bdbc,3857285,Netherlands,Senegal,Daley Blind,1,16,18,112.8,32.9,9.25,0.04866169,Off T,0,Open Play,Head,False,True,From Throw In,99.3,80.0,Pass,39,12,9,13.5,34.9,0.35,cross,116.9,67.0,wide,True,17,9,0.71,1,1,1,7,2,3,118.4,38.4,1.46,1.46,wide_cross
2098f92b-0f82-4f1e-b7fe-24caad1a69d9,3857285,Netherlands,Senegal,Vincent Janssen,1,18,51,98.3,44.3,20.23,0.03382374,Blocked,0,Open Play,Left Foot,False,True,From Throw In,107.3,0.1,Pass,15,4,5,-9.0,19.8,-0.6,central_pass,92.0,53.8,half_space,True,19,11,0.84,1,1,1,4,2,1,115.4,40.8,4.21,0.73,central_penetration
e086821a-1732-4340-bd1e-2e3b57a0cda1,3857285,Senegal,Netherlands,Ismaïla Sarr,1,24,39,102.7,25.9,20.41,0.034923773,Blocked,0,Open Play,Right Foot,False,False,From Free Kick,54.0,27.7,Pass,17,4,5,48.7,44.8,2.86,central_pass,51.0,54.6,half_space,True,15,9,2.05,0,0,1,7,1,3,117.7,37.6,2.1,2.19,central_penetration
819e2c8c-5a57-4cf6-b3e6-36e23513dc9a,3857285,Netherlands,Senegal,Virgil van Dijk,1,26,38,109.4,38.0,9.86,0.045367446,Off T,0,Open Play,Head,False,True,From Corner,120.0,80.0,Pass,2,1,0,-10.6,29.2,-5.3,cutback,120.0,80.0,wide,False,0,11,0.46,1,2,4,10,3,4,118.5,40.0,1.37,0.0,cutback
b5d4b6d2-2276-4827-ad51-fd13e52e6ecf,3857285,Senegal,Netherlands,Idrissa Gana Gueye,1,28,20,100.9,48.4,19.08,0.025139945,Blocked,0,Open Play,Right Foot,False,False,From Free Kick,60.5,57.0,Pass,51,13,15,40.4,41.0,0.79,cutback,102.5,46.8,central,True,17,9,1.19,0,1,1,7,2,2,117.0,41.4,2.74,1.28,cutback
33dcd604-7bb3-48c8-99b1-77134bdaf72b,3857285,Senegal,Netherlands,Krépin Diatta,1,28,35,100.0,56.6,23.77,0.03131155,Off T,0,Open Play,Left Foot,False,False,From Free Kick,60.5,57.0,Pass,66,16,19,39.5,35.9,0.6,central_pass,87.4,39.2,central,True,17,9,2.01,0,0,1,7,1,4,117.4,41.9,2.38,1.74,central_penetration
c4b8f106-bc44-42a1-9c06-b1d8a4364777,3857285,Senegal,Netherlands,Youssouf Sabaly,1,32,51,84.7,54.0,34.72,0.0068181115,Saved,0,Open Play,Right Foot,False,False,From Throw In,109.9,0.1,Pass,14,5,5,-25.2,3.2,-1.8,central_pass,97.0,22.5,half_space,True,19,11,5.26,0,0,0,4,2,2,116.6,41.3,3.11,1.19,central_penetration
f27a12e2-2343-4860-980f-31041a77c724,3857285,Netherlands,Senegal,Steven Berghuis,1,39,17,97.2,47.3,21.89,0.030127633,Off T,0,Open Play,Left Foot,False,False,Regular Play,21.1,73.7,Interception,20,7,5,76.1,80.5,3.8,central_pass,102.3,47.6,central,True,18,10,1.94,0,1,1,6,2,4,117.7,40.9,2.1,0.82,central_penetration
85ef6406-6165-44fc-86f4-3cae9a354a94,3857285,Netherlands,Senegal,Virgil van Dijk,2,52,40,111.1,40.2,8.14,0.06871433,Off T,0,Open Play,Head,False,True,From Corner,120.0,80.0,Pass,2,1,0,-8.9,31.1,-4.45,cutback,120.0,80.0,wide,True,20,11,0.9,2,3,4,11,1,5,118.4,39.8,1.46,0.18,cutback
3409a450-23b4-46b2-a4a9-05c7d9a9af28,3857285,Senegal,Netherlands,Youssouf Sabaly,2,53,58,96.9,57.9,26.72,0.011074076,Blocked,0,Open Play,Right Foot,False,False,From Throw In,66.7,80.0,Pass,35,7,6,30.2,37.4,0.86,,,,half_space,True,12,7,5.58,0,0,0,5,2,2,116.3,42.7,3.38,2.47,other
01ae7e3c-91d2-4989-9fd8-641f2d55cfe2,3857285,Senegal,Netherlands,Krépin Diatta,2,57,53,115.2,50.5,10.56,0.058196757,Wayward,0,Open Play,Right Foot,True,False,Regular Play,57.5,26.1,Duel,25,5,6,57.7,52.5,2.31,cross,93.2,11.3,wide,True,12,7,1.02,0,1,1,5,1,2,119.4,41.2,0.55,1.1,wide_cross
2898c48b-c7a7-4cd3-9e1a-8a4e54e3ed39,3857285,Netherlands,Senegal,Steven Berghuis,2,59,9,95.3,32.8,23.53,0.038496487,Blocked,0,Open Play,Left Foot,False,False,From Goal Kick,7.0,44.1,Pass,61,11,11,88.3,87.3,1.45,central_pass,90.9,50.8,half_space,True,17,10,1.24,0,1,1,5,2,2,117.3,39.0,2.47,0.91,central_penetration
b18d6cd5-7dbd-4c02-abb4-ffd8b825b39c,3857285,Senegal,Netherlands,Boulaye Dia,2,64,40,107.6,56.5,18.87,0.04221427,Saved,0,Open Play,Right Foot,True,False,From Free Kick,67.1,64.9,Pass,17,3,2,40.5,37.8,2.38,central_pass,88.1,50.4,half_space,True,10,6,1.38,0,2,2,4,1,1,118.3,43.6,1.55,3.29,central_penetration
ba96f3ec-0c47-44fe-a71d-e9bdbd6dfc70,3857285,Senegal,Netherlands,Idrissa Gana Gueye,2,72,34,103.3,40.4,15.27,0.06520781,Saved,0,Open Play,Right Foot,False,True,Regular Play,23.5,19.5,Duel,15,2,3,79.8,81.9,5.32,cutback,105.6,20.5,half_space,True,13,8,1.37,0,1,1,8,2,4,119.2,39.6,0.73,0.37,cutback
6ec6d6e5-6600-49ad-98dc-60d422c2be0f,3857285,Senegal,Netherlands,Cheikh Ahmadou Bamba Mbacke Dieng,2,74,59,104.3,31.7,16.24,0.07416881,Off T,0,Open Play,Left Foot,True,False,Regular Play,52.5,41.0,Pass,11,3,2,51.8,49.7,4.71,cross,109.5,20.6,half_space,True,14,8,1.4,0,2,2,7,1,3,117.8,37.9,2.01,1.92,fast_counter
d4df34f1-3c34-4675-9075-676a5493faa3,3857285,Senegal,Netherlands,Ismaïla Sarr,2,81,24,111.3,40.6,7.97,0.06430619,Off T,0,Open Play,Head,False,True,Regular Play,33.4,58.5,Ball Recovery,35,10,10,77.9,79.8,2.23,cross,94.6,9.1,wide,True,14,9,0.64,1,2,2,6,2,2,118.6,40.6,1.28,0.55,wide_cross
597f7130-1c91-48bd-9723-52b0b2913977,3857285,Netherlands,Senegal,Cody Mathès Gakpo,2,83,50,112.3,39.0,7.1,0.28603274,Goal,1,Open Play,Head,False,False,Regular Play,87.6,60.5,Ball Recovery,20,6,5,24.7,30.6,1.23,cross,88.5,17.4,wide,True,18,11,1.5,0,1,1,6,0,3,113.6,40.0,5.85,0.0,wide_cross
d67ed7c2-cb3d-4eb9-907a-6c36d33952e0,3857285,Senegal,Netherlands,Pape Gueye,2,85,51,93.8,56.8,28.46,0.008650101,Saved,0,Open Play,Left Foot,False,False,From Throw In,90.4,0.1,Pass,26,7,7,3.4,18.6,0.13,cutback,104.2,72.3,wide,True,17,10,1.65,0,1,1,6,1,2,117.4,41.5,2.38,1.37,cutback
ceeeab00-ca40-4102-8f50-040fde9a9ba9,3857285,Senegal,Netherlands,Ismail Jakobs,2,91,0,91.0,27.5,28.88,0.014392905,Off T,0,Open Play,Left Foot,True,False,Regular Play,13.8,41.4,Ball Recovery,43,11,10,77.2,74.6,1.8,,,,half_space,True,15,8,6.4,0,0,0,7,3,2,118.5,38.4,1.37,1.46,slow_possession
7cd5adc1-5dba-4aa4-af81-dd2368f99eb6,3857285,Senegal,Netherlands,Cheikh Ahmadou Bamba Mbacke Dieng,2,92,55,112.8,35.7,7.67,0.16068545,Off T,0,Open Play,Head,False,False,From Throw In,90.8,80.0,Pass,24,7,6,22.0,41.1,0.92,cross,93.9,68.6,wide,True,16,10,1.29,0,2,2,7,1,3,117.5,40.3,2.29,0.27,wide_cross
37e3001d-d9fe-4fd9-9327-532a11e41521,3857285,Netherlands,Senegal,Memphis Depay,2,98,16,101.2,50.1,19.51,0.102816984,Saved,0,Open Play,Left Foot,False,False,Regular Play,35.7,30.4,Pass,22,8,5,65.5,63.5,2.98,central_pass,66.1,59.5,half_space,True,6,4,1.71,0,1,1,2,1,0,114.9,42.2,4.66,2.01,central_penetration
24ed1e2b-5f30-476f-a7d7-9b21b03164bb,3857285,Netherlands,Senegal,Davy Klaassen,2,98,18,109.5,34.8,10.71,0.34814927,Goal,1,Open Play,Left Foot,True,False,Regular Play,35.7,30.4,Pass,24,8,5,73.8,73.1,3.07,,,,central,True,6,4,1.36,0,1,1,4,1,0,114.6,38.2,4.94,1.65,slow_possession
efad880d-1c42-4469-b874-b88fdd11ec0c,3857282,United States,Wales,Joshua Sargent,1,9,2,116.0,35.3,5.64,0.25332773,Post,0,Open Play,Head,False,False,From Throw In,93.7,0.1,Pass,36,9,7,22.3,41.6,0.62,cross,114.7,19.4,half_space,True,15,9,1.74,0,1,1,9,1,4,119.4,36.7,0.55,3.02,wide_cross
f86451c3-a2de-40d7-9e8b-c758a0238c23,3857282,Wales,United States,Ethan Ampadu,1,13,45,87.6,43.1,29.76,0.013776194,Off T,0,Open Play,Right Foot,False,False,From Free Kick,76.6,5.3,Pass,7,1,1,11.0,23.0,1.57,,,,central,True,19,11,3.93,0,0,0,2,4,3,119.0,40.6,0.91,0.55,other
6c050fb6-760f-45be-b373-07540d94c412,3857282,United States,Wales,Sergino Dest,1,28,29,90.9,56.6,30.63,0.0066337776,Off T,0,Open Play,Right Foot,False,False,From Throw In,22.9,0.1,Pass,67,16,17,68.0,71.5,1.01,central_pass,80.1,31.6,central,True,15,9,6.51,0,0,0,4,1,3,116.6,42.2,3.11,2.01,central_penetration
0592b60f-7f9f-446d-ae00-42abec2f64f1,3857282,United States,Wales,Timothy Weah,1,35,12,107.7,37.8,11.43,0.20100605,Goal,1,Open Play,Right Foot,True,True,From Counter,26.2,21.8,Pass,12,6,3,81.5,83.1,6.79,through_ball,87.8,31.6,central,True,9,7,0.75,1,1,2,2,1,0,110.9,38.5,8.32,1.37,fast_counter
0e55900b-d2c5-4473-b159-aa752a27e8f7,3857282,Wales,United States,Ben Davies,1,44,29,114.7,37.5,5.36,0.14399761,Off T,0,Open Play,Head,False,True,From Corner,120.0,80.0,Pass,2,1,0,-5.3,34.1,-2.65,cutback,120.0,80.0,wide,True,18,11,0.53,1,3,4,11,1,4,119.0,37.9,0.91,1.92,cutback
b9450a53-8f48-4b5f-8fb8-c8c7c629bbc3,3857282,Wales,United States,Kieffer Roberto Francisco Moore,2,60,3,93.4,42.2,24.41,0.032130886,Blocked,0,Open Play,Left Foot,False,False,From Free Kick,52.1,30.7,Pass,20,7,6,41.3,41.8,2.06,central_pass,96.4,43.4,central,True,14,8,1.96,0,1,2,4,2,2,115.9,40.9,3.75,0.82,central_penetration
3ed6ac35-deeb-496e-8196-1f46217c3171,3857282,Wales,United States,Ben Davies,2,63,54,109.2,38.3,10.0,0.18666926,Saved,0,Open Play,Head,False,False,From Free Kick,86.8,73.4,Pass,8,1,0,22.4,36.2,2.8,central_pass,105.7,46.6,central,True,20,11,0.56,1,1,1,9,1,5,118.4,39.9,1.46,0.09,central_penetration
c2b7077a-ec99-4c68-95e5-857d1e060e4f,3857282,Wales,United States,Kieffer Roberto Francisco Moore,2,64,34,116.3,43.4,4.59,0.19270518,Off T,0,Open Play,Head,False,False,From Corner,120.0,80.0,Pass,1,1,0,-3.7,35.0,-3.7,cutback,120.0,80.0,wide,True,18,10,1.28,0,3,4,10,2,5,117.6,41.9,2.19,1.74,cutback
6d00ee32-870a-4001-8120-15c052a3b63d,3857282,United States,Wales,Haji Wright,2,74,48,106.6,46.9,13.78,0.027433796,Off T,0,Open Play,Head,False,True,Regular Play,14.6,25.1,Ball Recovery,31,5,6,92.0,91.4,2.97,cross,95.8,75.6,wide,True,15,9,0.74,1,1,1,4,2,2,117.3,40.6,2.47,0.55,wide_cross
6c3a8948-24c5-4a9f-94ef-820524a32e7c,3857282,United States,Wales,Brenden Aaronson,2,76,33,116.3,46.7,7.0,0.09428854,Off T,0,Open Play,Head,False,True,From Corner,120.0,0.1,Pass,2,1,0,-3.7,32.2,-1.85,cutback,120.0,0.1,wide,True,17,10,0.46,1,1,1,10,1,4,118.4,43.4,1.46,3.11,cutback
fcde792c-c2cb-43b8-9240-7815f5e252f9,3857282,Wales,United States,Brennan Johnson,2,88,36,109.9,56.2,17.46,0.042556882,Saved,0,Open Play,Right Foot,False,False,From Counter,9.6,62.5,Pass,10,2,2,100.3,93.6,10.03,other,63.4,68.8,wide,True,7,6,1.68,0,1,1,4,1,0,118.4,43.9,1.46,3.57,fast_counter
7ffb8520-fade-443f-9853-8e1919f85e79,3857282,United States,Wales,Tyler Adams,2,91,13,92.8,35.5,25.21,0.019808901,Blocked,0,Open Play,Right Foot,False,False,From Free Kick,55.8,54.5,Pass,61,19,21,37.0,38.2,0.61,,,,central,True,17,10,3.13,0,0,0,5,3,2,117.6,39.2,2.19,0.73,slow_possession
d2f58c81-92d6-4a50-811a-2413929f5c1d,3857297,Saudi Arabia,Poland,Mohammed Al Burayk,1,7,5,91.6,24.8,29.45,0.012477021,Blocked,0,Open Play,Right Foot,False,False,From Goal Kick,7.0,44.1,Pass,29,4,6,84.6,80.9,2.92,central_pass,75.3,41.5,central,True,17,10,6.12,0,0,0,6,3,4,118.1,38.6,1.74,1.28,central_penetration
2be63b79-06c8-46a1-8688-d5257673d4d9,3857297,Saudi Arabia,Poland,Mohammed Kanoo,1,12,17,105.5,54.5,18.75,0.03839731,Saved,0,Open Play,Right Foot,True,False,From Free Kick,32.2,37.2,Pass,27,7,7,73.3,67.3,2.71,cutback,109.8,60.4,half_space,True,14,9,3.43,0,0,0,8,3,4,119.4,41.9,0.55,1.74,cutback
81bfba47-f671-4b85-adc5-fb8fc77f87b0,3857297,Poland,Saudi Arabia,Krystian Bielik,1,25,36,111.7,39.3,7.62,0.075333446,Blocked,0,Open Play,Head,False,True,From Corner,120.0,80.0,Pass,2,1,0,-8.3,31.7,-4.15,cutback,120.0,80.0,wide,True,18,11,1.01,0,1,4,9,5,5,119.2,40.1,0.73,0.09,cutback
4965589f-2eaa-49a7-81cd-3200dfbdeb2a,3857297,Saudi Arabia,Poland,Saleh Khalid Al Shehri,1,32,3,108.5,45.0,11.47,0.044610713,Wayward,0,Open Play,Head,False,False,From Throw In,87.3,80.0,Pass,36,12,11,21.2,39.1,0.59,cross,105.3,62.3,wide,True,13,8,1.45,0,1,1,5,2,2,118.4,41.9,1.46,1.74,wide_cross
dedac82e-b225-46ac-bbb5-e189d1cfb20e,3857297,Poland,Saudi Arabia,Piotr Zieliński,1,38,57,111.9,44.7,8.56,0.23496674,Goal,1,Open Play,Right Foot,True,False,From Goal Kick,6.0,36.0,Pass,14,5,4,105.9,104.7,7.56,cutback,117.9,51.1,half_space,True,13,8,1.2,0,1,1,8,2,3,118.8,43.2,1.1,2.93,cutback
79f1bb24-ca0f-44a0-9e41-3558fb125f6b,3857297,Poland,Saudi Arabia,Robert Lewandowski,1,40,16,112.9,58.5,18.12,0.009729679,Wayward,0,Open Play,Right Foot,False,False,Regular Play,46.9,32.0,Ball Recovery,9,1,1,66.0,53.7,7.33,central_pass,67.4,34.5,central,True,9,5,3.84,0,0,0,4,1,2,118.5,43.5,1.37,3.2,fast_counter
c024762d-1211-4eda-8380-7d09e7a96151,3857297,Saudi Arabia,Poland,Mohammed Al Burayk,1,45,37,112.7,32.9,9.31,0.35719204,Saved,0,Open Play,Right Foot,True,False,Other,108.1,40.1,Shot,2,0,0,4.6,1.7,2.3,,,,central,True,10,6,4.38,0,0,0,6,1,2,118.0,37.2,1.83,2.56,other
11e3ad98-3896-433a-bba4-4f12f55829fa,3857297,Saudi Arabia,Poland,Saud Abdullah Abdul Hamid,2,50,48,85.9,24.5,34.25,0.005913877,Blocked,0,Open Play,Right Foot,False,False,From Corner,120.0,0.1,Pass,5,2,1,-34.1,2.4,-6.82,cutback,104.0,7.8,wide,True,15,11,5.04,0,0,0,8,4,4,117.6,39.3,2.19,0.64,cutback
dbc22c7c-3a77-49e0-8fcc-165b17167d2a,3857297,Saudi Arabia,Poland,Mohammed Kanoo,2,50,53,104.2,39.3,14.46,0.03705331,Off T,0,Open Play,Right Foot,True,False,From Corner,120.0,0.1,Pass,10,3,2,-15.8,24.1,-1.58,central_pass,88.1,56.0,half_space,True,20,11,1.27,0,2,2,6,1,4,117.5,40.6,2.29,0.55,central_penetration
b32acb43-b80a-470e-bce9-90598ed7ee46,3857297,Saudi Arabia,Poland,Salem Mohammed Al Dawsari,2,53,43,97.6,21.6,26.51,0.010959039,Off T,0,Open Play,Right Foot,False,False,From Free Kick,39.7,55.2,Pass,14,4,3,57.9,52.7,4.14,cutback,105.2,5.2,wide,True,15,10,2.46,0,0,2,6,2,4,117.7,39.5,2.1,0.46,cutback
9d027449-9a71-41d7-91a4-e9701df87106,3857297,Saudi Arabia,Poland,Salem Mohammed Al Dawsari,2,54,34,114.6,36.1,6.09,0.16438472,Saved,0,Open Play,Left Foot,False,False,Regular Play,36.0,50.6,Ball Recovery,19,5,6,78.6,78.0,4.14,,,,central,True,13,8,0.82,1,1,2,7,1,4,117.3,37.2,2.47,2.56,other
1540a282-cfd2-4a45-96e6-3a95c39914f1,3857297,Saudi Arabia,Poland,Abdulelah Saad Hameed Al-Malki,2,54,36,97.0,40.0,21.03,0.0391187,Off T,0,Open Play,Right Foot,True,False,Regular Play,36.0,50.6,Ball Recovery,21,5,6,61.0,61.7,2.9,,,,central,True,16,9,2.5,0,0,1,7,3,5,117.4,36.6,2.38,3.11,other
f385844d-ab4d-4198-9014-10751c300c90,3857297,Saudi Arabia,Poland,Firas Tariq Nasser Al Albirakan,2,59,26,112.9,27.5,13.15,0.11089649,Off T,0,Open Play,Left Foot,False,True,From Goal Kick,6.0,36.0,Pass,111,32,28,106.9,99.7,0.96,central_pass,98.8,27.2,half_space,True,14,9,2.51,0,0,1,7,1,2,117.6,35.6,2.19,4.02,central_penetration
4eb4d5db-61a5-454b-8c1a-e5520be02cc1,3857297,Saudi Arabia,Poland,Mohammed Kanoo,2,60,4,107.3,49.4,14.45,0.07597345,Off T,0,Open Play,Right Foot,True,False,Regular Play,111.3,63.1,Duel,6,0,2,-4.0,8.9,-0.67,,,,central,True,15,8,3.28,0,0,0,7,3,3,117.0,43.6,2.74,3.29,high_turnover
35ecad59-a356-4424-a9bd-c7e1f3dbe7a6,3857297,Poland,Saudi Arabia,Arkadiusz Milik,2,62,31,111.0,38.8,8.3,0.13519733,Post,0,Open Play,Head,False,False,From Goal Kick,7.0,36.1,Pass,11,3,2,104.0,104.0,9.45,cross,115.1,11.3,wide,True,11,7,3.0,0,0,1,7,1,2,119.3,40.1,0.64,0.09,fast_counter
ea6094d3-7510-45dd-968e-66684c0f4379,3857297,Poland,Saudi Arabia,Robert Lewandowski,2,65,1,115.1,44.4,6.02,0.25903136,Post,0,Open Play,Other,False,False,From Free Kick,54.2,33.6,Pass,4,2,1,60.9,59.5,15.22,cross,115.1,62.8,wide,True,11,7,1.07,0,2,2,6,1,1,116.3,43.7,3.38,3.38,fast_counter
4e633834-f4a5-4f29-9215-267c13aba9ed,3857297,Saudi Arabia,Poland,Nawaf Shaker Al Abid,2,67,52,95.1,46.7,23.58,0.0660456,Blocked,0,Free Kick,Left Foot,False,False,From Free Kick,95.1,46.7,Shot,0,0,0,0.0,0.0,,,,,central,True,19,11,8.42,0,0,0,11,5,5,118.9,39.6,1.01,0.37,set_piece
39f1b4e4-757e-4c37-b42d-b52826448257,3857297,Saudi Arabia,Poland,Salem Mohammed Al Dawsari,2,68,29,96.0,34.2,22.58,0.03677261,Saved,0,Open Play,Right Foot,False,False,From Free Kick,95.1,46.7,Shot,37,7,11,0.9,1.1,0.02,cutback,104.8,20.1,half_space,True,16,10,2.75,0,0,1,6,2,3,117.9,40.1,1.92,0.09,cutback
f6869c7d-e38c-4c4d-941f-10e184f36ca1,3857297,Poland,Saudi Arabia,Robert Lewandowski,2,72,28,107.3,49.0,14.23,0.09536816,Blocked,0,Open Play,Right Foot,True,False,From Throw In,84.9,80.0,Pass,6,3,2,22.4,37.7,3.73,cross,116.6,69.2,wide,True,14,9,2.37,0,0,1,7,2,3,118.8,42.6,1.1,2.38,wide_cross
7d51a405-d72b-4f2b-b039-7eb53480c766,3857297,Saudi Arabia,Poland,Abdulelah Saad Hameed Al-Malki,2,77,50,103.2,34.7,16.11,0.10027991,Off T,0,Open Play,Left Foot,True,False,Regular Play,56.8,53.8,Ball Recovery,27,4,7,46.4,47.1,1.72,,,,central,False,0,10,1.36,0,1,1,10,2,5,118.8,38.2,1.1,1.65,other
eee20398-5fc9-49ff-bf22-2cc36ca05d2c,3857297,Poland,Saudi Arabia,Krzysztof Piątek,2,80,55,107.4,41.4,11.59,0.02819521,Off T,0,Open Play,Head,False,True,From Free Kick,63.6,20.8,Pass,14,5,2,43.8,46.9,3.13,cross,114.8,69.2,wide,True,11,7,0.75,1,2,2,7,2,1,118.6,40.5,1.28,0.46,wide_cross
4b0734e0-f6e7-4ebf-9fa4-aff5230d417f,3857297,Poland,Saudi Arabia,Robert Lewandowski,2,81,28,107.2,44.6,12.44,0.47824246,Goal,1,Open Play,Left Foot,False,False,From Goal Kick,94.7,68.6,Pressure,13,0,3,12.5,24.6,0.96,,,,central,True,7,5,3.66,0,0,0,2,1,0,111.1,43.7,8.14,3.38,other
c0825b2d-a1da-4424-ba81-13a3c5c1e221,3857297,Saudi Arabia,Poland,Abdulrahman Al-Obood,2,86,25,118.0,48.2,7.72,0.041744728,Off T,0,Open Play,Head,False,True,Regular Play,53.1,37.2,Pass,25,11,8,64.9,58.5,2.6,cross,107.7,6.7,wide,True,9,6,0.74,1,1,1,6,1,2,119.1,43.6,0.82,3.29,wide_cross
0a75a101-5aa9-40ee-98a9-f25efa6b7757,3857297,Poland,Saudi Arabia,Robert Lewandowski,2,89,28,109.9,48.1,11.84,0.4181081,Saved,0,Open Play,Right Foot,False,False,From Free Kick,39.9,46.3,Pass,26,4,6,70.0,67.4,2.69,,,,central,True,9,6,2.52,0,0,1,4,1,1,111.8,46.1,7.5,5.58,other
1c9fc6fc-fea7-4208-811f-5e9321a57a56,3857297,Saudi Arabia,Poland,Mohammed Kanoo,2,95,43,95.3,32.9,23.5,0.046656966,Off T,0,Open Play,Right Foot,False,False,From Throw In,98.6,0.1,Pass,6,2,4,-3.3,19.6,-0.55,other,86.4,5.8,wide,True,15,10,3.29,0,0,0,4,1,3,117.9,40.6,1.92,0.55,other
8294e192-b4b3-410d-88bf-dbafd1d5d730,3857294,Netherlands,Qatar,Memphis Depay,1,0,33,114.9,52.7,12.51,0.04113277,Off T,0,Open Play,Right Foot,True,False,From Kick Off,60.0,40.0,Pass,33,11,10,54.9,46.3,1.66,through_ball,48.7,48.0,central,True,12,8,2.48,0,0,1,4,1,0,118.5,44.8,1.37,4.39,central_penetration
2c714385-0957-490d-9897-f4b2c1118251,3857294,Qatar,Netherlands,Hassan Khalid Al Heidos,1,2,44,89.6,52.0,29.89,0.015712837,Saved,0,Open Play,Right Foot,False,False,Regular Play,70.9,57.9,Interception,3,0,1,18.7,19.6,6.23,,,,half_space,True,10,7,1.31,0,1,1,1,1,0,115.6,42.0,4.02,1.83,other
da59dcb2-78b9-4345-a2d1-0600308afc18,3857294,Netherlands,Qatar,Daley Blind,1,3,20,114.1,29.0,11.41,0.10723932,Saved,0,Open Play,Right Foot,True,False,Regular Play,68.7,11.4,Duel,10,2,3,45.4,46.3,4.54,,,,half_space,True,13,8,1.39,0,1,1,7,1,3,116.7,33.7,3.02,5.76,fast_counter
0a45dc04-546c-413c-b3cf-8dfef3d7428c,3857294,Netherlands,Qatar,Daley Blind,1,3,22,115.2,28.6,11.31,0.042171385,Off T,0,Open Play,Right Foot,True,True,Regular Play,68.7,11.4,Duel,12,2,3,46.5,46.4,3.88,,,,half_space,True,14,9,1.23,0,2,3,8,1,4,117.6,35.1,2.19,4.48,fast_counter
4b6dcfbb-bee9-4633-95ea-bb932937b030,3857294,Netherlands,Qatar,Cody Mathès Gakpo,1,6,50,93.2,29.5,26.32,0.023612352,Blocked,0,Open Play,Right Foot,False,True,Regular Play,84.9,16.0,Interception,5,2,3,8.3,13.7,1.66,other,94.3,7.9,wide,True,14,8,1.1,0,2,2,2,2,0,117.4,37.9,2.38,1.92,high_turnover
87c6c0d6-04b5-4614-aeff-96ed9a1673cf,3857294,Netherlands,Qatar,Frenkie de Jong,1,13,57,96.9,32.3,22.27,0.032602046,Blocked,0,Open Play,Right Foot,False,False,From Throw In,105.5,0.1,Pass,41,16,14,-8.6,18.1,-0.21,central_pass,96.9,20.2,half_space,True,15,9,1.48,0,1,2,5,2,3,117.1,38.5,2.65,1.37,central_penetration
d31e6f63-ea17-428e-895b-2bb9fdfa6eea,3857294,Netherlands,Qatar,Memphis Depay,1,13,59,107.4,31.3,14.0,0.14338174,Off T,0,Open Play,Right Foot,True,False,From Throw In,105.5,0.1,Pass,43,16,14,1.9,27.1,0.04,,,,central,True,13,8,1.4,0,1,1,6,1,3,117.0,37.9,2.74,1.92,slow_possession
911ed872-f7d1-4bce-8302-3dc1de12823d,3857294,Netherlands,Qatar,Davy Klaassen,1,18,14,113.0,44.5,7.61,0.08364612,Off T,0,Open Play,Head,False,True,From Corner,120.0,80.0,Pass,1,1,0,-7.0,31.7,-7.0,cutback,120.0,80.0,wide,True,16,10,0.86,2,2,3,10,2,4,119.2,42.5,0.73,2.29,cutback
135ce9b0-a86f-4caa-a40d-9b782df05d62,3857294,Qatar,Netherlands,Abdelkarim Hassan Al Haj Fadlalla,1,24,6,109.2,45.5,11.08,0.067132466,Off T,0,Open Play,Right Foot,True,False,From Corner,120.0,80.0,Pass,1,1,0,-10.8,27.9,-10.8,cutback,120.0,80.0,wide,True,19,11,0.91,1,1,1,10,4,5,118.8,41.8,1.1,1.65,cutback
7c128cea-a0fd-467e-b5af-c2ce79dcb4e9,3857294,Netherlands,Qatar,Memphis Depay,1,25,15,113.6,30.5,10.47,0.0753362,Blocked,0,Open Play,Right Foot,False,True,Regular Play,66.9,45.7,Pass,20,6,6,46.7,42.0,2.33,other,82.6,3.4,wide,True,10,7,1.38,0,2,2,6,2,3,117.1,35.3,2.65,4.3,other
076bfa17-336a-42b8-a6ac-731a4de8dee6,3857294,Netherlands,Qatar,Cody Mathès Gakpo,1,25,55,103.3,39.8,15.27,0.14035599,Goal,1,Open Play,Right Foot,False,True,From Goal Kick,6.0,36.0,Pass,15,6,3,97.3,97.4,6.49,central_pass,89.6,25.0,half_space,True,12,8,1.19,0,3,3,4,1,1,114.5,40.6,5.03,0.55,central_penetration
a1e65121-9acb-47ff-95ae-6f38119b8886,3857294,Qatar,Netherlands,Ismaeel Mohammad Mohammad,1,28,31,93.9,39.3,23.87,0.03016361,Saved,0,Open Play,Right Foot,False,True,From Throw In,58.6,80.0,Pass,44,8,13,35.3,47.2,0.8,,,,central,True,11,7,0.84,1,1,1,1,2,0,116.5,39.9,3.2,0.09,slow_possession
518b826b-5d62-448d-bb99-205a1e2bdb42,3857294,Netherlands,Qatar,Memphis Depay,1,47,52,93.6,49.7,25.72,0.029451067,Off T,0,Open Play,Right Foot,True,False,Regular Play,90.8,54.9,Pass,1,1,0,2.8,4.7,2.8,central_pass,90.8,54.9,half_space,True,11,9,3.53,0,0,0,1,1,0,116.2,42.0,3.47,1.83,central_penetration
a6342f55-2f69-448e-ab69-4bd9c006fda0,3857294,Netherlands,Qatar,Memphis Depay,2,48,53,116.4,34.2,6.24,0.2959347,Saved,0,Open Play,Right Foot,False,True,From Goal Kick,7.0,44.1,Pass,57,14,15,109.4,106.2,1.92,,,,central,True,11,7,1.07,0,1,1,6,1,2,118.8,36.7,1.1,3.02,slow_possession
2c822162-de00-4f8e-bf2a-a3487dcd8e72,3857294,Netherlands,Qatar,Frenkie de Jong,2,48,55,117.6,40.3,2.21,0.6883914,Goal,1,Open Play,Right Foot,True,False,From Goal Kick,7.0,44.1,Pass,59,14,15,110.6,110.7,1.87,,,,central,True,9,6,1.03,0,3,3,6,1,2,118.8,38.5,1.1,1.37,slow_possession
89e414f2-6daa-4ae2-aa51-b4a7e24bfcae,3857294,Qatar,Netherlands,Abdulaziz Hatem Mohammed Abdullah,2,76,12,94.7,53.1,26.05,0.024495702,Saved,0,Open Play,Right Foot,False,False,Regular Play,56.2,28.5,Pass,11,3,3,38.5,36.3,3.5,central_pass,70.0,18.0,half_space,True,13,8,2.26,0,0,1,2,2,0,116.3,42.0,3.38,1.83,central_penetration
6d21bd7c-0fa6-4bdc-9fe0-77a923cafc1d,3857294,Qatar,Netherlands,Pedro Miguel Correia,2,87,32,88.8,53.2,30.98,0.00621196,Off T,0,Open Play,Right Foot,False,False,From Free Kick,55.7,6.4,Pass,27,10,9,33.1,38.7,1.23,central_pass,85.5,33.7,central,True,16,9,4.03,0,0,0,5,2,2,117.5,41.0,2.29,0.91,central_penetration
24f06115-ff02-43b0-9381-e895e38a736f,3857294,Netherlands,Qatar,Steven Berghuis,2,91,22,102.2,59.1,23.87,0.010698183,Post,0,Open Play,Left Foot,False,False,Regular Play,2.0,36.4,Ball Recovery,93,24,24,100.2,91.9,1.08,central_pass,105.0,54.4,half_space,True,14,8,3.27,0,0,0,7,1,3,117.7,42.5,2.1,2.29,central_penetration
ad8fa32c-3fea-4b86-a322-1177cd561c78,3857266,France,Denmark,Ousmane Dembélé,1,5,21,97.8,38.0,20.38,0.04759094,Blocked,0,Open Play,Right Foot,False,False,Regular Play,14.5,50.8,Ball Recovery,22,3,8,83.3,83.8,3.79,other,99.6,8.1,wide,True,17,10,1.33,0,1,1,7,2,4,117.4,39.9,2.38,0.09,other
4c34b967-74ca-456f-a511-bae8ff54f45c,3857266,France,Denmark,Adrien Rabiot,1,9,9,115.0,45.6,6.86,0.10936305,Blocked,0,Open Play,Head,False,True,From Throw In,68.8,0.1,Pass,87,32,28,46.2,57.4,0.53,cross,109.0,9.1,wide,True,14,9,1.12,0,1,1,8,2,3,117.8,42.7,2.01,2.47,wide_cross
7bfd3322-79dd-41dc-8ea9-dd83156ee37a,3857266,France,Denmark,Raphaël Varane,1,12,34,112.4,46.9,9.39,0.0425816,Wayward,0,Open Play,Head,False,True,From Corner,120.0,80.0,Pass,1,1,0,-7.6,29.7,-7.6,cutback,120.0,80.0,wide,False,0,11,0.52,3,3,3,11,2,5,119.2,40.8,0.73,0.73,cutback
8a5283ce-a55e-4a73-86a1-03e173b53b17,3857266,France,Denmark,Olivier Giroud,1,14,53,111.9,38.9,7.47,0.11903284,Wayward,0,Open Play,Head,False,True,Regular Play,30.0,7.5,Interception,62,18,20,81.9,87.5,1.32,cross,113.8,72.4,wide,True,14,9,0.65,1,1,2,7,1,1,119.7,40.1,0.27,0.09,wide_cross
8d13ea77-6e18-493c-8e54-258f942c255b,3857266,France,Denmark,Adrien Rabiot,1,20,18,108.9,44.3,10.88,0.04225832,Saved,0,Open Play,Head,False,False,From Free Kick,81.2,44.5,Pass,5,2,1,27.7,27.2,5.54,cross,103.4,73.3,wide,True,19,11,1.1,0,1,2,7,1,4,118.5,40.9,1.37,0.82,wide_cross
f10a16e6-487c-4e6c-bfa7-a2b2bbf19e07,3857266,France,Denmark,Jules Koundé,1,29,53,109.0,56.2,17.91,0.02881258,Blocked,0,Open Play,Right Foot,False,True,From Goal Kick,6.0,44.0,Pass,18,4,3,103.0,94.5,5.72,cross,117.6,22.4,half_space,True,16,10,1.42,0,1,1,9,2,4,118.0,44.5,1.83,4.11,wide_cross
4e7ba032-7c93-44f9-9a5f-6eb2de5d473a,3857266,France,Denmark,Antoine Griezmann,1,32,48,118.2,23.1,15.54,0.010852635,Saved,0,Open Play,Left Foot,False,True,From Counter,77.5,10.8,Ball Recovery,6,2,3,40.7,34.6,6.78,central_pass,92.7,20.7,half_space,True,11,8,1.35,0,1,1,6,1,1,119.5,35.9,0.46,3.75,fast_counter
f7c17e05-ea54-4e7c-b22d-8020b033463c,3857266,France,Denmark,Aurélien Djani Tchouaméni,1,32,52,99.7,39.1,18.58,0.054124165,Blocked,0,Open Play,Right Foot,True,False,Regular Play,77.5,10.8,Ball Recovery,10,3,3,22.2,31.2,2.22,cutback,102.5,49.6,central,True,16,9,1.58,0,1,1,7,2,2,117.3,39.3,2.47,0.64,cutback
02842003-6628-42d5-9e1e-36c26fd6f90d,3857266,France,Denmark,Ousmane Dembélé,1,32,55,108.2,48.0,13.04,0.046849832,Blocked,0,Open Play,Left Foot,False,False,From Counter,77.5,10.8,Ball Recovery,13,4,4,30.7,37.3,2.36,central_pass,102.6,47.5,central,True,16,9,1.17,0,1,1,7,2,4,116.8,42.6,2.93,2.38,fast_counter
477125c6-4502-4724-b896-19bb122fd88b,3857266,France,Denmark,Adrien Rabiot,1,33,36,100.1,24.5,23.07,0.02230111,Blocked,0,Open Play,Left Foot,False,False,Regular Play,77.5,10.8,Ball Recovery,54,13,16,22.6,26.3,0.42,,,,half_space,True,17,10,3.22,0,0,0,5,2,0,116.8,38.1,2.93,1.74,slow_possession
20999e77-a693-4ab9-90f4-6a66470de653,3857266,Denmark,France,Andreas Evald Cornelius,1,35,17,107.4,55.8,18.48,0.048269883,Off T,0,Open Play,Right Foot,True,False,From Counter,32.3,57.3,Duel,9,3,3,75.1,69.2,8.34,through_ball,80.1,63.3,wide,True,7,5,1.93,0,1,1,3,1,0,117.8,43.3,2.01,3.02,fast_counter
b1353306-3be0-4dff-99e6-f70af1152f2a,3857266,France,Denmark,Olivier Giroud,1,36,33,108.6,45.2,11.46,0.045027424,Off T,0,Open Play,Head,False,True,From Goal Kick,6.0,36.0,Pass,37,12,11,102.6,101.5,2.77,cross,110.8,18.1,half_space,True,17,10,0.78,1,1,1,8,1,2,118.0,40.5,1.83,0.46,wide_cross
2994a2eb-a70c-4950-b4d7-850b747540d1,3857266,France,Denmark,Kylian Mbappé Lottin,1,39,33,106.0,43.8,13.26,0.18605462,Off T,0,Open Play,Right Foot,True,False,Regular Play,49.6,62.9,Ball Recovery,9,2,2,56.4,59.5,6.27,cross,115.6,60.9,half_space,True,13,9,6.52,0,0,0,7,2,1,117.7,42.5,2.1,2.29,fast_counter
1d65242c-90e4-4111-9274-491bf60a4ae7,3857266,Denmark,France,Christian Dannemann Eriksen,1,44,43,83.0,42.5,33.91,0.006951803,Off T,0,Open Play,Right Foot,False,False,Regular Play,68.9,19.8,Ball Recovery,12,0,1,14.1,17.9,1.18,,,,central,True,15,11,1.57,0,1,1,1,1,0,117.5,40.1,2.29,0.09,other
3b207f2c-9f34-417c-ade4-eb76e6f88ddc,3857266,France,Denmark,Kylian Mbappé Lottin,1,47,25,98.6,18.5,27.74,0.011081066,Blocked,0,Open Play,Right Foot,False,False,From Throw In,22.3,80.0,Pass,20,5,6,76.3,75.2,3.81,other,65.0,14.7,wide,True,15,9,3.93,0,0,0,6,1,1,116.6,38.5,3.11,1.37,other
f63e4a17-97db-4c92-8ef0-c58a7d62bf2f,3857266,France,Denmark,Kylian Mbappé Lottin,2,55,59,104.1,30.1,17.13,0.03630777,Saved,0,Open Play,Left Foot,False,False,Regular Play,38.5,13.3,Interception,11,2,8,65.6,67.0,5.96,,,,central,True,11,8,1.76,0,1,1,4,2,1,117.9,36.9,1.92,2.83,fast_counter
8bc93131-77fd-4a72-b5ca-7a20e411225b,3857266,France,Denmark,Antoine Griezmann,2,59,2,102.6,38.8,15.95,0.21733604,Off T,0,Open Play,Left Foot,False,False,From Throw In,57.4,0.1,Pass,17,6,3,45.2,56.8,2.66,central_pass,58.2,45.5,central,True,8,5,2.17,0,0,2,1,1,0,113.6,39.2,5.85,0.73,central_penetration
8ad26aa2-291c-4d4c-a9d8-354224932a31,3857266,France,Denmark,Kylian Mbappé Lottin,2,60,25,110.8,31.3,11.58,0.08505598,Goal,1,Open Play,Right Foot,True,False,Regular Play,22.3,68.8,Interception,18,5,6,88.5,89.2,4.92,cross,118.7,23.6,half_space,True,11,7,2.6,0,0,1,7,2,3,117.5,36.5,2.29,3.2,wide_cross
fdc1ea86-c887-49f5-9f86-f613bc4f2000,3857266,Denmark,France,Joachim Andersen,2,67,14,112.2,43.9,7.97,0.082872435,Wayward,0,Open Play,Head,False,True,From Corner,120.0,80.0,Pass,1,1,0,-7.8,31.3,-7.8,cutback,120.0,80.0,wide,True,17,10,0.47,1,2,3,8,1,4,118.7,41.5,1.19,1.37,cutback
ec53e52f-fb8b-4085-bf36-323830fd4c0f,3857266,Denmark,France,Andreas Christensen,2,67,15,113.0,37.6,6.77,0.25384808,Goal,1,Open Play,Head,False,False,From Corner,120.0,80.0,Pass,2,1,0,-7.0,32.6,-3.5,,,,central,True,17,10,1.75,0,1,1,8,1,4,118.5,40.8,1.37,0.73,other
6bd41f74-6e8e-4714-bc4d-fdb8e0f1528f,3857266,Denmark,France,Jesper Lindstrøm,2,72,21,107.4,33.0,13.18,0.18929456,Saved,0,Open Play,Right Foot,True,False,From Keeper,6.0,40.7,Goal Keeper,88,23,23,101.4,99.6,1.15,cross,111.0,9.4,wide,True,13,8,2.46,0,0,1,7,2,3,118.4,38.1,1.46,1.74,wide_cross
c1f06e17-d037-41e1-8793-2025fccddb9f,3857266,Denmark,France,Christian Dannemann Eriksen,2,73,18,93.3,45.1,24.86,0.0264413,Blocked,0,Open Play,Left Foot,False,False,From Corner,120.0,80.0,Pass,14,1,2,-26.7,12.8,-1.91,,,,central,True,19,11,1.53,0,1,1,4,2,3,117.6,40.6,2.19,0.55,other
b42cfb53-779d-4542-8e6a-afab11fdebec,3857266,France,Denmark,Aurélien Djani Tchouaméni,2,77,38,113.7,37.7,6.13,0.22405402,Blocked,0,Open Play,Head,False,False,From Corner,120.0,80.0,Pass,2,1,0,-6.3,33.3,-3.15,cutback,120.0,80.0,wide,True,20,11,1.13,0,2,2,11,2,5,119.4,40.2,0.55,0.18,cutback
069f499e-de36-43f0-bb91-0b0e19bccdd0,3857266,France,Denmark,Jules Koundé,2,78,21,110.7,40.7,8.53,0.106879756,Off T,0,Open Play,Head,False,True,From Corner,120.0,0.1,Pass,9,1,3,-9.3,30.6,-1.03,cross,97.4,65.1,wide,True,18,10,0.18,1,1,3,9,1,4,118.5,40.6,1.37,0.55,wide_cross
e5f4a1df-48f8-403f-84cf-2310bb7efb92,3857266,France,Denmark,Adrien Rabiot,2,79,3,112.7,47.3,9.44,0.080693014,Off T,0,Open Play,Left Foot,True,False,From Corner,120.0,80.0,Pass,9,2,2,-7.3,29.7,-0.81,central_pass,97.1,20.4,half_space,True,19,11,0.86,1,1,2,9,1,5,118.1,41.4,1.74,1.28,central_penetration
9e5a1e2d-6c0e-4e11-b710-ccfd5ac90ee9,3857266,Denmark,France,Martin Braithwaite Christensen,2,80,16,110.0,45.1,10.26,0.23786028,Post,0,Open Play,Right Foot,True,False,From Throw In,64.8,80.0,Pass,6,1,0,45.2,56.9,7.53,cross,111.5,68.8,wide,True,15,10,0.87,1,1,1,3,1,0,117.3,42.6,2.47,2.38,fast_counter
ce5338ea-62b2-4bab-83a9-dbb958eea1e9,3857266,Denmark,France,Pierre-Emile Højbjerg,2,83,58,87.2,48.7,31.03,0.015153575,Off T,0,Open Play,Right Foot,True,False,Regular Play,49.6,7.8,Ball Recovery,35,7,8,37.6,43.5,1.07,central_pass,93.9,53.3,half_space,True,19,11,4.03,0,0,0,5,3,1,117.5,40.9,2.29,0.82,central_penetration
e5bd1434-dbe8-4da2-b05f-509364c40015,3857266,France,Denmark,Kylian Mbappé Lottin,2,85,9,117.8,36.5,3.78,0.38353118,Goal,1,Open Play,Other,True,False,From Goal Kick,7.0,44.1,Pass,35,9,10,110.8,108.9,3.17,cross,103.3,65.2,wide,True,11,8,0.46,1,1,2,8,1,1,119.4,38.1,0.55,1.74,wide_cross
486ab284-2136-435a-9308-0edc96b90a5a,3857266,Denmark,France,Joachim Andersen,2,88,18,94.3,53.4,26.5,0.014218964,Blocked,0,Open Play,Left Foot,False,False,From Throw In,95.2,80.0,Pass,38,15,15,-0.9,18.1,-0.02,cutback,106.0,72.7,wide,True,20,11,1.72,0,1,1,6,2,4,117.6,41.2,2.19,1.1,cutback
d5249a01-7b86-4dad-ab4f-a1aa32e1ec51,3857266,France,Denmark,Kylian Mbappé Lottin,2,90,18,99.4,25.5,23.04,0.033781487,Saved,0,Open Play,Right Foot,True,False,Regular Play,16.6,47.5,Ball Recovery,119,28,31,82.8,78.5,0.7,other,8.7,6.3,wide,True,5,3,1.16,0,1,1,1,1,0,118.0,37.4,1.83,2.38,slow_possession
135fdd9b-deaf-4c0d-9b95-3df1b9103754,3857266,Denmark,France,Joakim Mæhle,2,96,37,87.5,42.4,29.8,0.013632962,Off T,0,Open Play,Right Foot,True,False,From Throw In,116.5,80.0,Pass,4,0,0,-29.0,7.6,-7.25,,,,central,True,20,11,8.23,0,0,0,7,3,5,117.9,40.1,1.92,0.09,other
7e46f061-099c-4501-8efe-703ce4de40ee,3857284,Germany,Japan,Joshua Kimmich,1,13,18,93.0,31.2,25.97,0.022911863,Blocked,0,Open Play,Right Foot,False,False,From Throw In,92.9,0.1,Pass,88,25,23,0.1,19.8,0.0,cutback,102.2,20.6,half_space,True,15,9,2.29,0,0,1,5,1,4,118.9,38.6,1.01,1.28,cutback
69b20fdd-7d36-4c05-a6e8-5971274c6428,3857284,Germany,Japan,Antonio Rüdiger,1,15,59,110.5,50.6,13.02,0.026021937,Off T,0,Open Play,Head,False,True,From Corner,120.0,0.1,Pass,2,1,0,-9.5,25.7,-4.75,cutback,120.0,0.1,wide,True,17,11,0.78,1,1,1,11,3,5,119.6,40.5,0.37,0.46,cutback
56cf94b2-8ef0-4d98-a051-353ba06a7ecc,3857284,Germany,Japan,Joshua Kimmich,1,19,49,96.9,39.6,21.13,0.05193508,Saved,0,Open Play,Right Foot,True,True,Regular Play,43.7,9.5,Pass,33,13,10,53.2,59.1,1.61,,,,central,True,18,10,1.04,0,1,1,6,2,4,116.0,39.4,3.66,0.55,slow_possession
df4d0871-fea4-4a0c-a5b1-5c074c2a96b7,3857284,Germany,Japan,İlkay Gündoğan,1,25,53,99.7,29.6,20.86,0.042519,Blocked,0,Open Play,Right Foot,False,False,From Throw In,80.7,80.0,Pass,15,8,6,19.0,33.3,1.27,cutback,106.2,23.2,half_space,True,17,10,3.69,0,0,0,9,3,5,118.9,38.4,1.01,1.46,cutback
127912cf-2ecc-43fa-a2f7-5ab3199f5c4d,3857284,Germany,Japan,İlkay Gündoğan,1,27,31,94.4,42.8,23.55,0.041637745,Saved,0,Open Play,Right Foot,True,False,From Throw In,104.1,0.1,Pass,37,13,10,-9.7,17.2,-0.26,central_pass,98.9,55.3,half_space,True,18,10,6.25,0,0,0,6,2,2,118.7,40.4,1.19,0.37,central_penetration
dbb421a4-892d-4186-90de-0c9e26cd8367,3857284,Germany,Japan,İlkay Gündoğan,1,28,39,105.3,36.8,13.76,0.12241382,Blocked,0,Open Play,Right Foot,True,False,From Throw In,57.2,0.1,Pass,34,7,6,48.1,59.4,1.41,,,,central,True,16,10,1.45,0,1,1,9,3,4,116.6,37.1,3.11,2.65,other
dfd8ea23-e92c-4b57-bfd0-1617a8253887,3857284,Germany,Japan,Serge Gnabry,1,37,32,93.1,48.2,25.71,0.028658802,Blocked,0,Open Play,Left Foot,False,False,Regular Play,30.0,6.2,Duel,32,9,7,63.1,68.0,1.97,central_pass,92.9,58.6,half_space,True,13,8,2.29,0,0,1,1,1,0,116.3,40.8,3.38,0.73,central_penetration
3c0f49a1-5848-46dc-b220-8905aa359fdc,3857284,Germany,Japan,Jamal Musiala,1,37,47,108.5,28.3,15.0,0.03933018,Blocked,0,Open Play,Right Foot,False,False,Regular Play,30.0,6.2,Duel,47,12,11,78.5,79.7,1.67,central_pass,91.6,22.6,half_space,True,15,10,1.12,0,1,2,8,1,3,117.5,36.8,2.29,2.93,central_penetration
d96f5947-c4e7-4d0f-95d7-cb4c0dfa6dfe,3857284,Germany,Japan,İlkay Gündoğan,1,40,37,93.3,39.0,24.43,0.031919174,Saved,0,Open Play,Right Foot,False,False,From Free Kick,32.6,46.1,Pass,43,16,13,60.7,60.9,1.41,central_pass,94.8,41.1,central,True,16,9,1.22,0,1,1,6,2,1,119.0,39.5,0.91,0.46,central_penetration
35865f9d-91db-4a46-87bf-b3be4d11c86d,3857284,Germany,Japan,Joshua Kimmich,1,41,5,97.0,42.2,21.13,0.05113006,Off T,0,Open Play,Right Foot,True,False,Regular Play,63.2,6.2,Ball Recovery,10,6,3,33.8,43.0,3.38,central_pass,100.2,39.5,central,True,16,9,4.31,0,0,0,6,2,4,118.7,40.3,1.19,0.27,central_penetration
a54fab01-3f2e-4d5a-961f-16f3e8616662,3857284,Germany,Japan,Jamal Musiala,1,44,29,101.9,45.1,17.2,0.06614002,Off T,0,Open Play,Right Foot,False,False,From Throw In,96.5,80.0,Pass,100,34,30,5.4,27.6,0.05,central_pass,88.7,39.9,central,True,18,10,1.24,0,1,2,5,2,1,116.7,40.3,3.02,0.27,central_penetration
b5d15296-4743-46da-b0b2-690196350004,3857284,Germany,Japan,Joshua Kimmich,1,48,33,100.3,40.5,18.02,0.047906045,Saved,0,Open Play,Left Foot,True,False,From Throw In,52.2,80.0,Pass,77,21,21,48.1,59.0,0.62,,,,central,True,14,8,4.76,0,0,0,8,4,4,119.0,39.5,0.91,0.46,slow_possession
547ca4c3-bd06-4274-a82b-98622617e165,3857284,Germany,Japan,Serge Gnabry,1,48,35,114.3,29.9,10.6,0.21508263,Wayward,0,Open Play,Left Foot,True,False,From Throw In,52.2,80.0,Pass,79,21,21,62.1,67.1,0.79,,,,half_space,True,12,8,4.87,0,0,0,8,1,3,118.7,36.4,1.19,3.29,slow_possession
af3d2269-1129-429d-8148-0d590c3da45a,3857284,Japan,Germany,Daizen Maeda,1,50,28,111.0,34.3,9.74,0.07710243,Off T,0,Open Play,Head,False,False,From Free Kick,9.2,42.5,Pass,26,4,2,101.8,100.2,3.92,cross,111.4,6.1,wide,True,15,9,2.17,0,0,1,7,2,4,119.1,38.5,0.82,1.37,wide_cross
b8c140cf-6136-4dfb-821c-97c7ce3d28ec,3857284,Germany,Japan,Serge Gnabry,2,46,34,108.3,57.9,19.55,0.013327111,Post,0,Open Play,Right Foot,False,False,From Free Kick,63.9,24.2,Pass,27,5,6,44.4,36.9,1.64,central_pass,87.0,50.2,half_space,True,13,7,6.83,0,0,0,7,1,4,118.0,44.1,1.83,3.75,central_penetration
be213c96-cdf9-4a6a-a1c5-4e8c33966c0b,3857284,Japan,Germany,Daichi Kamada,2,49,41,103.3,47.4,16.7,0.06444196,Blocked,0,Open Play,Right Foot,True,False,Regular Play,81.4,73.4,Duel,21,7,6,21.9,32.8,1.04,cutback,105.5,53.6,half_space,True,18,10,1.94,0,1,1,7,2,3,118.6,41.7,1.28,1.55,cutback
69769c3b-5da5-4858-819d-cacaa9b54faf,3857284,Germany,Japan,Jamal Musiala,2,50,46,107.2,41.0,11.74,0.15860753,Off T,0,Open Play,Right Foot,False,False,Regular Play,93.1,56.0,Duel,16,3,4,14.1,18.5,0.88,cutback,106.0,7.5,wide,True,16,9,1.69,0,2,2,8,2,3,118.0,40.2,1.83,0.18,cutback
9a276feb-2c82-4d61-97cd-114c0bb962df,3857284,Japan,Germany,Takuma Asano,2,57,6,114.7,49.4,9.87,0.06737846,Off T,0,Open Play,Head,False,True,Regular Play,44.9,58.0,Interception,9,4,3,69.8,66.4,7.76,cross,106.8,70.5,wide,True,11,7,0.73,1,1,1,4,1,1,118.6,43.4,1.28,3.11,fast_counter
d29e7223-7bc6-41bc-bb90-a67d9b8758bb,3857284,Germany,Japan,İlkay Gündoğan,2,59,14,103.0,40.0,15.54,0.10696415,Post,0,Open Play,Right Foot,False,False,From Free Kick,26.6,21.4,Pass,79,22,20,76.4,78.2,0.97,central_pass,92.9,29.6,half_space,True,15,8,1.97,0,1,3,5,2,3,115.0,40.5,4.57,0.46,central_penetration
0aded50a-5e7b-4b88-9a61-af5971674b2f,3857284,Japan,Germany,Takuma Asano,2,60,18,106.4,25.8,17.98,0.06586899,Off T,0,Open Play,Left Foot,False,False,Regular Play,8.3,29.5,Pass,21,7,7,98.1,92.5,4.67,central_pass,86.8,37.2,central,True,8,5,2.15,0,0,1,4,1,1,117.9,36.2,1.92,3.47,central_penetration
7cec90dd-6f0f-48db-8475-02056b3807d6,3857284,Japan,Germany,Takuma Asano,2,65,30,106.9,26.5,17.2,0.029970925,Blocked,0,Open Play,Left Foot,False,False,From Throw In,63.1,0.1,Pass,23,9,9,43.8,50.7,1.9,central_pass,88.7,18.9,half_space,False,0,10,1.32,0,1,2,5,1,2,117.8,36.4,2.01,3.29,central_penetration
5c54df63-0251-46f6-9130-998568670772,3857284,Japan,Germany,Ko Itakura,2,66,2,112.6,51.3,12.35,0.034016185,Blocked,0,Open Play,Head,False,False,From Corner,120.0,0.1,Pass,2,1,0,-7.4,26.4,-3.7,cutback,120.0,0.1,wide,True,16,10,3.23,0,0,0,10,1,4,119.2,41.9,0.73,1.74,cutback
2abe26e9-c948-497e-9fef-82f13a7f4c18,3857284,Japan,Germany,Takuma Asano,2,67,51,112.5,51.1,12.25,0.0360808,Blocked,0,Open Play,Right Foot,False,True,From Throw In,113.0,80.0,Pass,46,15,10,-0.5,27.2,-0.01,cross,95.5,68.4,wide,True,7,4,1.12,0,1,1,3,2,1,118.4,43.9,1.46,3.57,wide_cross
522174e3-990f-4878-849d-24499f66c499,3857284,Germany,Japan,Jonas Hofmann,2,69,46,111.1,48.5,11.25,0.32657883,Saved,0,Open Play,Right Foot,True,False,Regular Play,36.0,36.1,Ball Recovery,16,7,5,75.1,71.8,4.69,central_pass,111.5,44.0,central,True,13,8,2.67,0,0,1,5,0,2,113.6,44.5,5.85,4.11,central_penetration
deecac76-83d8-4183-bc1a-f3a1f8754f98,3857284,Germany,Japan,Serge Gnabry,2,69,51,103.3,57.9,22.39,0.02483029,Saved,0,Open Play,Left Foot,False,False,Regular Play,36.0,36.1,Ball Recovery,21,8,9,67.3,59.6,3.2,central_pass,108.5,58.3,half_space,True,14,8,2.21,0,0,1,6,1,1,118.5,42.8,1.37,2.56,central_penetration
f9a875b9-469c-4fd6-aa1d-5daf58f2fb5d,3857284,Germany,Japan,Serge Gnabry,2,70,2,112.2,43.5,7.82,0.11167552,Saved,0,Open Play,Head,False,False,Regular Play,36.0,36.1,Ball Recovery,32,10,10,76.2,75.5,2.38,cross,117.0,16.2,wide,True,13,8,1.52,0,1,1,7,2,2,119.6,40.9,0.37,0.82,wide_cross
60937c94-36e7-4cc1-9041-1be1cc64f688,3857284,Germany,Japan,Serge Gnabry,2,70,4,117.7,49.5,8.94,0.0550312,Saved,0,Open Play,Right Foot,True,False,Regular Play,36.0,36.1,Ball Recovery,34,10,10,81.7,74.3,2.4,,,,central,True,12,8,4.11,0,0,0,7,1,2,119.0,45.2,0.91,4.75,slow_possession
e8de340d-68cc-4d20-b80e-48a15c1757f6,3857284,Japan,Germany,Junya Ito,2,72,39,109.2,36.3,10.44,0.06845111,Saved,0,Open Play,Right Foot,False,False,From Free Kick,51.2,61.8,Pass,21,7,3,58.0,60.8,2.76,central_pass,84.3,35.4,central,True,14,8,1.16,0,1,2,5,2,2,118.9,38.4,1.01,1.46,central_penetration
82a8b614-d3d3-43d6-afac-73df86ffda65,3857284,Japan,Germany,Hiroki Sakai,2,72,40,113.4,46.3,8.34,0.28772855,Off T,0,Open Play,Right Foot,True,False,From Free Kick,51.2,61.8,Pass,22,7,3,62.2,63.0,2.83,,,,central,True,13,7,4.91,0,0,0,6,1,5,118.4,41.9,1.46,1.74,other
2bf95ac5-c51d-4fb6-824b-6929b46425cb,3857284,Japan,Germany,Takumi Minamino,2,74,45,112.8,24.4,15.71,0.013784891,Saved,0,Open Play,Left Foot,True,False,From Throw In,38.3,80.0,Pass,47,12,9,74.5,73.8,1.59,,,,half_space,True,15,9,2.41,0,0,1,7,1,4,118.6,36.2,1.28,3.47,slow_possession
d1212057-3deb-4def-adea-6624f38f7950,3857284,Japan,Germany,Ritsu Doan,2,74,46,112.1,41.5,7.35,0.4777511,Goal,1,Open Play,Left Foot,True,False,From Throw In,38.3,80.0,Pass,48,12,9,73.8,82.9,1.54,,,,central,True,15,9,2.05,0,0,1,9,1,4,117.5,38.2,2.29,1.65,slow_possession
80aaab43-e46c-4cfd-8bbc-199d515db921,3857284,Germany,Japan,Antonio Rüdiger,2,79,46,115.5,39.4,4.15,0.18550046,Off T,0,Open Play,Head,False,True,From Corner,120.0,0.1,Pass,2,1,0,-4.5,35.4,-2.25,cutback,120.0,0.1,wide,True,17,10,0.61,1,3,3,9,1,4,116.1,40.7,3.57,0.64,cutback
d71bc1d5-1501-4fe6-9ae8-a490371ee93e,3857284,Japan,Germany,Takuma Asano,2,82,42,117.7,50.2,9.56,0.02668418,Goal,1,Open Play,Right Foot,False,False,From Free Kick,39.2,71.1,Pass,6,1,1,78.5,76.1,13.08,through_ball,39.2,71.1,wide,True,8,5,0.98,1,1,1,4,1,1,119.1,44.5,0.82,4.11,fast_counter
7fc648cb-979b-45be-bd04-d6e9e969acd1,3857284,Germany,Japan,Niclas Füllkrug,2,89,16,106.9,41.0,12.01,0.031593546,Off T,0,Open Play,Head,False,True,From Throw In,86.9,80.0,Pass,6,4,2,20.0,38.8,3.33,cross,99.7,73.1,wide,True,16,10,0.73,1,1,1,6,2,2,118.8,40.7,1.1,0.64,wide_cross
aa3266e6-5314-4577-971f-56c76b7d4f28,3857284,Germany,Japan,Antonio Rüdiger,2,93,50,86.2,37.2,31.01,0.017847534,Off T,0,Open Play,Right Foot,False,False,From Throw In,106.4,0.1,Pass,7,2,2,-20.2,8.2,-2.89,central_pass,87.5,19.2,half_space,True,21,11,5.26,0,0,0,6,3,4,117.4,40.0,2.38,0.0,central_penetration
fa3b646a-a38f-456c-ae47-678e3be6d54b,3857284,Germany,Japan,Leon Goretzka,2,94,42,100.3,40.9,18.03,0.088851534,Off T,0,Open Play,Right Foot,True,False,From Free Kick,50.8,6.7,Pass,8,4,1,49.5,57.1,6.19,central_pass,99.1,34.0,central,True,16,9,6.17,0,0,0,4,1,2,116.5,40.3,3.2,0.27,fast_counter
86f3e7d6-98d3-4e9e-ae01-55ee35dd93bf,3857284,Germany,Japan,Niklas Süle,2,97,16,116.5,31.6,8.32,0.07610536,Blocked,0,Open Play,Right Foot,False,False,From Free Kick,95.9,71.0,Pass,2,0,1,20.6,30.2,10.3,,,,central,True,18,10,2.01,0,0,1,10,2,7,119.0,36.6,0.91,3.11,other
14374288-0565-4f12-b39e-318100137d0a,3857254,Tunisia,Denmark,Youssef Msakni,1,2,2,92.6,52.0,27.35,0.023819994,Blocked,0,Open Play,Right Foot,False,False,From Goal Kick,7.0,44.1,Pass,23,6,6,85.6,83.2,3.72,other,80.1,63.1,wide,True,12,9,1.47,0,1,2,1,2,1,117.3,39.6,2.47,0.37,other
89cbea71-b5ef-4c16-9bd3-39b511619958,3857254,Tunisia,Denmark,Issam Jebali,1,4,10,114.0,54.8,14.6,0.014059674,Blocked,0,Open Play,Left Foot,False,False,Regular Play,44.9,34.8,Pass,18,3,5,69.1,59.3,3.84,,,,half_space,True,15,10,2.02,0,0,1,9,2,4,118.9,43.8,1.01,3.47,other
700d58f9-8032-4543-9a9d-b134c6996608,3857254,Tunisia,Denmark,Mohamed Dräger,1,10,46,93.4,44.5,24.67,0.033114884,Blocked,0,Open Play,Right Foot,False,False,From Throw In,97.9,0.1,Pass,8,3,3,-4.5,18.6,-0.56,central_pass,87.9,27.0,half_space,True,16,10,1.68,0,1,1,5,2,2,115.7,39.8,3.93,0.18,central_penetration
63422fb4-45a3-4f30-8340-53d468a8b8cb,3857254,Tunisia,Denmark,Youssef Msakni,1,11,47,114.7,29.6,10.67,0.04366076,Off T,0,Open Play,Head,False,False,From Corner,120.0,0.1,Pass,1,1,0,-5.3,28.2,-5.3,cutback,120.0,0.1,wide,True,17,10,1.8,0,1,1,10,1,4,118.6,39.0,1.28,0.91,cutback
490287f7-4b99-49f8-ac89-16766ac7a05b,3857254,Denmark,Tunisia,Kasper Dolberg,1,22,5,115.3,32.5,8.09,0.124032564,Blocked,0,Open Play,Right Foot,True,False,From Corner,120.0,0.1,Pass,9,3,1,-4.7,31.0,-0.52,cross,106.4,12.7,wide,True,19,11,1.65,0,1,1,9,1,4,118.2,36.9,1.65,2.83,wide_cross
4e6ade78-7d2d-4628-95b5-d380667d7426,3857254,Denmark,Tunisia,Joachim Andersen,1,22,9,99.7,30.3,20.57,0.02765422,Saved,0,Open Play,Left Foot,True,False,From Corner,120.0,0.1,Pass,13,3,1,-20.3,17.4,-1.56,,,,central,True,19,11,4.19,0,0,0,9,4,5,118.7,37.7,1.19,2.1,other
0562fc11-c951-4599-9d1f-36763b0b87e3,3857254,Denmark,Tunisia,Pierre-Emile Højbjerg,1,32,58,95.4,19.0,29.58,0.008709067,Saved,0,Open Play,Right Foot,False,False,From Corner,120.0,80.0,Pass,7,1,1,-24.6,7.7,-3.51,cutback,120.0,80.0,wide,True,14,11,1.38,0,1,1,8,1,6,118.8,39.5,1.1,0.46,cutback
f6da2249-bc9a-42eb-9c4e-7bf2c8288a4e,3857254,Tunisia,Denmark,Yassine Meriah,1,38,12,111.4,49.3,11.58,0.046073906,Blocked,0,Open Play,Right Foot,True,False,From Corner,120.0,80.0,Pass,1,1,0,-8.6,27.3,-8.6,cutback,120.0,80.0,wide,True,19,11,1.49,0,1,2,11,4,5,118.8,42.9,1.1,2.65,cutback
0beabfd1-d0cf-4392-a39b-6890fa0faffe,3857254,Tunisia,Denmark,Aïssa Bilal Laïdouni,1,38,14,115.0,52.2,12.06,0.06712157,Off T,0,Open Play,Right Foot,True,False,From Corner,120.0,80.0,Pass,3,1,0,-5.0,26.8,-1.67,,,,half_space,True,17,10,3.75,0,0,0,10,1,5,118.6,42.9,1.28,2.65,other
403eb53c-527a-462c-8081-5b111b758ae1,3857254,Tunisia,Denmark,Issam Jebali,1,42,0,112.0,44.9,8.58,0.4656446,Saved,0,Open Play,Right Foot,False,False,From Throw In,75.9,80.0,Pass,5,2,2,36.1,50.2,7.22,through_ball,95.6,54.7,half_space,True,10,6,1.37,0,1,1,6,1,2,115.1,43.2,4.48,2.93,central_penetration
51035ef1-1abd-447e-96fd-a16a6e0ed310,3857254,Tunisia,Denmark,Ellyes Joris Skhiri,1,42,47,99.8,40.9,18.49,0.059586592,Off T,0,Open Play,Left Foot,True,False,From Corner,120.0,80.0,Pass,4,0,0,-20.2,19.8,-5.05,,,,central,True,18,11,2.25,0,0,1,11,4,5,112.8,38.2,6.58,1.65,other
e4138641-20ea-47fb-8f63-4faea5b02279,3857254,Tunisia,Denmark,Issam Jebali,2,45,11,112.1,47.5,9.96,0.11338296,Wayward,0,Open Play,Head,False,True,From Kick Off,60.0,40.0,Pass,10,4,5,52.1,49.1,5.21,cross,114.5,69.4,wide,True,12,9,0.56,1,1,2,5,1,1,119.0,42.2,0.91,2.01,fast_counter
723752d4-baaa-4b14-a6df-489de027e012,3857254,Tunisia,Denmark,Youssef Msakni,2,45,45,114.7,48.7,9.32,0.07208876,Off T,0,Open Play,Right Foot,True,False,From Corner,120.0,80.0,Pass,1,1,0,-5.3,29.8,-5.3,cutback,120.0,80.0,wide,True,17,10,1.13,0,2,2,9,1,5,119.0,41.6,0.91,1.46,cutback
af44367b-ffb2-4595-bc0e-975f6abe7ca6,3857254,Tunisia,Denmark,Mohamed Dräger,2,50,57,92.2,49.3,26.81,0.020917216,Blocked,0,Open Play,Right Foot,False,False,From Corner,120.0,0.1,Pass,8,3,3,-27.8,10.6,-3.48,other,98.0,13.3,wide,True,17,11,5.47,0,0,0,7,5,3,116.0,41.9,3.66,1.74,other
ad0527aa-0ede-426c-a223-f964639252b0,3857254,Tunisia,Denmark,Ellyes Joris Skhiri,2,52,1,99.5,39.6,18.75,0.041405495,Blocked,0,Open Play,Right Foot,True,False,From Corner,120.0,80.0,Pass,4,1,0,-20.5,19.5,-5.12,,,,central,True,18,11,2.66,0,0,2,9,3,5,118.7,39.7,1.19,0.27,other
e945634d-51d8-433d-b194-ce23b5710fb8,3857254,Tunisia,Denmark,Dylan Daniel Mahmoud Bronn,2,52,2,103.9,36.4,15.09,0.059058707,Blocked,0,Open Play,Right Foot,False,False,From Corner,120.0,80.0,Pass,5,1,1,-16.1,23.5,-3.22,,,,central,True,18,11,2.38,0,0,2,8,2,3,118.0,40.3,1.83,0.27,other
e6f8342c-9ba8-44bd-aa16-3d7f4c74838e,3857254,Denmark,Tunisia,Kasper Dolberg,2,56,32,117.0,35.0,5.33,0.25651878,Wayward,0,Open Play,Head,False,False,From Throw In,58.4,0.1,Pass,65,18,18,58.6,67.6,0.9,cross,114.6,13.2,wide,True,12,9,1.24,0,1,2,7,1,1,118.5,37.8,1.37,2.01,wide_cross
7ce22041-277e-47f1-8a76-cdd4afc35782,3857254,Denmark,Tunisia,Christian Dannemann Eriksen,2,68,26,99.2,36.8,19.24,0.08509644,Saved,0,Open Play,Left Foot,False,False,From Keeper,6.8,53.8,Goal Keeper,33,8,9,92.4,93.0,2.8,central_pass,60.2,29.3,half_space,True,12,7,3.75,0,0,0,5,2,2,115.3,38.9,4.3,1.01,central_penetration
641eb264-6cf2-4608-a8b8-5c2405194994,3857254,Denmark,Tunisia,Andreas Christensen,2,69,15,117.4,37.0,3.63,0.27134958,Wayward,0,Open Play,Head,False,True,From Corner,120.0,80.0,Pass,3,1,0,-2.6,36.0,-0.87,cutback,120.0,80.0,wide,True,16,10,0.67,1,1,2,10,1,4,119.6,38.3,0.37,1.55,cutback
890c938b-f449-4b14-952e-44f29a0b505a,3857254,Denmark,Tunisia,Andreas Evald Cornelius,2,69,16,118.2,43.9,3.93,0.5683119,Post,0,Open Play,Head,False,False,From Corner,120.0,80.0,Pass,4,1,0,-1.8,35.7,-0.45,,,,central,True,14,9,1.36,0,2,3,9,2,4,119.5,40.4,0.46,0.37,other
2d2cead9-e62c-4e5a-aac7-98d41ca14ded,3857254,Denmark,Tunisia,Mathias Jensen,2,75,27,102.5,24.2,21.56,0.02872357,Off T,0,Open Play,Right Foot,False,False,Regular Play,45.1,53.0,Ball Recovery,32,9,11,57.4,52.4,1.79,cutback,111.6,9.7,wide,True,14,9,1.15,0,2,2,8,1,3,118.6,39.1,1.28,0.82,cutback
2c44ca3f-6e81-4f0c-a80c-96b9653da2e1,3857254,Denmark,Tunisia,Andreas Evald Cornelius,2,91,9,114.4,36.8,5.9,0.14539434,Saved,0,Open Play,Head,False,True,From Throw In,111.3,0.1,Pass,2,1,0,3.1,34.4,1.55,cross,111.3,0.1,wide,True,18,10,0.79,1,2,3,8,1,5,118.7,38.2,1.19,1.65,wide_cross
eae27d9b-4c57-427b-8b4c-6e7cd0f1b5cb,3857254,Denmark,Tunisia,Joakim Mæhle,2,91,41,95.0,30.2,24.55,0.028684001,Blocked,0,Open Play,Right Foot,False,False,Regular Play,81.3,70.4,Ball Recovery,9,2,5,13.7,22.4,1.52,central_pass,93.5,34.5,central,True,15,9,1.53,0,2,3,4,2,0,116.5,38.8,3.2,1.1,high_turnover
c58e2f4e-aec8-490c-a773-c32f43fd00ed,3857254,Denmark,Tunisia,Andreas Evald Cornelius,2,96,18,108.8,46.4,11.8,0.022084296,Saved,0,Open Play,Head,False,True,From Corner,120.0,0.1,Pass,2,1,0,-11.2,27.0,-5.6,cutback,120.0,0.1,wide,True,17,11,0.74,1,2,2,10,3,5,118.6,40.9,1.28,0.82,cutback
370553dd-9c69-4f13-ab79-351b5f000cc7,3857265,Poland,Mexico,Robert Lewandowski,1,6,46,110.6,37.2,8.97,0.056964528,Blocked,0,Open Play,Head,False,True,From Corner,120.0,80.0,Pass,2,1,0,-9.4,30.2,-4.7,cutback,120.0,80.0,wide,True,18,11,0.58,1,2,2,11,1,5,120.0,40.6,0.0,0.55,cutback
86db4c4f-4296-4cd5-89cd-6d79fba726cb,3857265,Mexico,Poland,Héctor Alfredo Moreno Herrera,1,11,44,114.5,42.4,5.49,0.1766503,Off T,0,Open Play,Head,False,True,From Corner,120.0,0.1,Pass,9,4,3,-5.5,33.9,-0.61,cross,101.9,8.6,wide,True,17,11,0.46,2,2,3,10,1,4,118.5,40.7,1.37,0.64,wide_cross
4086e32f-d0a6-4618-84ff-0dc69c5fc955,3857265,Mexico,Poland,Ernesto Alexis Vega Rojas,1,25,41,113.2,34.6,7.94,0.098180205,Off T,0,Open Play,Head,False,True,From Free Kick,69.2,70.6,Pass,27,7,6,44.0,50.6,1.63,cross,113.4,65.8,wide,True,15,9,0.47,1,1,1,8,1,4,118.8,39.6,1.1,0.37,wide_cross
1c5bdf2c-1920-4ed7-9b80-699ca1429b5f,3857265,Mexico,Poland,Ernesto Alexis Vega Rojas,1,43,56,108.5,23.7,18.24,0.025630916,Blocked,0,Open Play,Left Foot,True,False,From Throw In,106.9,80.0,Pass,43,8,10,1.6,22.1,0.04,,,,half_space,True,15,10,2.31,0,0,1,7,2,3,118.6,37.9,1.28,1.92,slow_possession
90104e5a-ef6b-4e9e-ba6e-79b8bed653e8,3857265,Mexico,Poland,Jorge Eduardo Sánchez Ramos,1,44,18,110.1,60.7,20.98,0.0069717234,Saved,0,Open Play,Right Foot,True,False,From Throw In,106.9,80.0,Pass,65,14,16,3.2,19.1,0.05,central_pass,103.5,48.0,central,True,16,10,1.76,0,1,1,7,1,4,118.5,43.6,1.37,3.29,central_penetration
571cd857-5cbb-44d2-80ea-a089e1a2480c,3857265,Mexico,Poland,Luis Gerardo Chávez Magallón,1,46,1,92.1,56.9,29.83,0.008207667,Blocked,0,Open Play,Left Foot,False,True,Regular Play,27.1,47.4,Pass,39,11,12,65.0,60.6,1.67,cutback,104.0,75.9,wide,True,18,10,1.04,0,1,1,5,1,2,117.5,41.1,2.29,1.01,cutback
cefd85c4-3b07-4392-a40e-2101198ffd66,3857265,Mexico,Poland,Hirving Rodrigo Lozano Bahena,2,51,45,93.9,25.2,27.44,0.02413981,Saved,0,Open Play,Right Foot,False,False,From Corner,120.0,80.0,Pass,20,3,5,-26.1,10.0,-1.31,central_pass,75.9,32.9,central,True,18,10,2.09,0,0,1,5,1,5,117.7,38.4,2.1,1.46,central_penetration
1dda7170-e35f-406f-8403-721cde8904c1,3857265,Poland,Mexico,Jakub Kamiński,2,57,26,113.4,48.8,10.06,0.10166888,Blocked,0,Open Play,Right Foot,True,False,Other,108.1,40.0,Shot,3,0,1,5.3,0.9,1.77,,,,central,True,12,8,1.19,0,1,1,8,2,3,117.5,44.4,2.29,4.02,other
2a275f0d-eb16-4923-9c98-b2e7f7fdf086,3857265,Mexico,Poland,Ernesto Alexis Vega Rojas,2,59,13,107.9,29.9,14.41,0.0609232,Blocked,0,Open Play,Right Foot,False,False,From Throw In,105.0,80.0,Pass,15,3,4,2.9,27.0,0.19,,,,half_space,True,13,8,2.33,0,0,3,8,2,3,118.1,37.5,1.74,2.29,other
33ef2ae2-9ad0-48cc-acd4-c210fac8592c,3857265,Mexico,Poland,Henry Josué Martín Mex,2,63,24,106.7,35.1,12.96,0.06434309,Saved,0,Open Play,Head,False,False,From Free Kick,67.0,63.2,Pass,19,7,6,39.7,43.7,2.09,central_pass,86.0,26.4,half_space,True,18,10,3.13,0,0,0,5,1,1,117.4,38.7,2.38,1.19,central_penetration
89b76039-c68f-47a6-af7d-1a8a9ea96e47,3857265,Mexico,Poland,Ernesto Alexis Vega Rojas,2,65,55,102.7,60.6,24.6,0.009746956,Off T,0,Open Play,Right Foot,False,False,From Free Kick,14.5,75.5,Pass,48,13,14,88.2,84.4,1.84,central_pass,102.2,58.9,half_space,True,17,10,4.34,0,0,0,8,1,2,117.9,41.1,1.92,1.01,central_penetration
ec9bdd18-4caa-4675-ada1-e195fd54c7d9,3857265,Mexico,Poland,Ernesto Alexis Vega Rojas,2,79,46,93.0,24.5,28.47,0.014301864,Off T,0,Open Play,Right Foot,True,False,From Throw In,85.6,0.1,Pass,3,1,0,7.4,21.5,2.47,other,85.6,0.1,wide,True,19,11,3.67,0,0,0,3,2,1,118.4,38.5,1.46,1.37,other
4c292e31-05ce-4f6f-a5d1-5e5d408b26e6,3857265,Poland,Mexico,Jakub Piotr Kiwior,2,81,21,113.3,41.7,6.32,0.12449861,Wayward,0,Open Play,Head,False,True,From Corner,120.0,80.0,Pass,1,1,0,-6.7,33.1,-6.7,cutback,120.0,80.0,wide,True,18,11,0.46,1,2,4,11,1,5,119.5,39.7,0.46,0.27,cutback
9be1b301-9784-4f2b-b709-d2d4dec0d578,3857265,Poland,Mexico,Jakub Kamiński,2,93,52,109.4,24.8,16.94,0.04959144,Saved,0,Open Play,Left Foot,True,True,Regular Play,29.3,21.3,Pass,28,5,4,80.1,74.1,2.86,through_ball,78.4,22.2,half_space,True,10,7,0.83,1,1,1,3,1,0,117.4,35.2,2.38,4.39,central_penetration
130588e4-eb77-40f5-8dcd-7b3d3b957075,3857265,Poland,Mexico,Grzegorz Krychowiak,2,95,25,90.9,48.7,27.77,0.02170277,Off T,0,Open Play,Right Foot,False,False,Regular Play,9.3,18.9,Interception,20,5,8,81.6,82.3,4.08,central_pass,78.3,24.9,half_space,True,15,9,3.86,0,0,0,1,2,0,118.1,40.7,1.74,0.64,central_penetration
cf2f4b27-0de7-4e85-a26c-8383ed129cc0,3857265,Mexico,Poland,Carlos Uriel Antuna Romero,2,95,53,101.9,56.4,22.33,0.0400392,Saved,0,Open Play,Left Foot,False,True,From Goal Kick,7.0,36.1,Pass,13,2,1,94.9,88.6,7.3,central_pass,48.2,24.2,half_space,True,10,8,1.84,0,1,1,4,1,1,117.0,42.9,2.74,2.65,central_penetration
6051587a-901e-4679-8ab9-f9e6f12372bb,3857301,Senegal,Qatar,Ismaïla Sarr,1,3,50,113.5,52.4,12.8,0.07323868,Off T,0,Open Play,Right Foot,False,True,Regular Play,64.7,68.2,Ball Recovery,46,11,14,48.8,48.1,1.06,other,79.0,69.9,wide,True,16,9,0.98,2,2,2,9,1,4,118.1,44.5,1.74,4.11,slow_possession
ce9537be-2f40-4481-9dba-9316c4048857,3857301,Senegal,Qatar,Nampalys Mendy,1,8,9,93.8,39.3,23.97,0.025409508,Off T,0,Open Play,Right Foot,False,False,From Throw In,104.4,0.1,Pass,21,6,8,-10.6,16.6,-0.5,,,,central,True,15,10,3.62,0,0,0,5,3,3,115.4,40.3,4.21,0.27,other
a386edc2-f4bb-400d-b276-4a9977b34287,3857301,Qatar,Senegal,Akram Hassan Afif,1,14,36,92.5,41.5,25.18,0.019990891,Off T,0,Open Play,Right Foot,True,False,From Free Kick,79.4,15.8,Pass,20,3,3,13.1,19.7,0.66,,,,central,True,18,11,2.6,0,0,1,5,3,3,119.2,39.8,0.73,0.18,other
ea827ccf-d981-4450-acf8-9536b9f2c1b7,3857301,Senegal,Qatar,Krépin Diatta,1,15,22,111.2,26.7,14.58,0.039485876,Saved,0,Open Play,Left Foot,False,True,From Goal Kick,6.0,36.0,Pass,26,5,5,105.2,98.1,4.05,,,,half_space,True,14,8,1.07,0,1,1,7,1,3,118.4,36.1,1.46,3.57,other
48ba6f51-4232-4d8c-b44a-73ca774420be,3857301,Senegal,Qatar,Famara Diedhiou,1,16,3,112.9,38.6,6.62,0.14633009,Off T,0,Open Play,Head,False,False,From Corner,120.0,0.1,Pass,2,1,0,-7.1,32.7,-3.55,cutback,120.0,0.1,wide,True,18,11,0.93,1,2,3,10,2,4,114.1,38.8,5.39,1.1,cutback
38c2f84a-b37f-48f4-b81a-6242dd9a532b,3857301,Senegal,Qatar,Idrissa Gana Gueye,1,23,44,95.4,52.7,25.32,0.029332913,Off T,0,Open Play,Right Foot,True,False,From Free Kick,67.9,66.7,Pass,29,9,6,27.5,30.9,0.95,central_pass,96.5,47.2,central,True,17,11,2.01,0,0,2,2,1,1,118.5,41.5,1.37,1.37,central_penetration
df7b0eb7-8a34-44f5-a52a-cdb53b7979e3,3857301,Qatar,Senegal,Abdelkarim Hassan Al Haj Fadlalla,1,25,26,93.6,20.3,30.12,0.009041326,Blocked,0,Open Play,Left Foot,False,False,From Goal Kick,7.0,44.1,Pass,33,10,9,86.6,80.1,2.62,central_pass,14.2,41.2,central,True,9,6,0.97,1,1,1,1,1,0,115.2,36.4,4.39,3.29,central_penetration
727ba17a-7278-4fd0-b379-5978948143dc,3857301,Senegal,Qatar,Boulaye Dia,1,40,20,107.2,33.3,13.21,0.23054633,Goal,1,Open Play,Right Foot,True,False,Regular Play,58.2,43.4,Pass,39,10,10,49.0,47.4,1.26,,,,central,True,13,8,0.78,1,1,2,5,1,2,113.9,37.1,5.58,2.65,slow_possession
9ab4eee5-bbfb-48f7-8d2a-5e72bc956222,3857301,Senegal,Qatar,Famara Diedhiou,2,47,51,112.5,48.1,10.09,0.038498666,Goal,1,Open Play,Head,False,False,From Corner,120.0,80.0,Pass,1,1,0,-7.5,29.0,-7.5,cutback,120.0,80.0,wide,True,19,11,0.97,1,2,2,10,2,4,118.9,41.6,1.01,1.46,cutback
3f100f2f-1036-49d2-a120-535ec84920f6,3857301,Qatar,Senegal,Abdelkarim Hassan Al Haj Fadlalla,2,54,58,111.6,39.3,7.71,0.16305494,Blocked,0,Open Play,Right Foot,True,False,From Free Kick,106.6,67.5,Pass,3,0,0,5.0,22.2,1.67,,,,central,True,18,11,2.01,0,0,2,11,2,5,118.3,40.1,1.55,0.09,other
807cc86e-ef95-4313-b40e-5531605154f2,3857301,Senegal,Qatar,Ismaïla Sarr,2,56,39,112.1,27.2,13.75,0.030363984,Blocked,0,Open Play,Left Foot,False,False,Regular Play,79.4,19.4,Pass,5,3,2,32.7,30.5,6.54,central_pass,98.4,23.3,half_space,True,16,9,1.23,0,2,2,5,2,1,116.7,34.2,3.02,5.3,central_penetration
9cac3331-2996-499e-8bd1-c3bcdde52453,3857301,Senegal,Qatar,Famara Diedhiou,2,58,16,108.8,48.6,12.91,0.05329144,Blocked,0,Open Play,Right Foot,True,True,Regular Play,24.0,38.5,Interception,80,18,22,84.8,81.9,1.06,cross,97.4,78.0,wide,True,16,9,1.23,0,1,1,5,2,2,117.5,42.4,2.29,2.19,wide_cross
848adb71-9302-4d2d-b729-fc430a3a4d43,3857301,Qatar,Senegal,Abdelkarim Hassan Al Haj Fadlalla,2,60,36,89.5,22.9,31.97,0.006098259,Off T,0,Open Play,Right Foot,False,False,From Throw In,101.0,0.1,Pass,5,1,1,-11.5,9.2,-2.3,other,101.0,0.1,wide,True,16,11,1.57,0,1,1,4,1,0,118.3,39.9,1.55,0.09,other
abff7ac7-6180-4fa7-94b9-0c644380e9a9,3857301,Qatar,Senegal,Almoez Ali Zainalabiddin Abdulla,2,62,12,102.6,34.4,16.71,0.21404111,Saved,0,Open Play,Left Foot,False,False,Regular Play,43.5,56.6,Pass,19,7,7,59.1,60.0,3.11,cross,94.4,13.2,wide,True,11,7,1.31,0,1,1,4,1,1,114.8,38.5,4.75,1.37,wide_cross
b4b5816e-90ab-4a35-9540-3934754b714c,3857301,Qatar,Senegal,Ismaeel Mohammad Mohammad,2,66,21,113.2,40.5,6.23,0.3277431,Saved,0,Open Play,Other,False,False,From Throw In,45.6,0.1,Pass,41,14,12,67.6,77.6,1.65,cross,103.8,12.6,wide,True,14,9,2.67,0,0,2,8,1,3,118.0,39.7,1.83,0.27,wide_cross
f9f3920b-1ab7-4963-a264-5a1d63323e70,3857301,Senegal,Qatar,Nampalys Mendy,2,68,48,107.3,53.4,16.88,0.067961,Off T,0,Open Play,Right Foot,False,False,From Throw In,20.4,0.1,Pass,18,5,4,86.9,88.8,4.83,other,92.4,64.6,wide,True,14,8,1.1,0,2,2,5,1,2,118.0,43.0,1.83,2.74,other
73de072f-23cd-4f38-89be-fd209c58b659,3857301,Qatar,Senegal,Mohammed Muntari,2,77,39,110.1,38.7,9.13,0.072239615,Goal,1,Open Play,Head,False,True,From Free Kick,64.0,39.1,Pass,30,6,4,46.1,46.0,1.54,cross,116.6,67.3,wide,True,12,9,1.01,0,2,2,8,1,2,118.9,39.9,1.01,0.09,wide_cross
78b596e2-8a04-4d2a-ba99-369f526424a7,3857301,Senegal,Qatar,Boulaye Dia,2,80,53,107.1,38.8,11.85,0.052429575,Wayward,0,Open Play,Head,False,True,From Free Kick,76.4,77.0,Pass,2,1,0,30.7,44.2,15.35,other,76.4,77.0,wide,True,16,11,0.91,1,2,3,8,1,4,117.5,39.4,2.29,0.55,other
a84dc163-7627-4553-900a-7720ce6b6099,3857301,Senegal,Qatar,Cheikh Ahmadou Bamba Mbacke Dieng,2,83,6,107.8,45.3,12.16,0.11607656,Goal,1,Open Play,Right Foot,True,False,From Throw In,29.6,0.1,Pass,21,4,10,78.2,85.5,3.72,cross,113.0,60.1,half_space,True,13,8,2.41,0,0,1,5,2,3,117.5,42.2,2.29,2.01,wide_cross
026eea90-9a3c-4061-8e2e-b512ffdd1005,3857301,Qatar,Senegal,Abdelkarim Hassan Al Haj Fadlalla,2,88,5,95.4,52.1,25.07,0.023370314,Off T,0,Open Play,Left Foot,True,False,From Free Kick,94.8,57.3,Pass,2,1,0,0.6,3.2,0.3,central_pass,94.8,57.3,half_space,True,20,11,4.39,0,0,0,10,2,4,117.7,40.6,2.1,0.55,central_penetration
72907c83-f8eb-421f-aa75-3b2d4c96d747,3857301,Qatar,Senegal,Mohammed Muntari,2,89,57,110.5,39.5,8.7,0.06740542,Blocked,0,Open Play,Head,False,True,Regular Play,43.3,46.3,Ball Recovery,13,3,4,67.2,67.4,5.17,cross,107.4,11.5,wide,True,15,9,1.01,0,1,1,8,2,2,118.2,39.4,1.65,0.55,wide_cross
8a467e35-674d-487b-8169-c85c233e8d5e,3857301,Qatar,Senegal,Almoez Ali Zainalabiddin Abdulla,2,93,47,97.1,41.8,21.0,0.057101198,Off T,0,Open Play,Left Foot,False,False,From Counter,56.7,72.2,Ball Recovery,7,1,3,40.4,48.0,5.77,other,68.5,70.9,wide,True,10,6,1.04,0,1,1,1,2,0,114.5,40.0,5.03,0.0,fast_counter
30a8b555-579d-4b38-8d7d-7f4ed35dcd53,3857268,Belgium,Canada,Michy Batshuayi Tunga,1,0,51,91.7,31.8,26.94,0.017552001,Saved,0,Open Play,Right Foot,False,False,From Kick Off,109.3,34.2,Pressure,30,0,1,-17.6,-17.3,-0.59,,,,central,True,10,7,2.94,0,0,1,1,1,0,116.5,38.1,3.2,1.74,other
e59d4cd8-73dd-4995-b8dd-4246a5219d35,3857268,Canada,Belgium,Stephen Antunes Eustáquio,1,1,41,109.8,50.0,13.06,0.0798905,Blocked,0,Open Play,Right Foot,False,False,From Keeper,12.0,39.6,Pass,40,7,7,97.8,93.7,2.44,cutback,111.2,58.2,half_space,True,16,9,3.11,0,0,0,9,2,5,118.8,43.5,1.1,3.2,cutback
a2389d84-0e95-401b-befc-9e9143d9118b,3857268,Canada,Belgium,Jonathan David,1,6,18,111.4,42.8,8.27,0.12589528,Blocked,0,Open Play,Right Foot,True,False,Regular Play,58.6,64.8,Duel,11,3,3,52.8,57.2,4.8,cross,111.9,73.5,wide,True,13,7,1.01,0,1,1,6,2,3,119.1,42.6,0.82,2.38,fast_counter
17391a2d-cb1a-4acb-a871-a02531adc218,3857268,Canada,Belgium,Tajon Buchanan,1,7,9,106.2,35.6,13.24,0.05664073,Blocked,0,Open Play,Right Foot,False,False,From Corner,120.0,80.0,Pass,3,1,1,-13.8,25.5,-4.6,cutback,120.0,80.0,wide,True,20,11,2.82,0,0,1,10,4,4,119.2,39.7,0.73,0.27,cutback
7024cf38-b810-41b0-b19d-7983a954e2b3,3857268,Canada,Belgium,Jonathan David,1,10,2,110.4,34.6,10.07,0.20472932,Off T,0,Open Play,Right Foot,True,False,Other,108.1,40.1,Shot,2,0,0,2.3,0.9,1.15,,,,central,True,13,8,1.02,0,1,3,7,1,4,118.9,38.7,1.01,1.19,other
3e283a7a-ab91-4e8c-8a21-79d5a923833d,3857268,Canada,Belgium,Richie Laryea,1,12,14,105.0,56.4,20.32,0.033730526,Off T,0,Open Play,Left Foot,False,True,From Throw In,105.8,80.0,Pass,4,2,2,-0.8,20.2,-0.2,central_pass,97.9,61.5,half_space,True,16,9,1.13,0,1,1,8,2,2,118.7,42.8,1.19,2.56,central_penetration
026c0f2c-4a2f-489f-a26b-9bd76966366b,3857268,Canada,Belgium,Jonathan David,1,12,51,107.7,45.9,12.47,0.08619453,Blocked,0,Open Play,Left Foot,False,False,Regular Play,75.4,33.1,Pass,13,5,5,32.3,31.5,2.48,,,,central,True,17,10,1.01,0,1,2,7,3,4,118.9,42.4,1.01,2.19,other
dbe7de48-c141-4170-b307-63b4ee338bee,3857268,Canada,Belgium,David Junior Hoilett,1,15,30,104.9,53.9,18.77,0.04071268,Off T,0,Open Play,Left Foot,False,False,From Throw In,28.7,0.1,Pass,25,4,4,76.2,79.1,3.05,other,48.9,72.3,wide,True,14,8,1.56,0,1,1,7,2,3,118.6,42.5,1.28,2.29,other
4d2a7a72-edd7-4891-9a82-3443a1b0b635,3857268,Belgium,Canada,Michy Batshuayi Tunga,1,22,33,112.3,50.2,11.69,0.04664896,Blocked,0,Open Play,Right Foot,False,False,From Free Kick,32.3,7.0,Pass,35,8,9,80.0,80.9,2.29,central_pass,102.0,31.7,central,True,13,8,1.15,0,1,1,8,2,3,118.2,43.4,1.65,3.11,central_penetration
d4d4dfeb-b6f5-44cf-ae98-fd0d57334727,3857268,Canada,Belgium,Atiba Hutchinson,1,26,9,98.1,44.7,20.48,0.04634635,Off T,0,Open Play,Right Foot,True,False,From Goal Kick,7.0,44.1,Pass,33,10,8,91.1,90.7,2.76,central_pass,95.8,32.1,central,True,16,9,2.09,0,0,2,5,2,4,118.8,41.3,1.1,1.19,central_penetration
52480768-03ce-4fcc-a5de-c2857e22776e,3857268,Canada,Belgium,Alistair Johnston,1,29,16,108.1,56.3,18.45,0.033541974,Saved,0,Open Play,Right Foot,False,False,Regular Play,28.6,16.3,Duel,90,23,23,79.5,74.2,0.88,cutback,112.2,60.6,half_space,True,15,8,1.97,0,1,1,6,2,4,119.0,43.3,0.91,3.02,cutback
64d9bf0a-3845-4cfa-b1f8-e81c4341f568,3857268,Canada,Belgium,Jonathan David,1,30,43,104.4,37.5,14.45,0.08845105,Blocked,0,Open Play,Right Foot,False,False,From Throw In,59.2,0.1,Pass,9,4,3,45.2,56.9,5.02,cutback,107.3,30.7,central,True,16,9,1.8,0,1,2,5,2,2,118.6,40.5,1.28,0.46,fast_counter
6af45f7e-36b9-49df-88fc-b9c95807dd71,3857268,Canada,Belgium,Jonathan David,1,31,58,111.1,34.1,9.76,0.088843234,Off T,0,Open Play,Head,False,False,Regular Play,19.4,33.5,Duel,22,3,3,91.7,90.1,4.17,central_pass,98.4,60.9,half_space,True,12,8,2.99,0,0,1,8,1,2,118.9,39.7,1.01,0.27,central_penetration
4ce70135-2c76-4d6f-b460-f4dd91b0ef1a,3857268,Belgium,Canada,Michy Batshuayi Tunga,1,32,31,111.8,51.3,12.77,0.08121458,Off T,0,Open Play,Right Foot,True,False,From Goal Kick,6.0,44.0,Pass,13,4,2,105.8,100.1,8.14,cross,88.9,10.0,wide,True,9,7,1.65,0,1,1,6,1,1,118.5,43.7,1.37,3.38,wide_cross
6c69021e-9182-4454-930c-7ebfb880441d,3857268,Belgium,Canada,Michy Batshuayi Tunga,1,43,32,109.0,36.1,10.67,0.24992359,Goal,1,Open Play,Left Foot,True,False,Regular Play,56.8,59.9,Ball Recovery,91,24,22,52.2,54.6,0.57,through_ball,44.8,21.6,half_space,True,8,5,0.87,1,1,2,3,1,1,116.5,38.6,3.2,1.28,central_penetration
c3e6e691-c817-40ce-83ec-5b8ca549cb33,3857268,Canada,Belgium,Tajon Buchanan,1,46,53,112.6,42.5,7.14,0.29588586,Off T,0,Open Play,Left Foot,True,True,From Throw In,104.0,0.1,Pass,24,8,7,8.6,35.2,0.36,cross,106.9,64.8,wide,True,13,8,0.87,1,1,1,5,1,1,118.6,42.5,1.28,2.29,wide_cross
f9b683e4-5e4b-48ee-a8a8-23b48af5973a,3857268,Canada,Belgium,Stephen Antunes Eustáquio,1,48,51,100.5,38.5,17.88,0.048581414,Blocked,0,Open Play,Right Foot,True,False,From Corner,120.0,80.0,Pass,3,0,0,-19.5,20.4,-6.5,,,,central,True,20,11,3.73,0,0,0,10,3,5,119.2,40.7,0.73,0.64,other
15b3088d-0d93-4b7b-adba-1867e3289b06,3857268,Canada,Belgium,Jonathan David,2,47,52,111.7,36.9,8.1,0.120068476,Off T,0,Open Play,Head,False,True,From Free Kick,56.1,6.8,Pass,27,9,9,55.6,63.2,2.06,central_pass,91.8,59.1,half_space,True,17,10,0.74,1,1,2,6,1,1,119.0,38.6,0.91,1.28,central_penetration
a925c8e0-53ea-4496-9854-64292c603fa3,3857268,Canada,Belgium,Stephen Antunes Eustáquio,2,49,42,97.8,52.7,23.39,0.03604073,Off T,0,Open Play,Right Foot,False,False,Regular Play,55.9,53.1,Pass,13,3,3,41.9,39.8,3.22,central_pass,93.6,29.4,half_space,True,18,10,2.69,0,0,1,5,1,2,118.4,41.0,1.46,0.91,central_penetration
dbae15f1-d084-4e82-80c9-c7396c4ff653,3857268,Canada,Belgium,Tajon Buchanan,2,62,15,98.3,34.5,20.47,0.0587075,Off T,0,Open Play,Right Foot,True,False,From Throw In,81.1,80.0,Pass,12,2,3,17.2,33.4,1.43,cross,106.0,60.7,half_space,True,17,10,4.25,0,0,0,7,2,2,118.8,39.2,1.1,0.73,wide_cross
896d9782-5b37-4c8f-824d-087a3115c57a,3857268,Canada,Belgium,Richie Laryea,2,66,1,101.7,54.6,21.41,0.022910038,Off T,0,Open Play,Right Foot,False,False,Regular Play,8.6,27.2,Pass,65,14,15,93.1,88.7,1.43,other,99.8,63.0,wide,True,16,9,2.21,0,0,1,6,2,4,118.3,43.0,1.55,2.74,slow_possession
70efe707-a8e2-4c4c-98d5-a4363b4ce115,3857268,Belgium,Canada,Michy Batshuayi Tunga,2,66,41,103.9,43.0,14.98,0.0897183,Blocked,0,Open Play,Right Foot,True,False,From Goal Kick,7.0,44.1,Pass,16,3,3,96.9,96.7,6.06,cross,106.5,65.4,wide,True,9,5,1.27,0,1,1,4,3,3,118.2,41.5,1.65,1.37,wide_cross
535b2a25-6aaf-4936-8390-841cd52843ea,3857268,Canada,Belgium,Jonathan David,2,76,49,103.1,38.1,15.55,0.04574546,Blocked,0,Open Play,Left Foot,False,False,Regular Play,58.7,10.4,Pass,95,24,25,44.4,51.1,0.47,central_pass,98.8,38.8,central,True,16,9,0.92,1,2,2,6,2,2,118.6,38.9,1.28,1.01,central_penetration
3762fdb2-12ce-48f5-a25c-f5f8818ae45f,3857268,Canada,Belgium,Cyle Larin,2,79,29,108.2,44.1,11.42,0.07200206,Saved,0,Open Play,Head,False,False,From Free Kick,13.3,67.4,Pass,35,11,10,94.9,97.7,2.71,cross,93.6,73.2,wide,True,16,10,1.68,0,1,2,6,1,2,118.5,40.9,1.37,0.82,wide_cross
9ce13c53-ea79-41da-a80c-a2c3c2556aff,3857268,Belgium,Canada,Leander Dendoncker,2,84,35,112.5,43.5,7.57,0.08894938,Off T,0,Open Play,Head,False,True,From Free Kick,96.2,19.7,Pass,1,1,0,16.3,23.0,16.3,central_pass,96.2,19.7,half_space,True,17,10,0.67,2,2,4,10,1,5,119.1,41.0,0.82,0.91,central_penetration
d60b7ce2-c083-43a4-a37d-0a52214a8718,3857268,Belgium,Canada,Kevin De Bruyne,2,85,9,96.6,39.5,21.4,0.061057936,Off T,0,Open Play,Right Foot,False,False,Regular Play,35.6,75.1,Pass,13,4,4,61.0,68.0,4.69,central_pass,55.9,49.5,central,True,16,10,1.78,0,1,2,2,1,1,116.5,40.8,3.2,0.73,central_penetration
a982106a-a75e-4140-9225-f80b413ba22e,3857268,Canada,Belgium,Cyle Larin,2,85,40,111.7,37.5,7.93,0.111036494,Off T,0,Open Play,Head,False,True,From Goal Kick,6.0,36.0,Pass,22,6,4,105.7,105.4,4.8,cross,90.1,3.9,wide,True,12,7,0.92,1,1,1,5,1,0,117.1,38.9,2.65,1.01,wide_cross
5bacbef6-cc8c-4df6-af6a-04b175d14741,3857268,Belgium,Canada,Thomas Meunier,2,90,3,98.0,55.5,24.61,0.025805552,Blocked,0,Open Play,Right Foot,False,False,From Goal Kick,7.0,44.1,Pass,9,2,1,91.0,86.2,10.11,central_pass,73.1,58.5,half_space,True,10,6,3.04,0,0,0,3,2,1,117.6,42.3,2.19,2.1,fast_counter
e32243e7-a6a0-490f-be8e-b75fe1b0647b,3857268,Belgium,Canada,Kevin De Bruyne,2,90,51,114.3,59.2,18.31,0.009170555,Saved,0,Open Play,Right Foot,False,False,From Corner,120.0,80.0,Pass,3,2,2,-5.7,20.0,-1.9,cutback,118.7,74.9,wide,True,15,9,1.13,0,1,1,9,1,2,118.9,43.9,1.01,3.57,cutback
891a7cc9-80b4-4145-a88d-183dd0a72153,3857268,Canada,Belgium,Cyle Larin,2,91,22,111.1,36.1,8.89,0.06675813,Blocked,0,Open Play,Head,False,True,From Keeper,8.9,29.3,Pass,25,7,5,102.2,101.9,4.09,cross,98.6,63.8,wide,True,18,10,0.87,1,1,1,7,2,3,119.1,39.1,0.82,0.82,wide_cross
90b35760-682e-420e-92c6-48c33feef182,3857269,Switzerland,Brazil,Silvan Widmer,1,5,47,114.9,30.0,10.26,0.05117428,Off T,0,Open Play,Right Foot,True,False,From Corner,120.0,0.1,Pass,1,1,0,-5.1,28.7,-5.1,cutback,120.0,0.1,wide,True,20,11,0.75,1,1,2,11,2,5,118.9,36.8,1.01,2.93,cutback
ccdb8f0e-10fe-45f4-8c54-f0a74c222730,3857269,Brazil,Switzerland,Vinícius José Paixão de Oliveira Júnior,1,26,41,112.1,34.0,9.07,0.21638125,Saved,0,Open Play,Right Foot,True,False,Regular Play,74.4,3.2,Duel,15,5,5,37.7,48.7,2.51,central_pass,93.4,60.2,half_space,True,16,10,2.73,0,0,1,4,1,2,118.8,37.3,1.1,2.47,central_penetration
b660fbc5-1653-455b-98f7-9eefab7d3fea,3857269,Brazil,Switzerland,Carlos Henrique Casimiro,1,27,17,94.3,39.7,23.5,0.023129713,Wayward,0,Open Play,Right Foot,True,False,From Corner,120.0,0.1,Pass,3,0,0,-25.7,14.2,-8.57,,,,central,True,20,11,3.56,0,0,0,10,4,6,119.2,39.9,0.73,0.09,other
f227c1e8-8585-4d1a-9c58-d39830356a78,3857269,Brazil,Switzerland,Raphael Dias Belloli,1,30,19,90.1,46.2,27.92,0.02201561,Saved,0,Open Play,Left Foot,False,False,From Free Kick,71.7,58.8,Pass,98,20,21,18.4,21.3,0.19,,,,central,True,18,10,1.74,0,1,1,3,2,1,119.1,40.8,0.82,0.73,slow_possession
c4bf7562-5878-4cd5-a4ca-5afcffafc78c,3857269,Brazil,Switzerland,Richarlison de Andrade,1,31,27,104.2,41.2,14.49,0.022230485,Blocked,0,Open Play,Head,False,True,From Free Kick,69.8,38.6,Pass,21,6,3,34.4,34.4,1.64,other,79.6,10.3,wide,True,15,8,1.02,0,1,1,4,1,1,117.5,40.9,2.29,0.82,other
33ff8da8-1946-4841-a4c2-eaea16002f77,3857269,Brazil,Switzerland,Éder Gabriel Militão,1,36,51,93.2,45.0,24.93,0.02857021,Blocked,0,Open Play,Right Foot,False,False,From Throw In,26.5,0.1,Pass,91,29,31,66.7,74.4,0.73,central_pass,97.9,27.7,half_space,True,18,10,5.85,0,0,0,5,2,4,117.7,40.5,2.1,0.46,central_penetration
7522cc55-f097-431f-9173-2bb1c6130012,3857269,Brazil,Switzerland,Thiago Emiliano da Silva,1,43,40,115.0,43.5,5.58,0.14148508,Blocked,0,Open Play,Head,False,True,From Corner,120.0,80.0,Pass,1,1,0,-5.0,33.9,-5.0,cutback,120.0,80.0,wide,True,19,11,0.79,1,2,2,10,2,5,117.8,41.4,2.01,1.28,cutback
4094455f-bba0-4bd9-83af-5bd061f761cd,3857269,Switzerland,Brazil,Djibril Sow,2,52,37,112.6,48.8,10.51,0.087867536,Blocked,0,Open Play,Right Foot,True,False,From Free Kick,43.6,35.5,Pass,38,11,12,69.0,65.0,1.82,,,,central,True,13,8,1.43,0,1,2,8,3,4,118.6,43.4,1.28,3.11,slow_possession
f36222e4-425a-4b60-90ce-ee0563d3a95d,3857269,Switzerland,Brazil,Ruben Vargas,2,53,31,104.3,26.2,19.11,0.029704679,Blocked,0,Open Play,Right Foot,False,False,From Free Kick,43.6,35.5,Pass,92,27,30,60.7,55.6,0.66,central_pass,92.2,39.1,central,True,15,8,2.07,0,0,2,8,2,3,117.2,37.9,2.56,1.92,central_penetration
0c853598-4598-4008-821b-3530593e492b,3857269,Switzerland,Brazil,Manuel Obafemi Akanji,2,54,10,103.5,43.9,15.5,0.028123023,Wayward,0,Open Play,Head,False,False,From Corner,120.0,0.1,Pass,4,1,0,-16.5,22.9,-4.12,central_pass,95.8,31.4,central,True,20,11,3.62,0,0,0,7,2,4,117.2,40.8,2.56,0.73,central_penetration
000d3c08-46f5-4569-824d-b7719f626d1b,3857269,Switzerland,Brazil,Djibril Sow,2,59,39,99.4,37.0,19.04,0.0625126,Blocked,0,Open Play,Right Foot,True,False,Regular Play,64.2,40.9,Duel,12,4,4,35.2,35.0,2.93,central_pass,101.9,40.1,central,True,15,9,4.5,0,0,0,6,2,2,116.5,40.1,3.2,0.09,central_penetration
b62c510a-83c2-4cbd-87bf-f7d441854b78,3857269,Switzerland,Brazil,Edimilson Fernandes,2,59,54,97.4,42.8,20.82,0.029247057,Blocked,0,Open Play,Right Foot,False,False,Regular Play,80.6,10.4,Ball Recovery,9,2,3,16.8,26.5,1.87,cutback,107.1,15.5,wide,True,15,9,1.67,0,1,1,5,3,2,117.2,40.6,2.56,0.55,high_turnover
b73e743c-d52b-41c7-b455-268e8938cbe9,3857269,Brazil,Switzerland,Marcos Aoás Corrêa,2,69,40,110.6,37.4,8.92,0.07814184,Wayward,0,Open Play,Head,False,True,From Free Kick,110.6,14.7,Pass,16,3,3,0.0,17.2,0.0,cross,95.0,8.0,wide,True,18,10,1.15,0,2,2,6,1,5,119.0,38.8,0.91,1.1,wide_cross
d4cd77e6-f4c2-4d41-a5bc-40dcc83976f1,3857269,Brazil,Switzerland,Richarlison de Andrade,2,71,4,107.0,26.5,17.14,0.038312852,Blocked,0,Open Play,Left Foot,True,False,From Counter,43.4,40.0,Ball Recovery,8,2,2,63.6,57.9,7.95,central_pass,94.2,21.8,half_space,True,10,7,1.68,0,1,1,4,1,1,117.7,36.7,2.1,3.02,fast_counter
b1c4fc15-d031-4f58-b3c7-9fd6708c7cf9,3857269,Brazil,Switzerland,Bruno Guimarães Rodriguez Moura,2,80,58,102.2,47.4,17.63,0.021188514,Saved,0,Open Play,Head,False,False,From Corner,120.0,80.0,Pass,4,0,0,-17.8,20.7,-4.45,,,,central,True,20,11,1.07,0,1,1,11,5,7,118.9,40.7,1.01,0.64,other
90380b1f-260f-42c9-95fb-ae1ca4941ee2,3857269,Brazil,Switzerland,Carlos Henrique Casimiro,2,82,15,106.3,29.4,15.84,0.068805926,Goal,1,Open Play,Right Foot,True,False,Regular Play,26.3,8.5,Pass,29,9,10,80.0,81.5,2.76,central_pass,99.9,30.5,central,True,20,11,3.51,0,0,0,6,2,3,118.4,38.1,1.46,1.74,central_penetration
8f488d1b-d990-4d87-9ae3-a0f9a81e544a,3857269,Brazil,Switzerland,Rodrygo Silva de Goes,2,86,25,109.7,25.4,16.34,0.04824855,Saved,0,Open Play,Right Foot,False,False,From Throw In,54.6,0.1,Pass,46,7,7,55.1,58.7,1.2,cutback,105.9,14.7,wide,True,16,10,1.27,0,2,2,8,1,3,118.5,36.9,1.37,2.83,cutback
9eb07769-e172-41a0-9cac-cec1dd4d6dd1,3857269,Brazil,Switzerland,Antony Matheus dos Santos,2,86,51,102.1,56.6,22.32,0.020722246,Off T,0,Open Play,Left Foot,False,False,From Corner,120.0,0.1,Pass,11,4,3,-17.9,15.5,-1.63,central_pass,89.4,22.0,half_space,True,20,11,2.46,0,0,1,9,2,5,117.8,40.9,2.01,0.82,central_penetration
733e5141-6b97-4010-8100-b926aa73c9bf,3857269,Brazil,Switzerland,Rodrygo Silva de Goes,2,93,27,105.8,41.8,13.09,0.19349767,Blocked,0,Open Play,Right Foot,True,False,From Free Kick,51.8,26.4,Pass,5,2,1,54.0,55.2,10.8,central_pass,98.1,29.8,half_space,False,0,7,2.6,0,0,1,4,2,1,114.5,40.8,5.03,0.73,fast_counter
642515e1-293b-497f-bfbb-3546264f1b33,3869321,Argentina,Netherlands,Rodrigo Javier De Paul,1,4,33,101.6,53.3,20.76,0.02377054,Blocked,0,Open Play,Right Foot,True,False,Regular Play,56.4,71.6,Pass,8,2,1,45.2,48.3,5.65,,,,half_space,True,16,9,2.7,0,0,1,7,3,4,118.8,42.6,1.1,2.38,fast_counter
52c4e934-0c99-4c5c-93db-b538bc800e9b,3869321,Argentina,Netherlands,Lionel Andrés Messi Cuccittini,1,21,36,96.6,50.3,23.38,0.037832856,Off T,0,Open Play,Left Foot,False,False,From Throw In,94.4,80.0,Pass,6,2,4,2.2,21.9,0.37,other,93.1,77.1,wide,True,15,9,2.54,0,0,2,2,2,0,118.2,41.4,1.65,1.28,other
2a672651-8c7c-4ac7-b16c-711fa08790df,3869321,Netherlands,Argentina,Steven Bergwijn,1,23,42,101.6,32.9,18.03,0.089517,Off T,0,Open Play,Left Foot,False,False,Regular Play,58.3,59.8,Ball Recovery,15,7,5,43.3,45.1,2.89,central_pass,97.8,40.9,central,True,16,9,2.31,0,0,2,5,1,1,117.1,38.3,2.65,1.55,central_penetration
e6038dbd-a8c4-427f-9663-54654cde0b0b,3869321,Argentina,Netherlands,Rodrigo Javier De Paul,1,32,39,97.6,42.3,20.59,0.049762752,Saved,0,Open Play,Right Foot,True,True,Regular Play,26.1,36.4,Ball Recovery,89,22,24,71.5,71.5,0.8,central_pass,100.4,53.4,half_space,True,15,9,1.07,0,1,1,7,1,1,118.2,41.0,1.65,0.91,central_penetration
ba0291a6-1cd3-43f0-8394-b91c7cd6d4e2,3869321,Argentina,Netherlands,Nahuel Molina Lucero,1,34,4,109.1,42.4,10.21,0.43442267,Goal,1,Open Play,Right Foot,False,False,From Throw In,64.9,80.0,Pass,43,11,11,44.2,56.9,1.03,through_ball,85.6,44.9,central,True,13,8,0.64,1,1,1,4,1,1,113.9,41.4,5.58,1.28,central_penetration
8d04b410-694a-4eb3-8354-d8e67249dfb3,3869321,Argentina,Netherlands,Lionel Andrés Messi Cuccittini,1,39,9,104.0,32.2,16.28,0.03387043,Saved,0,Open Play,Right Foot,False,True,Regular Play,89.4,20.4,Ball Recovery,6,1,2,14.6,18.5,2.43,cutback,105.4,21.8,half_space,True,14,8,0.9,1,1,3,7,2,1,118.2,38.5,1.65,1.37,high_turnover
94fd7830-c3a3-4f62-ab45-ae7bcc688e86,3869321,Argentina,Netherlands,Lionel Andrés Messi Cuccittini,2,62,29,96.0,33.3,22.78,0.07608311,Off T,0,Free Kick,Left Foot,False,False,From Free Kick,96.0,33.3,Shot,0,0,0,0.0,0.0,,,,,central,True,19,11,11.32,0,0,0,11,6,5,118.8,41.2,1.1,1.1,set_piece
758f3a76-791e-4a71-8cb4-d776a6bd293d,3869321,Netherlands,Argentina,Wout Weghorst,2,82,17,108.7,46.4,11.87,0.047416847,Goal,1,Open Play,Head,False,False,From Free Kick,87.8,13.7,Pass,40,7,8,20.9,28.6,0.52,cross,91.8,76.8,wide,True,20,11,1.96,0,1,1,7,1,4,117.3,42.0,2.47,1.83,wide_cross
0a4a1e56-5881-463d-a37e-b97aa49cdc29,3869321,Netherlands,Argentina,Steven Berghuis,2,84,33,104.6,53.3,18.61,0.032538008,Blocked,0,Open Play,Left Foot,True,False,From Free Kick,26.7,12.5,Pass,24,10,7,77.9,76.9,3.25,central_pass,111.7,51.7,half_space,True,16,9,3.56,0,0,0,7,3,2,117.5,42.6,2.29,2.38,central_penetration
0ada085b-8d72-4c54-8b6c-db3349ad0c84,3869321,Netherlands,Argentina,Denzel Dumfries,2,89,35,113.5,52.9,13.21,0.047394842,Off T,0,Open Play,Right Foot,True,False,From Free Kick,82.2,7.1,Pass,3,1,0,31.3,35.7,10.43,other,82.2,7.1,wide,True,17,11,3.5,0,0,0,10,1,4,117.3,44.4,2.47,4.02,other
0766e986-a1be-4f02-b176-8ae4b7ed309e,3869321,Netherlands,Argentina,Steven Berghuis,2,92,12,97.2,37.9,20.94,0.08017064,Blocked,0,Free Kick,Left Foot,False,False,From Free Kick,97.2,37.9,Shot,0,0,0,0.0,0.0,,,,,central,True,19,11,9.14,0,0,0,11,5,6,118.3,40.8,1.55,0.73,set_piece
1a46edaa-ca09-435a-b841-aa201d1f0e14,3869321,Netherlands,Argentina,Wout Weghorst,2,100,32,111.8,39.9,7.5,0.21959315,Goal,1,Open Play,Left Foot,False,True,From Free Kick,96.8,31.8,Pass,1,1,1,15.0,16.4,15.0,central_pass,96.8,31.8,central,True,19,11,0.91,1,2,3,11,1,5,117.6,39.8,2.19,0.18,central_penetration
28811240-5987-468a-87d6-c237987e22d2,3869321,Argentina,Netherlands,Lionel Andrés Messi Cuccittini,4,109,18,101.1,53.3,21.13,0.035418287,Off T,0,Open Play,Left Foot,False,True,From Free Kick,96.7,66.7,Pass,5,1,1,4.4,12.3,0.88,other,96.7,66.7,wide,True,20,11,1.11,0,1,1,10,2,6,118.2,42.6,1.65,2.38,other
500f07f5-8b73-4da3-a208-ae5c9806f7b3,3869321,Netherlands,Argentina,Luuk de Jong,4,112,14,110.9,28.4,13.48,0.05290734,Blocked,0,Open Play,Left Foot,True,False,From Free Kick,85.4,55.9,Pass,2,1,0,25.5,23.3,12.75,central_pass,85.4,55.9,half_space,True,18,11,1.9,0,1,1,9,2,4,117.6,37.6,2.19,2.19,central_penetration
2704ab9f-8047-4d97-b1d5-d91b82af0418,3869321,Argentina,Netherlands,Lautaro Javier Martínez,4,113,47,109.5,45.9,11.01,0.2245604,Blocked,0,Open Play,Right Foot,True,False,From Free Kick,51.8,41.2,Pass,23,5,7,57.7,56.2,2.51,cross,116.5,55.8,half_space,True,18,11,2.24,0,0,1,9,2,6,118.7,43.1,1.19,2.83,wide_cross
9445b26d-f734-4701-a757-7c83e51c906e,3869321,Argentina,Netherlands,Enzo Fernandez,4,114,54,94.2,43.8,23.85,0.032085553,Blocked,0,Open Play,Left Foot,False,False,From Corner,120.0,80.0,Pass,6,2,2,-25.8,13.9,-4.3,other,97.8,65.8,wide,True,20,11,4.47,0,0,0,9,4,7,118.0,40.8,1.83,0.73,other
74848b41-3f98-4b47-9d9f-661ee7cf5285,3869321,Argentina,Netherlands,Germán Alejandro Pezzella,4,115,53,112.5,31.3,10.5,0.04452438,Off T,0,Open Play,Head,False,True,From Corner,120.0,0.1,Pass,2,1,0,-7.5,28.4,-3.75,cutback,120.0,0.1,wide,True,20,11,0.78,1,1,3,10,2,4,118.5,38.3,1.37,1.55,cutback
4960eb06-e30b-485b-a653-edd092335439,3869321,Argentina,Netherlands,Lautaro Javier Martínez,4,118,36,97.6,38.6,20.52,0.08241133,Saved,0,Open Play,Left Foot,True,True,From Keeper,4.6,35.4,Goal Keeper,17,5,4,93.0,93.0,5.47,central_pass,87.5,55.6,half_space,True,11,7,1.24,0,1,2,1,1,0,117.0,40.8,2.74,0.73,central_penetration
2e20bbdd-74b0-4840-bf7c-fc460cdecad2,3869321,Argentina,Netherlands,Lionel Andrés Messi Cuccittini,4,119,27,96.6,41.6,21.45,0.04201436,Blocked,0,Open Play,Left Foot,False,True,From Throw In,104.7,0.1,Pass,37,13,14,-8.1,19.3,-0.22,central_pass,86.7,36.3,central,True,17,10,1.22,0,2,2,4,2,1,115.7,41.1,3.93,1.01,central_penetration
bc9e059b-1507-48a8-bf8e-15130d04b9ee,3869321,Argentina,Netherlands,Enzo Fernandez,4,120,9,97.2,49.3,22.52,0.038940463,Post,0,Open Play,Right Foot,False,False,From Corner,120.0,80.0,Pass,6,2,2,-22.8,15.4,-3.8,cutback,106.1,70.0,wide,True,21,11,2.95,0,0,1,10,3,6,117.7,41.3,2.1,1.19,cutback
1ae78527-44c9-462c-b6c2-f2c404de276b,3857292,Germany,Costa Rica,Jamal Musiala,1,1,49,99.6,29.7,20.9,0.06331741,Saved,0,Open Play,Right Foot,False,False,Regular Play,41.4,13.9,Ball Recovery,37,10,11,58.2,60.0,1.57,central_pass,81.5,21.5,half_space,True,16,10,2.09,0,0,1,7,1,3,117.1,38.8,2.65,1.1,central_penetration
0798c8a1-b35c-49ee-80bd-088a8db5ac2c,3857292,Germany,Costa Rica,Leon Goretzka,1,6,57,109.5,48.0,12.07,0.15352516,Wayward,0,Open Play,Right Foot,True,False,From Throw In,74.5,0.1,Pass,49,14,15,35.0,47.3,0.71,cutback,110.1,48.6,central,True,18,10,3.79,0,0,0,9,3,6,118.8,41.5,1.1,1.37,cutback
db2d1858-4ab3-4e4e-a10d-42da2c79e9c0,3857292,Germany,Costa Rica,Thomas Müller,1,8,2,108.2,42.4,11.01,0.14610097,Off T,0,Open Play,Head,False,False,From Free Kick,23.6,57.7,Pass,22,7,4,84.6,86.0,3.85,cross,86.6,75.0,wide,True,14,9,4.3,0,0,0,5,1,1,117.5,40.9,2.29,0.82,wide_cross
dfa2c073-d0a6-4210-a1c2-ee150cb031c3,3857292,Germany,Costa Rica,Serge Gnabry,1,9,31,111.9,33.1,9.73,0.0895267,Goal,1,Open Play,Head,False,False,Regular Play,56.6,5.0,Duel,11,3,1,55.3,61.8,5.03,cross,110.2,14.2,wide,True,14,10,3.31,0,0,0,8,1,3,118.4,37.3,1.46,2.47,fast_counter
49104ff9-caab-401d-a095-663dbefd8ed0,3857292,Germany,Costa Rica,Leon Goretzka,1,13,56,113.1,35.8,7.39,0.18187125,Saved,0,Open Play,Head,False,False,Regular Play,31.7,45.9,Pass,44,15,11,81.4,80.4,1.85,cross,95.7,65.4,wide,True,12,8,1.81,0,1,1,5,1,1,119.0,38.0,0.91,1.83,wide_cross
e9dd9e43-5510-4262-85ba-ff474f9497e8,3857292,Germany,Costa Rica,Thomas Müller,1,20,33,111.6,41.1,7.75,0.069567084,Wayward,0,Open Play,Head,False,True,From Corner,120.0,0.1,Pass,2,1,0,-8.4,31.4,-4.2,cutback,120.0,0.1,wide,True,14,9,0.84,1,2,2,8,3,4,119.7,40.0,0.27,0.0,cutback
5b242fc1-be28-4ca0-9e6c-aa1d5d272b49,3857292,Germany,Costa Rica,Serge Gnabry,1,29,32,105.2,30.9,15.89,0.044056788,Blocked,0,Open Play,Right Foot,False,False,From Goal Kick,7.0,36.1,Pass,56,18,16,98.2,95.7,1.75,,,,central,True,15,10,1.55,0,2,2,8,2,3,116.9,36.9,2.83,2.83,slow_possession
805ceac3-7f82-4f65-a472-a77dc0af4c1f,3857292,Germany,Costa Rica,Joshua Kimmich,1,34,3,92.4,55.8,29.08,0.011488004,Saved,0,Open Play,Right Foot,False,False,Regular Play,70.2,20.5,Ball Recovery,11,2,3,22.2,21.7,2.02,central_pass,93.1,34.6,central,True,18,10,5.57,0,0,0,5,1,3,116.9,41.6,2.83,1.46,central_penetration
8a4cc3e9-a372-4e57-99b6-e4dc17fee7a8,3857292,Germany,Costa Rica,Jamal Musiala,1,35,30,105.7,33.6,14.33,0.16202919,Off T,0,Open Play,Right Foot,False,False,Regular Play,65.7,30.5,Duel,29,10,9,40.0,39.5,1.38,other,94.2,14.5,wide,True,15,9,1.29,0,1,2,7,1,3,116.4,37.6,3.29,2.19,slow_possession
144b76d4-3fe1-4f55-9f32-ca04aa1ab4f2,3857292,Germany,Costa Rica,Serge Gnabry,1,38,59,106.4,28.9,16.05,0.06251996,Off T,0,Open Play,Right Foot,False,False,From Throw In,86.5,0.1,Pass,6,2,1,19.9,34.5,3.32,other,111.7,16.2,wide,True,15,10,1.43,0,1,1,8,1,3,117.6,36.7,2.19,3.02,other
fd2700f8-654b-46a8-b02f-4f2fef7c2311,3857292,Costa Rica,Germany,Keysher Fuller Spence,1,41,56,107.3,51.1,15.42,0.14103858,Saved,0,Open Play,Right Foot,False,False,From Free Kick,8.8,34.4,Pass,31,6,6,98.5,94.5,3.18,,,,half_space,True,5,3,1.95,0,1,1,2,1,0,114.9,44.7,4.66,4.3,other
3074f495-700d-416f-b0af-f2db45328354,3857292,Germany,Costa Rica,Leroy Sané,1,44,35,98.5,47.8,20.91,0.080942705,Off T,0,Open Play,Left Foot,False,True,Regular Play,2.8,49.6,Ball Recovery,53,14,7,95.7,94.7,1.81,other,89.5,63.1,wide,True,15,9,1.04,0,1,2,5,1,3,115.7,41.9,3.93,1.74,slow_possession
cb8361bb-e9ea-49bc-8205-974e0ac622a1,3857292,Germany,Costa Rica,Leroy Sané,1,45,12,99.5,44.5,19.19,0.078109905,Blocked,0,Open Play,Left Foot,False,False,From Throw In,93.1,0.1,Pass,8,1,1,6.4,27.1,0.8,,,,central,True,17,10,3.09,0,0,0,7,3,2,116.8,40.1,2.93,0.09,other
67d54d4d-844f-4ac4-867e-aacb398096d7,3857292,Costa Rica,Germany,Keysher Fuller Spence,2,51,11,108.9,54.5,16.7,0.050267275,Blocked,0,Open Play,Right Foot,True,False,From Throw In,105.4,80.0,Pass,8,4,2,3.5,24.3,0.44,cutback,116.7,59.6,half_space,True,15,9,1.56,0,1,1,7,2,3,118.2,43.3,1.65,3.02,cutback
dabd4c5d-16d4-4a5f-9bb0-729dc6b66984,3857292,Costa Rica,Germany,Yeltsin Ignacio Tejeda Valverde,2,51,29,97.2,48.9,22.38,0.042256437,Saved,0,Open Play,Right Foot,False,True,From Throw In,108.5,80.0,Pass,7,2,3,-11.3,17.1,-1.61,central_pass,93.4,61.4,half_space,True,17,10,1.07,0,1,2,3,1,1,119.5,41.6,0.46,1.46,central_penetration
166568eb-2118-4745-8aa6-af9cc5600440,3857292,Germany,Costa Rica,Serge Gnabry,2,54,46,100.7,26.9,21.33,0.029866349,Blocked,0,Open Play,Right Foot,True,False,From Corner,120.0,80.0,Pass,11,1,5,-19.3,16.7,-1.75,cutback,108.8,21.8,half_space,True,17,10,4.46,0,0,0,9,3,6,118.1,38.5,1.74,1.37,cutback
dfa9f0c8-7c97-42fe-9d91-b21cee6dd5ff,3857292,Germany,Costa Rica,Leroy Sané,2,54,54,91.0,39.6,26.52,0.02438984,Off T,0,Open Play,Left Foot,False,False,From Corner,120.0,80.0,Pass,19,2,7,-29.0,11.0,-1.53,cutback,103.8,55.2,half_space,True,18,10,2.67,0,0,1,6,2,4,117.7,40.3,2.1,0.27,cutback
055a53fb-b5e1-4c23-b2dd-42f1399d5e3a,3857292,Costa Rica,Germany,Kendall Jamaal Waston Manley,2,57,38,108.9,45.4,11.29,0.099276,Saved,0,Open Play,Head,False,False,Regular Play,67.9,78.2,Ball Recovery,9,3,3,41.0,52.3,4.56,cross,114.9,60.4,half_space,True,11,6,1.56,0,1,1,6,1,2,118.4,42.4,1.46,2.19,fast_counter
0f50a039-09dc-452b-aca2-543393201e24,3857292,Costa Rica,Germany,Yeltsin Ignacio Tejeda Valverde,2,57,39,114.3,38.1,5.49,0.4798206,Goal,1,Open Play,Right Foot,True,False,Regular Play,67.9,78.2,Ball Recovery,10,3,3,46.4,58.6,4.64,,,,central,True,11,6,1.4,0,2,2,6,1,3,117.5,39.8,2.29,0.18,fast_counter
2598e2b9-3709-4e47-b3da-d3d67bd19c9b,3857292,Germany,Costa Rica,Jamal Musiala,2,60,12,111.2,28.5,13.24,0.082946144,Post,0,Open Play,Left Foot,False,False,Regular Play,51.6,5.0,Ball Recovery,10,3,4,59.6,62.4,5.96,central_pass,90.2,28.2,half_space,False,0,8,2.02,0,0,1,6,1,2,118.3,35.7,1.55,3.93,fast_counter
018ae12c-956d-42f9-828b-63ec2dc7eabf,3857292,Germany,Costa Rica,Jamal Musiala,2,60,14,117.3,31.5,8.16,0.1066145,Off T,0,Open Play,Right Foot,True,False,From Counter,51.6,5.0,Ball Recovery,12,3,4,65.7,67.9,5.48,,,,central,True,9,7,3.0,0,0,1,6,0,3,117.3,35.6,2.47,4.02,fast_counter
e9d3617f-6951-47d3-a0f0-f99a6bd56390,3857292,Germany,Costa Rica,Thomas Müller,2,61,1,106.3,47.2,14.15,0.05438086,Blocked,0,Open Play,Right Foot,False,False,Regular Play,52.2,53.1,Pass,9,3,4,54.1,53.6,6.01,central_pass,97.5,33.4,central,True,13,8,1.65,0,1,1,6,2,3,116.2,42.3,3.47,2.1,fast_counter
fd610db8-b330-48eb-a1ef-a12f8f806da2,3857292,Germany,Costa Rica,Antonio Rüdiger,2,61,42,114.5,44.2,6.33,0.41498688,Post,0,Open Play,Right Foot,True,True,From Corner,120.0,80.0,Pass,13,4,2,-5.5,33.1,-0.42,cross,114.7,65.2,wide,True,15,10,0.84,1,1,1,9,1,3,117.8,43.1,2.01,2.83,wide_cross
a8dd6050-20d1-4d57-a0b4-975123e422f3,3857292,Germany,Costa Rica,Jamal Musiala,2,66,28,100.6,27.6,21.05,0.037713535,Post,0,Open Play,Right Foot,False,False,From Throw In,85.5,0.1,Pass,19,3,3,15.1,29.7,0.79,central_pass,80.5,26.5,half_space,True,17,10,1.37,0,1,1,7,2,4,117.0,38.4,2.74,1.46,central_penetration
3cfb6e0c-ae3c-4b49-a37a-377dc5b6df9d,3857292,Germany,Costa Rica,Kai Havertz,2,66,50,107.3,35.1,12.45,0.110909514,Off T,0,Open Play,Right Foot,False,False,From Throw In,85.5,0.1,Pass,41,9,7,21.8,39.1,0.53,cross,93.9,62.8,wide,True,15,9,1.78,0,1,1,5,1,3,118.0,39.4,1.83,0.55,wide_cross
f34140d6-7990-45d4-8b8a-8a12624f8616,3857292,Costa Rica,Germany,Juan Pablo Vargas Campos,2,69,6,116.1,43.1,4.56,0.18427365,Saved,0,Open Play,Left Foot,True,False,From Free Kick,81.8,4.7,Pass,5,1,0,34.3,47.0,6.86,,,,central,True,14,8,0.78,1,3,3,8,2,4,118.0,42.6,1.83,2.38,other
d03c0663-2128-47f5-b6ac-e2b29c6b6e2a,3857292,Germany,Costa Rica,Kai Havertz,2,72,4,109.3,42.6,10.07,0.4749194,Goal,1,Open Play,Right Foot,False,False,From Kick Off,60.0,40.0,Pass,65,18,16,49.3,49.0,0.76,central_pass,106.5,44.7,central,True,15,9,1.92,0,1,1,7,1,2,114.4,41.2,5.12,1.1,central_penetration
43f8c49e-9971-4ece-bb35-345fe985af1a,3857292,Germany,Costa Rica,Kai Havertz,2,73,55,102.8,36.0,16.15,0.14038351,Off T,0,Open Play,Left Foot,True,False,From Free Kick,25.7,74.9,Pass,16,4,5,77.1,82.9,4.82,,,,central,True,17,9,2.17,0,0,3,5,1,2,116.8,38.4,2.93,1.46,other
7b40a901-b95b-4b1b-b118-41a9f08a8f2c,3857292,Germany,Costa Rica,Niclas Füllkrug,2,75,18,115.2,44.6,6.08,0.36338806,Saved,0,Open Play,Right Foot,True,False,From Counter,30.4,30.0,Ball Recovery,10,3,4,84.8,83.5,8.48,cross,111.8,23.7,half_space,True,8,5,3.91,0,0,0,5,1,1,118.8,42.3,1.1,2.1,fast_counter
c4be5b76-93e5-456f-8861-2882284bd2ea,3857292,Costa Rica,Germany,Jewison Bennette,2,79,4,94.4,46.4,24.13,0.037811525,Off T,0,Open Play,Left Foot,False,False,From Throw In,19.2,0.1,Pass,16,4,2,75.2,82.0,4.7,central_pass,55.3,32.5,central,True,12,8,3.58,0,0,0,3,2,1,118.5,40.8,1.37,0.73,central_penetration
49e1cff1-12c4-45a1-81db-43575e6f0337,3857292,Germany,Costa Rica,Jamal Musiala,2,83,2,104.6,30.8,16.4,0.060394496,Off T,0,Open Play,Right Foot,False,False,From Free Kick,9.2,73.7,Pass,39,8,12,95.4,97.9,2.45,,,,central,True,17,10,2.49,0,0,2,9,3,4,117.8,38.6,2.01,1.28,slow_possession
02c29470-d751-4a39-b438-d7f2d1de3f23,3857292,Germany,Costa Rica,Kai Havertz,2,84,2,113.1,37.6,6.68,0.31018513,Goal,1,Open Play,Left Foot,True,False,Regular Play,34.7,51.4,Pass,23,8,5,78.4,78.8,3.41,cross,105.5,71.5,wide,True,15,9,1.67,0,1,1,7,1,3,118.3,40.0,1.55,0.0,wide_cross
9ad23384-ef5e-4fa5-95c8-08682dcae51c,3857292,Germany,Costa Rica,Kai Havertz,2,85,21,110.4,27.0,14.78,0.11890341,Saved,0,Open Play,Left Foot,False,False,From Counter,58.3,31.6,Interception,6,1,2,52.1,46.1,8.68,central_pass,93.0,38.7,central,True,15,8,3.49,0,0,0,6,1,3,116.9,36.6,2.83,3.11,fast_counter
1ded8989-6b70-46d5-9da4-808a6fc26f1b,3857292,Germany,Costa Rica,Mario Götze,2,85,23,107.0,43.6,12.33,0.066507556,Saved,0,Open Play,Head,False,False,From Counter,58.3,31.6,Interception,8,1,2,48.7,48.8,6.09,,,,central,True,14,8,4.95,0,0,0,7,3,5,118.3,38.9,1.55,1.01,fast_counter
6c6e16bb-f504-4982-a836-0ad9fc0104a6,3857292,Germany,Costa Rica,Niclas Füllkrug,2,88,13,114.8,42.5,5.28,0.510154,Goal,1,Open Play,Left Foot,True,False,From Throw In,49.4,0.1,Pass,81,17,16,65.4,75.3,0.81,central_pass,113.7,33.0,central,True,12,7,3.64,0,0,0,5,1,2,117.9,40.0,1.92,0.0,central_penetration
e8cf9c97-3526-4da0-b1c6-fae5cdf41cfd,3857292,Germany,Costa Rica,Niclas Füllkrug,2,94,58,101.1,39.1,17.3,0.046867393,Blocked,0,Open Play,Right Foot,False,False,Regular Play,42.0,18.0,Pass,53,17,17,59.1,62.1,1.12,central_pass,100.6,46.8,central,True,18,10,2.17,0,0,2,6,2,4,118.0,40.5,1.83,0.46,central_penetration
4a9a7252-482a-415b-9acd-b60dc7afe852,3857292,Germany,Costa Rica,Niclas Füllkrug,2,95,14,117.9,32.7,6.95,0.13407986,Off T,0,Open Play,Head,False,False,Regular Play,42.0,18.0,Pass,69,20,20,75.9,73.4,1.1,central_pass,109.1,56.6,half_space,True,14,9,1.91,0,1,1,7,1,4,119.4,37.9,0.55,1.92,central_penetration
72216d72-5229-41b2-9198-4e5a343eb78a,3857292,Germany,Costa Rica,Jamal Musiala,2,99,26,107.5,40.3,11.43,0.085460834,Saved,0,Open Play,Left Foot,False,False,Regular Play,59.4,76.1,Ball Recovery,38,9,12,48.1,58.0,1.27,cross,109.6,57.7,half_space,True,17,10,2.01,0,0,2,8,2,4,117.8,40.4,2.01,0.37,wide_cross
2150f4a1-11c4-4273-ace0-3b9f9483287f,3857295,Japan,Costa Rica,Ritsu Doan,1,2,18,91.7,53.8,28.79,0.015573137,Wayward,0,Open Play,Left Foot,True,False,Regular Play,81.2,62.9,Pass,2,2,0,10.5,13.6,5.25,central_pass,95.6,58.6,half_space,True,17,10,1.32,0,1,2,1,1,0,116.8,42.7,2.93,2.47,central_penetration
a4a5da42-0a22-4fd7-9408-fc83c588f603,3857295,Costa Rica,Japan,Gerson Torres Barrantes,1,3,36,90.1,47.7,28.23,0.01353695,Wayward,0,Open Play,Left Foot,True,False,From Free Kick,87.3,23.4,Pass,3,0,0,2.8,5.8,0.93,,,,central,True,19,11,6.65,0,0,0,8,4,5,118.6,39.6,1.28,0.37,other
cb38d9a0-e2fc-4103-b7eb-25b54cbcc69e,3857295,Costa Rica,Japan,Francisco Javier Calvo Quesada,1,34,14,91.0,26.8,29.14,0.014244432,Blocked,0,Open Play,Left Foot,True,False,Regular Play,27.3,6.0,Pass,113,31,31,63.7,66.9,0.56,,,,half_space,True,18,10,3.03,0,0,0,6,1,4,118.1,38.2,1.74,1.65,slow_possession
6e86c991-a8bd-4041-802a-dc291e94ab54,3857295,Costa Rica,Japan,Joel Nathaniel Campbell Samuels,1,34,18,101.0,29.1,20.03,0.051288527,Off T,0,Open Play,Left Foot,True,False,Regular Play,27.3,6.0,Pass,117,32,32,73.7,76.8,0.63,central_pass,104.6,36.5,central,True,17,10,2.92,0,0,1,7,1,2,118.0,38.5,1.83,1.37,central_penetration
e4a676fe-1397-48c1-8aca-6c1780b66a22,3857295,Japan,Costa Rica,Wataru Endo,1,37,45,100.1,51.7,21.11,0.03132781,Blocked,0,Open Play,Left Foot,False,False,Regular Play,63.0,71.8,Ball Recovery,16,5,7,37.1,42.2,2.32,cutback,104.9,68.6,wide,True,19,11,3.11,0,0,0,9,3,5,117.6,43.1,2.19,2.83,cutback
94534163-21ab-4b88-ae9e-4338f4a44dc6,3857295,Japan,Costa Rica,Hidemasa Morita,2,45,25,101.4,30.9,18.93,0.09737273,Saved,0,Open Play,Right Foot,False,False,From Kick Off,61.0,40.1,Pass,25,9,9,40.4,38.3,1.62,central_pass,91.1,30.5,central,True,19,11,2.33,0,0,2,5,1,1,118.8,37.7,1.1,2.1,central_penetration
9d3af2e4-af04-400f-aaa2-603b43d53eba,3857295,Japan,Costa Rica,Takuma Asano,2,45,28,104.1,50.2,17.27,0.051375452,Blocked,0,Open Play,Right Foot,True,False,From Kick Off,61.0,40.1,Pass,28,9,9,43.1,40.1,1.54,,,,half_space,True,16,10,4.71,0,0,0,7,1,5,117.4,41.2,2.38,1.1,slow_possession
1c2f2a54-2e26-4298-840f-1ae42f716b4a,3857295,Japan,Costa Rica,Wataru Endo,2,47,9,95.2,41.1,22.7,0.042255066,Blocked,0,Open Play,Right Foot,False,True,From Throw In,13.6,0.1,Pass,16,3,3,81.6,88.8,5.1,central_pass,86.7,21.5,half_space,True,16,9,1.51,0,1,1,5,2,2,118.2,41.6,1.65,1.46,central_penetration
79a770c1-3ec1-4ea5-b834-9a58ed3b3843,3857295,Japan,Costa Rica,Takuma Asano,2,47,13,107.6,37.5,11.57,0.08747226,Saved,0,Open Play,Head,False,False,From Throw In,13.6,0.1,Pass,20,4,3,94.0,101.0,4.7,central_pass,98.3,58.4,half_space,True,17,10,2.64,0,0,1,4,1,2,119.2,39.4,0.73,0.55,central_penetration
c9896243-7ed2-4bc8-b843-8c8f26785909,3857295,Japan,Costa Rica,Ko Itakura,2,49,26,105.0,40.0,13.72,0.07774679,Blocked,0,Open Play,Left Foot,False,False,From Corner,120.0,80.0,Pass,5,1,1,-15.0,25.0,-3.0,central_pass,92.7,51.8,half_space,True,18,10,2.11,0,0,2,7,2,3,118.7,40.4,1.19,0.37,central_penetration
ac8028fd-d64c-4c42-9434-91109755b4c4,3857295,Japan,Costa Rica,Wataru Endo,2,49,29,103.1,34.1,16.37,0.04122181,Blocked,0,Open Play,Right Foot,False,False,From Corner,120.0,80.0,Pass,8,1,2,-16.9,22.1,-2.11,,,,central,True,16,10,1.71,0,1,2,8,3,3,118.1,39.3,1.74,0.64,other
e4d8f973-7517-497c-8ff8-dcd54dde1da1,3857295,Japan,Costa Rica,Yuki Soma,2,56,21,105.4,22.1,21.12,0.022210024,Wayward,0,Open Play,Right Foot,False,False,From Goal Kick,7.0,44.1,Pass,47,17,14,98.4,90.0,2.09,other,82.3,10.7,wide,True,16,9,1.76,0,1,2,9,1,3,118.4,37.4,1.46,2.38,slow_possession
5c777610-a1b0-48e9-a812-56700c22a73f,3857295,Japan,Costa Rica,Yuki Soma,2,62,40,98.1,35.7,20.41,0.08557594,Off T,0,Free Kick,Right Foot,False,False,From Free Kick,98.1,35.7,Shot,0,0,0,0.0,0.0,,,,,central,True,19,11,8.42,0,0,0,11,6,5,119.1,40.7,0.82,0.64,set_piece
edf74f91-d82b-4112-a643-af4832f68dbd,3857295,Japan,Costa Rica,Daichi Kamada,2,71,22,101.2,43.2,17.44,0.10029054,Blocked,0,Free Kick,Right Foot,False,False,From Free Kick,101.2,43.2,Shot,0,0,0,0.0,0.0,,,,,central,True,19,11,5.28,0,0,0,11,4,5,118.6,38.6,1.28,1.28,set_piece
0491c47e-916f-4501-8833-db9188ca2525,3857295,Japan,Costa Rica,Yuki Soma,2,71,24,95.7,44.3,22.57,0.027111016,Blocked,0,Open Play,Right Foot,False,False,From Free Kick,101.2,43.2,Shot,2,0,1,-5.5,-5.6,-2.75,,,,central,True,19,11,3.77,0,0,0,9,4,5,119.2,40.7,0.73,0.64,other
52d08b93-5f43-4a98-9710-a1441d063e98,3857295,Costa Rica,Japan,Keysher Fuller Spence,2,80,8,102.6,47.5,17.33,0.120298475,Goal,1,Open Play,Left Foot,False,False,Regular Play,89.6,49.6,Ball Recovery,3,1,2,13.0,12.9,4.33,central_pass,92.3,47.7,central,True,13,8,2.58,0,0,1,5,1,1,116.0,42.3,3.66,2.1,high_turnover
085c9b03-1324-4a89-9bfd-8a93f24bb907,3857295,Japan,Costa Rica,Daichi Kamada,2,87,48,108.0,37.6,11.19,0.09400092,Saved,0,Open Play,Right Foot,True,False,Regular Play,25.6,22.8,Pass,26,6,7,82.4,83.7,3.17,,,,central,True,17,9,3.98,0,0,0,9,2,6,117.9,37.2,1.92,2.56,other
545c2c84-018f-4570-a01c-753823feaeac,3869685,Argentina,France,Alexis Mac Allister,1,4,40,92.4,30.0,26.84,0.024542088,Saved,0,Open Play,Right Foot,False,False,Regular Play,98.7,19.8,Pass,2,1,1,-6.3,-0.0,-3.15,central_pass,98.7,19.8,half_space,True,15,8,3.76,0,0,0,3,1,0,117.4,38.5,2.38,1.37,central_penetration
4ad26294-8aaf-4d69-83dd-bbf9ef797b32,3869685,Argentina,France,Rodrigo Javier De Paul,1,7,36,99.2,47.9,20.35,0.062813334,Blocked,0,Open Play,Right Foot,False,False,Regular Play,20.2,71.2,Pass,32,8,12,79.0,82.3,2.47,cross,115.1,21.3,half_space,True,18,11,2.72,0,0,1,9,1,4,117.4,41.1,2.38,1.01,wide_cross
6d498191-05f0-432c-8764-03aea4ef9fb8,3869685,Argentina,France,Ángel Fabián Di María Hernández,1,16,15,103.1,34.6,16.22,0.106800534,Off T,0,Open Play,Right Foot,True,False,Regular Play,87.8,62.0,Ball Recovery,5,2,1,15.3,21.3,3.06,,,,central,True,12,7,4.2,0,0,0,6,2,3,117.8,39.5,2.01,0.46,high_turnover
f227a92e-d86c-4f3d-aa75-5ccb71adcae6,3869685,Argentina,France,Alexis Mac Allister,1,31,35,94.3,23.5,27.93,0.010577817,Wayward,0,Open Play,Right Foot,True,False,Regular Play,68.7,64.1,Interception,63,16,17,25.6,26.1,0.41,central_pass,100.4,20.5,half_space,True,15,10,2.64,0,0,1,2,2,0,117.9,39.0,1.92,0.91,central_penetration
ef86f4d9-7acd-4ed0-a5ec-9129079e8fbe,3869685,Argentina,France,Ángel Fabián Di María Hernández,1,35,22,111.8,32.1,10.41,0.30340916,Goal,1,Open Play,Left Foot,True,False,From Counter,25.9,71.8,Pass,10,5,2,85.9,87.9,8.59,central_pass,99.3,54.9,half_space,True,9,6,3.75,0,0,0,4,1,1,114.6,35.1,4.94,4.48,fast_counter
13a4889d-ad08-41be-9125-24c4c7d7879a,3869685,Argentina,France,Rodrigo Javier De Paul,2,48,49,103.3,52.3,18.97,0.040216275,Saved,0,Open Play,Right Foot,True,False,From Throw In,79.4,80.0,Pass,32,4,6,23.9,36.3,0.75,cross,106.8,20.9,half_space,True,11,7,3.11,0,0,0,7,2,2,117.8,41.6,2.01,1.46,wide_cross
43691970-1dad-4e11-bd29-48f640c55ea1,3869685,Argentina,France,Julián Álvarez,2,58,21,110.5,24.9,16.31,0.05953379,Saved,0,Open Play,Left Foot,False,False,From Free Kick,67.6,71.8,Pass,13,3,3,42.9,43.5,3.3,central_pass,84.7,20.3,half_space,True,8,6,1.65,0,1,1,3,1,0,118.9,36.3,1.01,3.38,central_penetration
9615ffbc-b513-45e6-9ccc-015234483f95,3869685,Argentina,France,Lionel Andrés Messi Cuccittini,2,59,51,109.7,46.0,10.9,0.11555985,Off T,0,Open Play,Right Foot,False,False,Regular Play,57.6,13.6,Pass,14,2,2,52.1,55.8,3.72,cross,112.1,22.4,half_space,True,13,9,0.56,2,3,3,9,1,3,118.0,42.7,1.83,2.47,wide_cross
9f6285ff-9b32-4a46-a4a0-74c1ca89276c,3869685,France,Argentina,Randal Kolo Muani,2,67,15,113.4,34.6,7.8,0.09618377,Off T,0,Open Play,Head,False,True,From Corner,120.0,0.1,Pass,2,1,0,-6.6,31.4,-3.3,cutback,120.0,0.1,wide,True,21,11,0.92,1,2,4,11,1,6,118.3,38.3,1.55,1.55,cutback
b2d43671-a3e6-4709-9c0c-646442c1074c,3869685,France,Argentina,Kylian Mbappé Lottin,2,70,9,102.5,27.9,19.45,0.050644457,Off T,0,Open Play,Right Foot,False,False,Regular Play,81.1,13.2,Ball Recovery,15,3,5,21.4,26.0,1.43,,,,half_space,True,16,10,1.36,0,2,2,7,1,3,117.1,37.3,2.65,2.47,other
43b2d123-6945-4a7c-8292-f7792af341f9,3869685,Argentina,France,Enzo Fernandez,2,71,31,98.9,32.2,20.57,0.041589838,Saved,0,Open Play,Right Foot,False,False,From Goal Kick,7.0,44.1,Pass,33,5,7,91.9,90.6,2.78,cutback,106.8,23.9,half_space,True,17,10,1.89,0,1,1,8,3,4,118.2,39.6,1.65,0.37,cutback
03fb2918-e1e7-4ec8-89ff-7bc5531e853d,3869685,France,Argentina,Kylian Mbappé Lottin,2,80,59,104.8,30.1,16.59,0.1017027,Goal,1,Open Play,Right Foot,True,False,From Throw In,56.5,80.0,Pass,46,9,7,48.3,56.9,1.05,central_pass,94.8,36.3,central,True,12,8,3.7,0,0,0,4,1,1,117.7,37.9,2.1,1.92,central_penetration
fe277079-395a-4ff3-bb29-e99d93014014,3869685,Argentina,France,Enzo Fernandez,2,83,23,92.2,35.9,25.7,0.030159522,Blocked,0,Open Play,Right Foot,False,False,From Throw In,89.5,0.1,Pass,25,7,8,2.7,22.1,0.11,cutback,107.8,14.7,wide,True,20,11,3.88,0,0,0,5,2,2,118.1,40.0,1.74,0.0,cutback
5dbcde3d-ba75-483d-a65f-72d2b99ff713,3869685,France,Argentina,Kylian Mbappé Lottin,2,92,57,95.9,32.2,23.16,0.0324491,Blocked,0,Open Play,Right Foot,False,False,From Counter,66.2,3.6,Duel,6,0,1,29.7,39.6,4.95,,,,central,True,12,8,1.68,0,2,2,3,2,1,116.7,39.0,3.02,0.91,fast_counter
8d2a6599-cc25-41a2-acde-41d10194b5bd,3869685,France,Argentina,Adrien Rabiot,2,93,45,108.9,28.5,14.61,0.09333491,Saved,0,Open Play,Left Foot,True,False,From Corner,120.0,0.1,Pass,16,3,7,-11.1,23.9,-0.69,cutback,113.6,19.8,half_space,True,19,10,4.87,0,0,0,8,2,7,118.3,36.4,1.55,3.29,cutback
867b8791-49c0-4d98-a976-c0b4cfc1cb5a,3869685,Argentina,France,Lionel Andrés Messi Cuccittini,2,96,37,96.2,40.9,21.78,0.0430315,Saved,0,Open Play,Left Foot,False,False,Regular Play,30.2,41.9,Pass,18,6,5,66.0,66.0,3.67,central_pass,89.5,31.0,central,True,16,9,2.55,0,0,1,3,1,2,117.6,39.9,2.19,0.09,central_penetration
d8c05bb0-ddb1-4ff2-9dbf-ba17b00a5359,3869685,Argentina,France,Alexis Mac Allister,3,92,5,98.2,23.8,24.84,0.019259434,Off T,0,Open Play,Right Foot,True,False,From Free Kick,84.6,73.3,Pass,28,7,6,13.6,21.4,0.49,,,,half_space,True,16,10,3.47,0,0,0,5,2,3,117.5,39.1,2.29,0.82,other
db8267ad-256a-450d-997f-382a4d545634,3869685,France,Argentina,Youssouf Fofana,3,99,54,89.8,39.9,27.62,0.023031652,Blocked,0,Open Play,Right Foot,False,False,From Free Kick,111.1,6.2,Pass,5,0,1,-21.3,4.8,-4.26,,,,central,True,21,11,7.08,0,0,0,7,3,6,117.8,39.3,2.01,0.64,other
d3ba40fa-09d6-4488-b17d-672aaa2928d7,3869685,Argentina,France,Lautaro Javier Martínez,3,104,28,108.8,45.3,11.33,0.23260574,Blocked,0,Open Play,Right Foot,False,False,Regular Play,51.8,48.5,Pass,23,10,9,57.0,56.3,2.48,central_pass,103.4,37.6,central,True,10,6,2.29,0,0,1,5,1,1,116.7,42.2,3.02,2.01,central_penetration
a1654330-3747-4a25-b244-26ba2884c91c,3869685,Argentina,France,Gonzalo Ariel Montiel,3,104,30,96.3,49.4,23.31,0.020604363,Blocked,0,Open Play,Right Foot,True,False,Regular Play,51.8,48.5,Pass,25,10,9,44.5,43.2,1.78,,,,central,True,15,9,1.57,0,1,1,5,4,4,117.6,41.6,2.19,1.46,slow_possession
5d7d4f2f-62da-4de9-90e3-3660ba17c4f3,3869685,Argentina,France,Lautaro Javier Martínez,3,105,41,105.1,33.5,14.86,0.14029205,Off T,0,Open Play,Left Foot,False,False,From Counter,65.3,3.6,Duel,6,1,2,39.8,49.4,6.63,through_ball,71.5,8.3,wide,False,0,4,0.83,1,1,1,2,1,0,109.0,35.1,10.06,4.48,fast_counter
8bb8c7b5-9c14-4dfa-9279-0548ee8076db,3869685,Argentina,France,Lionel Andrés Messi Cuccittini,4,106,55,103.6,55.8,20.82,0.024784861,Saved,0,Open Play,Left Foot,True,False,From Throw In,111.7,80.0,Pass,3,1,0,-8.1,18.1,-2.7,cutback,111.7,80.0,wide,True,18,10,1.2,0,1,1,7,1,2,118.5,42.4,1.37,2.19,cutback
40cbfd91-87d9-4df8-a575-533b5c26767f,3869685,Argentina,France,Lautaro Javier Martínez,4,107,57,114.4,52.0,12.11,0.10407211,Saved,0,Open Play,Right Foot,False,False,Regular Play,42.8,43.4,Ball Recovery,12,5,5,71.6,64.0,5.97,central_pass,95.4,49.4,central,True,11,7,2.34,0,0,1,6,1,2,118.7,43.9,1.19,3.57,fast_counter
54b889ec-6026-49ea-a913-e883dbe6e301,3869685,Argentina,France,Lionel Andrés Messi Cuccittini,4,107,58,116.6,43.0,4.15,0.48840353,Goal,1,Open Play,Right Foot,True,False,Regular Play,42.8,43.4,Ball Recovery,13,5,5,73.8,72.7,5.68,,,,central,True,11,7,1.68,0,1,1,7,1,2,118.3,43.7,1.55,3.38,other
08f2f203-cdc9-4146-99b6-818c5c32bf70,3869685,France,Argentina,Kylian Mbappé Lottin,4,115,38,101.4,26.6,20.96,0.03075741,Blocked,0,Open Play,Right Foot,False,False,From Corner,120.0,80.0,Pass,3,0,1,-18.6,17.1,-6.2,,,,half_space,True,20,11,4.38,0,0,0,10,3,6,117.6,37.8,2.19,2.01,other
959edead-09fb-40b0-b6a3-72e73bd30d5a,3869685,France,Argentina,Randal Kolo Muani,4,122,44,103.7,45.1,15.62,0.27751395,Saved,0,Open Play,Right Foot,True,False,From Free Kick,22.7,50.8,Pass,10,1,1,81.0,80.8,8.1,central_pass,62.7,42.7,central,True,10,5,3.79,0,0,0,2,1,1,109.7,43.5,9.42,3.2,fast_counter
449f2702-ad18-4bc8-a9ef-59fb1dc1a707,3869685,Argentina,France,Lautaro Javier Martínez,4,122,59,110.8,41.6,8.54,0.10655013,Off T,0,Open Play,Head,False,False,Regular Play,22.7,39.7,Ball Recovery,13,5,5,88.1,88.0,6.78,cross,109.3,61.6,half_space,True,11,7,2.48,0,0,2,5,2,1,118.1,42.4,1.74,2.19,wide_cross
49c5d1ba-1fd9-4f18-a682-cbd2c57eb9dc,3869684,Croatia,Morocco,Joško Gvardiol,1,6,28,108.8,38.0,10.4,0.1243582,Goal,1,Open Play,Head,False,False,From Free Kick,84.6,21.0,Pass,2,2,0,24.2,28.8,12.1,central_pass,108.3,26.7,half_space,True,19,11,2.33,0,0,2,8,2,4,118.5,39.3,1.37,0.64,central_penetration
8f0f46ee-6bec-4537-97eb-2b50633dc6ff,3869684,Morocco,Croatia,Achraf Dari,1,8,17,115.6,39.0,4.13,0.4178385,Goal,1,Open Play,Head,False,False,From Free Kick,87.7,74.4,Pass,3,0,0,27.9,42.7,9.3,,,,central,True,17,10,1.38,0,1,3,9,1,5,117.8,39.8,2.01,0.18,other
94591107-50c8-45bf-a895-3f8d69baf1b9,3869684,Croatia,Morocco,Mislav Oršić,1,9,35,99.5,23.8,23.89,0.02730659,Off T,0,Open Play,Right Foot,False,False,From Kick Off,60.0,40.0,Pass,18,6,3,39.5,33.9,2.19,central_pass,59.5,42.7,central,True,17,11,1.38,0,1,1,6,2,4,117.3,38.2,2.47,1.65,central_penetration
b8e38f4b-f179-450e-92af-2425135a5378,3869684,Croatia,Morocco,Josip Stanišić,1,13,55,94.4,41.3,23.44,0.040524755,Off T,0,Open Play,Right Foot,True,False,From Throw In,70.4,0.1,Pass,24,5,6,24.0,38.0,1.0,,,,central,True,16,9,1.07,0,1,1,3,2,2,114.7,39.6,4.85,0.37,other
fd59c0c7-4722-4937-ac5b-8f8b70940c8a,3869684,Croatia,Morocco,Mislav Oršić,1,17,21,104.9,38.8,13.85,0.11308218,Blocked,0,Open Play,Right Foot,False,False,Regular Play,69.4,54.1,Ball Recovery,8,1,2,35.5,37.4,4.44,central_pass,100.0,39.3,central,True,10,5,0.97,1,1,2,5,1,3,115.9,39.7,3.75,0.27,central_penetration
77d0be28-0294-4153-b921-b5639dde0cda,3869684,Croatia,Morocco,Andrej Kramarić,1,17,29,111.3,34.8,9.27,0.13429043,Saved,0,Open Play,Head,False,False,From Counter,69.4,54.1,Ball Recovery,16,3,4,41.9,42.4,2.62,cross,116.2,11.1,wide,True,17,10,2.23,0,0,2,9,1,4,118.4,38.3,1.46,1.55,fast_counter
fce15c71-a9fc-4d7e-80ea-a3a56d20cc65,3869684,Croatia,Morocco,Luka Modrić,1,23,25,101.2,49.5,19.26,0.07012748,Saved,0,Open Play,Left Foot,False,False,From Throw In,90.8,0.1,Pass,38,6,8,10.4,28.4,0.27,cutback,106.9,55.6,half_space,True,19,11,1.27,0,1,1,6,1,4,117.3,41.8,2.47,1.65,cutback
fec7cd9e-c5c4-4285-b789-18e335bfb90b,3869684,Morocco,Croatia,Sofiane Boufal,1,32,9,112.4,29.5,11.85,0.08611878,Off T,0,Open Play,Left Foot,True,False,Regular Play,51.4,60.9,Pass,32,10,10,61.0,58.8,1.91,,,,half_space,True,17,10,0.61,1,1,1,7,1,2,117.8,35.8,2.01,3.84,slow_possession
3c475c86-ffd1-4e81-85c6-561f3063fc53,3869684,Morocco,Croatia,Youssef En-Nesyri,1,36,19,117.8,48.9,8.38,0.04761149,Off T,0,Open Play,Head,False,True,From Corner,120.0,80.0,Pass,1,1,0,-2.2,30.8,-2.2,cutback,120.0,80.0,wide,True,20,11,0.91,1,1,1,10,1,5,118.6,41.8,1.28,1.65,cutback
b6da45bb-12a2-4dd6-bf3f-c6afdb5f6c8b,3869684,Morocco,Croatia,Hakim Ziyech,1,39,41,90.6,53.5,29.58,0.014617449,Off T,0,Open Play,Left Foot,False,False,From Goal Kick,7.0,44.1,Pass,29,7,7,83.6,80.7,2.88,other,85.2,75.9,wide,True,17,10,2.13,0,0,2,1,2,0,118.0,41.3,1.83,1.19,other
40c60798-23de-4690-ab6b-47b58c1f58c4,3869684,Croatia,Morocco,Mislav Oršić,1,41,43,106.5,21.3,21.09,0.013095795,Goal,1,Open Play,Right Foot,True,False,Regular Play,10.8,51.9,Pass,46,16,15,95.7,86.8,2.08,central_pass,101.9,25.8,half_space,True,15,9,3.2,0,0,0,6,1,4,117.3,37.0,2.47,2.74,central_penetration
5225c92f-256b-4741-894b-97a118001c70,3869684,Croatia,Morocco,Marko Livaja,1,46,36,90.5,39.5,26.98,0.02019975,Blocked,0,Open Play,Right Foot,False,False,Regular Play,12.9,32.4,Ball Recovery,49,8,10,77.6,77.9,1.58,,,,central,True,15,9,1.23,0,1,1,1,2,0,115.4,39.4,4.21,0.55,slow_possession
0f2f2f1f-544d-4345-9225-558b6735cca7,3869684,Croatia,Morocco,Mislav Oršić,2,46,22,100.8,24.2,22.74,0.028195048,Blocked,0,Open Play,Right Foot,False,False,From Free Kick,68.5,48.9,Pass,8,2,2,32.3,27.4,4.04,other,99.6,3.9,wide,True,16,10,2.77,0,0,1,7,2,3,118.2,37.9,1.65,1.92,other
f543d203-8024-4f59-b8f3-d53fe943fd74,3869684,Croatia,Morocco,Mislav Oršić,2,54,5,87.5,26.6,32.14,0.0065055056,Off T,0,Open Play,Right Foot,True,False,From Corner,120.0,0.1,Pass,7,2,2,-32.5,4.7,-4.64,,,,half_space,True,19,11,4.17,0,0,0,8,2,5,117.4,39.7,2.38,0.27,other
3d5d5149-d1b3-4625-b191-b66281462965,3869684,Morocco,Croatia,Youssef En-Nesyri,2,64,57,110.6,40.5,8.61,0.072652236,Blocked,0,Open Play,Head,False,True,From Free Kick,52.3,52.4,Pass,24,6,4,58.3,59.4,2.43,cross,105.2,71.3,wide,True,16,10,0.74,1,1,2,7,2,2,119.5,40.4,0.46,0.37,wide_cross
5197fe88-6b78-4d5f-91ef-76263510401f,3869684,Croatia,Morocco,Nikola Vlašić,2,70,24,90.9,36.9,26.76,0.03597725,Off T,0,Open Play,Right Foot,False,False,Regular Play,78.3,37.7,Ball Recovery,2,0,1,12.6,12.5,6.3,,,,central,True,13,8,2.52,0,0,1,1,1,0,114.5,39.3,5.03,0.64,other
28905c96-a89e-4349-b755-383c251d2c97,3869684,Morocco,Croatia,Youssef En-Nesyri,2,74,35,115.5,48.3,8.63,0.16040824,Saved,0,Open Play,Left Foot,False,False,Regular Play,35.8,16.9,Ball Recovery,23,9,7,79.7,77.9,3.47,cross,93.2,9.7,wide,True,13,8,2.79,0,0,1,8,1,1,117.1,45.7,2.65,5.21,wide_cross
c4745e96-e4dd-4b6f-ad44-3a784219e86c,3869684,Croatia,Morocco,Mateo Kovačić,2,86,30,110.3,29.2,13.27,0.23560598,Off T,0,Open Play,Left Foot,False,False,Regular Play,31.3,65.8,Ball Recovery,28,8,11,79.0,77.9,2.82,central_pass,92.9,31.7,central,True,12,8,1.42,0,1,1,5,1,2,115.9,34.8,3.75,4.75,central_penetration
0f4a2320-0810-46f0-b641-84ff2e237335,3869684,Morocco,Croatia,Youssef En-Nesyri,2,89,48,110.9,36.5,8.92,0.057190012,Blocked,0,Open Play,Head,False,True,From Free Kick,79.1,56.8,Pass,6,2,1,31.8,34.5,5.3,cross,113.4,70.9,wide,True,17,10,0.82,1,1,3,10,3,4,118.8,40.9,1.1,0.82,wide_cross
6da1657b-9d5d-495c-8527-6b9c4e4c6004,3869684,Morocco,Croatia,Hakim Ziyech,2,90,4,89.6,46.9,28.5,0.021768013,Off T,0,Open Play,Left Foot,False,False,From Free Kick,79.1,56.8,Pass,22,4,4,10.5,13.0,0.48,central_pass,94.2,51.0,half_space,True,21,11,2.98,0,0,1,4,3,4,118.2,41.2,1.65,1.1,central_penetration
a55f71e0-1590-4c8c-ac83-eca617abc950,3869684,Morocco,Croatia,Youssef En-Nesyri,2,95,31,113.6,43.4,6.63,0.1132524,Off T,0,Open Play,Head,False,True,From Free Kick,50.2,51.0,Pass,21,5,4,63.4,63.4,3.02,cross,105.2,6.7,wide,True,17,10,0.75,1,1,2,8,2,4,119.3,40.9,0.64,0.82,wide_cross
d36254db-40ca-40bc-aa7f-3c791d617764,3857256,Switzerland,Serbia,Granit Xhaka,1,0,18,96.0,38.8,21.97,0.036565553,Blocked,0,Open Play,Left Foot,True,False,From Kick Off,61.0,40.1,Pass,18,4,3,35.0,35.0,1.94,,,,central,True,13,8,6.58,0,0,0,7,3,2,117.9,40.3,1.92,0.27,other
849bc0a6-ca9b-4e58-834e-6aabce567589,3857256,Switzerland,Serbia,Breel-Donald Embolo,1,0,22,113.1,40.7,6.34,0.35328916,Saved,0,Open Play,Left Foot,True,False,From Kick Off,61.0,40.1,Pass,22,5,3,52.1,52.1,2.37,central_pass,105.6,47.5,central,True,12,7,1.83,0,2,3,7,1,2,115.2,40.7,4.39,0.64,central_penetration
7efd8f74-7ea6-468a-a3a9-e82070494959,3857256,Switzerland,Serbia,Granit Xhaka,1,0,23,103.8,41.9,14.91,0.06952749,Saved,0,Open Play,Right Foot,True,False,From Kick Off,61.0,40.1,Pass,23,5,3,42.8,42.7,1.86,,,,central,True,15,10,3.53,0,0,0,7,4,4,115.6,40.2,4.02,0.18,other
3d057b16-1cc1-4995-8d2d-c4c2a339cb4f,3857256,Serbia,Switzerland,Nikola Milenković,1,4,35,112.2,36.8,7.71,0.08160872,Off T,0,Open Play,Head,False,False,From Corner,120.0,0.1,Pass,2,1,0,-7.8,31.5,-3.9,cutback,120.0,0.1,wide,True,19,11,0.91,1,3,4,10,2,4,118.9,39.0,1.01,0.91,cutback
1fc821db-5ae0-4bb0-9243-3e6c24762bcc,3857256,Serbia,Switzerland,Andrija Živković,1,10,5,97.8,51.5,22.86,0.030001678,Post,0,Open Play,Left Foot,False,False,Regular Play,52.9,12.7,Pass,36,7,8,44.9,47.4,1.25,cutback,103.3,71.1,wide,True,17,10,2.71,0,0,1,5,2,2,118.1,41.7,1.74,1.55,cutback
76686ee8-2674-4762-a7d0-1b9dc6fb4d10,3857256,Serbia,Switzerland,Dušan Vlahović,1,10,7,115.4,38.6,4.4,0.5168786,Saved,0,Open Play,Other,False,False,Regular Play,52.9,12.7,Pass,38,7,9,62.5,67.6,1.64,,,,central,True,15,9,2.57,0,0,1,6,1,2,118.2,38.9,1.65,1.01,other
dc74ff7e-a9b4-4134-82d6-31002c068379,3857256,Switzerland,Serbia,Remo Freuler,1,13,35,107.8,35.9,11.77,0.09611784,Blocked,0,Open Play,Left Foot,True,False,From Free Kick,42.1,54.6,Pass,26,7,6,65.7,66.4,2.53,cross,116.8,24.7,half_space,True,13,8,1.56,0,1,1,8,3,4,118.7,37.2,1.19,2.56,wide_cross
546c1d65-f1b5-4c42-8983-b743be29f3f8,3857256,Switzerland,Serbia,Xherdan Shaqiri,1,19,11,107.5,50.6,14.99,0.06969889,Goal,1,Open Play,Left Foot,True,False,From Free Kick,29.7,74.2,Pass,18,5,4,77.8,80.2,4.32,central_pass,107.0,44.5,central,True,14,8,5.11,0,0,0,8,3,3,119.3,41.5,0.64,1.37,central_penetration
dd7a567d-a8c3-49a4-8343-0596106ffd60,3857256,Switzerland,Serbia,Granit Xhaka,1,21,11,97.3,33.7,21.54,0.04476528,Saved,0,Open Play,Left Foot,True,False,Regular Play,41.7,62.6,Duel,17,5,5,55.6,57.9,3.27,cutback,105.2,24.9,half_space,True,14,8,4.14,0,0,0,6,2,2,117.7,38.6,2.1,1.28,cutback
a74e75d9-6758-403a-8d8e-01e0d502185e,3857256,Serbia,Switzerland,Dušan Vlahović,1,22,15,109.6,35.4,10.4,0.08628477,Saved,0,Open Play,Head,False,False,From Free Kick,39.4,59.7,Pass,35,9,7,70.2,71.6,2.01,cross,88.8,5.7,wide,True,16,10,1.49,0,1,1,5,1,1,119.1,38.9,0.82,1.01,wide_cross
92e8f2c9-a5de-4e1b-9b4b-b3b6bf96aec9,3857256,Serbia,Switzerland,Aleksandar Mitrović,1,25,56,108.3,38.6,10.77,0.06371751,Goal,1,Open Play,Head,False,False,Regular Play,57.3,13.5,Pass,7,2,1,51.0,56.3,7.29,cross,100.4,14.9,wide,True,10,6,1.85,0,1,1,4,2,0,117.5,39.0,2.29,0.91,fast_counter
79448005-35d9-4975-812d-664f6d14c180,3857256,Switzerland,Serbia,Xherdan Shaqiri,1,29,53,107.7,49.2,14.05,0.3934682,Off T,0,Open Play,Left Foot,False,True,From Free Kick,27.3,61.2,Pass,24,6,4,80.4,79.7,3.35,other,62.4,17.6,wide,True,12,8,1.31,0,1,1,3,1,0,113.0,45.8,6.4,5.3,other
ddb6f298-8ac3-4d35-bfb7-f03f76b54c1e,3857256,Serbia,Switzerland,Dušan Vlahović,1,34,28,106.2,31.8,14.68,0.15928414,Goal,1,Open Play,Left Foot,True,False,From Counter,80.8,20.3,Ball Recovery,5,0,1,25.4,27.8,5.08,,,,central,True,13,8,2.33,0,0,1,6,1,1,116.5,38.4,3.2,1.46,fast_counter
e6e3bb64-8cf1-456d-a360-cadea068cd79,3857256,Switzerland,Serbia,Ruben Vargas,1,37,26,101.0,47.3,18.61,0.0683221,Blocked,0,Open Play,Right Foot,True,False,From Throw In,40.1,0.1,Pass,49,12,11,60.9,69.0,1.24,,,,central,True,17,10,5.3,0,0,0,8,3,4,117.6,41.4,2.19,1.28,slow_possession
70fe857d-6f28-4b38-8ad7-a655328ec176,3857256,Switzerland,Serbia,Breel-Donald Embolo,1,43,41,114.4,36.9,5.85,0.72697556,Goal,1,Open Play,Right Foot,True,False,Regular Play,4.2,48.5,Ball Recovery,21,5,2,110.2,109.7,5.25,cross,109.0,59.8,half_space,True,13,8,3.39,0,0,0,8,1,4,118.2,41.4,1.65,1.28,wide_cross
bb4f3b52-4f46-4588-8b76-575dfe790a5b,3857256,Serbia,Switzerland,Aleksandar Mitrović,1,47,38,101.7,33.7,17.7,0.056521177,Wayward,0,Open Play,Right Foot,True,False,From Throw In,55.5,0.1,Pass,6,2,1,46.2,56.5,7.7,other,101.7,9.1,wide,True,13,8,1.49,0,1,1,3,1,1,117.4,38.8,2.38,1.1,fast_counter
f18182b3-c83e-4ca4-82c4-810effcfdef7,3857256,Switzerland,Serbia,Remo Freuler,2,47,38,107.2,41.2,11.76,0.15381548,Goal,1,Open Play,Left Foot,True,False,From Free Kick,49.4,25.9,Pass,34,9,7,57.8,59.1,1.7,cutback,110.7,49.5,central,True,14,9,1.45,0,1,1,5,1,3,117.4,40.7,2.38,0.64,cutback
47b4c58a-45ab-446e-83a0-9bd17ab26c31,3857256,Switzerland,Serbia,Fabian Lukas Schär,2,56,32,110.7,30.5,12.16,0.07925899,Blocked,0,Open Play,Right Foot,True,False,From Free Kick,88.7,58.7,Pass,6,2,0,22.0,23.2,3.67,cross,112.0,56.6,half_space,True,20,11,4.4,0,0,0,11,2,4,118.2,38.1,1.65,1.74,wide_cross
4f4b1082-2b10-4302-a247-bb1f702f3690,3857256,Switzerland,Serbia,Breel-Donald Embolo,2,56,33,116.1,39.3,3.62,0.6647709,Off T,0,Open Play,Right Foot,True,False,From Free Kick,88.7,58.7,Pass,7,2,0,27.4,32.5,3.91,,,,central,True,18,11,1.92,0,1,1,11,1,4,118.0,38.4,1.83,1.46,other
ecf1da18-0ccb-4108-9406-5e76636dfdcd,3857256,Serbia,Switzerland,Dušan Tadić,2,60,6,107.4,31.7,13.8,0.061684445,Off T,0,Open Play,Left Foot,False,False,Regular Play,29.8,55.5,Pass,43,10,7,77.6,76.4,1.8,cross,119.0,61.0,half_space,True,17,10,0.74,1,1,2,8,4,5,117.9,38.2,1.92,1.65,wide_cross
ce3f29de-9ef9-4f98-88a2-12d09c20c0c3,3857256,Serbia,Switzerland,Aleksandar Mitrović,2,70,49,106.2,25.8,18.11,0.03203667,Blocked,0,Open Play,Right Foot,False,False,Regular Play,63.7,35.2,Ball Recovery,7,1,2,42.5,36.7,6.07,central_pass,69.1,29.0,half_space,True,13,8,2.09,0,0,2,6,2,2,117.7,37.0,2.1,2.74,fast_counter
2d49a2a9-4a1d-4198-aa2c-b09ca2ed4565,3857256,Serbia,Switzerland,Luka Jović,2,72,0,102.2,43.2,16.54,0.02594082,Blocked,0,Open Play,Head,False,True,Regular Play,1.5,50.4,Ball Recovery,44,14,14,100.7,100.9,2.29,central_pass,91.6,61.2,half_space,True,18,11,0.93,1,1,2,5,2,1,116.7,40.5,3.02,0.46,central_penetration
bcb3fe76-88c2-4d32-b0c5-64cedfa54f2b,3857256,Switzerland,Serbia,Manuel Obafemi Akanji,2,81,58,99.4,52.7,22.13,0.030122569,Off T,0,Open Play,Right Foot,True,False,From Free Kick,97.4,49.2,Pass,1,2,0,2.0,0.2,2.0,central_pass,100.4,52.2,half_space,True,18,10,8.56,0,0,0,10,5,4,118.5,40.3,1.37,0.27,central_penetration
c15dc8c4-2d91-435a-a390-11fd17a2bf2f,3857256,Switzerland,Serbia,Christian Fassnacht,2,88,48,105.3,28.9,16.84,0.31681746,Saved,0,Open Play,Right Foot,False,False,From Free Kick,75.1,8.8,Pass,40,10,11,30.2,36.3,0.76,through_ball,78.7,50.3,half_space,True,11,7,2.09,0,0,1,3,1,2,107.1,30.3,11.8,8.87,central_penetration
d628f58b-1983-4ab5-b350-ab6113ac7e3c,3857256,Serbia,Switzerland,Luka Jović,2,91,50,105.0,39.8,13.72,0.03223471,Off T,0,Open Play,Head,False,True,From Throw In,15.7,0.1,Pass,22,3,2,89.3,96.7,4.06,cross,85.9,64.0,wide,True,16,10,0.94,1,2,3,6,1,3,117.1,39.6,2.65,0.37,wide_cross
e21424d5-bd38-4970-a5aa-5e2fbb6b911a,3857256,Serbia,Switzerland,Nemanja Radonjić,2,99,51,105.7,51.3,16.67,0.042810295,Off T,0,Open Play,Left Foot,True,False,From Free Kick,81.1,12.1,Pass,4,0,0,24.6,29.6,6.15,,,,half_space,True,20,11,4.96,0,0,0,9,3,7,118.7,41.9,1.19,1.74,other
9fd07a9a-2de2-4ba5-b400-6a2264835ba2,3869151,Argentina,Australia,Alejandro Darío Gómez,1,16,29,98.2,20.1,26.99,0.011147299,Off T,0,Open Play,Right Foot,False,False,From Free Kick,41.2,6.4,Pass,103,32,29,57.0,56.1,0.55,central_pass,73.1,34.9,central,True,18,10,1.19,0,1,1,5,1,1,118.4,37.3,1.46,2.47,central_penetration
b70841d8-d3d3-40de-a009-58a8309e3ba2,3869151,Australia,Argentina,Harry Souttar,1,28,9,111.9,44.0,8.26,0.06809473,Blocked,0,Open Play,Head,False,True,From Corner,120.0,0.1,Pass,2,1,0,-8.1,30.9,-4.05,cutback,120.0,0.1,wide,True,19,11,0.38,2,2,2,10,1,4,118.5,41.5,1.37,1.37,cutback
53d825ac-a98d-41ca-b81f-1015dee17376,3869151,Argentina,Australia,Lionel Andrés Messi Cuccittini,1,34,35,104.2,48.9,16.58,0.06663833,Goal,1,Open Play,Left Foot,False,False,From Free Kick,111.3,69.7,Pass,12,4,4,-7.1,12.8,-0.59,cutback,106.7,51.5,half_space,True,18,11,1.75,0,1,1,9,1,4,117.1,41.6,2.65,1.46,cutback
9fa41c60-ab9c-4fcb-8d5c-39a781e7a9c0,3869151,Argentina,Australia,Lionel Andrés Messi Cuccittini,2,49,59,99.8,38.5,18.52,0.04517154,Saved,0,Open Play,Left Foot,False,False,Regular Play,43.0,26.6,Ball Recovery,31,10,12,56.8,57.9,1.83,cutback,103.8,46.0,central,True,16,10,2.12,0,0,1,8,1,3,117.8,39.7,2.01,0.27,cutback
a7ce988c-2d9b-4d78-8b34-95e4d2774ae0,3869151,Argentina,Australia,Julián Álvarez,2,56,41,110.4,50.3,12.87,0.28060678,Goal,1,Open Play,Right Foot,False,False,Regular Play,115.4,22.8,Pressure,13,0,1,-5.0,3.7,-0.38,,,,half_space,True,11,7,1.95,0,1,1,3,0,1,112.3,47.4,7.04,6.77,other
5f1b13a1-f49c-41a6-9040-2c7db303d427,3869151,Argentina,Australia,Lionel Andrés Messi Cuccittini,2,65,50,95.4,33.6,23.24,0.032841697,Off T,0,Open Play,Left Foot,False,False,From Corner,120.0,0.1,Pass,61,16,16,-24.6,14.5,-0.4,central_pass,90.9,59.2,half_space,True,14,10,1.49,0,1,1,3,2,2,117.1,38.7,2.65,1.19,central_penetration
060deabd-8fca-4998-b49c-bf4dee752a0e,3869151,Argentina,Australia,Nicolás Alejandro Tagliafico,2,74,43,103.2,24.9,20.66,0.05181273,Off T,0,Open Play,Left Foot,False,False,Regular Play,68.9,75.7,Pass,12,3,2,34.3,39.7,2.86,,,,half_space,True,9,7,2.21,0,0,1,2,1,0,117.7,37.5,2.1,2.29,other
5d585edf-d8ab-469c-b9ca-a6253faaa793,3869151,Australia,Argentina,Craig Goodwin,2,76,9,98.2,22.6,25.51,0.013616442,Blocked,0,Open Play,Left Foot,True,False,Regular Play,50.5,67.5,Pass,22,4,5,47.7,46.9,2.17,,,,half_space,True,15,9,4.43,0,0,0,5,1,2,118.3,36.5,1.55,3.2,other
2f0bd31e-adca-4b9e-96ea-5a64e1d9ce2e,3869151,Australia,Argentina,Aziz Eraltay Behich,2,80,8,110.6,33.2,10.61,0.07721693,Blocked,0,Open Play,Right Foot,False,False,From Free Kick,14.1,42.9,Pass,38,11,13,96.5,94.3,2.54,other,72.7,2.2,wide,True,12,8,1.24,0,1,1,8,1,2,116.5,36.3,3.2,3.38,slow_possession
0b0970d0-4cfa-4f0c-aff3-210cb296226a,3869151,Australia,Argentina,Ajdin Hrustic,2,80,41,100.0,52.7,21.66,0.033247408,Off T,0,Open Play,Left Foot,False,True,From Corner,120.0,0.1,Pass,4,0,1,-20.0,16.2,-5.0,,,,half_space,True,20,11,2.45,0,0,1,10,3,4,117.2,41.9,2.56,1.74,other
fbbcbd30-78e7-4627-9714-bdf463a6c12e,3869151,Argentina,Australia,Lautaro Javier Martínez,2,87,15,108.3,52.3,15.52,0.051439364,Off T,0,Open Play,Right Foot,True,False,From Free Kick,44.1,14.3,Pass,69,18,18,64.2,63.2,0.93,through_ball,93.9,56.7,half_space,True,11,7,1.6,0,1,1,4,1,1,117.4,44.0,2.38,3.66,central_penetration
e48ce4af-0f98-4004-b235-e115cefa6bac,3869151,Argentina,Australia,Lautaro Javier Martínez,2,88,11,107.6,31.9,13.54,0.24890411,Off T,0,Open Play,Right Foot,True,False,From Counter,75.1,64.6,Ball Recovery,7,1,3,32.5,36.4,4.64,central_pass,102.1,44.5,central,True,9,6,3.79,0,0,0,6,1,2,117.3,38.2,2.47,1.65,fast_counter
8779a120-92be-4bef-b143-a0e91aa68bfb,3869151,Argentina,Australia,Lautaro Javier Martínez,2,92,10,109.1,31.8,12.47,0.37209997,Saved,0,Open Play,Left Foot,False,False,From Throw In,45.8,0.1,Pass,9,1,2,63.3,70.6,7.03,central_pass,91.2,35.2,central,True,9,6,1.28,0,1,1,5,1,2,114.2,36.2,5.3,3.47,fast_counter
36dc8c71-010d-4cfb-8427-774a6e556620,3869151,Argentina,Australia,Lionel Andrés Messi Cuccittini,2,92,50,104.6,52.2,17.97,0.055600196,Off T,0,Open Play,Left Foot,False,False,Regular Play,81.7,66.8,Duel,17,2,4,22.9,27.1,1.35,other,74.1,76.5,wide,True,11,7,2.21,0,0,2,6,2,2,117.1,42.3,2.65,2.1,other
1ec1a0e0-f57f-4390-879a-872cdc7be137,3869151,Argentina,Australia,Exequiel Alejandro Palacios,2,93,43,103.6,50.1,17.61,0.046685893,Blocked,0,Open Play,Right Foot,False,False,Regular Play,19.0,38.8,Pass,31,7,7,84.6,81.7,2.73,,,,half_space,True,10,6,4.3,0,0,0,6,3,3,118.6,43.7,1.28,3.38,other
015c52d6-b1c1-45c2-b450-75238519b983,3869151,Argentina,Australia,Lionel Andrés Messi Cuccittini,2,93,54,102.2,40.0,16.28,0.032042325,Blocked,0,Open Play,Left Foot,False,True,Regular Play,19.0,38.8,Pass,42,9,10,83.2,83.2,1.98,central_pass,96.7,48.7,central,True,14,7,1.1,0,1,3,7,2,1,118.5,39.9,1.37,0.09,central_penetration
6c7be4e1-edc2-4255-951e-1b21ee426a72,3869151,Argentina,Australia,Lautaro Javier Martínez,2,93,59,108.3,30.8,13.61,0.076142184,Saved,0,Open Play,Left Foot,False,False,Regular Play,19.0,38.8,Pass,47,11,11,89.3,86.1,1.9,central_pass,99.9,38.2,central,True,13,7,1.94,0,1,1,6,2,1,118.5,37.2,1.37,2.56,central_penetration
9fddcb1c-e704-48ad-a1e4-1bd6318e9cd0,3869151,Argentina,Australia,Lionel Andrés Messi Cuccittini,2,94,0,106.4,37.0,12.73,0.110446885,Wayward,0,Open Play,Left Foot,True,False,Regular Play,19.0,38.8,Pass,48,11,11,87.4,87.1,1.82,,,,central,True,13,7,3.57,0,0,0,6,2,1,118.5,37.6,1.37,2.19,slow_possession
e0cbd7b9-8daf-45c3-8d36-967f5ff74080,3869151,Australia,Argentina,Garang Kuol,2,96,36,113.1,49.4,10.66,0.23394231,Saved,0,Open Play,Right Foot,False,False,Regular Play,32.2,9.4,Pass,79,9,10,80.9,81.3,1.02,cross,95.0,17.6,wide,True,12,8,3.31,0,0,0,8,1,3,115.7,46.2,3.93,5.67,wide_cross
318b1124-3eb5-4315-a2a7-754510010b58,3857257,Australia,Denmark,Riley McGree,1,2,29,94.6,46.6,24.0,0.038979717,Blocked,0,Open Play,Left Foot,False,False,From Throw In,52.1,80.0,Pass,10,1,2,42.5,52.6,4.25,central_pass,84.7,55.3,half_space,True,13,9,2.82,0,0,1,4,2,1,116.2,41.2,3.47,1.1,fast_counter
752418ff-5b38-47af-8789-2bac6b37f2c0,3857257,Denmark,Australia,Jesper Lindstrøm,1,10,0,110.1,43.9,9.73,0.09599891,Blocked,0,Open Play,Right Foot,True,False,From Goal Kick,7.0,36.1,Pass,43,9,10,103.1,102.4,2.4,cross,114.8,67.5,wide,True,15,9,1.42,0,1,1,8,2,3,116.8,42.1,2.93,1.92,wide_cross
c25f3865-4473-42f0-b560-850327da9bb4,3857257,Denmark,Australia,Mathias Jensen,1,10,52,112.7,56.3,16.33,0.019605601,Saved,0,Open Play,Right Foot,False,False,From Goal Kick,7.0,36.1,Pass,95,19,20,105.7,95.2,1.11,central_pass,81.5,54.2,half_space,True,10,6,2.78,0,0,1,5,1,1,118.1,44.7,1.74,4.3,central_penetration
fb570e5f-0394-47f2-9c29-a58517851764,3857257,Denmark,Australia,Andreas Skov Olsen,1,13,33,104.7,50.7,17.07,0.10059545,Off T,0,Open Play,Right Foot,False,False,From Throw In,103.2,80.0,Pass,31,6,6,1.5,24.7,0.05,central_pass,101.6,37.2,central,True,15,10,1.19,0,1,1,7,1,2,116.6,41.8,3.11,1.65,central_penetration
00b789c7-1a36-4662-a2f1-b472ccdf2ede,3857257,Australia,Denmark,Riley McGree,1,21,44,101.3,59.0,24.38,0.010740947,Saved,0,Open Play,Left Foot,False,False,From Free Kick,13.3,45.2,Pass,8,3,1,88.0,80.2,11.0,central_pass,92.4,59.5,half_space,True,12,7,2.07,0,0,3,2,1,0,118.0,41.9,1.83,1.74,fast_counter
eb7fd912-361c-4595-88e5-9bef43366a49,3857257,Denmark,Australia,Andreas Skov Olsen,1,24,7,109.6,50.5,13.51,0.09373255,Saved,0,Open Play,Right Foot,True,False,From Throw In,98.1,80.0,Pass,66,20,20,11.5,30.8,0.17,central_pass,98.1,55.3,half_space,True,15,10,1.92,0,1,1,7,1,3,117.7,43.3,2.1,3.02,central_penetration
d754e83d-c506-416d-a19e-c4b51f01f771,3857257,Denmark,Australia,Christian Dannemann Eriksen,1,28,36,102.9,25.6,20.44,0.035615563,Off T,0,Open Play,Right Foot,False,False,Regular Play,12.0,25.6,Pass,19,5,7,90.9,86.6,4.78,,,,half_space,True,14,8,2.41,0,0,1,7,1,4,118.0,39.2,1.83,0.73,other
2674ed36-ccdb-41a5-bb67-9af548cd9fcc,3857257,Australia,Denmark,Mitchell Thomas Duke,1,31,33,102.5,36.7,16.28,0.037495814,Saved,0,Open Play,Head,False,False,From Throw In,105.1,0.1,Pass,7,3,2,-2.6,24.8,-0.37,central_pass,90.4,18.4,half_space,True,16,10,2.59,0,0,2,6,1,1,118.8,40.3,1.1,0.27,central_penetration
1a45230e-3810-4d1d-ac49-c700f4de76ef,3857257,Australia,Denmark,Mitchell Thomas Duke,1,40,57,98.3,20.9,26.43,0.010397313,Saved,0,Open Play,Right Foot,False,False,From Throw In,73.4,80.0,Pass,31,8,9,24.9,32.5,0.8,central_pass,81.4,38.1,central,True,15,10,3.6,0,0,0,6,1,2,119.0,38.5,0.91,1.37,central_penetration
812b08bf-8adb-4c5c-9d28-0da5e8990fcd,3857257,Australia,Denmark,Aziz Eraltay Behich,2,46,10,100.2,34.1,18.89,0.049681988,Blocked,0,Open Play,Right Foot,True,False,From Corner,120.0,80.0,Pass,4,1,0,-19.8,19.3,-4.95,,,,central,True,19,11,3.31,0,0,0,11,4,6,118.0,39.5,1.83,0.46,other
0ae4e2c7-07a3-4dc5-986c-ef18f62e62ce,3857257,Australia,Denmark,Jackson Irvine,2,47,47,109.6,30.8,12.7,0.17342122,Off T,0,Open Play,Left Foot,True,False,Regular Play,59.4,67.5,Ball Recovery,10,3,3,50.2,52.7,5.02,cross,111.8,12.8,wide,True,14,9,3.73,0,0,0,6,1,1,118.7,37.9,1.19,1.92,fast_counter
af7b07ad-4bd3-483e-b8fd-bcf7015bca7d,3857257,Denmark,Australia,Andreas Skov Olsen,2,51,59,107.2,52.9,16.62,0.046983063,Blocked,0,Open Play,Left Foot,False,False,From Throw In,93.2,0.1,Pass,90,27,29,14.0,29.9,0.16,other,99.5,73.5,wide,True,16,10,1.24,0,1,2,7,2,2,116.8,43.3,2.93,3.02,slow_possession
6c01e572-4150-44b0-9d2d-b98541158edf,3857257,Australia,Denmark,Mathew Leckie,2,59,56,105.7,31.5,15.21,0.11353828,Goal,1,Open Play,Left Foot,False,False,From Counter,14.2,32.7,Duel,13,4,5,91.5,89.4,7.04,other,50.3,11.3,wide,True,6,4,2.2,0,0,1,3,1,0,116.1,37.0,3.57,2.74,fast_counter
0e486fbf-7dd6-4973-9ea8-8e4f2f944670,3857257,Denmark,Australia,Andreas Skov Olsen,2,68,4,103.1,49.3,17.64,0.070518844,Blocked,0,Open Play,Left Foot,False,True,From Throw In,81.4,0.1,Pass,18,6,5,21.7,36.2,1.21,central_pass,99.1,58.4,half_space,True,15,9,1.57,0,1,1,7,2,3,116.7,42.2,3.02,2.01,central_penetration
ac8fae90-e8de-4d6b-9c0a-bc3548f6362c,3857257,Denmark,Australia,Joachim Andersen,2,68,39,113.9,52.3,12.55,0.020115681,Off T,0,Open Play,Head,False,True,From Corner,120.0,0.1,Pass,3,1,0,-6.1,26.2,-2.03,cutback,120.0,0.1,wide,True,18,11,0.65,1,1,2,11,2,5,118.3,43.2,1.55,2.93,cutback
68d27c8f-0ae6-4c1b-bce3-c9e2b529193d,3857257,Denmark,Australia,Alexander Hartmann Bah,2,76,24,99.4,54.5,23.04,0.019515881,Blocked,0,Open Play,Right Foot,True,False,Regular Play,31.7,42.5,Ball Recovery,33,10,10,67.7,63.1,2.05,central_pass,100.5,52.2,half_space,True,14,9,1.78,0,1,2,4,1,1,117.2,42.0,2.56,1.83,central_penetration
570e3c6c-0f7f-4e71-8648-5fccf82c2dfd,3857257,Denmark,Australia,Kasper Dolberg,2,76,25,105.2,39.6,13.54,0.049264465,Saved,0,Open Play,Left Foot,True,False,Regular Play,31.7,42.5,Ball Recovery,34,10,10,73.5,73.5,2.16,,,,central,True,14,9,1.1,0,1,1,6,1,1,117.0,40.6,2.74,0.55,slow_possession
8c1f20e1-e71e-4c91-a0a0-17c790d93a68,3857257,Denmark,Australia,Jesper Lindstrøm,2,81,19,97.5,38.2,20.64,0.048889678,Blocked,0,Open Play,Right Foot,False,False,Regular Play,21.5,3.6,Interception,40,13,13,76.0,82.4,1.9,central_pass,104.9,30.8,central,True,16,10,2.26,0,0,1,6,3,4,117.9,40.0,1.92,0.0,central_penetration
102abc6a-3bd1-4414-a272-22ca02f46b69,3857257,Australia,Denmark,Keanu Baccus,2,84,55,97.7,47.5,21.51,0.035468098,Blocked,0,Open Play,Right Foot,False,False,From Counter,57.5,36.6,Pass,5,1,1,40.2,39.1,8.04,central_pass,57.5,36.6,central,True,10,8,1.83,0,1,2,2,2,0,117.1,41.6,2.65,1.46,fast_counter
b0746354-fb11-4c00-916e-2ffe9303599d,3857257,Denmark,Australia,Alexander Hartmann Bah,2,87,30,108.6,57.0,18.72,0.03670106,Off T,0,Open Play,Right Foot,True,False,Regular Play,19.5,10.8,Pass,111,24,27,89.1,84.2,0.8,,,,half_space,True,16,9,2.48,0,0,1,8,1,4,117.8,42.5,2.01,2.29,slow_possession
3a1509ee-760a-4695-8f34-4fc753ad490c,3857257,Denmark,Australia,Kasper Dolberg,2,94,11,117.6,33.5,6.34,0.08217044,Saved,0,Open Play,Right Foot,True,False,From Counter,73.8,4.7,Ball Recovery,7,1,1,43.8,51.2,6.26,cross,113.8,19.8,half_space,True,15,10,1.02,0,1,2,9,1,2,118.5,35.9,1.37,3.75,fast_counter
be058790-7bca-4529-9f34-9c75a304f84c,3857257,Denmark,Australia,Andreas Evald Cornelius,2,94,59,116.6,51.6,11.05,0.017447446,Off T,0,Open Play,Head,False,False,From Corner,120.0,0.1,Pass,3,1,0,-3.4,27.8,-1.13,cutback,120.0,0.1,wide,True,20,11,4.87,0,0,0,11,1,6,118.6,43.0,1.28,2.74,cutback
e51adb42-5138-49bc-a974-06f3acd44e75,3857258,Brazil,Serbia,Neymar da Silva Santos Junior,1,12,53,119.2,0.7,35.94,0.00018,Saved,0,Corner,Right Foot,False,False,From Corner,119.2,0.7,Shot,0,0,0,0.0,0.0,,,,,wide,True,19,11,29.46,0,0,0,11,0,6,117.1,38.1,2.65,1.74,set_piece
092b9d73-6f23-477b-8896-81d04cff79a6,3857258,Brazil,Serbia,Neymar da Silva Santos Junior,1,20,6,91.6,29.2,27.78,0.020173745,Blocked,0,Open Play,Right Foot,False,False,Regular Play,79.6,54.7,Pass,16,4,4,12.0,12.6,0.75,other,101.4,11.3,wide,True,18,10,1.23,0,1,1,6,2,3,115.6,39.5,4.02,0.46,other
7546be82-8c03-46fd-ad21-e78f97a07c29,3857258,Brazil,Serbia,Carlos Henrique Casimiro,1,20,51,84.3,34.2,33.07,0.0075366697,Saved,0,Open Play,Right Foot,False,False,Regular Play,79.6,54.7,Pass,61,18,18,4.7,6.8,0.08,other,99.3,6.8,wide,True,18,10,7.11,0,0,0,4,2,1,117.8,39.5,2.01,0.46,slow_possession
ca5a4b92-e0fa-4c47-acc1-94fbe0c3ebb0,3857258,Brazil,Serbia,Raphael Dias Belloli,1,34,7,105.3,49.2,15.86,0.119197816,Saved,0,Open Play,Left Foot,False,True,Regular Play,63.4,23.5,Pass,49,13,12,41.9,41.6,0.86,central_pass,92.5,41.9,central,True,17,10,1.4,0,1,1,5,1,2,117.8,41.9,2.01,1.74,central_penetration
7cc374f5-fc9a-489c-b979-570d30860a11,3857258,Serbia,Brazil,Filip Mladenović,1,36,12,113.6,28.9,11.72,0.026318645,Off T,0,Open Play,Head,False,True,Regular Play,13.1,56.0,Ball Recovery,32,9,6,100.5,95.3,3.14,cross,112.5,63.2,wide,True,12,8,0.74,1,1,1,8,2,2,119.1,38.6,0.82,1.28,wide_cross
f367d83e-88ae-454c-bf87-ff854c6e880d,3857258,Brazil,Serbia,Vinícius José Paixão de Oliveira Júnior,1,40,38,113.2,27.0,13.42,0.09814694,Off T,0,Open Play,Right Foot,False,False,Regular Play,32.1,27.5,Duel,12,2,3,81.1,74.1,6.76,,,,half_space,True,8,4,0.91,1,1,1,4,1,1,115.0,31.4,4.57,7.86,fast_counter
28548766-29be-4f89-a4d2-58bf9870a804,3857258,Brazil,Serbia,Raphael Dias Belloli,2,45,35,105.9,47.3,14.52,0.4224228,Saved,0,Open Play,Left Foot,False,False,Regular Play,99.1,55.9,Duel,2,0,1,6.8,10.4,3.4,,,,central,True,11,6,1.85,0,1,1,3,1,2,109.2,45.2,9.88,4.75,high_turnover
92a70706-793b-481f-abf9-ff009588364d,3857258,Brazil,Serbia,Neymar da Silva Santos Junior,2,49,57,99.1,27.0,22.51,0.06281959,Blocked,0,Free Kick,Right Foot,False,False,From Free Kick,99.1,27.0,Shot,0,0,0,0.0,0.0,,,,,half_space,True,20,11,8.57,0,0,0,11,5,5,117.7,39.9,2.1,0.09,set_piece
efebf998-5ec2-4fc9-938c-be4ce4ff60f2,3857258,Brazil,Serbia,Thiago Emiliano da Silva,2,50,21,113.1,34.1,8.3,0.06673048,Blocked,0,Open Play,Head,False,False,From Corner,120.0,0.1,Pass,1,1,0,-6.9,30.8,-6.9,cutback,120.0,0.1,wide,False,0,11,1.17,0,2,3,11,3,5,118.1,40.2,1.74,0.18,cutback
acf2f09c-043c-48bc-8e4d-d7ddc04b74ec,3857258,Brazil,Serbia,Richarlison de Andrade,2,50,23,115.8,29.3,10.51,0.0399856,Blocked,0,Open Play,Right Foot,False,False,From Corner,120.0,0.1,Pass,3,1,1,-4.2,28.4,-1.4,,,,half_space,True,18,11,1.02,0,2,2,11,2,5,118.5,35.5,1.37,4.11,other
b0f71167-a2f9-4057-ba83-bc31b18835c2,3857258,Brazil,Serbia,Danilo Luiz da Silva,2,53,16,95.9,54.2,25.58,0.016877638,Wayward,0,Open Play,Right Foot,True,False,Regular Play,46.0,32.0,Ball Recovery,14,1,6,49.9,46.5,3.56,,,,half_space,True,17,10,10.1,0,0,0,9,2,3,118.0,42.3,1.83,2.1,other
57c6b4b1-e427-4374-b93e-0af3b1a75a4c,3857258,Brazil,Serbia,Neymar da Silva Santos Junior,2,54,39,107.5,38.9,11.47,0.11246919,Off T,0,Open Play,Left Foot,True,False,From Throw In,84.0,0.1,Pass,38,12,9,23.5,41.2,0.62,cross,107.1,14.6,wide,True,19,11,1.4,0,1,2,8,2,3,118.5,39.7,1.37,0.27,wide_cross
9cde5a33-b4a9-4bbe-8ea2-76d7ef1badfc,3857258,Brazil,Serbia,Alex Sandro Lobo Silva,2,59,25,88.0,32.0,30.16,0.021819543,Post,0,Open Play,Left Foot,False,False,From Free Kick,63.2,42.5,Pass,19,4,5,24.8,23.9,1.31,other,92.7,73.3,wide,True,17,10,6.26,0,0,0,4,2,1,118.2,38.5,1.65,1.37,other
3c39ef38-538e-4e10-af3d-768e0ed2dcd3,3857258,Brazil,Serbia,Vinícius José Paixão de Oliveira Júnior,2,59,36,105.0,20.1,22.79,0.009459062,Off T,0,Open Play,Right Foot,False,False,From Free Kick,63.2,42.5,Pass,30,4,7,41.8,31.9,1.39,,,,half_space,True,17,10,1.51,0,1,1,9,2,2,118.4,38.5,1.46,1.37,other
2fc45c11-a73c-4817-af40-463aab7436f6,3857258,Brazil,Serbia,Vinícius José Paixão de Oliveira Júnior,2,61,57,110.0,26.9,15.07,0.07986015,Saved,0,Open Play,Right Foot,True,False,Regular Play,45.3,71.0,Pass,58,20,22,64.7,64.4,1.12,central_pass,105.8,30.5,central,True,16,10,1.39,0,1,2,8,1,4,118.8,38.0,1.1,1.83,central_penetration
68934afc-100d-4812-b7fe-c67fda03630e,3857258,Brazil,Serbia,Richarlison de Andrade,2,61,58,114.5,41.8,5.29,0.568145,Goal,1,Open Play,Right Foot,True,False,Regular Play,45.3,71.0,Pass,59,20,22,69.2,75.1,1.17,,,,central,True,16,10,0.99,1,1,1,8,0,4,118.1,38.0,1.74,1.83,slow_possession
7447c2e1-59db-49fe-920f-5afc4391c39f,3857258,Brazil,Serbia,Vinícius José Paixão de Oliveira Júnior,2,66,46,109.1,28.2,14.69,0.14253756,Off T,0,Open Play,Left Foot,False,False,Regular Play,33.2,60.7,Pass,12,2,3,75.9,73.2,6.33,,,,half_space,True,10,6,3.76,0,0,0,5,1,2,116.9,36.5,2.83,3.2,fast_counter
f66d659d-5db3-4aea-9094-5002e7dbebb7,3857258,Serbia,Brazil,Strahinja Pavlović,2,68,34,111.8,38.5,7.62,0.098937765,Off T,0,Open Play,Head,False,True,From Corner,120.0,0.1,Pass,3,1,0,-8.2,31.6,-2.73,cutback,120.0,0.1,wide,True,17,10,0.65,1,2,3,10,1,5,119.3,39.2,0.64,0.73,cutback
688ff909-c4de-4082-8d84-0aa37c1105b4,3857258,Serbia,Brazil,Darko Lazović,2,69,54,95.6,50.9,24.44,0.018288644,Off T,0,Open Play,Right Foot,True,False,From Corner,120.0,80.0,Pass,8,0,0,-24.4,13.3,-3.05,,,,half_space,True,19,11,3.73,0,0,0,7,4,6,118.1,41.7,1.74,1.55,other
f32f451c-8cf3-466b-ae81-a17f6111ab98,3857258,Brazil,Serbia,Richarlison de Andrade,2,72,54,107.1,39.6,11.8,0.07569885,Goal,1,Open Play,Right Foot,False,False,From Throw In,29.9,80.0,Pass,21,5,5,77.2,85.7,3.68,cutback,109.4,24.8,half_space,True,14,9,2.07,0,0,3,7,2,2,118.4,39.5,1.46,0.46,cutback
ced60082-1f48-48d6-9398-4f1d05993843,3857258,Brazil,Serbia,Carlos Henrique Casimiro,2,76,48,86.3,31.2,31.85,0.010592449,Blocked,0,Open Play,Right Foot,True,True,Regular Play,56.3,29.5,Pass,15,4,4,30.0,29.7,2.0,,,,central,True,16,9,1.2,0,1,1,7,3,4,118.2,38.7,1.65,1.19,other
d3542794-660e-4d1f-a9ab-2e36aaf1b7a0,3857258,Brazil,Serbia,Carlos Henrique Casimiro,2,80,52,98.1,35.2,20.5,0.06218912,Post,0,Open Play,Right Foot,True,False,Regular Play,69.9,12.0,Ball Recovery,11,4,4,28.2,35.0,2.56,central_pass,98.6,45.1,central,True,16,10,4.67,0,0,0,5,2,4,118.4,40.1,1.46,0.09,central_penetration
4780ef6a-c5b0-4ed1-912e-829dd87523ad,3857258,Brazil,Serbia,Rodrygo Silva de Goes,2,81,32,98.8,27.3,22.6,0.03669105,Saved,0,Open Play,Right Foot,True,False,Regular Play,69.9,12.0,Ball Recovery,51,20,19,28.9,32.7,0.57,central_pass,99.6,31.8,central,True,16,9,2.11,0,0,1,6,1,1,117.5,38.4,2.29,1.46,central_penetration
e3a44182-23f4-4163-b36c-372a82466969,3857258,Brazil,Serbia,Frederico Rodrigues Santos,2,82,32,95.6,43.5,22.54,0.088970646,Saved,0,Open Play,Left Foot,False,False,Regular Play,71.4,77.7,Pass,7,3,3,24.2,36.9,3.46,central_pass,67.6,61.2,half_space,False,0,5,6.81,0,0,0,2,1,1,113.9,40.4,5.58,0.37,central_penetration
43d2379a-8f8d-438a-9a6b-e6b71031b2de,3857258,Serbia,Brazil,Nikola Milenković,2,84,22,99.3,59.6,26.07,0.011090157,Blocked,0,Open Play,Right Foot,False,False,From Goal Kick,89.2,56.3,Pressure,2,0,1,10.1,6.3,5.05,,,,half_space,True,15,8,3.57,0,0,0,5,2,2,117.2,41.3,2.56,1.19,other
a80ce031-0884-4242-b6f4-6a98d6986ddb,3857258,Brazil,Serbia,Rodrygo Silva de Goes,2,86,7,101.5,30.6,18.97,0.051727816,Off T,0,Open Play,Right Foot,False,False,Regular Play,23.2,26.6,Ball Recovery,70,19,25,78.3,77.0,1.12,cutback,105.3,13.6,wide,True,17,11,1.74,0,1,1,7,2,2,118.3,39.0,1.55,0.91,cutback
923a721a-ae1a-44c7-8971-547e071e8948,3857258,Brazil,Serbia,Antony Matheus dos Santos,2,87,49,99.4,59.1,25.69,0.009657804,Off T,0,Open Play,Left Foot,False,False,Regular Play,78.3,60.7,Ball Recovery,12,4,4,21.1,18.5,1.76,other,82.4,75.9,wide,True,17,10,2.14,0,0,2,5,1,3,118.9,40.2,1.01,0.18,other
6cc62a4d-3b8e-4ede-aea2-39ba41fa58e0,3857258,Serbia,Brazil,Nemanja Radonjić,2,97,3,93.8,21.5,29.33,0.008691933,Blocked,0,Open Play,Right Foot,False,True,From Free Kick,23.0,19.4,Pass,38,9,9,70.8,67.1,1.86,central_pass,75.6,20.6,half_space,True,19,11,1.1,0,1,1,5,3,3,116.5,39.9,3.2,0.09,central_penetration
80c4d7fe-0116-4a32-8bd1-d0a5b25c92f5,3857288,Australia,Tunisia,Fran Karačić,1,5,35,90.9,41.2,26.63,0.015131147,Blocked,0,Open Play,Right Foot,True,True,From Free Kick,92.9,17.3,Pass,4,0,0,-2.0,6.2,-0.5,,,,central,True,19,11,1.11,0,1,1,8,5,6,118.7,39.3,1.19,0.64,other
a6e6ba63-713b-4818-877b-c68c596a4828,3857288,Tunisia,Australia,Mohamed Dräger,1,20,20,92.0,42.5,25.71,0.029703999,Off T,0,Open Play,Right Foot,False,False,From Throw In,93.1,0.1,Pass,12,4,5,-1.1,20.0,-0.09,central_pass,86.7,25.2,half_space,True,17,10,3.95,0,0,0,3,1,0,117.4,40.0,2.38,0.0,central_penetration
9acf82e6-81b3-4f91-968f-024463cca298,3857288,Australia,Tunisia,Mitchell Thomas Duke,1,22,50,110.1,32.5,11.36,0.04459479,Goal,1,Open Play,Head,False,False,From Throw In,45.6,80.0,Pass,27,8,8,64.5,72.1,2.39,,,,central,True,13,8,1.6,0,1,1,5,2,1,117.8,37.9,2.01,1.92,slow_possession
3c840fe1-f196-4050-80bc-a8a6ff2ba02a,3857288,Australia,Tunisia,Mitchell Thomas Duke,1,26,6,110.7,34.3,9.97,0.03948435,Blocked,0,Open Play,Head,False,False,From Free Kick,104.2,2.3,Pass,1,1,0,6.5,30.0,6.5,cross,104.2,2.3,wide,True,18,11,1.04,0,2,2,10,2,5,119.5,39.8,0.46,0.18,wide_cross
5dcb4d82-7944-4872-83f3-6b274d8f26b2,3857288,Australia,Tunisia,Jackson Irvine,1,33,45,114.3,48.2,9.13,0.07543106,Off T,0,Open Play,Right Foot,True,False,From Corner,120.0,80.0,Pass,1,1,0,-5.7,30.0,-5.7,cutback,120.0,80.0,wide,True,18,11,1.24,0,1,2,9,1,4,119.2,41.3,0.73,1.19,cutback
160eb8c3-7fbc-41db-809f-0b9071f10c68,3857288,Tunisia,Australia,Youssef Msakni,1,37,17,102.8,54.8,20.75,0.031703874,Blocked,0,Open Play,Right Foot,False,False,From Counter,64.4,41.5,Pass,6,1,3,38.4,32.9,6.4,central_pass,64.4,41.5,central,True,11,7,1.01,0,1,1,6,2,2,116.7,42.9,3.02,2.65,fast_counter
aae18f45-f89b-49c9-a2a0-142b802d5c59,3857288,Tunisia,Australia,Mohamed Dräger,1,40,6,109.2,48.4,12.51,0.21984866,Blocked,0,Open Play,Right Foot,True,False,From Throw In,51.2,0.1,Pass,7,2,0,58.0,65.9,8.29,central_pass,104.4,37.2,central,True,12,7,3.55,0,0,0,6,2,3,115.9,42.9,3.75,2.65,fast_counter
49130d77-3496-41b2-b5c0-855d3f197d7d,3857288,Australia,Tunisia,Mitchell Thomas Duke,1,43,4,104.9,40.6,13.82,0.040856346,Saved,0,Open Play,Head,False,True,From Free Kick,81.8,66.9,Pass,2,1,0,23.1,31.6,11.55,other,81.8,66.9,wide,True,17,10,0.75,2,3,3,8,1,2,117.7,39.3,2.1,0.64,other
1146ccdf-7a18-4edb-af66-dc85645a90c2,3857288,Australia,Tunisia,Fran Karačić,1,43,38,106.4,54.9,18.45,0.035070673,Blocked,0,Open Play,Left Foot,True,False,Regular Play,34.1,51.1,Pass,23,9,7,72.3,66.4,3.14,,,,half_space,True,16,9,2.82,0,0,1,6,2,3,116.0,44.7,3.66,4.3,slow_possession
39ed37fb-f84e-4837-a487-eca044e01163,3857288,Australia,Tunisia,Fran Karačić,1,45,44,87.2,52.2,32.0,0.0052714557,Wayward,0,Open Play,Right Foot,True,False,From Corner,120.0,80.0,Pass,10,0,0,-32.8,5.0,-3.28,,,,half_space,True,20,11,5.24,0,0,0,4,3,2,118.5,41.4,1.37,1.28,other
c1a70365-5ed5-497e-b133-f287066126a1,3857288,Tunisia,Australia,Youssef Msakni,1,47,16,111.0,45.5,9.64,0.23484555,Off T,0,Open Play,Right Foot,True,False,From Throw In,111.3,80.0,Pass,20,6,6,-0.3,30.4,-0.01,cross,112.3,69.5,wide,True,14,8,1.89,0,1,1,6,1,2,117.4,42.7,2.38,2.47,wide_cross
8aa0fcc9-cdaa-47ab-b593-ec0343ad1843,3857288,Australia,Tunisia,Mitchell Thomas Duke,2,56,17,107.3,39.8,11.61,0.06400663,Wayward,0,Open Play,Head,False,False,From Throw In,68.5,0.1,Pass,16,4,3,38.8,52.4,2.42,cross,89.2,76.7,wide,False,0,7,1.4,0,1,1,4,1,1,117.5,39.5,2.29,0.46,wide_cross
bafebc5f-4ae9-4de7-8d7a-35d51be103ab,3857288,Tunisia,Australia,Ferjani Sassi,2,60,25,91.2,52.7,28.78,0.020219443,Off T,0,Open Play,Right Foot,False,False,From Throw In,89.5,80.0,Pass,25,7,6,1.7,18.8,0.07,central_pass,80.1,31.6,central,True,17,10,3.68,0,0,0,1,1,0,117.2,41.1,2.56,1.01,central_penetration
14545118-82f0-4b64-b0a1-c0e1e51154f0,3857288,Tunisia,Australia,Youssef Msakni,2,65,18,101.8,31.8,18.25,0.058604978,Blocked,0,Open Play,Right Foot,True,False,Regular Play,43.7,39.1,Duel,16,5,5,58.1,56.3,3.63,cutback,105.5,30.1,central,True,14,9,1.49,0,1,2,7,2,3,116.6,38.3,3.11,1.55,cutback
ad2caade-93ae-4fc8-bc21-a1142c2107d7,3857288,Tunisia,Australia,Youssef Msakni,2,71,22,108.1,25.0,17.51,0.026706748,Saved,0,Open Play,Left Foot,True,False,Regular Play,17.2,5.1,Ball Recovery,35,11,9,90.9,89.4,2.6,central_pass,86.3,36.9,central,True,18,10,1.52,0,1,1,4,2,3,116.5,36.6,3.2,3.11,central_penetration
d730c8b5-b5cc-4c4e-abc5-01e19adf9c13,3857288,Tunisia,Australia,Youssef Msakni,2,71,50,95.6,42.2,22.4,0.048467197,Saved,0,Open Play,Right Foot,False,False,Regular Play,17.2,5.1,Ball Recovery,63,14,13,78.4,84.1,1.24,central_pass,70.0,57.3,half_space,True,17,10,2.33,0,0,1,5,2,4,116.8,40.0,2.93,0.0,central_penetration
0eda6921-f9f9-4022-a826-2580bc49d877,3857288,Australia,Tunisia,Aaron Mooy,2,73,15,95.6,44.1,22.62,0.039191317,Off T,0,Open Play,Right Foot,True,False,From Throw In,101.0,80.0,Pass,5,1,0,-5.4,19.5,-1.08,central_pass,102.1,41.7,central,True,16,10,5.39,0,0,0,6,1,3,117.9,40.2,1.92,0.18,central_penetration
14f00f94-3634-430d-8ed2-e689083efd28,3857288,Tunisia,Australia,Youssef Msakni,2,74,6,110.1,38.0,9.24,0.10262261,Off T,0,Open Play,Head,False,True,From Throw In,104.2,80.0,Pass,9,2,2,5.9,32.9,0.66,,,,central,True,16,9,1.04,0,1,1,6,1,3,118.2,40.6,1.65,0.55,other
61cf7eac-d6b7-4e16-a12b-bb40a6b3d717,3857288,Tunisia,Australia,Montassar Omar Talbi,2,83,13,89.6,34.9,28.19,0.012159805,Saved,0,Open Play,Right Foot,True,False,From Throw In,106.6,0.1,Pass,4,0,0,-17.0,11.3,-4.25,,,,central,False,0,11,6.68,0,0,0,8,2,3,118.4,40.0,1.46,0.0,other
55360232-7d1d-45da-a838-f0804c83a6c3,3857288,Tunisia,Australia,Taha Yassine Khenissi,2,85,32,98.4,54.6,23.84,0.012915949,Blocked,0,Open Play,Right Foot,False,False,From Counter,14.4,51.3,Pass,10,1,1,84.0,80.1,8.4,,,,half_space,True,7,6,1.04,0,1,1,1,2,0,117.0,42.9,2.74,2.65,fast_counter
48b1fc83-3650-48c6-9961-d637e88cb905,3857288,Tunisia,Australia,Naïm Sliti,2,86,36,109.8,47.4,11.52,0.1403044,Blocked,0,Open Play,Left Foot,False,False,Regular Play,32.8,21.8,Ball Recovery,20,3,5,77.0,76.5,3.85,central_pass,112.8,55.3,half_space,True,14,9,2.47,0,0,1,9,1,3,116.3,43.8,3.38,3.47,central_penetration
d7978250-dde0-4c0e-8d55-da044c7b4620,3857288,Tunisia,Australia,Wahbi Khazri,2,87,48,109.9,49.4,12.62,0.09264534,Saved,0,Open Play,Left Foot,True,False,Regular Play,79.8,62.8,Ball Recovery,6,2,1,30.1,32.4,5.02,cross,116.4,62.2,wide,True,14,9,2.46,0,0,1,9,1,3,116.7,43.8,3.02,3.47,wide_cross
432729bb-2800-41e7-a98a-89662baf21c1,3857288,Tunisia,Australia,Wahbi Khazri,2,91,46,108.4,24.1,18.0,0.021421792,Blocked,0,Open Play,Right Foot,False,False,Regular Play,60.2,18.5,Ball Recovery,48,10,12,48.2,43.9,1.0,,,,half_space,True,19,11,1.62,0,1,1,9,2,6,118.4,36.7,1.46,3.02,slow_possession
d61a5bc5-cdf0-47a7-ad8b-1453b3315a82,3857267,Senegal,Ecuador,Idrissa Gana Gueye,1,2,43,106.9,45.7,13.06,0.21271749,Off T,0,Open Play,Right Foot,False,False,From Goal Kick,6.0,36.0,Pass,20,4,2,100.9,99.8,5.04,cross,105.2,5.8,wide,True,11,6,3.77,0,0,0,6,1,3,114.7,42.9,4.85,2.65,wide_cross
26b97ae4-3213-4621-9403-327bd8d869db,3857267,Senegal,Ecuador,Boulaye Dia,1,7,47,109.3,51.9,14.63,0.16839646,Off T,0,Open Play,Right Foot,True,False,From Free Kick,49.9,7.9,Pass,26,8,6,59.4,61.1,2.28,through_ball,99.2,58.3,half_space,True,12,7,1.35,0,1,1,6,1,2,114.8,46.0,4.75,5.49,central_penetration
48487024-2b14-4521-a46b-508418babbad,3857267,Ecuador,Senegal,Enner Remberto Valencia Lastra,1,9,51,86.9,40.9,30.28,0.021615954,Blocked,0,Free Kick,Right Foot,False,False,From Free Kick,86.9,40.9,Shot,0,0,0,0.0,0.0,,,,,central,True,20,11,8.32,0,0,0,8,5,3,118.3,39.5,1.55,0.46,set_piece
9f9cc1fe-f26f-416d-a2bc-c965c1b2aed0,3857267,Ecuador,Senegal,Enner Remberto Valencia Lastra,1,9,58,95.9,37.7,22.14,0.02803523,Blocked,0,Open Play,Right Foot,True,False,From Free Kick,86.9,40.9,Shot,7,0,1,9.0,8.9,1.29,,,,central,True,19,11,5.8,0,0,0,9,3,4,118.6,39.9,1.28,0.09,other
e3788f0f-b869-4e30-b752-70b1062457ba,3857267,Senegal,Ecuador,Ismaïla Sarr,1,10,52,99.2,40.2,19.02,0.042373266,Blocked,0,Open Play,Right Foot,False,False,From Corner,120.0,0.1,Pass,5,0,3,-20.8,19.1,-4.16,,,,central,True,20,11,2.42,0,0,1,9,4,4,117.3,40.2,2.47,0.18,other
9c6d9302-1de8-4a97-ac5c-52153023503d,3857267,Senegal,Ecuador,Iliman Ndiaye,1,11,53,99.7,52.9,21.99,0.02889044,Off T,0,Open Play,Left Foot,False,False,From Corner,120.0,0.1,Pass,66,8,17,-20.3,15.8,-0.31,,,,half_space,True,16,9,3.2,0,0,0,7,3,3,117.3,41.5,2.47,1.37,slow_possession
c319aceb-f6cd-40e3-8431-557a2619a822,3857267,Senegal,Ecuador,Ismaïla Sarr,1,23,37,104.1,25.5,19.68,0.023828069,Blocked,0,Open Play,Right Foot,False,False,Regular Play,68.7,19.3,Pass,9,1,1,35.4,33.8,3.93,central_pass,68.7,19.3,half_space,True,14,8,1.07,0,1,1,7,1,3,116.1,36.9,3.57,2.83,central_penetration
04b3da1e-5e65-4060-8945-664a3fe004ee,3857267,Senegal,Ecuador,Pape Gueye,1,24,20,93.0,36.3,24.92,0.025696881,Blocked,0,Open Play,Left Foot,False,False,From Corner,120.0,80.0,Pass,4,0,1,-27.0,12.7,-6.75,,,,central,True,19,11,2.23,0,0,1,9,5,6,117.3,39.4,2.47,0.55,other
d68c0771-3315-4ef2-8c10-82157b6eeb7e,3857267,Senegal,Ecuador,Abdou Diallo,1,24,27,107.9,41.9,11.2,0.035411544,Wayward,0,Open Play,Head,False,False,From Corner,120.0,80.0,Pass,11,2,3,-12.1,27.8,-1.1,cross,106.8,68.3,wide,True,18,10,1.1,0,2,2,7,2,5,117.3,39.9,2.47,0.09,wide_cross
5f66b1e6-4264-46d4-bf52-ec9e834b12c6,3857267,Senegal,Ecuador,Pathé Ismaël Ciss,1,36,31,108.1,33.6,12.36,0.03057826,Off T,0,Open Play,Head,False,False,From Free Kick,79.7,64.4,Pass,2,1,0,28.4,33.6,14.2,other,79.7,64.4,wide,True,17,11,1.27,0,1,3,9,1,3,119.0,39.1,0.91,0.82,other
8c2f9c1f-2c84-4d2d-9794-9b87829ede8a,3857267,Senegal,Ecuador,Iliman Ndiaye,1,46,31,107.3,46.7,13.13,0.04522632,Blocked,0,Open Play,Left Foot,False,False,Regular Play,75.6,3.3,Ball Recovery,12,2,5,31.7,43.2,2.64,,,,central,True,13,8,1.1,0,2,2,8,2,3,117.0,41.7,2.74,1.55,other
f357068e-101e-47d5-9cab-b46abeab6fd2,3857267,Ecuador,Senegal,José Adoni Cifuentes Charcopa,2,48,26,93.8,51.3,26.09,0.025271386,Saved,0,Open Play,Right Foot,False,False,From Throw In,92.1,0.1,Pass,51,20,17,1.7,20.2,0.03,central_pass,88.2,19.7,half_space,True,18,11,3.38,0,0,0,5,1,2,118.2,41.7,1.65,1.55,central_penetration
5783c86d-02e9-4d3c-89e8-0b1ea00d2aca,3857267,Ecuador,Senegal,Michael Steveen Estrada Martínez,2,56,59,106.7,38.8,12.21,0.042533338,Off T,0,Open Play,Head,False,False,Regular Play,40.9,13.8,Ball Recovery,91,23,25,65.8,70.0,0.72,,,,central,True,16,10,0.98,1,1,2,5,1,3,118.2,39.2,1.65,0.73,slow_possession
d7dc9e6e-e833-4bca-abe0-16efd35baa2d,3857267,Ecuador,Senegal,Felix Eduardo Torres Caicedo,2,66,57,113.7,42.7,6.27,0.15397952,Wayward,0,Open Play,Head,False,False,From Corner,120.0,80.0,Pass,1,1,0,-6.3,33.1,-6.3,cutback,120.0,80.0,wide,True,17,11,1.22,0,1,3,10,2,5,119.0,40.2,0.91,0.18,cutback
fe08733c-664e-444f-9053-4753f4d98076,3857267,Ecuador,Senegal,Moisés Isaac Caicedo Corozo,2,66,58,117.2,35.6,4.77,0.5894187,Goal,1,Open Play,Right Foot,True,False,From Corner,120.0,80.0,Pass,2,1,0,-2.8,34.8,-1.4,,,,central,True,17,11,3.16,0,0,0,10,1,5,119.5,40.1,0.46,0.09,other
7f414cf8-690c-4ce8-bdb4-7de35ddbd88b,3857267,Senegal,Ecuador,Kalidou Koulibaly,2,69,30,114.3,46.0,7.57,0.23427999,Goal,1,Open Play,Right Foot,True,False,From Free Kick,88.6,74.6,Pass,3,0,0,25.7,38.4,8.57,,,,central,True,15,9,3.41,0,0,0,8,1,4,118.6,41.6,1.28,1.46,other
4791bb90-e837-4f48-90e2-efede0479473,3857267,Ecuador,Senegal,Gonzalo Jordy Plata Jiménez,2,75,48,107.0,42.8,12.16,0.058988493,Saved,0,Open Play,Left Foot,False,False,From Throw In,62.0,80.0,Pass,58,9,10,45.0,57.2,0.78,central_pass,105.4,51.8,half_space,True,15,9,1.23,0,2,3,9,3,4,118.3,40.3,1.55,0.27,central_penetration
2bf8682f-e1ab-414c-8bc1-6980dc46c81c,3857267,Senegal,Ecuador,Boulaye Dia,2,81,53,101.3,54.6,21.69,0.04455093,Off T,0,Open Play,Right Foot,True,False,From Throw In,22.9,80.0,Pass,28,8,6,78.4,81.3,2.8,central_pass,77.9,61.9,half_space,True,16,9,1.43,0,1,1,2,1,0,117.2,42.9,2.56,2.65,central_penetration
5bfc0320-add5-41f5-8498-58bdb69b0879,3857267,Senegal,Ecuador,Pape Gueye,2,87,46,102.6,54.8,20.89,0.03201506,Saved,0,Open Play,Right Foot,False,False,From Free Kick,73.3,43.0,Pass,5,0,1,29.3,24.0,5.86,,,,half_space,True,15,9,1.27,0,1,2,7,1,3,116.2,43.5,3.47,3.2,other
2e8b83d3-8d70-4882-b24e-efe516fa2d28,3857267,Ecuador,Senegal,Jeremy Leonel Sarmiento Morante,2,88,59,105.3,32.1,15.26,0.02928531,Saved,0,Open Play,Head,False,False,From Throw In,104.3,0.1,Pass,18,6,4,1.0,26.2,0.06,cross,94.5,3.4,wide,True,15,10,2.6,0,0,1,6,1,4,117.5,38.6,2.29,1.28,wide_cross
965bcc85-5bae-4710-8ca7-9203417c49df,3857267,Ecuador,Senegal,Jackson Gabriel Porozo Vernaza,2,93,53,105.9,34.3,13.91,0.052534856,Off T,0,Open Play,Head,False,False,From Throw In,103.1,0.1,Pass,9,3,1,2.8,28.1,0.31,cross,93.2,1.9,wide,True,18,11,2.03,0,0,1,7,1,4,117.6,38.9,2.19,1.01,wide_cross
5628fb42-180e-4756-8655-b0bffc7ba8f0,3857287,Uruguay,South Korea,Matías Vecino Falero,1,12,38,109.5,28.6,14.17,0.052239094,Saved,0,Open Play,Head,False,False,From Throw In,22.9,80.0,Pass,13,2,1,86.6,89.5,6.66,central_pass,94.3,20.5,half_space,True,12,8,1.94,0,1,1,4,1,2,117.4,36.7,2.38,3.02,central_penetration
9a92c82b-99ac-46b4-be65-45a79d4650ed,3857287,Uruguay,South Korea,Federico Santiago Valverde Dipetta,1,18,45,103.9,35.4,15.31,0.05187739,Off T,0,Open Play,Left Foot,False,True,From Goal Kick,7.0,36.1,Pass,28,7,7,96.9,96.3,3.46,central_pass,53.8,19.9,half_space,True,13,8,1.52,0,1,2,4,1,1,117.9,39.5,1.92,0.46,central_penetration
ded873ac-89f3-4ae4-9b4f-96f0ce726233,3857287,South Korea,Uruguay,Ui-Jo Hwang,1,33,36,108.9,42.7,10.45,0.323128,Off T,0,Open Play,Right Foot,True,False,From Throw In,78.6,80.0,Pass,82,24,23,30.3,46.1,0.37,cross,110.1,57.3,half_space,True,18,10,4.54,0,0,0,8,1,5,118.5,40.9,1.37,0.82,wide_cross
57bb672a-cc1c-485e-9daf-ec52fd44a58a,3857287,South Korea,Uruguay,In-Beom Hwang,1,38,40,89.7,57.6,32.04,0.007071261,Off T,0,Open Play,Right Foot,False,False,From Throw In,91.9,80.0,Pass,20,6,6,-2.2,13.8,-0.11,other,90.1,65.8,wide,True,15,9,6.84,0,0,0,6,1,3,118.3,40.4,1.55,0.37,other
5d9a7dee-a394-45bd-a788-6791bcb46e98,3857287,Uruguay,South Korea,Diego Roberto Godín Leal,1,42,50,110.0,40.4,9.15,0.054689027,Post,0,Open Play,Head,False,True,From Corner,120.0,80.0,Pass,1,1,0,-10.0,30.0,-10.0,cutback,120.0,80.0,wide,True,19,11,0.7,1,3,5,10,1,4,119.1,40.0,0.82,0.0,cutback
5a203b40-fbdc-43d6-aaaf-39d78a9a2626,3857287,Uruguay,South Korea,José María Giménez de Vargas,1,45,10,103.5,35.9,15.55,0.046385217,Off T,0,Open Play,Head,False,False,From Free Kick,75.3,20.9,Pass,18,7,5,28.2,31.6,1.57,cross,104.5,7.6,wide,True,18,10,3.82,0,0,0,7,2,5,118.7,38.9,1.19,1.01,wide_cross
b1309c1c-2272-43ac-a0a6-c9f358d70c18,3857287,South Korea,Uruguay,Min Jae Kim,2,52,7,111.5,46.1,9.57,0.046898182,Wayward,0,Open Play,Other,False,False,From Corner,120.0,80.0,Pass,1,1,1,-8.5,29.5,-8.5,cutback,120.0,80.0,wide,True,18,11,1.1,0,2,4,9,2,5,118.5,41.2,1.37,1.1,cutback
f9af0c77-987d-4a7e-9e86-a8474d6cc36a,3857287,Uruguay,South Korea,Rodrigo Bentancur Colmán,2,54,21,101.3,38.3,17.17,0.052523207,Blocked,0,Open Play,Right Foot,False,False,From Free Kick,72.7,67.4,Pass,6,1,2,28.6,35.9,4.77,central_pass,96.5,43.1,central,True,19,11,1.47,0,2,3,8,2,4,118.7,40.5,1.19,0.46,central_penetration
9d6785c3-3d7a-4124-83c6-700dcd524042,3857287,Uruguay,South Korea,Federico Santiago Valverde Dipetta,2,68,9,90.5,27.4,29.33,0.014167523,Wayward,0,Open Play,Right Foot,True,False,Regular Play,75.0,45.6,Duel,17,5,4,15.5,13.3,0.91,,,,half_space,True,16,10,7.03,0,0,0,7,3,4,118.3,40.2,1.55,0.18,other
637d7f05-74eb-4c8d-8217-53a8f5495e80,3857287,Uruguay,South Korea,Edinson Roberto Cavani Gómez,2,68,37,106.6,47.5,14.04,0.03804607,Blocked,0,Open Play,Right Foot,False,False,From Throw In,103.0,80.0,Pass,8,3,3,3.6,28.1,0.45,central_pass,89.7,57.2,half_space,True,15,10,1.15,0,2,2,7,2,1,118.4,41.6,1.46,1.46,central_penetration
108530c5-bc45-44f6-a676-961004913a8c,3857287,South Korea,Uruguay,Kang-In Lee,2,74,42,94.5,54.2,26.69,0.023162797,Blocked,0,Open Play,Left Foot,False,False,From Goal Kick,7.0,44.1,Pass,20,4,4,87.5,83.9,4.38,central_pass,69.8,25.2,half_space,True,13,9,1.36,0,1,1,4,2,2,118.4,40.1,1.46,0.09,central_penetration
70853b88-685a-4922-98d8-b3ba00afab40,3857287,South Korea,Uruguay,Gue-Sung Cho,2,76,51,93.4,42.0,24.39,0.036145955,Off T,0,Open Play,Left Foot,False,False,From Throw In,92.6,0.1,Pass,26,8,5,0.8,21.7,0.03,central_pass,80.0,61.1,half_space,True,11,8,1.77,0,1,1,1,1,0,116.5,41.6,3.2,1.46,central_penetration
35c7d57e-4ece-4607-acd1-6fc535aca1e8,3857287,Uruguay,South Korea,Darwin Gabriel Núñez Ribeiro,2,80,43,100.6,28.3,20.72,0.028178101,Off T,0,Open Play,Right Foot,False,False,Regular Play,70.3,31.8,Pass,12,5,6,30.3,27.7,2.52,central_pass,95.2,35.6,central,True,14,9,2.41,0,0,2,6,2,3,118.3,38.3,1.55,1.55,central_penetration
52fadd3f-9f6a-4697-a1e2-4c86fb7c27c4,3857287,Uruguay,South Korea,Edinson Roberto Cavani Gómez,2,86,56,110.5,39.7,8.69,0.06689449,Off T,0,Open Play,Head,False,False,Regular Play,47.2,53.5,Interception,99,28,26,63.3,64.5,0.64,cross,106.8,71.9,wide,True,16,9,1.4,0,1,2,6,2,3,119.0,39.6,0.91,0.37,wide_cross
b43973c6-dec2-486a-97e0-d932042e7295,3857287,Uruguay,South Korea,Federico Santiago Valverde Dipetta,2,88,58,95.7,22.6,27.33,0.012294213,Post,0,Open Play,Right Foot,False,False,Regular Play,36.0,20.7,Duel,26,5,8,59.7,56.3,2.3,,,,half_space,True,13,10,4.47,0,0,0,4,3,2,118.2,40.0,1.65,0.0,other
c2770548-8c9d-474a-8cd7-6114ce4f76e1,3857287,South Korea,Uruguay,Heung-Min Son,2,89,54,93.8,36.6,24.16,0.0335565,Off T,0,Open Play,Left Foot,False,False,From Goal Kick,7.0,44.1,Pass,12,2,1,86.8,86.7,7.23,central_pass,93.6,52.9,half_space,True,12,8,2.29,0,0,1,3,2,2,118.3,39.8,1.55,0.18,fast_counter
0ada1c14-4a75-4b1b-98b2-bd91c1f22dbd,3857287,South Korea,Uruguay,In-Beom Hwang,2,93,6,94.9,26.7,25.97,0.023029828,Off T,0,Open Play,Left Foot,False,False,From Throw In,72.0,80.0,Pass,26,8,9,22.9,34.1,0.88,central_pass,91.5,60.7,half_space,True,13,8,4.79,0,0,0,5,2,2,117.3,38.8,2.47,1.1,central_penetration
dd62c1c2-00a9-4b33-a516-6094ca80e218,3869486,Portugal,Morocco,João Félix Sequeira,1,3,59,106.8,44.2,12.67,0.0989785,Saved,0,Open Play,Head,False,False,From Free Kick,78.2,73.0,Pass,1,1,0,28.6,39.4,28.6,other,78.2,73.0,wide,True,15,9,1.24,0,1,2,7,1,4,116.4,41.1,3.29,1.01,other
9f344f5d-4d72-4cf2-8eac-ed7c83a87f65,3869486,Morocco,Portugal,Youssef En-Nesyri,1,5,56,112.7,39.4,6.7,0.117904566,Off T,0,Open Play,Head,False,False,From Corner,120.0,0.1,Pass,2,1,0,-7.3,32.6,-3.65,cutback,120.0,0.1,wide,True,19,11,1.17,0,1,3,11,1,4,118.8,40.1,1.1,0.09,cutback
acc5950a-c4d0-4ca7-8f0d-61a7de6ac0e8,3869486,Portugal,Morocco,Raphaël Adelino José Guerreiro,1,12,26,105.6,23.6,19.96,0.019215545,Blocked,0,Open Play,Left Foot,True,False,From Free Kick,80.6,53.5,Pass,4,1,0,25.0,19.8,6.25,,,,half_space,True,16,9,3.02,0,0,0,9,3,5,118.5,37.4,1.37,2.38,other
9cf778f8-eb3d-4bc5-ab35-0f3a147db977,3869486,Morocco,Portugal,Hakim Ziyech,1,17,49,96.1,60.9,29.03,0.008206696,Off T,0,Open Play,Left Foot,False,False,Regular Play,20.0,32.8,Pass,14,4,4,76.1,68.5,5.44,central_pass,74.2,55.4,half_space,True,15,9,1.56,0,1,1,5,2,3,116.8,42.7,2.93,2.47,central_penetration
9e674fd1-9541-42e1-921f-a8ccbed1d7c6,3869486,Morocco,Portugal,Youssef En-Nesyri,1,25,21,106.7,39.8,12.16,0.043849364,Off T,0,Open Play,Head,False,False,From Free Kick,81.2,52.5,Pass,1,1,0,25.5,27.5,25.5,central_pass,81.2,52.5,half_space,True,18,11,1.69,0,1,2,8,1,2,116.5,40.4,3.2,0.37,central_penetration
646d8725-6259-4863-92b3-0ea602d4bdd4,3869486,Portugal,Morocco,João Félix Sequeira,1,30,9,100.9,27.7,20.77,0.027014187,Blocked,0,Open Play,Right Foot,False,False,Regular Play,67.5,37.6,Ball Recovery,13,3,5,33.4,29.8,2.57,,,,half_space,True,18,11,2.22,0,0,1,5,2,2,117.7,37.9,2.1,1.92,other
971e3e9c-a536-4987-be86-fed114271c3e,3869486,Morocco,Portugal,Selim Amallah,1,34,2,108.7,31.3,13.04,0.06053267,Off T,0,Open Play,Left Foot,True,False,Regular Play,9.7,72.6,Ball Recovery,27,7,5,99.0,100.8,3.67,cross,110.8,15.3,wide,True,17,10,2.01,0,0,1,7,2,4,118.7,36.3,1.19,3.38,wide_cross
9000f0f2-73ed-4a71-917d-2d525af7ba80,3869486,Morocco,Portugal,Sofiane Boufal,1,34,56,97.0,27.8,23.81,0.03503226,Saved,0,Open Play,Right Foot,False,False,Regular Play,45.0,61.8,Ball Recovery,18,1,2,52.0,52.1,2.89,central_pass,54.0,50.5,half_space,True,18,11,3.19,0,0,0,5,2,4,118.2,38.2,1.65,1.65,central_penetration
60fd64f6-2fc4-4e42-8df5-c9e199fa7690,3869486,Portugal,Morocco,João Félix Sequeira,1,38,46,102.2,35.4,16.81,0.060545366,Off T,0,Open Play,Right Foot,True,False,From Free Kick,56.9,44.2,Pass,14,4,4,45.3,44.9,3.24,cross,95.8,6.3,wide,True,18,11,5.34,0,0,0,6,3,2,117.9,39.4,1.92,0.55,wide_cross
b5cf82d9-5c1a-49ac-af0d-2fada2d6f0e5,3869486,Morocco,Portugal,Youssef En-Nesyri,1,41,36,112.6,39.7,6.77,0.20030825,Goal,1,Open Play,Head,False,True,From Free Kick,14.2,67.6,Pass,47,15,11,98.4,101.9,2.09,cross,92.4,6.0,wide,True,14,8,0.84,1,2,3,6,1,2,113.9,40.3,5.58,0.27,wide_cross
7c951da3-8d74-432e-8fd4-2a6807a7ff24,3869486,Portugal,Morocco,Bruno Miguel Borges Fernandes,1,44,23,108.0,62.3,23.16,0.0067060287,Post,0,Open Play,Right Foot,True,False,From Throw In,33.5,0.1,Pass,19,5,3,74.5,69.9,3.92,other,97.5,73.5,wide,True,14,8,1.77,0,1,1,3,1,1,117.9,43.0,1.92,2.74,other
1b7f0b8c-83a1-4f81-a6d2-469a14a2beda,3869486,Morocco,Portugal,Yahia Attiyat allah,1,46,58,107.6,26.3,16.9,0.082217455,Off T,0,Open Play,Left Foot,True,False,From Counter,2.0,9.5,Duel,18,3,3,105.6,103.4,5.87,central_pass,84.4,32.5,central,True,10,6,3.85,0,0,0,5,1,1,118.4,36.9,1.46,2.83,fast_counter
3b8ce4f0-d61d-4dda-9c67-8c240bdbbc47,3869486,Morocco,Portugal,Azzedine Ounahi,2,55,0,93.4,44.2,24.62,0.032880384,Off T,0,Open Play,Right Foot,True,False,Regular Play,40.5,27.3,Ball Recovery,9,2,2,52.9,53.6,5.88,central_pass,94.1,49.5,central,True,13,8,5.88,0,0,0,1,2,0,117.1,41.4,2.65,1.28,fast_counter
4d09313e-118e-459a-9ee8-01dc7a56f08f,3869486,Portugal,Morocco,Gonçalo Matias Ramos,2,57,28,108.7,40.0,10.33,0.10594022,Off T,0,Open Play,Head,False,False,From Goal Kick,6.0,36.0,Pass,22,8,7,102.7,102.8,4.67,central_pass,98.2,55.6,half_space,True,18,11,1.45,0,1,1,6,1,2,118.2,40.7,1.65,0.64,central_penetration
13d33a38-98fb-4bd9-8a7f-c77928e25cba,3869486,Portugal,Morocco,João Félix Sequeira,2,60,14,109.7,29.4,13.51,0.026895314,Blocked,0,Open Play,Head,False,True,Regular Play,51.8,24.6,Ball Recovery,36,8,8,57.9,55.1,1.61,central_pass,85.7,30.1,central,True,18,11,1.07,0,1,1,6,1,2,117.5,37.5,2.29,2.29,central_penetration
8fd3af63-509c-463b-88d2-fa1c6eabb793,3869486,Portugal,Morocco,Bruno Miguel Borges Fernandes,2,63,4,101.0,35.5,17.85,0.057325892,Off T,0,Open Play,Right Foot,False,True,From Throw In,113.5,0.1,Pass,17,2,3,-12.5,20.9,-0.74,other,97.8,15.0,wide,True,16,9,1.39,0,1,2,6,2,4,115.7,37.8,3.93,2.01,other
66863928-254c-403c-8dc7-ffbd0b98fce5,3869486,Portugal,Morocco,Bernardo Mota Veiga de Carvalho e Silva,2,70,44,109.8,35.9,10.05,0.10927713,Wayward,0,Open Play,Right Foot,True,False,From Free Kick,114.3,12.3,Pass,1,1,0,-4.5,17.3,-4.5,cross,114.3,12.3,wide,True,20,11,3.03,0,0,0,11,2,5,119.1,38.8,0.82,1.1,wide_cross
d3101e93-d011-401a-af9c-5a1c560c72ec,3869486,Portugal,Morocco,João Félix Sequeira,2,81,59,102.0,57.1,22.7,0.025960794,Saved,0,Open Play,Left Foot,True,False,Regular Play,51.1,16.2,Ball Recovery,20,4,5,50.9,48.1,2.54,central_pass,104.7,50.4,half_space,True,17,11,4.09,0,0,0,8,2,1,118.2,42.5,1.65,2.29,central_penetration
d4278a80-ee3d-4ef1-9255-cf9dc4ce1580,3869486,Portugal,Morocco,Cristiano Ronaldo dos Santos Aveiro,2,90,24,101.8,53.7,20.83,0.05699573,Saved,0,Open Play,Right Foot,True,True,From Free Kick,38.7,70.7,Pass,5,2,1,63.1,64.1,12.62,other,51.1,65.9,wide,True,9,7,1.87,0,1,2,2,1,0,113.5,45.0,5.94,4.57,fast_counter
69bc4e3c-2854-42c1-89ba-e159f7515567,3869486,Morocco,Portugal,Zakaria Aboukhlal,2,95,20,101.1,45.9,18.1,0.39109123,Saved,0,Open Play,Right Foot,False,False,Regular Play,20.0,24.9,Clearance,7,0,1,81.1,81.3,11.59,,,,central,True,4,3,3.3,0,0,0,1,1,0,105.9,44.3,12.89,3.93,fast_counter
d7d80857-d613-45c5-8c49-59d19af73f1d,3869486,Portugal,Morocco,Kléper Laveran Lima Ferreira,2,96,40,114.1,44.5,6.79,0.14926605,Off T,0,Open Play,Head,False,True,From Throw In,106.6,80.0,Pass,17,4,4,7.5,34.8,0.44,cross,111.2,12.1,wide,True,18,10,0.98,1,1,1,9,1,5,118.3,40.7,1.55,0.64,wide_cross
616b0bce-d5cc-4417-98c4-b831cfbe9a4d,3857260,Mexico,Saudi Arabia,Luis Gerardo Chávez Magallón,1,1,9,91.7,51.5,27.93,0.021919996,Off T,0,Open Play,Left Foot,True,False,From Throw In,95.4,80.0,Pass,7,2,1,-3.7,16.4,-0.53,cutback,111.5,74.8,wide,True,18,10,5.35,0,0,0,4,2,3,118.0,41.0,1.83,0.91,cutback
9dd15d0d-0ff7-4b3a-a352-dbfc2bd33ced,3857260,Saudi Arabia,Mexico,Saleh Khalid Al Shehri,1,2,8,92.9,41.7,24.83,0.02182735,Saved,0,Open Play,Left Foot,False,False,From Throw In,74.9,80.0,Pass,26,5,6,18.0,33.1,0.69,,,,central,True,14,8,2.95,0,0,1,1,2,0,117.0,40.7,2.74,0.64,other
51808f65-639f-4dbd-bd51-3b8dde23358a,3857260,Mexico,Saudi Arabia,Ernesto Alexis Vega Rojas,1,2,37,101.6,38.9,16.85,0.3665275,Saved,0,Open Play,Right Foot,True,False,From Keeper,11.2,40.0,Pass,21,6,3,90.4,90.4,4.3,through_ball,79.0,49.6,central,True,13,8,3.86,0,0,0,1,1,0,105.8,39.3,12.98,0.64,central_penetration
03393099-8769-4c00-a967-28016d84004c,3857260,Saudi Arabia,Mexico,Mohammed Kanoo,1,7,41,113.0,54.1,14.39,0.047937077,Off T,0,Open Play,Right Foot,False,False,From Goal Kick,6.0,44.0,Pass,16,5,4,107.0,98.3,6.69,central_pass,92.3,20.5,half_space,True,12,7,2.01,0,0,1,7,1,4,118.1,44.1,1.74,3.75,central_penetration
7486f25f-0e69-48b8-b2db-b2dc4b1d4e4f,3857260,Saudi Arabia,Mexico,Mohammed Kanoo,1,12,58,96.3,33.5,22.47,0.073429175,Off T,0,Free Kick,Right Foot,False,False,From Free Kick,96.3,33.5,Shot,0,0,0,0.0,0.0,,,,,central,True,17,11,8.14,0,0,0,11,5,4,118.8,41.0,1.1,0.91,set_piece
095adc8d-612d-445a-9a9a-33100ece166c,3857260,Mexico,Saudi Arabia,Luis Gerardo Chávez Magallón,1,22,21,92.7,40.4,24.97,0.01981399,Saved,0,Open Play,Left Foot,True,False,Regular Play,31.1,76.5,Ball Recovery,28,3,6,61.6,68.8,2.2,,,,central,True,18,10,4.41,0,0,0,6,3,3,118.9,39.2,1.01,0.73,other
22eb252a-6f77-44e7-bfc6-c588e4d70047,3857260,Mexico,Saudi Arabia,Orbelín Pineda Alvarado,1,24,27,104.0,44.6,15.22,0.0489465,Saved,0,Open Play,Right Foot,True,False,From Free Kick,64.0,26.9,Pass,25,8,8,40.0,40.9,1.6,,,,central,True,15,8,1.77,0,2,2,7,2,3,118.8,41.9,1.1,1.74,slow_possession
ab1e8f1e-1ba7-43b8-9ec8-d4cef015196f,3857260,Mexico,Saudi Arabia,Orbelín Pineda Alvarado,1,26,25,115.8,34.5,6.33,0.30787364,Wayward,0,Open Play,Head,False,False,Regular Play,74.3,31.0,Ball Recovery,13,5,5,41.5,39.7,3.19,cross,103.8,75.0,wide,True,15,10,2.11,0,0,1,7,0,3,117.9,39.5,1.92,0.46,wide_cross
1ff25ece-af3b-4ddc-9f6a-2dfa451f2457,3857260,Mexico,Saudi Arabia,Luis Gerardo Chávez Magallón,1,34,17,89.6,28.9,29.59,0.016814427,Blocked,0,Open Play,Left Foot,False,False,From Free Kick,81.3,31.0,Pass,8,0,1,8.3,7.4,1.04,,,,half_space,True,20,11,1.42,0,1,1,1,3,2,117.9,39.1,1.92,0.82,other
c9efc2ae-9415-4450-b2f9-8d2129cfbbfb,3857260,Mexico,Saudi Arabia,Jesús Daniel Gallardo Vasconcelos,1,35,8,106.8,43.3,12.44,0.06430086,Off T,0,Open Play,Right Foot,True,False,From Corner,120.0,80.0,Pass,2,1,0,-13.2,26.4,-6.6,cutback,120.0,80.0,wide,True,20,11,4.41,0,0,0,10,4,5,119.1,41.1,0.82,1.01,cutback
130647bc-a86f-4957-8a47-b1bed49ccc23,3857260,Mexico,Saudi Arabia,Luis Gerardo Chávez Magallón,1,40,28,84.6,49.2,33.45,0.0066389865,Blocked,0,Free Kick,Left Foot,False,False,From Free Kick,84.6,49.2,Shot,0,0,0,0.0,0.0,,,,,central,True,21,11,7.28,0,0,0,6,2,2,117.7,40.3,2.1,0.27,set_piece
ba1c3a07-2b3e-4cc0-8855-35916883577f,3857260,Mexico,Saudi Arabia,Orbelín Pineda Alvarado,1,40,39,102.0,45.2,17.13,0.062194254,Blocked,0,Open Play,Left Foot,False,False,From Free Kick,84.6,49.2,Shot,11,3,6,17.4,17.8,1.58,cutback,104.4,62.2,wide,True,19,11,2.09,0,0,1,8,3,4,119.3,41.6,0.64,1.46,cutback
5d1252dc-6973-4d50-92d7-96e24270ba67,3857260,Mexico,Saudi Arabia,Ernesto Alexis Vega Rojas,1,44,7,106.1,29.3,16.04,0.04950449,Blocked,0,Open Play,Right Foot,False,False,From Free Kick,53.3,3.6,Pass,16,4,2,52.8,58.4,3.3,central_pass,101.9,43.6,central,True,15,8,2.21,0,0,1,7,2,4,117.7,37.7,2.1,2.1,central_penetration
b9e33c42-7a2d-4523-a949-4458dca9e994,3857260,Mexico,Saudi Arabia,Luis Gerardo Chávez Magallón,1,44,16,92.9,30.0,26.41,0.015146091,Blocked,0,Open Play,Left Foot,False,False,From Free Kick,53.3,3.6,Pass,25,4,4,39.6,47.1,1.58,,,,central,True,17,11,5.28,0,0,0,8,4,5,118.5,38.0,1.37,1.83,other
c51da087-962c-49bd-ba82-dae979275207,3857260,Saudi Arabia,Mexico,Ali Al Hassan,1,50,12,110.1,45.6,10.4,0.10154356,Off T,0,Open Play,Head,False,False,Regular Play,36.0,72.2,Pass,32,7,8,74.1,78.6,2.32,cross,116.2,64.7,wide,True,15,9,1.47,0,1,1,8,1,2,118.8,42.5,1.1,2.29,wide_cross
20a35c76-24ef-4b8c-ac38-e769dff6c717,3857260,Mexico,Saudi Arabia,Luis Gerardo Chávez Magallón,2,46,12,85.5,41.2,31.57,0.018109906,Saved,0,Open Play,Left Foot,False,False,Regular Play,91.0,61.9,Interception,13,2,3,-5.5,1.8,-0.42,other,93.1,74.5,wide,True,17,10,1.48,0,1,1,1,1,0,118.2,39.2,1.65,0.73,other
9795941f-ce89-44a3-a415-72d00a9f647f,3857260,Mexico,Saudi Arabia,Hirving Rodrigo Lozano Bahena,2,46,17,102.7,19.2,24.74,0.0068189544,Blocked,0,Open Play,Right Foot,False,False,Regular Play,91.0,61.9,Interception,18,2,4,11.7,9.3,0.65,,,,half_space,True,18,10,1.82,0,1,1,6,2,3,118.5,37.7,1.37,2.1,other
22c0ff6e-ca12-495e-a6d9-cf1bb00e53a9,3857260,Mexico,Saudi Arabia,Henry Josué Martín Mex,2,46,52,116.7,40.2,3.02,0.28809994,Goal,1,Open Play,Left Foot,True,False,From Corner,120.0,0.1,Pass,2,2,0,-3.3,36.6,-1.65,central_pass,113.9,33.0,central,True,19,11,1.23,0,1,3,11,2,4,118.7,39.1,1.19,0.82,central_penetration
9be85ecf-e236-4acb-b8a7-2ab06dfce27c,3857260,Saudi Arabia,Mexico,Sultan Abdullah Salim Al Ghannam,2,49,14,115.8,46.7,7.23,0.21450256,Off T,0,Open Play,Right Foot,True,False,From Free Kick,90.5,43.1,Pass,10,0,1,25.3,21.8,2.53,,,,central,True,18,11,2.1,0,0,1,10,1,5,119.2,41.4,0.73,1.28,other
2243dac2-e1c3-47a3-87b7-5b398c68cf07,3857260,Mexico,Saudi Arabia,Luis Gerardo Chávez Magallón,2,51,56,86.7,41.3,30.47,0.024289701,Goal,1,Free Kick,Left Foot,False,False,From Free Kick,86.7,41.3,Shot,0,0,0,0.0,0.0,,,,,central,True,20,11,10.25,0,0,0,3,3,2,118.0,40.8,1.83,0.73,set_piece
96b42342-137b-42fb-9b1b-c65116b5f82b,3857260,Saudi Arabia,Mexico,Sultan Abdullah Salim Al Ghannam,2,54,5,114.8,52.4,12.3,0.030311959,Off T,0,Open Play,Head,False,False,From Throw In,110.2,0.1,Pass,43,9,12,4.6,27.6,0.11,central_pass,111.5,44.0,central,True,15,9,1.48,0,1,1,7,1,4,118.9,43.6,1.01,3.29,central_penetration
8ecf26a1-e5ac-4d39-83cd-fac7b2180cc7,3857260,Mexico,Saudi Arabia,Henry Josué Martín Mex,2,58,56,112.0,40.0,7.32,0.09122391,Wayward,0,Open Play,Head,False,True,From Corner,120.0,0.1,Pass,2,1,0,-8.0,31.9,-4.0,cutback,120.0,0.1,wide,True,20,11,0.66,1,1,2,10,1,4,119.1,39.8,0.82,0.18,cutback
3032ab92-3280-4112-a204-1c261c9fcb94,3857260,Saudi Arabia,Mexico,Abdulelah Al Amri,2,61,53,109.1,45.1,11.0,0.037819926,Off T,0,Open Play,Head,False,False,From Free Kick,86.3,10.3,Pass,2,1,0,22.8,32.9,11.4,cross,86.3,10.3,wide,True,16,10,1.31,0,1,2,8,1,6,119.4,41.3,0.55,1.19,wide_cross
869d6aa5-aea8-41cd-9ea1-df338f224d12,3857260,Mexico,Saudi Arabia,Hirving Rodrigo Lozano Bahena,2,66,1,97.5,31.3,22.06,0.05300886,Saved,0,Open Play,Right Foot,False,False,From Counter,50.2,7.3,Pass,10,3,3,47.3,53.0,4.73,other,75.8,1.7,wide,True,10,6,2.23,0,0,1,3,1,0,117.5,38.3,2.29,1.55,fast_counter
bf5afa36-dd18-41bf-8a1d-55c33ba25080,3857260,Saudi Arabia,Mexico,Firas Tariq Nasser Al Albirakan,2,66,25,101.4,25.4,21.62,0.013105479,Blocked,0,Open Play,Left Foot,True,False,From Keeper,7.6,41.2,Pass,5,1,0,93.8,88.8,18.76,central_pass,79.9,26.2,half_space,True,10,7,1.04,0,2,2,2,2,0,115.9,36.2,3.75,3.47,fast_counter
d4989c31-a99c-4b7a-923f-e4d99d9cd5f5,3857260,Mexico,Saudi Arabia,Henry Josué Martín Mex,2,69,31,108.8,34.9,11.25,0.22500646,Off T,0,Open Play,Left Foot,True,False,From Free Kick,85.5,56.1,Pass,8,3,0,23.3,25.8,2.91,central_pass,101.9,39.2,central,True,17,10,1.15,0,1,1,3,1,1,115.3,37.7,4.3,2.1,central_penetration
0cfe0a06-b98d-41fb-bef1-59897be64d13,3857260,Mexico,Saudi Arabia,Luis Gerardo Chávez Magallón,2,72,3,87.3,40.5,29.9,0.027150616,Saved,0,Free Kick,Left Foot,False,False,From Free Kick,87.3,40.5,Shot,0,0,0,0.0,0.0,,,,,central,True,19,11,10.7,0,0,0,3,4,2,117.9,41.2,1.92,1.1,set_piece
f15011a0-0b1c-4fb9-b9ee-34fb7c2dae92,3857260,Mexico,Saudi Arabia,Orbelín Pineda Alvarado,2,75,39,100.5,32.9,18.98,0.08600338,Off T,0,Open Play,Right Foot,False,False,From Free Kick,27.1,19.5,Pass,22,7,7,73.4,74.4,3.34,central_pass,98.1,18.1,half_space,True,10,6,4.44,0,0,0,5,1,2,117.1,38.8,2.65,1.1,central_penetration
e71b9a71-7816-4177-8508-43ae8e9d3c3e,3857260,Mexico,Saudi Arabia,Carlos Uriel Antuna Romero,2,77,12,109.4,35.9,10.39,0.26870292,Blocked,0,Open Play,Right Foot,True,False,From Counter,38.0,9.6,Pass,8,2,1,71.4,76.1,8.93,cross,116.1,24.3,half_space,True,8,5,1.77,0,1,1,4,1,2,115.2,26.8,4.39,12.07,fast_counter
1a46cbf8-c9bc-4843-b51c-0ee17fd7550d,3857260,Mexico,Saudi Arabia,Edson Omar Álvarez Velázquez,2,77,46,85.8,42.8,31.38,0.013687578,Saved,0,Open Play,Right Foot,False,False,Regular Play,38.0,9.6,Pass,42,9,7,47.8,53.1,1.14,,,,central,True,18,10,7.1,0,0,0,6,2,3,118.6,41.1,1.28,1.01,slow_possession
dc08ca78-5b25-46f2-aa36-6ff048f91962,3857260,Saudi Arabia,Mexico,Salem Mohammed Al Dawsari,2,80,0,89.2,40.3,28.16,0.019886926,Off T,0,Open Play,Right Foot,False,False,From Throw In,90.1,0.1,Pass,14,6,6,-0.9,19.1,-0.06,central_pass,92.2,35.3,central,True,20,11,1.94,0,1,1,1,2,1,118.3,40.4,1.55,0.37,central_penetration
985881d4-d210-4854-81c2-591279f9cb21,3857260,Mexico,Saudi Arabia,Luis Gerardo Chávez Magallón,2,82,14,101.0,46.0,18.22,0.057560198,Blocked,0,Open Play,Left Foot,True,False,From Free Kick,100.3,48.4,Pass,1,1,0,0.7,1.5,0.7,central_pass,100.3,48.4,central,True,19,11,6.39,0,0,0,11,5,7,118.8,40.7,1.1,0.64,central_penetration
689017e8-2675-49f0-88fe-5ee9a6a7f5a6,3857260,Mexico,Saudi Arabia,Rogelio Gabriel Funes Mori,2,88,12,98.8,37.4,19.53,0.06664524,Blocked,0,Open Play,Right Foot,True,False,From Counter,8.7,34.7,Ball Recovery,13,2,2,90.1,90.1,6.93,cutback,105.3,26.4,half_space,True,14,8,4.35,0,0,0,7,2,4,117.7,39.4,2.1,0.55,fast_counter
ad9940c8-30cc-47f4-b706-e2d09b1d78eb,3857260,Mexico,Saudi Arabia,Hirving Rodrigo Lozano Bahena,2,91,25,92.9,31.8,25.89,0.05359905,Saved,0,Free Kick,Right Foot,False,False,From Free Kick,92.9,31.8,Shot,0,0,0,0.0,0.0,,,,,central,True,20,11,10.44,0,0,0,10,4,5,118.8,40.7,1.1,0.64,set_piece
658c3cfe-5c38-47b7-8ec5-b5d9ea44f27d,3857260,Mexico,Saudi Arabia,Hirving Rodrigo Lozano Bahena,2,93,10,101.9,28.3,19.71,0.06253588,Off T,0,Open Play,Right Foot,False,False,From Free Kick,71.6,9.2,Pass,19,3,3,30.3,35.8,1.59,,,,half_space,True,18,10,1.55,0,1,1,9,2,6,117.5,39.4,2.29,0.55,other
1d0a8857-a8ba-461f-9e98-de32270f52c7,3857260,Saudi Arabia,Mexico,Salem Mohammed Al Dawsari,2,94,40,110.9,45.2,9.58,0.51574713,Goal,1,Open Play,Right Foot,False,False,Regular Play,42.8,67.0,Interception,18,6,6,68.1,71.3,3.78,through_ball,101.2,44.0,central,True,10,7,2.78,0,0,1,4,1,1,115.0,43.0,4.57,2.74,central_penetration
cc1e60c8-7b5a-4615-8e9f-b4e9a2df5c5c,3857264,Poland,Argentina,Krystian Bielik,1,4,2,100.7,41.3,17.69,0.061495427,Blocked,0,Open Play,Left Foot,True,False,From Throw In,106.8,80.0,Pass,6,4,2,-6.1,22.8,-1.02,cross,114.7,57.2,half_space,True,17,10,4.5,0,0,0,9,3,5,118.5,38.4,1.37,1.46,wide_cross
e84b2adc-a5c5-467d-9e62-bfb5ab86943d,3857264,Argentina,Poland,Lionel Andrés Messi Cuccittini,1,6,30,99.0,37.7,19.32,0.050872557,Saved,0,Open Play,Right Foot,False,False,Regular Play,79.1,56.9,Duel,91,21,22,19.9,23.1,0.22,,,,central,True,19,10,0.94,1,1,2,3,1,0,116.8,38.9,2.93,1.01,slow_possession
00eb4001-cfd4-4f22-afb6-97c51d5de77a,3857264,Argentina,Poland,Ángel Fabián Di María Hernández,1,8,53,94.3,40.5,23.5,0.034158513,Blocked,0,Open Play,Left Foot,False,False,Regular Play,61.9,18.7,Ball Recovery,10,2,6,32.4,36.2,3.24,central_pass,87.8,37.3,central,True,17,10,2.2,0,0,1,4,3,2,116.8,39.7,2.93,0.27,central_penetration
732e9df5-bb7b-4708-bf2e-0d1e2cbd521f,3857264,Argentina,Poland,Lionel Andrés Messi Cuccittini,1,9,53,111.7,25.8,15.04,0.053250678,Saved,0,Open Play,Left Foot,False,False,Regular Play,44.0,76.8,Duel,13,1,2,67.7,68.0,5.21,other,94.4,63.2,wide,True,13,8,2.1,0,0,1,7,1,2,118.8,36.1,1.1,3.57,other
6403c129-bef8-44e0-aff0-bca5706954d7,3857264,Argentina,Poland,Marcos Javier Acuña,1,16,9,107.0,27.9,16.24,0.05141401,Off T,0,Open Play,Right Foot,False,False,From Throw In,45.3,80.0,Pass,30,9,9,61.7,67.0,2.06,central_pass,83.4,52.7,half_space,True,15,9,1.35,0,1,1,8,1,3,118.3,37.8,1.55,2.01,central_penetration
f9738d78-8285-4130-97be-720dbb5e0cc1,3857264,Poland,Argentina,Kamil Glik,1,21,36,105.9,43.5,13.28,0.06557972,Wayward,0,Open Play,Right Foot,True,False,From Corner,120.0,80.0,Pass,10,2,2,-14.1,25.5,-1.41,cross,93.9,64.4,wide,True,20,11,2.06,0,0,2,5,1,3,117.0,39.8,2.74,0.18,wide_cross
20451d34-d1ee-433b-b247-a21b1f214d9c,3857264,Argentina,Poland,Julián Álvarez,1,27,54,110.8,47.7,10.97,0.1493578,Blocked,0,Open Play,Right Foot,True,False,Regular Play,62.9,19.1,Pass,36,10,9,47.9,48.8,1.33,cross,115.7,60.6,half_space,True,15,9,2.5,0,0,1,9,1,2,117.1,43.4,2.65,3.11,wide_cross
2683f1ce-b2e0-4790-a27b-a63ad2743594,3857264,Argentina,Poland,Marcos Javier Acuña,1,27,59,102.9,22.5,22.37,0.024708062,Off T,0,Open Play,Left Foot,False,False,Regular Play,62.9,19.1,Pass,41,10,10,40.0,36.3,0.98,,,,half_space,True,16,10,5.2,0,0,0,9,3,4,118.4,37.6,1.46,2.19,slow_possession
530b01f6-fd0d-4c7d-96c6-2d4443005a6d,3857264,Argentina,Poland,Ángel Fabián Di María Hernández,1,32,17,119.6,79.2,35.85,0.00018,Saved,0,Corner,Left Foot,False,False,From Corner,119.6,79.2,Shot,0,0,0,0.0,0.0,,,,,wide,True,19,11,23.82,0,0,0,11,0,5,118.2,40.7,1.65,0.64,set_piece
995af604-9298-401b-9c5e-5507dac7b0e0,3857264,Argentina,Poland,Enzo Fernandez,1,34,23,91.6,39.7,25.97,0.024548035,Off T,0,Open Play,Right Foot,False,False,From Corner,120.0,80.0,Pass,7,3,2,-28.4,11.6,-4.06,central_pass,93.8,61.9,half_space,True,19,11,4.12,0,0,0,8,4,5,118.0,39.2,1.83,0.73,central_penetration
ce3c5309-f67c-45f6-9ff3-354a958dc5f7,3857264,Argentina,Poland,Julián Álvarez,1,35,10,110.4,27.6,14.34,0.19083758,Saved,0,Open Play,Left Foot,False,False,Regular Play,55.6,69.0,Pass,16,5,4,54.8,54.9,3.42,central_pass,86.3,32.8,central,True,12,9,3.07,0,0,0,5,1,1,114.3,32.1,5.21,7.22,central_penetration
8b91032f-be4a-447e-82c2-11e12d18aeaa,3857264,Argentina,Poland,Julián Álvarez,1,42,9,102.4,27.0,20.01,0.03720347,Saved,0,Open Play,Right Foot,False,False,Regular Play,49.3,19.5,Pass,19,6,9,53.1,51.7,2.79,central_pass,90.8,35.2,central,True,16,10,1.57,0,1,1,9,2,4,118.7,38.8,1.19,1.1,central_penetration
79ac9bb8-7580-4f2f-86e4-03ddd04bc6a1,3857264,Argentina,Poland,Rodrigo Javier De Paul,1,42,10,112.2,40.3,7.14,0.3152717,Saved,0,Open Play,Other,False,False,Regular Play,49.3,19.5,Pass,20,6,10,62.9,65.8,3.15,,,,central,True,15,10,2.85,0,0,1,9,1,3,118.6,39.3,1.28,0.64,other
35801dfe-a2f0-4877-aaba-a022e4a8d356,3857264,Argentina,Poland,Ángel Fabián Di María Hernández,1,43,16,106.7,58.4,20.76,0.010134568,Saved,0,Open Play,Left Foot,False,False,Regular Play,38.5,68.0,Interception,21,2,4,68.2,63.5,3.25,central_pass,89.1,59.6,half_space,True,17,10,1.6,0,2,2,10,1,4,118.9,43.4,1.01,3.11,central_penetration
7a106f3b-d45b-4e5a-b272-eab6712a7aa9,3857264,Argentina,Poland,Alexis Mac Allister,2,45,53,106.0,46.7,14.19,0.107545994,Goal,1,Open Play,Right Foot,True,False,From Kick Off,60.0,40.0,Pass,53,17,15,46.0,44.5,0.87,cross,114.3,69.9,wide,True,16,10,4.31,0,0,0,6,1,1,118.0,42.1,1.83,1.92,wide_cross
12475fe7-5f96-4551-8b24-4099dcb63911,3857264,Poland,Argentina,Kamil Glik,2,49,0,108.8,43.5,10.73,0.04381306,Off T,0,Open Play,Head,False,True,From Free Kick,88.8,76.3,Pass,2,1,0,20.0,36.1,10.0,cross,88.8,76.3,wide,True,17,11,0.71,1,2,3,9,1,3,117.7,40.7,2.1,0.64,wide_cross
04959693-8bcc-4b30-84df-f926adc8e114,3857264,Poland,Argentina,Michał Skóraś,2,52,13,101.1,56.9,23.18,0.026707038,Blocked,0,Open Play,Left Foot,False,False,From Free Kick,30.4,19.4,Pass,11,4,3,70.7,66.6,6.43,central_pass,88.6,46.4,central,True,17,10,1.53,0,1,1,7,3,4,117.4,41.8,2.38,1.65,fast_counter
4e1e525e-379b-4e7e-ade8-5e5e7d25775b,3857264,Argentina,Poland,Lionel Andrés Messi Cuccittini,2,52,42,105.8,28.4,16.77,0.06119443,Wayward,0,Open Play,Left Foot,False,False,Regular Play,21.0,32.2,Ball Recovery,28,4,5,84.8,81.0,3.03,central_pass,34.7,30.5,central,False,0,8,1.72,0,1,1,7,1,2,117.8,36.1,2.01,3.57,central_penetration
30d12bdd-f6fe-4a11-aa23-0d06df56b410,3857264,Argentina,Poland,Lionel Andrés Messi Cuccittini,2,55,41,109.4,50.7,13.77,0.058334265,Wayward,0,Open Play,Left Foot,False,True,Regular Play,61.0,17.9,Duel,144,48,50,48.4,47.9,0.34,central_pass,86.0,61.5,half_space,True,15,9,0.94,2,2,2,7,1,1,117.3,43.4,2.47,3.11,central_penetration
0d3c66d5-64b8-4fd7-8955-ad27a86d6ec1,3857264,Argentina,Poland,Julián Álvarez,2,55,42,107.7,41.5,11.33,0.15200824,Blocked,0,Open Play,Left Foot,False,False,Regular Play,61.0,17.9,Duel,145,48,51,46.7,50.6,0.32,,,,central,True,17,10,2.38,0,0,1,8,2,2,117.8,41.5,2.01,1.37,slow_possession
7c0f9533-8699-4dff-b7e1-afcdc7dbe87e,3857264,Argentina,Poland,Alexis Mac Allister,2,60,38,106.0,46.0,13.93,0.13009955,Saved,0,Open Play,Left Foot,True,False,From Throw In,21.5,80.0,Pass,15,4,3,84.5,91.1,5.63,cutback,106.2,24.1,half_space,True,13,9,2.84,0,0,1,6,2,2,118.0,40.2,1.83,0.18,cutback
13ac6bf1-8ac2-4f2c-a084-f02bfe5e953f,3857264,Argentina,Poland,Lionel Andrés Messi Cuccittini,2,63,23,107.2,25.9,17.41,0.023947677,Blocked,0,Open Play,Left Foot,False,False,From Counter,81.8,28.2,Ball Recovery,5,0,3,25.4,20.9,5.08,,,,half_space,True,11,8,1.56,0,2,3,6,3,1,117.5,35.9,2.29,3.75,fast_counter
9cd13a7d-13be-4553-a2e1-b4bab349e413,3857264,Argentina,Poland,Julián Álvarez,2,66,57,106.0,33.5,14.11,0.10054177,Goal,1,Open Play,Right Foot,False,False,From Free Kick,70.9,4.6,Pass,67,27,28,35.1,45.1,0.52,central_pass,97.4,29.5,half_space,True,16,9,1.65,0,1,2,6,1,2,116.0,38.3,3.66,1.55,central_penetration
f75ddc65-a309-4ace-8d33-b1d6e87f86a0,3857264,Argentina,Poland,Lionel Andrés Messi Cuccittini,2,70,36,106.5,35.1,13.13,0.13232325,Saved,0,Open Play,Left Foot,True,False,Regular Play,46.7,59.8,Interception,122,51,38,59.8,61.6,0.49,cross,113.2,14.5,wide,True,15,9,1.75,0,1,1,7,2,3,117.8,37.5,2.01,2.29,wide_cross
b4da499b-ab6d-417f-8525-ff3d2be5a8d0,3857264,Argentina,Poland,Julián Álvarez,2,72,44,106.1,52.6,17.15,0.18145993,Off T,0,Open Play,Right Foot,False,False,From Throw In,75.1,80.0,Pass,32,12,11,31.0,41.4,0.97,through_ball,59.3,69.0,wide,True,9,5,1.24,0,1,1,2,1,0,112.7,46.8,6.68,6.22,central_penetration
325be693-18e2-4620-81c8-81ea1752639e,3857264,Argentina,Poland,Lautaro Javier Martínez,2,85,2,109.4,52.2,14.78,0.17955275,Off T,0,Open Play,Right Foot,False,False,From Free Kick,67.7,69.2,Pressure,4,0,1,41.7,43.7,10.43,,,,half_space,True,8,5,1.89,0,1,1,2,1,0,115.9,47.0,3.75,6.4,fast_counter
4a3d578a-c71a-4102-8e73-00bbcfce4ca0,3857264,Argentina,Poland,Nicolás Alejandro Tagliafico,2,91,58,108.2,30.2,14.03,0.22421487,Saved,0,Open Play,Left Foot,True,False,From Throw In,55.9,0.1,Pass,187,60,53,52.3,60.2,0.28,central_pass,90.5,31.6,central,True,16,10,2.74,0,0,1,6,1,1,111.3,33.3,7.96,6.13,central_penetration
7ae9c5f3-5dab-42f3-96d4-08afbfc9ec73,3857289,Mexico,Argentina,César Jasib Montes Castro,1,9,14,107.6,38.6,11.41,0.0988946,Off T,0,Open Play,Left Foot,True,True,From Free Kick,85.9,12.7,Pass,2,1,0,21.7,31.2,10.85,cross,85.9,12.7,wide,True,17,11,1.32,0,2,3,8,1,4,117.2,39.8,2.56,0.18,wide_cross
38bd31c7-218f-4373-a732-7b05947ebadb,3857289,Argentina,Mexico,Lautaro Javier Martínez,1,39,59,112.7,39.5,6.69,0.13799548,Off T,0,Open Play,Head,False,True,From Corner,120.0,80.0,Pass,4,2,0,-7.3,32.7,-1.82,cross,101.7,68.8,wide,True,19,11,0.91,1,2,3,8,1,4,118.9,40.0,1.01,0.0,wide_cross
386194e2-f332-4e3d-8962-7fddd86558c6,3857289,Mexico,Argentina,Ernesto Alexis Vega Rojas,1,44,17,92.4,35.8,25.53,0.05948228,Saved,0,Free Kick,Right Foot,False,False,From Free Kick,92.4,35.8,Shot,0,0,0,0.0,0.0,,,,,central,True,20,11,9.51,0,0,0,11,3,4,118.2,40.4,1.65,0.37,set_piece
b92a7d35-3e47-48f3-925c-abb6989e7cc6,3857289,Mexico,Argentina,Ernesto Alexis Vega Rojas,1,49,14,92.8,23.0,29.33,0.0077116457,Off T,0,Open Play,Right Foot,False,False,From Throw In,74.0,0.1,Pass,4,0,1,18.8,28.8,4.7,,,,half_space,True,16,9,4.41,0,0,0,1,1,0,116.8,37.4,2.93,2.38,other
ec065036-3267-4763-ba54-8754d13eed39,3857289,Mexico,Argentina,Hirving Rodrigo Lozano Bahena,2,47,14,93.5,36.8,24.41,0.040303126,Blocked,0,Open Play,Right Foot,False,False,From Free Kick,29.2,64.9,Pass,29,3,2,64.3,67.5,2.22,central_pass,40.8,19.4,half_space,True,9,6,1.73,0,1,1,1,1,0,116.3,40.7,3.38,0.64,central_penetration
ea768ca3-bacd-4f68-98d2-15b40db162f8,3857289,Argentina,Mexico,Lionel Andrés Messi Cuccittini,2,50,59,94.8,41.9,23.11,0.067327775,Off T,0,Free Kick,Left Foot,False,False,From Free Kick,94.8,41.9,Shot,0,0,0,0.0,0.0,,,,,central,True,20,11,8.69,0,0,0,11,4,7,118.6,38.3,1.28,1.55,set_piece
70e7f361-0036-4d20-a401-2e4afbd31e5a,3857289,Argentina,Mexico,Lionel Andrés Messi Cuccittini,2,63,32,94.9,37.4,23.07,0.033919714,Goal,1,Open Play,Left Foot,False,False,From Goal Kick,7.0,36.1,Pass,24,7,6,87.9,87.8,3.66,other,97.4,68.5,wide,True,17,10,1.37,0,1,1,2,2,0,117.1,39.4,2.65,0.55,other
2e74ba6a-04dc-42e1-89f4-2370b22fb66c,3857289,Argentina,Mexico,Nahuel Molina Lucero,2,69,39,101.5,49.2,18.89,0.050896797,Off T,0,Open Play,Right Foot,True,False,From Throw In,83.1,0.1,Pass,12,5,3,18.4,33.7,1.53,cross,106.6,10.2,wide,True,16,9,9.58,0,0,0,7,1,2,117.8,41.9,2.01,1.74,wide_cross
459d3411-945a-436f-b6eb-f7701b89cff7,3857289,Argentina,Mexico,Enzo Fernandez,2,86,39,106.5,22.8,19.99,0.035064373,Goal,1,Open Play,Right Foot,False,False,From Corner,120.0,0.1,Pass,5,2,4,-13.5,18.0,-2.7,cutback,108.9,8.8,wide,True,18,10,1.39,0,1,2,9,1,3,117.9,36.7,1.92,3.02,cutback
da4dd724-c729-4200-935c-84741b3d8d1b,3869254,Switzerland,Portugal,Breel-Donald Embolo,1,4,56,104.1,27.2,18.66,0.06137733,Blocked,0,Open Play,Left Foot,False,False,Regular Play,74.3,48.3,Pass,6,1,1,29.8,26.0,4.97,central_pass,74.3,48.3,central,True,15,8,1.47,0,1,1,6,1,2,117.7,37.3,2.1,2.47,central_penetration
4702956b-c7d2-4b36-848c-4057f688bba0,3869254,Portugal,Switzerland,Gonçalo Matias Ramos,1,16,43,111.3,27.5,13.93,0.10102074,Goal,1,Open Play,Left Foot,False,False,From Throw In,100.4,0.1,Pass,5,2,2,10.9,29.2,2.18,other,99.2,16.0,wide,True,16,10,0.83,1,1,1,7,1,2,119.1,36.7,0.82,3.02,other
3e9b1782-21f4-4684-a2b4-7fcb434e81d2,3869254,Portugal,Switzerland,Otávio Edmilson da Silva Monteiro,1,21,3,101.4,36.8,17.26,0.032515083,Saved,0,Open Play,Right Foot,True,False,From Free Kick,37.5,36.4,Pass,55,17,15,63.9,63.7,1.16,central_pass,108.2,38.9,central,True,16,9,1.56,0,1,2,7,3,3,118.1,39.1,1.74,0.82,central_penetration
d3210de8-2efb-482c-b44b-f983e5cdf53b,3869254,Portugal,Switzerland,Gonçalo Matias Ramos,1,21,54,100.7,32.2,19.03,0.072023906,Saved,0,Open Play,Right Foot,True,False,Regular Play,18.6,11.0,Pass,12,5,8,82.1,84.6,6.84,,,,central,True,9,7,2.47,0,0,1,2,1,0,117.0,38.7,2.74,1.19,fast_counter
171eaf4b-d43f-41e0-bdcd-599702a496ec,3869254,Switzerland,Portugal,Xherdan Shaqiri,1,29,38,87.2,46.1,30.51,0.023890225,Saved,0,Free Kick,Left Foot,False,False,From Free Kick,87.2,46.1,Shot,0,0,0,0.0,0.0,,,,,central,True,19,11,9.15,0,0,0,1,4,0,118.0,40.1,1.83,0.09,set_piece
92f8ddc9-eb11-486b-b917-e6adc5ddcb84,3869254,Portugal,Switzerland,Kléper Laveran Lima Ferreira,1,32,35,114.3,40.0,5.21,0.12779379,Goal,1,Open Play,Head,False,True,From Corner,120.0,80.0,Pass,2,1,0,-5.7,34.3,-2.85,cutback,120.0,80.0,wide,True,19,11,0.55,2,3,4,10,2,4,119.4,39.8,0.55,0.18,cutback
5ffa5b27-1e0e-410e-8950-32d831432910,3869254,Switzerland,Portugal,Remo Freuler,1,37,32,115.9,44.0,5.24,0.2948616,Saved,0,Open Play,Head,False,False,From Throw In,89.4,0.1,Pass,13,2,2,26.5,44.6,2.04,,,,central,True,15,9,1.4,0,1,1,7,1,4,117.2,43.2,2.56,2.93,other
c46ab3f1-2c95-44e7-80d3-a63693f56e70,3869254,Switzerland,Portugal,Fabian Lukas Schär,1,37,36,99.9,53.7,22.24,0.024413843,Off T,0,Open Play,Right Foot,False,False,From Throw In,89.4,0.1,Pass,17,2,3,10.5,26.0,0.62,,,,half_space,True,17,10,2.44,0,0,2,6,2,5,116.4,41.6,3.29,1.46,other
6e8ce1fe-2cc7-499d-a137-df556d0ce758,3869254,Portugal,Switzerland,Gonçalo Matias Ramos,1,42,11,107.5,33.4,12.93,0.31703457,Saved,0,Open Play,Left Foot,True,False,Regular Play,13.0,49.3,Ball Recovery,15,5,4,94.5,93.3,6.3,through_ball,78.3,48.5,central,True,7,5,2.75,0,0,1,3,1,1,115.3,37.8,4.3,2.01,central_penetration
73b29321-0a25-4f7f-b226-23cc581db422,3869254,Portugal,Switzerland,Raphaël Adelino José Guerreiro,1,47,18,96.0,25.0,25.88,0.021823613,Off T,0,Open Play,Left Foot,False,False,From Corner,120.0,80.0,Pass,17,4,3,-24.0,11.7,-1.41,central_pass,86.4,56.9,half_space,True,17,10,3.48,0,0,0,7,2,3,118.1,37.9,1.74,1.92,central_penetration
4232fdf4-5a2b-47bf-ae3b-0f5fdeea3684,3869254,Portugal,Switzerland,Gonçalo Matias Ramos,2,48,11,114.4,35.1,6.8,0.09938955,Wayward,0,Open Play,Head,False,True,From Corner,120.0,0.1,Pass,2,1,0,-5.6,32.5,-2.8,cutback,120.0,0.1,wide,True,18,11,0.59,2,2,2,11,2,4,119.2,38.5,0.73,1.37,cutback
37c91977-3d8e-42a7-8368-806c40c8e9fc,3869254,Portugal,Switzerland,Gonçalo Matias Ramos,2,50,5,115.8,44.4,5.56,0.5086819,Goal,1,Open Play,Left Foot,True,False,Regular Play,45.9,47.6,Duel,24,3,5,69.9,68.4,2.91,,,,central,True,15,9,0.75,1,1,2,8,1,3,118.7,43.4,1.19,3.11,other
86b9f4b6-512c-426b-aa0a-9d2295994d50,3869254,Portugal,Switzerland,João Félix Sequeira,2,52,32,103.5,26.4,19.55,0.043932665,Blocked,0,Open Play,Left Foot,False,True,From Counter,69.9,14.5,Pass,5,1,1,33.6,34.8,6.72,other,69.9,14.5,wide,True,12,7,1.37,0,1,1,4,1,2,117.1,37.9,2.65,1.92,fast_counter
0fccbaee-00d4-4124-af20-9740849940b4,3869254,Portugal,Switzerland,Kléper Laveran Lima Ferreira,2,53,20,110.8,35.6,9.33,0.05800441,Wayward,0,Open Play,Head,False,True,From Corner,120.0,80.0,Pass,2,1,0,-9.2,29.8,-4.6,cutback,120.0,80.0,wide,True,18,11,0.55,1,1,2,10,1,4,119.0,39.5,0.91,0.46,cutback
4ed9fca8-dccc-4c44-ba66-76783239ad29,3869254,Portugal,Switzerland,Raphaël Adelino José Guerreiro,2,54,55,110.9,32.4,10.84,0.35848966,Goal,1,Open Play,Left Foot,False,True,From Free Kick,25.8,14.4,Pass,16,7,5,85.1,85.8,5.32,central_pass,89.0,34.9,central,True,11,6,1.47,0,1,1,5,1,3,115.7,37.8,3.93,2.01,central_penetration
2b86a444-5696-4c2d-ba7f-837ec9756684,3869254,Switzerland,Portugal,Manuel Obafemi Akanji,2,57,5,118.7,35.4,4.37,0.6688656,Goal,1,Open Play,Right Foot,True,False,From Corner,120.0,80.0,Pass,2,0,0,-1.3,35.2,-0.65,,,,central,True,20,11,2.66,0,0,1,11,0,6,118.3,41.8,1.55,1.65,other
9cc86132-6a78-440a-b926-2926ddd6946f,3869254,Switzerland,Portugal,Xherdan Shaqiri,2,65,21,101.7,63.9,27.52,0.007870479,Wayward,0,Open Play,Left Foot,False,False,From Throw In,107.7,80.0,Pass,5,3,3,-6.0,11.7,-1.2,cutback,109.1,77.3,wide,True,20,11,3.26,0,0,0,7,1,4,117.2,41.5,2.56,1.37,cutback
ec8bd928-b9e8-44ae-b2a1-3e12b7d38a87,3869254,Portugal,Switzerland,Gonçalo Matias Ramos,2,66,12,112.6,45.8,8.6,0.46699882,Goal,1,Open Play,Right Foot,False,True,From Goal Kick,6.0,36.0,Pass,15,3,4,106.6,104.7,7.11,through_ball,94.4,45.4,central,True,11,7,1.94,0,1,1,5,1,0,114.2,44.4,5.3,4.02,central_penetration
624cffee-e13c-4020-8af2-efcf3760783c,3869254,Switzerland,Portugal,Denis Lemi Zakaria Lako Lado,2,70,10,97.5,36.4,20.84,0.04188712,Blocked,0,Open Play,Right Foot,False,False,From Throw In,107.3,0.1,Pass,6,2,2,-9.8,19.1,-1.63,central_pass,99.6,22.5,half_space,False,0,11,1.27,0,1,1,5,2,2,116.5,38.2,3.2,1.65,central_penetration
a05207c2-0497-47a5-8b62-242766a4266d,3869254,Portugal,Switzerland,Cristiano Ronaldo dos Santos Aveiro,2,75,51,88.9,44.9,28.79,0.028790973,Blocked,0,Free Kick,Right Foot,False,False,From Free Kick,88.9,44.9,Shot,0,0,0,0.0,0.0,,,,,central,True,18,11,10.24,0,0,0,1,3,0,118.5,40.3,1.37,0.27,set_piece
8a9e1974-0ef0-4911-b167-4dd9d77bdc8d,3869254,Switzerland,Portugal,Breel-Donald Embolo,2,79,35,102.1,39.2,16.38,0.032889098,Blocked,0,Open Play,Right Foot,False,True,Regular Play,34.1,48.9,Ball Recovery,20,4,5,68.0,68.4,3.4,other,91.8,63.7,wide,True,16,10,0.75,1,1,1,4,1,2,117.6,40.0,2.19,0.0,other
47d48ad1-0bec-4db0-89fa-69f2064e2eee,3869254,Switzerland,Portugal,Granit Xhaka,2,80,12,113.2,34.5,8.0,0.0836758,Off T,0,Open Play,Head,False,True,From Corner,120.0,0.1,Pass,1,1,0,-6.8,31.2,-6.8,cutback,120.0,0.1,wide,True,19,11,0.47,1,3,4,11,1,6,118.7,39.0,1.19,0.91,cutback
5df2ae77-2cbb-4d69-8bb4-36c4f4d8aea5,3869254,Switzerland,Portugal,Noah Okafor,2,84,57,108.4,23.1,18.74,0.032096077,Blocked,0,Open Play,Right Foot,False,False,Regular Play,58.0,8.6,Pass,32,10,10,50.4,49.0,1.57,central_pass,76.4,41.2,central,True,17,10,0.92,1,2,2,9,1,3,117.9,37.5,1.92,2.29,central_penetration
b454f46a-01f5-4f67-9b6b-994573c64ca9,3869254,Portugal,Switzerland,Rafael Alexandre Conceição Leão,2,91,12,105.0,21.7,21.64,0.010257767,Goal,1,Open Play,Right Foot,False,True,From Free Kick,7.3,33.0,Pass,52,18,16,97.7,89.3,1.88,other,80.7,12.6,wide,True,12,6,1.01,0,1,2,6,1,2,117.9,37.1,1.92,2.65,slow_possession
3d1a05c1-c580-458e-bbce-636412e359fb,3869254,Portugal,Switzerland,Rúben Santos Gato Alves Dias,2,93,45,108.0,41.9,11.11,0.03750256,Blocked,0,Open Play,Head,False,False,From Corner,120.0,80.0,Pass,1,1,0,-12.0,27.9,-12.0,cutback,120.0,80.0,wide,True,16,11,1.35,0,1,3,10,2,4,118.4,40.9,1.46,0.82,cutback
eca22731-e62f-4c63-98c5-55f4f5357216,3869118,England,Senegal,John Stones,1,20,25,113.5,45.4,7.73,0.08366814,Off T,0,Open Play,Other,False,False,From Corner,120.0,80.0,Pass,1,1,1,-6.5,31.5,-6.5,cutback,120.0,80.0,wide,True,18,11,0.49,1,3,4,11,1,5,119.0,40.9,0.91,0.82,cutback
b1746c86-d6a4-4310-bdf8-bb5e795948c2,3869118,Senegal,England,Boulaye Dia,1,21,59,108.6,42.7,10.71,0.05336251,Blocked,0,Open Play,Right Foot,True,False,Regular Play,65.9,48.5,Ball Recovery,10,1,2,42.7,43.0,4.27,cross,101.5,67.8,wide,True,10,6,0.75,1,1,1,6,2,1,117.9,41.1,1.92,1.01,fast_counter
aa2725c3-bc6b-4f5b-9865-2cd84124cb40,3869118,Senegal,England,Ismaïla Sarr,1,22,0,115.7,40.5,3.96,0.629174,Off T,0,Open Play,Right Foot,True,False,Regular Play,65.9,48.5,Ball Recovery,11,1,2,49.8,50.4,4.53,,,,central,True,9,6,1.29,0,1,1,6,1,1,117.1,40.7,2.65,0.64,fast_counter
21b0a72e-9edd-405b-a6aa-edf3c20ff8e3,3869118,Senegal,England,Boulaye Dia,1,31,1,112.8,28.9,12.1,0.0358749,Saved,0,Open Play,Left Foot,True,False,From Free Kick,61.8,13.0,Pass,95,26,21,51.0,50.9,0.54,central_pass,98.9,31.4,central,True,14,9,1.02,0,1,1,6,2,3,118.5,36.5,1.37,3.2,central_penetration
8dd1ce3c-8097-412a-9951-4939e15903f3,3869118,England,Senegal,Jordan Brian Henderson,1,38,0,107.6,38.0,11.49,0.13174866,Goal,1,Open Play,Left Foot,True,False,From Goal Kick,6.0,36.0,Pass,15,7,5,101.6,101.5,6.77,central_pass,106.9,21.3,half_space,True,10,6,1.82,0,1,2,6,1,2,115.9,36.9,3.75,2.83,central_penetration
95d72a08-3916-4d54-85b4-e3777d7f9163,3869118,England,Senegal,Harry Kane,1,40,39,110.0,39.3,9.17,0.18422936,Off T,0,Open Play,Right Foot,True,False,From Goal Kick,6.0,44.0,Pass,10,2,1,104.0,104.0,10.4,cross,112.9,61.8,half_space,True,14,9,1.88,0,1,2,7,2,3,118.9,41.3,1.01,1.19,fast_counter
4d429090-9143-4daa-ac16-ed3c8963ad7b,3869118,England,Senegal,Harry Kane,1,47,17,104.3,50.7,17.37,0.20664306,Goal,1,Open Play,Right Foot,False,True,Regular Play,26.7,41.6,Ball Recovery,11,2,3,77.6,74.3,7.05,,,,half_space,True,11,7,1.04,0,1,1,3,1,1,112.3,46.0,7.04,5.49,fast_counter
2c5975d3-1c82-4dd5-9645-651ae8eb5b8f,3869118,Senegal,England,Pape Matar Sarr,2,49,10,92.8,35.2,25.26,0.018660808,Off T,0,Open Play,Left Foot,True,False,Regular Play,26.7,42.1,Duel,29,5,5,66.1,65.7,2.28,,,,central,True,17,10,0.73,1,1,1,7,3,2,117.4,38.9,2.38,1.01,other
3ad6ec4f-2f39-41df-ade5-a91827872206,3869118,England,Senegal,Bukayo Saka,2,53,40,107.7,53.4,16.63,0.03518777,Off T,0,Open Play,Right Foot,False,False,Regular Play,64.4,17.8,Duel,6,1,2,43.3,41.7,7.22,central_pass,87.3,35.6,central,True,13,8,1.7,0,1,1,5,2,1,116.6,44.0,3.11,3.66,fast_counter
60b34d82-7a7b-4b3a-ba28-7ec704a0941a,3869118,England,Senegal,Harry Kane,2,55,45,90.5,27.1,29.44,0.015214441,Saved,0,Open Play,Right Foot,False,False,From Goal Kick,7.0,44.1,Pass,45,8,10,83.5,80.9,1.86,other,88.1,3.5,wide,True,17,11,3.31,0,0,0,4,2,0,116.9,38.4,2.83,1.46,slow_possession
541395bf-9398-4670-887e-e79c1a8ba223,3869118,England,Senegal,Bukayo Saka,2,56,43,111.0,35.9,9.04,0.21738943,Goal,1,Open Play,Left Foot,True,True,Regular Play,43.9,28.2,Pass,11,4,7,67.1,67.1,6.1,cross,105.7,14.5,wide,True,12,7,0.73,1,1,1,4,1,1,114.2,37.2,5.3,2.56,fast_counter
acf5fa91-3fee-4042-85a7-97dfc596d6d9,3869118,Senegal,England,Pape Matar Sarr,2,68,25,89.0,36.2,28.56,0.013223637,Blocked,0,Open Play,Right Foot,False,False,From Free Kick,36.2,74.9,Pass,22,5,5,52.8,59.5,2.4,central_pass,97.9,31.2,central,True,16,10,1.93,0,1,1,2,3,0,117.9,39.7,1.92,0.27,central_penetration
64294436-c0e0-4e75-a6de-abd93a212c4e,3869118,Senegal,England,Pape Matar Sarr,2,73,18,87.8,49.9,30.8,0.021199826,Off T,0,Free Kick,Right Foot,False,False,From Free Kick,87.8,49.9,Shot,0,0,0,0.0,0.0,,,,,central,True,20,11,9.07,0,0,0,7,4,5,118.8,39.8,1.1,0.18,set_piece
f04052f9-712a-4992-a561-b3a46bb0d53b,3869118,Senegal,England,Ismaïla Sarr,2,83,38,111.6,39.3,7.71,0.107544675,Off T,0,Open Play,Head,False,False,Regular Play,31.8,12.8,Pass,61,18,14,79.8,83.9,1.31,cross,94.0,4.6,wide,True,15,10,0.98,1,2,2,8,1,3,118.0,40.2,1.83,0.18,wide_cross
1cf6fa6b-f9f5-46ae-af7f-af287afdfdcd,3869118,Senegal,England,Pape Gueye,2,86,12,96.7,52.4,24.13,0.027956013,Blocked,0,Open Play,Left Foot,False,False,From Throw In,107.4,80.0,Pass,4,1,1,-10.7,15.5,-2.67,cutback,107.4,80.0,wide,True,17,11,0.9,1,2,2,5,2,3,117.5,42.2,2.29,2.01,cutback
eea1e7de-b4fb-4e1a-81bf-43a79ad5d467,3869118,Senegal,England,Pape Matar Sarr,2,88,51,93.1,38.3,24.65,0.032847784,Off T,0,Open Play,Right Foot,True,False,From Free Kick,50.8,64.6,Pass,26,9,5,42.3,46.5,1.63,central_pass,111.5,39.5,central,True,16,11,5.02,0,0,0,7,3,2,118.7,40.6,1.19,0.55,central_penetration
9c16738b-cf6c-4669-a694-276a322ff6d8,3869118,England,Senegal,Marcus Rashford,2,90,23,117.8,45.9,5.76,0.1459426,Off T,0,Open Play,Right Foot,True,True,From Goal Kick,7.0,44.1,Pass,55,12,13,110.8,106.8,2.01,cross,117.2,22.5,half_space,True,14,9,0.55,1,1,1,9,1,3,119.1,42.7,0.82,2.47,wide_cross
8ea7d7fe-7f86-4c68-be76-1dbe52730c60,3869118,Senegal,England,Cheikh Ahmadou Bamba Mbacke Dieng,2,92,22,94.0,54.7,27.31,0.03296228,Blocked,0,Free Kick,Right Foot,False,False,From Free Kick,94.0,54.7,Shot,0,0,0,0.0,0.0,,,,,half_space,True,19,11,8.76,0,0,0,11,5,6,119.0,40.2,0.91,0.18,set_piece
50d88cc2-208f-4272-9156-ea9f0049c8bc,3869519,Croatia,Argentina,Dejan Lovren,1,15,52,115.0,27.7,12.14,0.014029023,Off T,0,Open Play,Head,False,True,From Corner,120.0,80.0,Pass,7,4,3,-5.0,26.7,-0.71,cross,112.7,75.3,wide,False,0,11,0.65,1,2,2,10,2,5,118.3,36.7,1.55,3.02,wide_cross
e0e3e4da-8a23-4e2c-b4d2-b7bef8feb9fe,3869519,Argentina,Croatia,Enzo Fernandez,1,24,35,93.1,36.9,24.76,0.027808638,Saved,0,Open Play,Right Foot,False,False,From Throw In,77.7,80.0,Pass,10,3,3,15.4,31.1,1.54,central_pass,91.3,36.6,central,True,19,11,2.95,0,0,1,1,2,0,118.5,39.9,1.37,0.09,central_penetration
7c8c6f80-da85-4be8-a5cf-34f58c51a82e,3869519,Croatia,Argentina,Ivan Perišić,1,30,33,106.9,23.2,19.48,0.034139045,Off T,0,Open Play,Right Foot,False,False,From Throw In,101.0,80.0,Pass,60,16,19,5.9,23.0,0.1,central_pass,88.5,29.6,half_space,False,0,9,1.01,0,2,2,7,2,3,118.2,36.6,1.65,3.11,central_penetration
dcc38d2c-1610-4362-bb0c-2fd6aa28c5bf,3869519,Argentina,Croatia,Julián Álvarez,1,38,26,112.7,37.4,7.09,0.36172354,Goal,1,Open Play,Right Foot,False,False,From Counter,21.2,47.8,Pass,11,1,3,91.5,91.4,8.32,,,,central,False,0,7,1.7,0,1,2,6,1,2,114.9,38.5,4.66,1.37,fast_counter
0c16abd3-e136-40dd-8dd5-37d9587c4f41,3869519,Argentina,Croatia,Rodrigo Javier De Paul,1,40,49,95.6,51.4,24.63,0.027667157,Blocked,0,Open Play,Right Foot,False,False,Regular Play,27.8,20.6,Ball Recovery,32,9,10,67.8,67.3,2.12,central_pass,94.3,32.7,central,True,16,10,5.76,0,0,0,5,1,3,117.5,42.1,2.29,1.92,central_penetration
bd13c135-d873-447b-9433-76e78e8f0bf4,3869519,Argentina,Croatia,Alexis Mac Allister,1,41,53,113.5,32.8,8.87,0.0684051,Saved,0,Open Play,Head,False,False,From Corner,120.0,0.1,Pass,1,1,0,-6.5,30.2,-6.5,cutback,120.0,0.1,wide,True,18,11,0.98,1,2,2,11,1,4,119.2,37.3,0.73,2.47,cutback
3ad82358-d787-4d98-b0e2-0e349b05e17b,3869519,Croatia,Argentina,Luka Modrić,1,44,48,92.9,46.3,25.44,0.026162526,Blocked,0,Open Play,Right Foot,False,False,From Throw In,81.4,0.1,Pass,37,14,13,11.5,27.7,0.31,central_pass,96.7,35.3,central,True,18,10,4.94,0,0,0,3,2,3,117.5,40.1,2.29,0.09,central_penetration
ac624dbe-5398-41b5-98c7-1fafe57fde8c,3869519,Croatia,Argentina,Mario Pašalić,1,44,53,119.4,45.8,5.33,0.07864248,Off T,0,Open Play,Right Foot,True,False,From Throw In,81.4,0.1,Pass,42,15,14,38.0,49.7,0.9,,,,central,True,16,10,1.66,0,1,2,8,0,3,119.2,44.0,0.73,3.66,slow_possession
c9b5444c-548d-4936-af96-3f376dc1cdc6,3869519,Argentina,Croatia,Leandro Daniel Paredes,2,48,26,85.0,44.8,32.3,0.014370957,Saved,0,Open Play,Right Foot,False,False,Regular Play,10.5,55.7,Ball Recovery,38,5,8,74.5,75.3,1.96,central_pass,91.6,36.2,central,True,18,10,5.7,0,0,0,3,1,1,118.3,41.0,1.55,0.91,central_penetration
a78187f3-3fb7-4c35-9d65-aef9e119c5b2,3869519,Argentina,Croatia,Lionel Andrés Messi Cuccittini,2,57,5,112.7,30.1,11.25,0.10581502,Saved,0,Open Play,Left Foot,False,True,Regular Play,74.2,15.8,Ball Recovery,35,14,11,38.5,39.5,1.1,central_pass,101.9,30.7,central,True,13,7,0.91,1,1,1,7,1,3,117.4,35.4,2.38,4.21,central_penetration
9129598e-2e12-425b-b2df-d1a8842360a9,3869519,Croatia,Argentina,Mislav Oršić,2,57,35,98.4,22.8,25.25,0.021008598,Blocked,0,Open Play,Right Foot,False,False,From Free Kick,6.1,62.4,Pass,17,3,4,92.3,88.5,5.43,central_pass,88.2,18.4,half_space,False,0,8,3.36,0,0,0,6,2,3,117.5,37.0,2.29,2.74,central_penetration
a45cedf5-7079-4551-b949-3c2fb3e87ced,3869519,Croatia,Argentina,Dejan Lovren,2,61,47,112.7,40.1,6.68,0.09374543,Blocked,0,Open Play,Head,False,True,From Free Kick,91.8,5.4,Pass,2,1,0,20.9,37.3,10.45,cross,91.8,5.4,wide,True,17,10,0.86,2,3,4,9,1,6,118.8,40.9,1.1,0.82,wide_cross
60dc7f46-0b61-4198-ae9d-c11c096367dc,3869519,Argentina,Croatia,Julián Álvarez,2,68,46,113.3,45.4,7.87,0.33366448,Goal,1,Open Play,Right Foot,True,False,From Throw In,42.5,80.0,Pass,14,3,5,70.8,78.6,5.06,cross,116.9,53.1,half_space,False,0,7,1.49,0,1,3,7,1,3,119.1,42.7,0.82,2.47,wide_cross
a6005746-15eb-4174-8219-636c9527c20a,3869519,Croatia,Argentina,Ivan Perišić,2,72,14,82.3,43.9,34.66,0.00752127,Saved,0,Free Kick,Left Foot,False,False,From Free Kick,82.3,43.9,Shot,0,0,0,0.0,0.0,,,,,central,True,21,11,10.88,0,0,0,1,3,0,118.0,40.3,1.83,0.27,set_piece
0b6069ca-0918-46e8-a488-4352f631492c,3869519,Croatia,Argentina,Ivan Perišić,2,74,54,85.8,21.3,35.64,0.0058680973,Off T,0,Open Play,Left Foot,False,False,From Throw In,88.0,80.0,Pass,7,2,2,-2.2,12.2,-0.31,central_pass,63.4,55.9,half_space,True,19,10,2.09,0,0,1,1,2,0,117.1,39.7,2.65,0.27,central_penetration
01404c8b-76a5-4187-907c-eef491c0f621,3869519,Croatia,Argentina,Mislav Oršić,2,77,39,108.0,21.9,19.86,0.011610668,Off T,0,Open Play,Right Foot,False,False,Regular Play,79.1,20.5,Interception,9,1,2,28.9,23.6,3.21,other,102.0,4.7,wide,False,0,9,2.5,0,0,2,8,1,3,117.5,37.0,2.29,2.74,other
7eb91d56-2d0f-48ba-8df3-e418d4b13f34,3869519,Argentina,Croatia,Alexis Mac Allister,2,82,12,107.1,46.7,13.29,0.14140838,Off T,0,Open Play,Right Foot,True,False,From Free Kick,82.4,29.2,Pass,4,2,0,24.7,24.6,6.17,through_ball,100.2,30.9,central,True,15,10,3.28,0,0,0,6,1,2,116.9,41.8,2.83,1.65,central_penetration
94203fde-cbb9-49b4-962f-3181068dd3c5,3869519,Croatia,Argentina,Lovro Majer,2,88,23,96.0,35.4,22.35,0.044770177,Saved,0,Open Play,Left Foot,False,False,From Throw In,41.5,0.1,Pass,17,9,10,54.5,63.6,3.21,central_pass,82.4,20.1,half_space,False,0,9,2.03,0,0,1,1,1,0,117.9,39.9,1.92,0.09,central_penetration
eaa7a5c6-53c3-4da4-bc61-fea93e29c0d9,3869519,Croatia,Argentina,Nikola Vlašić,2,92,51,103.6,52.3,18.75,0.049129687,Off T,0,Open Play,Left Foot,False,False,From Corner,120.0,80.0,Pass,17,2,3,-16.4,19.5,-0.96,central_pass,79.6,60.2,half_space,True,17,10,2.37,0,0,2,9,1,5,117.5,42.4,2.29,2.19,central_penetration
3dabf30e-401c-49ad-8976-4b124b1b7a6c,3869519,Croatia,Argentina,Dejan Lovren,2,94,53,89.3,36.5,28.25,0.02342664,Off T,0,Open Play,Left Foot,False,False,Regular Play,12.6,6.3,Duel,25,8,9,76.7,81.7,3.07,central_pass,94.5,47.2,central,True,18,10,4.34,0,0,0,5,2,1,118.3,39.9,1.55,0.09,central_penetration
18d5acc3-d2c4-4a3f-b3de-3d8714000f03,3869354,England,France,Philip Foden,1,3,17,100.2,40.0,18.11,0.022691524,Blocked,0,Open Play,Left Foot,False,False,Regular Play,95.7,73.0,Ball Recovery,4,1,2,4.5,21.2,1.12,other,94.7,64.7,wide,True,14,9,1.15,0,2,3,3,2,1,117.1,40.7,2.65,0.64,high_turnover
76a926ab-d769-4f19-97da-d7d329d90325,3869354,France,England,Olivier Giroud,1,10,35,110.3,38.2,9.02,0.21537142,Saved,0,Open Play,Head,False,False,Regular Play,56.3,61.1,Pass,10,5,3,54.0,57.2,5.4,cross,104.7,75.0,wide,True,13,8,1.16,0,1,1,7,1,2,119.1,40.4,0.82,0.37,fast_counter
392c7c17-aff2-48c8-becc-d23b5bf60640,3869354,France,England,Aurélien Djani Tchouaméni,1,16,22,92.5,43.5,25.35,0.027870113,Goal,1,Open Play,Right Foot,False,False,Regular Play,14.9,7.3,Ball Recovery,23,6,9,77.6,82.3,3.37,central_pass,98.8,55.7,half_space,True,18,10,1.94,0,1,1,6,1,3,118.9,40.6,1.01,0.55,central_penetration
7bc4f065-24a9-4401-ac37-90aedc8f7b86,3869354,England,France,Luke Shaw,1,20,8,98.0,53.2,23.46,0.05589417,Saved,0,Free Kick,Left Foot,False,False,From Free Kick,98.0,53.2,Shot,0,0,0,0.0,0.0,,,,,half_space,True,19,11,9.29,0,0,0,10,4,7,118.2,39.7,1.65,0.27,set_piece
c60b4259-2ba3-4496-927f-331d9c2ec9d1,3869354,England,France,Harry Kane,1,21,29,113.6,52.2,12.6,0.07522586,Saved,0,Open Play,Right Foot,True,False,From Throw In,69.8,80.0,Pass,45,11,12,43.8,50.4,0.97,other,87.8,73.6,wide,True,13,8,1.19,0,2,3,8,1,4,114.5,50.2,5.03,9.33,slow_possession
7698af86-50b1-41d3-a751-88cbb32b875d,3869354,England,France,Jude Bellingham,1,21,33,117.3,35.7,4.64,0.21807538,Blocked,0,Open Play,Head,False,True,From Throw In,69.8,80.0,Pass,49,12,12,47.5,59.1,0.97,cross,112.8,55.4,half_space,True,13,8,1.04,0,2,3,8,2,4,118.1,42.6,1.74,2.38,wide_cross
f7fdf23a-a5e9-4e7f-ba8d-40bc6379b9b0,3869354,England,France,Harry Kane,1,28,30,96.7,57.1,26.43,0.018916143,Saved,0,Open Play,Right Foot,False,False,From Throw In,89.5,80.0,Pass,18,3,4,7.2,21.4,0.4,central_pass,92.0,41.0,central,True,18,10,4.77,0,0,0,6,1,2,118.8,40.8,1.1,0.73,central_penetration
b9ca208b-744a-482c-acbb-a25025ebb258,3869354,France,England,Kylian Mbappé Lottin,1,38,45,107.9,32.9,12.83,0.06798863,Off T,0,Open Play,Left Foot,True,False,From Free Kick,83.3,25.7,Pass,5,3,1,24.6,25.4,4.92,cross,118.4,23.7,half_space,True,18,11,3.88,0,0,0,11,3,6,119.0,37.4,0.91,2.38,wide_cross
1005a0cd-efda-4b12-92a0-edec3f740581,3869354,England,France,Jude Bellingham,2,46,36,101.1,48.0,18.77,0.046397094,Saved,0,Open Play,Right Foot,True,False,From Corner,120.0,0.1,Pass,5,1,0,-18.9,19.4,-3.78,central_pass,99.9,56.4,half_space,True,19,11,3.32,0,0,0,9,1,5,119.2,41.6,0.73,1.46,central_penetration
faf2becb-95e5-4cc5-b77e-208679268e05,3869354,England,France,Harry Maguire,2,47,13,116.2,30.9,9.02,0.048588943,Blocked,0,Open Play,Head,False,True,From Corner,120.0,80.0,Pass,3,1,0,-3.8,30.1,-1.27,cutback,120.0,80.0,wide,True,17,10,0.67,1,2,3,10,0,5,117.2,32.0,2.56,7.32,cutback
974d20e3-92b3-4061-9d97-e56ced377069,3869354,England,France,Jordan Brian Henderson,2,51,1,101.1,56.4,22.88,0.017202334,Blocked,0,Open Play,Right Foot,True,False,From Free Kick,36.6,47.4,Pass,63,16,12,64.5,58.7,1.02,,,,half_space,True,15,9,2.42,0,0,1,8,4,5,117.9,41.7,1.92,1.55,slow_possession
ec185754-71a2-488f-8471-b5f591b88c6e,3869354,France,England,Adrien Rabiot,2,54,44,95.6,43.2,22.5,0.06667264,Saved,0,Open Play,Left Foot,True,False,From Kick Off,60.0,40.0,Pass,17,5,3,35.6,35.4,2.09,other,47.3,73.3,wide,True,11,6,2.95,0,0,1,1,1,0,114.1,41.3,5.39,1.19,other
0f19d3a0-282b-4673-9ecc-d23599dd565e,3869354,England,France,Bukayo Saka,2,59,35,103.2,47.6,16.86,0.07073746,Saved,0,Open Play,Right Foot,False,True,Regular Play,49.9,22.6,Ball Recovery,45,11,12,53.3,53.8,1.18,central_pass,55.9,39.1,central,True,13,8,0.78,1,2,3,6,1,1,116.9,41.6,2.83,1.46,central_penetration
9747c65f-740c-42bb-87a9-a309a35acf08,3869354,France,England,Ousmane Dembélé,2,60,8,99.5,53.8,22.6,0.030820057,Blocked,0,Open Play,Left Foot,False,False,From Keeper,14.3,32.5,Pass,15,2,3,85.2,81.3,5.68,central_pass,93.3,40.6,central,True,14,9,2.01,0,0,1,7,2,3,118.7,41.5,1.19,1.37,central_penetration
c53fbe0a-5479-4e5a-8637-6c83b7e68786,3869354,England,France,Harry Kane,2,61,6,99.1,53.8,22.9,0.029508974,Saved,0,Open Play,Left Foot,False,False,Regular Play,33.2,57.1,Ball Recovery,37,7,8,65.9,63.4,1.78,cutback,104.9,72.0,wide,True,16,10,1.02,0,1,1,6,2,3,117.9,42.6,1.92,2.38,cutback
4bba88e2-fa9e-4890-ae65-0fbbd71e2932,3869354,England,France,Harry Maguire,2,69,23,109.1,35.0,10.97,0.07199757,Post,0,Open Play,Head,False,False,From Free Kick,88.4,68.0,Pass,2,1,0,20.7,30.2,10.35,cross,88.4,68.0,wide,True,17,10,1.68,0,1,2,8,1,4,118.5,39.3,1.37,0.64,wide_cross
e61a35ea-0d71-406b-8c76-afbc917d2053,3869354,England,France,Luke Shaw,2,70,31,108.4,21.7,19.81,0.006951497,Blocked,0,Open Play,Left Foot,False,False,Regular Play,50.9,69.9,Pass,13,5,4,57.5,53.6,4.42,cutback,110.0,22.6,half_space,True,13,8,1.19,0,1,1,7,2,3,118.4,37.2,1.46,2.56,cutback
5d1c07dc-1575-42b8-9181-03137e531a0c,3869354,France,England,Olivier Giroud,2,74,53,112.9,47.0,9.12,0.075690374,Off T,0,Open Play,Head,False,True,Regular Play,67.6,71.8,Pass,25,10,7,45.3,51.3,1.81,central_pass,82.9,19.8,half_space,True,9,8,0.58,1,1,1,6,1,1,118.8,41.2,1.1,1.1,central_penetration
9f12f011-03e2-4c02-b566-28808c4dbaba,3869354,France,England,Olivier Giroud,2,76,23,111.3,40.5,7.97,0.20829616,Saved,0,Open Play,Left Foot,True,False,Regular Play,33.0,7.7,Ball Recovery,33,11,10,78.3,84.1,2.37,central_pass,111.3,49.9,central,True,13,8,1.65,0,1,3,8,1,3,119.0,40.5,0.91,0.46,central_penetration
2effbf64-b445-4aa5-a87e-7ff2f38c90ee,3869354,France,England,Olivier Giroud,2,77,10,114.7,36.4,5.86,0.14665264,Goal,1,Open Play,Head,False,True,From Corner,120.0,0.1,Pass,12,3,2,-5.3,33.5,-0.44,cross,97.9,3.1,wide,True,17,10,0.55,1,3,3,9,2,5,119.2,39.2,0.73,0.73,wide_cross
800fd9ae-eb95-4060-8058-645983307dfa,3869354,England,France,Mason Mount,2,88,0,89.5,44.7,28.22,0.024138648,Off T,0,Open Play,Right Foot,False,False,Regular Play,59.4,18.5,Pass,11,3,2,30.1,33.4,2.74,central_pass,78.8,19.0,half_space,True,15,10,3.44,0,0,0,1,2,1,118.7,39.7,1.19,0.27,central_penetration
6887a63b-4883-47d6-b1b5-d978edfda31e,3869354,England,France,Marcus Rashford,2,100,5,97.5,34.1,21.27,0.07922588,Off T,0,Free Kick,Right Foot,False,False,From Free Kick,97.5,34.1,Shot,0,0,0,0.0,0.0,,,,,central,True,19,11,8.68,0,0,0,11,4,6,118.9,41.0,1.01,0.91,set_piece
763a44ab-1e89-44d5-bf6f-ce1831d8823d,3869552,France,Morocco,Kylian Mbappé Lottin,1,4,37,108.5,47.3,12.46,0.09459595,Blocked,0,Open Play,Left Foot,False,True,From Throw In,61.1,0.1,Pass,57,16,16,47.4,57.5,0.83,cutback,110.0,55.2,half_space,True,15,9,1.68,0,1,5,8,4,4,116.8,42.6,2.93,2.38,cutback
f4d06d6c-d7fb-41e4-b25e-1cb9a106f88b,3869552,France,Morocco,Theo Bernard François Hernández,1,4,40,115.7,31.5,8.71,0.0979349,Goal,1,Open Play,Left Foot,True,False,From Throw In,61.1,0.1,Pass,60,16,16,54.6,61.6,0.91,,,,central,True,15,9,2.5,0,0,1,8,2,3,116.8,34.0,2.93,5.49,slow_possession
b4b2bbe9-bd6b-4445-b010-245913557fde,3869552,Morocco,France,Azzedine Ounahi,1,9,38,95.5,26.2,25.71,0.01924696,Saved,0,Open Play,Right Foot,False,False,Regular Play,62.6,38.7,Pass,28,7,5,32.9,29.3,1.18,other,82.9,4.3,wide,True,15,9,3.07,0,0,0,1,2,0,117.6,38.4,2.19,1.46,other
b235bbd6-6653-40c2-83d3-296d8d5326ce,3869552,Morocco,France,Hakim Ziyech,1,16,1,106.4,54.6,18.24,0.06111174,Off T,0,Open Play,Right Foot,False,False,Regular Play,21.2,60.7,Duel,15,4,4,85.2,81.0,5.68,central_pass,86.7,47.7,central,True,11,7,2.17,0,0,2,5,1,0,118.0,43.3,1.83,3.02,central_penetration
5e15d155-92bc-4aa6-8a04-66314d372114,3869552,France,Morocco,Olivier Giroud,1,16,32,105.4,26.8,18.0,0.09802507,Post,0,Open Play,Left Foot,False,False,From Goal Kick,6.0,36.0,Pass,9,2,1,99.4,94.4,11.04,other,16.5,17.7,wide,True,8,5,1.83,0,1,2,3,1,0,115.9,36.1,3.75,3.57,fast_counter
1c9d37cc-5b3a-4acc-9ef9-2ed4adad4eb7,3869552,Morocco,France,Achraf Hakimi Mouh,1,25,27,95.3,53.3,25.65,0.020597277,Blocked,0,Open Play,Right Foot,False,False,From Throw In,91.9,0.1,Pass,31,11,12,3.4,20.7,0.11,central_pass,78.9,58.7,half_space,True,15,9,1.7,0,1,1,3,2,1,117.4,41.7,2.38,1.55,central_penetration
feec1a47-a09f-40a8-b376-83235a04f754,3869552,France,Morocco,Aurélien Djani Tchouaméni,1,32,23,96.0,32.9,22.89,0.040336993,Blocked,0,Open Play,Right Foot,True,False,Regular Play,57.5,12.4,Ball Recovery,9,2,3,38.5,43.3,4.28,cutback,106.4,20.6,half_space,True,11,7,2.98,0,0,1,5,3,3,115.3,38.8,4.3,1.1,cutback
a07f2606-64d3-4c92-b6f4-adf7f1673d18,3869552,France,Morocco,Olivier Giroud,1,34,5,111.9,44.5,8.47,0.060999498,Blocked,0,Open Play,Head,False,True,From Corner,120.0,80.0,Pass,1,1,0,-8.1,30.7,-8.1,cutback,120.0,80.0,wide,True,15,9,0.33,1,1,3,8,3,4,118.8,40.8,1.1,0.73,cutback
7bae38bb-77db-4a42-af8f-687966177c19,3869552,France,Morocco,Youssouf Fofana,1,34,7,104.3,46.5,15.54,0.061363008,Off T,0,Open Play,Left Foot,True,False,From Corner,120.0,80.0,Pass,3,1,0,-15.7,23.0,-5.23,,,,central,True,15,9,2.48,0,0,1,8,2,4,117.5,41.2,2.29,1.1,other
dbfeff49-55fe-4d47-aa30-1cb0084570bd,3869552,France,Morocco,Kylian Mbappé Lottin,1,35,10,111.7,30.9,11.26,0.15100354,Blocked,0,Open Play,Right Foot,False,False,From Counter,46.4,50.8,Ball Recovery,8,1,2,65.3,62.1,8.16,central_pass,80.3,22.7,half_space,True,7,4,1.19,0,1,1,4,1,2,114.3,33.3,5.21,6.13,fast_counter
65cfdd1e-7a29-4830-8194-a0869a13510b,3869552,France,Morocco,Olivier Giroud,1,35,14,105.8,42.5,13.18,0.2635025,Off T,0,Open Play,Left Foot,True,False,From Counter,46.4,50.8,Ball Recovery,12,2,2,59.4,60.0,4.95,central_pass,90.3,20.0,half_space,True,11,7,6.66,0,0,0,4,2,2,113.5,39.6,5.94,0.37,fast_counter
f2b4da14-ccc5-47a3-b75f-2a3de3acc811,3869552,France,Morocco,Raphaël Varane,1,39,33,113.7,47.9,9.24,0.07554505,Off T,0,Open Play,Right Foot,True,False,From Corner,120.0,80.0,Pass,1,1,0,-6.3,29.9,-6.3,cutback,120.0,80.0,wide,True,15,10,0.98,1,2,2,10,1,3,118.4,41.3,1.46,1.19,cutback
90d7ee1b-aa71-4292-ba17-0bcd15e6e03a,3869552,Morocco,France,Jawad El Yamiq,1,43,53,107.2,33.9,12.97,0.06408756,Saved to Post,0,Open Play,Right Foot,True,False,From Corner,120.0,80.0,Pass,3,0,0,-12.8,25.8,-4.27,,,,central,True,18,10,1.8,0,1,2,10,2,5,119.5,39.9,0.46,0.09,other
d6e456e8-96e3-48a2-9ff7-b6ad878a74de,3869552,Morocco,France,Sofiane Boufal,1,43,59,96.7,37.2,21.46,0.035300843,Off T,0,Open Play,Right Foot,True,False,From Corner,120.0,80.0,Pass,9,1,0,-23.3,16.5,-2.59,central_pass,92.9,52.3,half_space,True,18,11,6.79,0,0,0,8,3,5,118.1,38.3,1.74,1.55,central_penetration
da101356-1fad-432f-8d79-c86a952bf48f,3869552,France,Morocco,Jules Koundé,2,46,56,94.0,50.6,25.67,0.01766911,Blocked,0,Open Play,Right Foot,False,True,From Throw In,33.9,0.1,Pass,41,6,6,60.1,66.8,1.47,cross,115.3,23.5,half_space,True,14,10,0.79,1,1,1,7,3,4,115.6,41.9,4.02,1.74,wide_cross
7aaedea3-0cdf-4082-8ea9-efbb40703b91,3869552,Morocco,France,Yahia Attiyat allah,2,52,40,109.8,35.1,10.35,0.24936919,Wayward,0,Open Play,Right Foot,True,False,From Throw In,75.7,80.0,Pass,24,9,8,34.1,48.4,1.42,,,,central,True,14,9,1.51,0,1,2,8,1,3,118.6,40.0,1.28,0.0,slow_possession
cb9682c8-3388-4616-b615-7568171b4fd3,3869552,Morocco,France,Sofyan Amrabat,2,53,8,92.5,36.0,25.41,0.020691318,Off T,0,Open Play,Right Foot,False,False,From Throw In,75.7,80.0,Pass,52,14,13,16.8,31.9,0.32,,,,central,True,19,11,1.04,0,1,2,5,2,3,117.4,39.8,2.38,0.18,slow_possession
fab43625-d55e-46b5-b7d6-5fcf6079868f,3869552,France,Morocco,Marcus Thuram,2,70,57,114.5,45.5,7.11,0.115658596,Off T,0,Open Play,Head,False,True,From Free Kick,91.2,19.1,Pass,2,1,0,23.3,27.8,11.65,central_pass,91.2,19.1,half_space,True,20,11,0.47,1,2,3,10,1,5,117.0,41.8,2.74,1.65,central_penetration
49890194-c2bc-4ebc-8448-540dcc8c7427,3869552,France,Morocco,Youssouf Fofana,2,73,31,111.6,27.3,13.92,0.040043775,Off T,0,Open Play,Left Foot,False,False,Regular Play,29.8,21.6,Interception,13,2,6,81.8,76.8,6.29,cutback,107.2,20.1,half_space,True,12,8,1.39,0,1,1,7,1,1,118.2,36.9,1.65,2.83,cutback
7abc91eb-f3a4-42e0-b49f-70afcab2871c,3869552,France,Morocco,Kylian Mbappé Lottin,2,78,48,107.2,29.8,14.97,0.033641826,Blocked,0,Open Play,Right Foot,False,True,From Goal Kick,7.0,36.1,Pass,28,6,9,100.2,96.7,3.58,cutback,108.7,26.7,half_space,True,12,8,1.07,0,3,3,8,3,2,116.5,36.7,3.2,3.02,cutback
0502086f-c98a-47b2-83c0-dfb26991cbb4,3869552,France,Morocco,Randal Kolo Muani,2,78,49,115.6,43.8,5.32,0.8521293,Goal,1,Open Play,Right Foot,True,False,From Goal Kick,7.0,36.1,Pass,29,6,9,108.6,107.3,3.74,,,,central,True,12,8,0.83,1,1,1,8,0,2,115.7,39.4,3.93,0.55,other
9f07925f-2297-4a73-87b4-4f90f4c588fa,3869552,Morocco,France,Zakaria Aboukhlal,2,85,38,107.1,41.0,11.83,0.024939176,Wayward,0,Open Play,Head,False,True,From Throw In,52.7,0.1,Pass,40,14,12,54.4,65.3,1.36,cross,93.1,1.4,wide,True,14,10,0.64,1,2,2,5,2,2,118.5,39.7,1.37,0.27,wide_cross
13ef0ed6-37e7-4075-8e53-7d3d9df97a65,3869552,Morocco,France,Abdessamad Ezzalzouli,2,92,42,106.9,32.9,13.62,0.05950738,Blocked,0,Open Play,Right Foot,False,False,From Throw In,76.4,80.0,Pass,40,7,8,30.5,44.3,0.76,,,,central,True,17,10,1.56,0,2,2,8,2,1,117.0,38.6,2.74,1.28,other
a2444b31-3332-4440-9302-e5a00e0dc734,3869552,Morocco,France,Azzedine Ounahi,2,92,46,103.0,48.2,17.26,0.06379096,Blocked,0,Open Play,Right Foot,False,False,From Throw In,76.4,80.0,Pass,44,7,9,26.6,40.3,0.6,,,,central,True,18,10,1.13,0,2,2,7,3,3,117.4,41.5,2.38,1.37,other
90a79133-0c36-4de1-9633-4720d9c723f3,3869552,Morocco,France,Azzedine Ounahi,2,93,7,98.1,48.0,21.32,0.03807111,Blocked,0,Open Play,Left Foot,False,False,From Corner,120.0,80.0,Pass,7,1,2,-21.9,16.7,-3.13,,,,central,True,20,11,2.74,0,0,2,8,2,4,117.6,40.9,2.19,0.82,other
8a956831-bebc-48e3-b7fc-31f0b0fe2f95,3869552,Morocco,France,Azzedine Ounahi,2,93,35,108.6,44.6,11.24,0.067406826,Blocked,0,Open Play,Right Foot,False,False,From Corner,120.0,80.0,Pass,35,4,7,-11.4,27.7,-0.33,cutback,117.9,32.0,central,True,13,9,2.22,0,0,1,8,4,3,118.1,41.4,1.74,1.28,cutback
a7a84a01-7131-47ca-89fa-aa853dc9ce89,3869552,Morocco,France,Abderrazak Hamdallah,2,93,35,115.9,37.4,4.44,0.50624365,Blocked,0,Open Play,Other,False,False,From Corner,120.0,80.0,Pass,35,4,8,-4.1,35.1,-0.12,,,,central,True,13,9,3.13,0,0,0,8,2,3,119.0,40.1,0.91,0.09,other
91d32b30-deb2-4808-b61a-9e5b3cf011e0,3869420,Brazil,Croatia,Vinícius José Paixão de Oliveira Júnior,1,4,6,98.8,20.8,26.15,0.008460451,Saved,0,Open Play,Right Foot,False,False,From Free Kick,26.3,24.4,Pass,51,10,10,72.5,66.4,1.42,,,,half_space,True,15,9,3.31,0,0,0,7,2,4,118.3,37.6,1.55,2.19,slow_possession
ed5123ad-72ae-4ad6-856b-8dcb64c0d111,3869420,Croatia,Brazil,Ivan Perišić,1,12,4,112.2,43.2,7.71,0.19016835,Off T,0,Open Play,Right Foot,True,False,From Throw In,65.8,80.0,Pass,27,8,7,46.4,58.9,1.72,cross,105.6,69.6,wide,True,11,8,1.07,0,1,1,6,1,1,117.6,42.6,2.19,2.38,wide_cross
55011084-7b91-4c32-82e1-5fc3c5b3bbf0,3869420,Croatia,Brazil,Andrej Kramarić,1,18,26,99.5,27.0,22.2,0.026674595,Blocked,0,Open Play,Right Foot,False,False,Regular Play,9.8,19.3,Duel,28,6,7,89.7,87.9,3.2,central_pass,79.1,41.2,central,True,14,9,2.87,0,0,1,7,3,1,118.1,37.7,1.74,2.1,central_penetration
cf483844-b37b-4523-a73a-2524f994aabd,3869420,Brazil,Croatia,Vinícius José Paixão de Oliveira Júnior,1,19,51,103.0,34.8,16.26,0.06970771,Blocked,0,Open Play,Right Foot,True,False,Regular Play,31.9,59.6,Ball Recovery,46,15,11,71.1,72.5,1.55,cutback,109.9,34.6,central,True,16,10,2.09,0,0,1,9,2,3,117.5,38.0,2.29,1.83,cutback
c8c7ae41-22c0-4874-8528-8881dd62272d,3869420,Brazil,Croatia,Neymar da Silva Santos Junior,1,20,4,107.2,24.9,18.1,0.025347186,Saved,0,Open Play,Right Foot,False,False,Regular Play,81.9,13.4,Ball Recovery,8,1,1,25.3,26.7,3.16,other,83.6,13.4,wide,False,0,9,0.91,1,2,2,9,1,4,117.4,36.1,2.38,3.57,high_turnover
cc0a9f11-c3bd-4c0a-9228-6f2969228b9b,3869420,Brazil,Croatia,Carlos Henrique Casimiro,1,22,37,96.4,49.8,23.37,0.030699778,Blocked,0,Open Play,Right Foot,True,False,Regular Play,23.0,47.5,Pass,40,9,9,73.4,71.7,1.84,cutback,104.6,53.0,half_space,True,16,9,3.6,0,0,0,6,4,3,118.6,40.1,1.28,0.09,cutback
a2ed5d94-16b5-4f43-b74f-00e91c2c87b6,3869420,Croatia,Brazil,Ivan Perišić,1,29,27,100.8,20.7,24.89,0.012010745,Off T,0,Open Play,Right Foot,False,False,Regular Play,9.3,49.4,Ball Recovery,21,5,6,91.5,83.9,4.36,other,80.0,67.9,wide,True,16,10,2.01,0,0,1,6,1,2,117.6,37.5,2.19,2.29,other
8a499618-5f13-46f2-b31a-2844c2731c1b,3869420,Brazil,Croatia,Neymar da Silva Santos Junior,1,41,33,100.9,17.2,27.2,0.008240742,Saved,0,Free Kick,Right Foot,False,False,From Free Kick,100.9,17.2,Shot,0,0,0,0.0,0.0,,,,,wide,True,19,11,9.4,0,0,0,11,4,6,118.9,39.6,1.01,0.37,set_piece
aaad1164-4276-46de-9312-bb3a537ba954,3869420,Croatia,Brazil,Ivan Perišić,2,50,3,111.9,41.4,7.52,0.11005159,Wayward,0,Open Play,Head,False,True,From Corner,120.0,80.0,Pass,2,1,0,-8.1,31.8,-4.05,cutback,120.0,80.0,wide,True,17,11,0.84,1,2,3,9,1,4,118.3,40.2,1.55,0.18,cutback
b65e77c7-0984-4355-8249-7b3f4fd4ef90,3869420,Brazil,Croatia,Neymar da Silva Santos Junior,2,54,19,112.6,29.0,12.12,0.16692519,Saved,0,Open Play,Left Foot,True,False,From Goal Kick,6.0,36.0,Pass,63,11,12,106.6,100.8,1.69,central_pass,92.0,23.2,half_space,True,11,7,1.6,0,1,1,6,1,2,116.7,35.2,3.02,4.39,central_penetration
d87edf8c-6487-45f5-b61b-01a8501ffbe3,3869420,Brazil,Croatia,Carlos Henrique Casimiro,2,65,8,89.1,28.8,30.05,0.026057322,Blocked,0,Free Kick,Right Foot,False,False,From Free Kick,89.1,28.8,Shot,0,0,0,0.0,0.0,,,,,half_space,True,21,11,8.33,0,0,0,7,3,2,116.7,40.6,3.02,0.55,set_piece
c3bbb04a-8355-4957-b170-cb044732cba6,3869420,Brazil,Croatia,Lucas Tolentino Coelho de Lima,2,65,31,111.6,34.5,9.18,0.26807922,Saved,0,Open Play,Left Foot,True,False,From Throw In,91.4,0.1,Pass,14,3,3,20.2,39.1,1.44,,,,central,True,13,8,2.41,0,0,1,5,1,3,115.4,36.6,4.21,3.11,other
c88153f6-df99-4728-9cd7-143f8f1767fe,3869420,Brazil,Croatia,Éder Gabriel Militão,2,66,7,101.4,53.7,21.12,0.04353941,Blocked,0,Open Play,Right Foot,False,False,From Corner,120.0,0.1,Pass,14,4,2,-18.6,16.8,-1.33,central_pass,95.8,59.3,half_space,True,16,9,1.45,0,2,2,5,1,4,117.8,42.1,2.01,1.92,central_penetration
7714adc2-7d48-488c-a24e-3c3d42000383,3869420,Croatia,Brazil,Andrej Kramarić,2,70,58,101.2,57.3,23.36,0.030721588,Blocked,0,Open Play,Left Foot,False,False,From Free Kick,68.3,31.9,Pass,55,20,21,32.9,26.8,0.6,cutback,105.2,75.4,wide,True,14,9,1.74,0,1,1,8,1,2,116.5,43.4,3.2,3.11,cutback
954528be-3534-4e74-a39a-2bb679489f01,3869420,Brazil,Croatia,Neymar da Silva Santos Junior,2,75,47,114.1,28.2,12.06,0.12963046,Saved,0,Open Play,Left Foot,True,False,Regular Play,87.9,7.5,Interception,8,2,2,26.2,32.5,3.27,through_ball,94.7,24.8,half_space,True,11,8,2.84,0,0,1,6,0,2,115.0,31.9,4.57,7.41,high_turnover
b53fd07e-2317-4726-809e-3624bfdb518c,3869420,Brazil,Croatia,Lucas Tolentino Coelho de Lima,2,79,47,104.6,32.8,15.54,0.092192985,Saved,0,Open Play,Left Foot,True,False,From Throw In,70.8,80.0,Pass,56,12,9,33.8,46.4,0.6,cross,110.7,21.6,half_space,True,16,9,2.15,0,0,1,9,3,5,118.2,37.5,1.65,2.29,wide_cross
0bb6e24e-6f18-49af-ac19-ff2d55ac0fc7,3869420,Brazil,Croatia,Richarlison de Andrade,2,81,53,109.4,41.0,9.74,0.067200735,Off T,0,Open Play,Head,False,True,Regular Play,46.9,9.6,Pass,17,5,4,62.5,68.5,3.68,central_pass,92.2,20.2,half_space,True,15,9,0.61,1,1,1,7,1,3,118.9,39.5,1.01,0.46,central_penetration
c1af8308-ebe0-4d70-8f7a-16874cf0268f,3869420,Croatia,Brazil,Nikola Vlašić,2,84,20,107.0,54.2,17.6,0.026884926,Blocked,0,Open Play,Right Foot,False,False,From Throw In,89.5,80.0,Pass,6,2,2,17.5,31.0,2.92,central_pass,105.2,48.8,central,True,16,10,1.37,0,2,2,7,2,2,117.5,42.2,2.29,2.01,central_penetration
e0c9f75d-bd01-45b2-bbe4-00c26aeafa20,3869420,Brazil,Croatia,Éder Gabriel Militão,2,85,22,102.5,50.1,18.48,0.04975106,Blocked,0,Open Play,Right Foot,True,False,Regular Play,20.1,48.4,Pass,28,11,11,82.4,80.0,2.94,cutback,107.2,56.3,half_space,True,17,10,0.7,1,1,1,8,2,5,118.4,42.2,1.46,2.01,cutback
b43d9cd5-f92f-448e-9fc1-967b658adfda,3869420,Brazil,Croatia,Éder Gabriel Militão,2,85,24,104.7,46.8,15.31,0.06132018,Blocked,0,Open Play,Left Foot,True,False,Regular Play,20.1,48.4,Pass,30,11,11,84.6,83.5,2.82,,,,central,True,17,10,1.17,0,1,1,8,2,5,118.2,42.1,1.65,1.92,slow_possession
112b45ad-b869-4eb6-a4b8-a6c45cd44514,3869420,Brazil,Croatia,Antony Matheus dos Santos,2,93,36,94.6,56.8,27.85,0.013999131,Saved,0,Open Play,Left Foot,False,False,From Free Kick,51.0,30.8,Pass,31,9,6,43.6,39.2,1.41,central_pass,82.2,45.4,central,True,16,10,1.75,0,1,2,6,1,3,117.7,41.8,2.1,1.65,central_penetration
b85a7aad-d825-414a-bc3b-836ff6fbff82,3869420,Brazil,Croatia,Pedro Guilherme Abreu dos Santos,3,91,16,112.9,49.4,10.77,0.057022728,Wayward,0,Open Play,Head,False,False,From Corner,120.0,80.0,Pass,1,1,0,-7.1,28.2,-7.1,cutback,120.0,80.0,wide,True,19,11,1.36,0,1,1,11,1,5,119.1,41.7,0.82,1.55,cutback
a94997f3-a132-441d-89ec-527bca207787,3869420,Brazil,Croatia,Pedro Guilherme Abreu dos Santos,3,100,41,107.2,38.8,11.76,0.113875866,Saved,0,Open Play,Right Foot,True,False,From Free Kick,22.7,32.1,Pass,57,15,13,84.5,84.8,1.48,cross,88.9,66.1,wide,True,11,8,0.84,1,1,1,5,1,2,118.6,39.7,1.28,0.27,wide_cross
2000e5bd-3c2d-43cf-a845-1761b52b4e82,3869420,Croatia,Brazil,Marcelo Brozović,3,102,19,103.7,46.4,16.01,0.12467693,Off T,0,Open Play,Right Foot,True,False,Regular Play,28.0,35.0,Duel,16,3,5,75.7,74.6,4.73,cutback,105.3,32.3,central,True,9,6,3.93,0,0,0,5,1,1,116.9,41.1,2.83,1.01,cutback
2c539757-15dd-44cc-a405-90f69b10bb5a,3869420,Brazil,Croatia,Danilo Luiz da Silva,3,104,8,96.9,22.6,26.44,0.0154907415,Off T,0,Open Play,Right Foot,False,False,From Throw In,84.8,80.0,Pass,16,4,4,12.1,24.4,0.76,other,99.0,8.1,wide,True,17,10,2.69,0,0,1,7,1,4,118.0,37.6,1.83,2.19,other
657ac0ef-2a18-4f8b-8515-604fc2b75326,3869420,Brazil,Croatia,Neymar da Silva Santos Junior,3,105,35,116.5,47.2,7.32,0.4674385,Goal,1,Open Play,Right Foot,False,False,From Throw In,92.0,80.0,Pass,17,7,7,24.5,40.8,1.44,central_pass,100.7,38.9,central,True,14,9,1.89,0,1,1,6,0,4,113.6,44.7,5.85,4.3,central_penetration
52e701c5-1af2-4efb-a1ef-9c46652472d7,3869420,Croatia,Brazil,Bruno Petković,4,116,2,103.2,38.6,15.42,0.09977819,Goal,1,Open Play,Left Foot,True,False,Regular Play,55.3,11.6,Pass,30,5,5,47.9,53.8,1.6,cutback,105.5,23.5,half_space,True,13,7,3.47,0,0,0,5,3,4,118.2,39.6,1.65,0.37,cutback
35169461-baba-4e96-9af0-7be390f73bc0,3869420,Croatia,Brazil,Lovro Majer,4,119,45,91.5,55.0,29.45,0.01192189,Off T,0,Open Play,Left Foot,False,False,From Free Kick,52.6,49.0,Pass,16,7,6,38.9,35.8,2.43,other,94.1,76.7,wide,True,13,10,2.72,0,0,1,4,3,2,117.1,39.8,2.65,0.18,other
3dd7d256-6e97-47b6-a7bf-ce13448396cf,3869420,Brazil,Croatia,Carlos Henrique Casimiro,4,121,19,114.0,31.0,9.89,0.10135116,Saved,0,Open Play,Left Foot,True,False,From Free Kick,106.1,74.2,Pass,4,1,0,7.9,26.1,1.98,central_pass,112.0,33.0,central,True,19,10,2.38,0,0,2,9,1,5,118.7,37.5,1.19,2.29,central_penetration
c18b1cdc-ca6e-484b-9ad3-ae2bc7cc6dff,3869220,Morocco,Spain,Achraf Hakimi Mouh,1,11,4,93.4,27.5,26.87,0.041958537,Off T,0,Free Kick,Right Foot,False,False,From Free Kick,93.4,27.5,Shot,0,0,0,0.0,0.0,,,,,half_space,True,19,11,8.69,0,0,0,9,4,4,119.1,41.4,0.82,1.28,set_piece
b7fc04f3-2906-42ab-926a-b63ea28d71cf,3869220,Spain,Morocco,Marco Asensio Willemsen,1,25,57,115.0,25.0,14.46,0.025564773,Off T,0,Open Play,Left Foot,False,False,Regular Play,44.6,53.6,Pass,21,7,6,70.4,60.8,3.35,other,64.4,6.8,wide,True,7,4,3.12,0,0,0,4,0,1,116.8,32.2,2.93,7.13,other
9c4da7a8-5924-4b37-8764-59b14fbbf2db,3869220,Morocco,Spain,Noussair Mazraoui,1,32,18,89.4,37.7,28.06,0.023416335,Saved,0,Open Play,Left Foot,False,False,From Throw In,89.9,80.0,Pass,8,1,2,-0.5,19.4,-0.06,,,,central,True,15,9,6.63,0,0,0,1,1,0,117.7,39.8,2.1,0.18,other
0c769fb4-29c5-40a3-9727-14c52f352640,3869220,Morocco,Spain,Nayef Aguerd,1,41,52,113.2,43.7,7.08,0.25141555,Off T,0,Open Play,Head,False,False,From Free Kick,74.7,29.0,Pass,14,2,4,38.5,38.9,2.75,cross,116.6,24.3,half_space,True,16,10,2.39,0,0,2,10,2,4,118.5,38.5,1.37,1.37,wide_cross
a588c52c-2204-412b-8ca7-5f9a5d06b218,3869220,Spain,Morocco,Daniel Olmo Carvajal,2,54,0,110.2,12.6,26.61,0.0073576192,Saved,0,Open Play,Right Foot,True,False,From Free Kick,112.8,14.5,Pass,1,1,0,-2.6,-2.6,-2.6,other,112.8,14.5,wide,True,20,11,8.37,0,0,0,10,1,5,119.4,39.3,0.55,0.64,other
f33a5a8d-7585-4055-8d75-a6c8a4b5dfec,3869220,Spain,Morocco,Daniel Olmo Carvajal,2,77,37,97.2,31.3,22.31,0.031760626,Off T,0,Open Play,Right Foot,True,False,Regular Play,29.3,7.0,Ball Recovery,41,10,10,67.9,72.1,1.66,,,,central,True,17,10,2.17,0,0,1,5,3,3,115.5,38.4,4.11,1.46,slow_possession
58d48914-c17f-454c-a663-8fb983b47949,3869220,Spain,Morocco,Álvaro Borja Morata Martín,2,81,0,118.8,50.9,10.03,0.017266534,Wayward,0,Open Play,Right Foot,True,False,From Corner,120.0,80.0,Pass,46,13,12,-1.2,29.0,-0.03,,,,half_space,True,13,7,4.59,0,0,0,6,0,2,118.9,43.7,1.01,3.38,slow_possession
ed193a27-8e08-4224-8608-0818f2c4c558,3869220,Morocco,Spain,Walid Cheddira,2,85,5,110.6,40.8,8.63,0.119254045,Saved Off Target,0,Open Play,Right Foot,True,False,From Free Kick,44.8,72.4,Pass,40,9,3,65.8,72.4,1.65,cutback,112.6,33.3,central,True,14,9,0.41,1,2,2,7,1,2,118.8,39.9,1.1,0.09,cutback
6907dd5a-f968-44ed-be9e-fa0dce83d74d,3869220,Spain,Morocco,Álvaro Borja Morata Martín,2,90,20,115.3,51.1,11.02,0.049165204,Off T,0,Open Play,Head,False,False,From Free Kick,110.4,11.7,Pass,2,1,0,4.9,17.8,2.45,cross,110.4,11.7,wide,True,18,11,3.33,0,0,0,11,1,4,119.4,44.0,0.55,3.66,wide_cross
d07f9ed6-ff50-4f64-8a79-4702889c0d40,3869220,Spain,Morocco,Aymeric Laporte,2,95,0,107.7,38.8,11.3,0.04145577,Blocked,0,Open Play,Head,False,False,From Corner,120.0,80.0,Pass,2,1,0,-12.3,27.6,-6.15,cutback,120.0,80.0,wide,True,19,11,1.24,0,2,2,10,1,5,118.6,39.6,1.28,0.37,cutback
966b275d-bde3-4aea-8b11-412b60a91021,3869220,Spain,Morocco,Alejandro Balde Martínez,3,99,56,112.5,28.9,12.25,0.077706024,Blocked,0,Open Play,Left Foot,False,False,From Throw In,80.3,80.0,Pass,50,13,12,32.2,43.0,0.64,,,,half_space,True,13,8,1.62,0,1,2,7,2,3,118.9,37.0,1.01,2.74,slow_possession
405b81d7-6eec-43ca-91b2-a06f2e2dd008,3869220,Spain,Morocco,Rodrigo Hernández Cascante,3,102,51,79.9,46.8,37.19,0.0056476467,Off T,0,Open Play,Right Foot,False,False,Regular Play,43.5,31.8,Ball Recovery,30,8,9,36.4,36.3,1.21,central_pass,74.3,18.6,half_space,True,17,11,5.95,0,0,0,1,1,0,118.8,40.4,1.1,0.37,central_penetration
6ece6c28-0fbd-48c5-9e57-5136be5695ec,3869220,Morocco,Spain,Walid Cheddira,3,103,35,109.7,47.1,11.44,0.1301347,Saved,0,Open Play,Left Foot,False,True,From Goal Kick,6.0,44.0,Pass,12,4,3,103.7,101.6,8.64,central_pass,98.5,53.2,half_space,True,13,9,1.04,0,1,2,7,1,2,116.6,42.5,3.11,2.29,fast_counter
487e6618-8287-4346-9221-ec6bd1666314,3869220,Spain,Morocco,Marcos Llorente Moreno,3,106,9,100.3,53.3,21.73,0.024551911,Blocked,0,Open Play,Right Foot,True,False,From Corner,120.0,0.1,Pass,3,0,0,-19.7,16.1,-6.57,,,,half_space,True,18,10,10.74,0,0,0,9,6,6,113.6,45.9,5.85,5.39,other
e7a34ed0-521e-4440-9ee5-a8134e0f7dd0,3869220,Morocco,Spain,Abdelhamid Sabiri,4,105,1,59.6,39.7,55.23,0.004195439,Off T,0,Open Play,Right Foot,True,False,From Kick Off,61.0,40.1,Pass,1,1,0,-1.4,-1.4,-1.4,central_pass,61.0,40.1,central,True,17,11,8.54,0,0,0,1,1,0,114.7,39.5,4.85,0.46,central_penetration
990bd967-1e5e-4380-baf7-13af7ddde792,3869220,Spain,Morocco,Sergio Busquets i Burgos,4,120,46,102.6,47.1,17.18,0.0709334,Blocked,0,Open Play,Left Foot,False,False,Regular Play,51.4,20.9,Pass,43,15,12,51.2,52.4,1.19,other,97.8,66.2,wide,True,18,11,0.93,1,2,2,8,2,4,115.2,41.8,4.39,1.65,slow_possession
b3de284b-d1cf-4fed-970c-400550d89daa,3869220,Spain,Morocco,Carlos Soler Barragán,4,121,22,104.3,44.4,14.91,0.039505202,Blocked,0,Open Play,Head,False,False,Regular Play,51.4,20.9,Pass,79,26,22,52.9,54.9,0.67,cross,92.9,71.6,wide,True,16,10,2.74,0,0,1,5,1,2,116.7,40.8,3.02,0.73,wide_cross
79542497-53b6-4d25-8a88-d0c18a6d453a,3869220,Spain,Morocco,Pablo Sarabia García,4,122,22,117.8,48.1,7.67,0.10407615,Post,0,Open Play,Right Foot,True,False,From Corner,120.0,80.0,Pass,27,9,8,-2.2,31.6,-0.08,cross,94.8,17.5,wide,True,14,8,4.63,0,0,0,8,1,4,119.3,43.1,0.64,2.83,wide_cross
3e282518-80cc-4cba-a8bf-f978a3bdc68b,3869219,Japan,Croatia,Shogo Taniguchi,1,2,9,112.6,38.8,6.85,0.11361285,Off T,0,Open Play,Head,False,True,From Corner,120.0,80.0,Pass,3,2,0,-7.4,32.5,-2.47,central_pass,93.8,60.7,half_space,True,19,11,0.49,1,2,3,9,1,5,118.8,39.6,1.1,0.37,central_penetration
d2902ca7-330f-40ca-bdcc-80ebce314510,3869219,Croatia,Japan,Ivan Perišić,1,7,31,116.7,29.0,10.5,0.05943511,Saved,0,Open Play,Right Foot,False,False,From Goal Kick,7.0,36.1,Pass,12,0,1,109.7,101.6,9.14,,,,half_space,True,10,7,3.33,0,0,0,5,1,2,119.0,35.8,0.91,3.84,fast_counter
05b85723-782e-406a-8111-015340f46439,3869219,Croatia,Japan,Andrej Kramarić,1,7,34,114.5,38.3,5.26,0.17775308,Blocked,0,Open Play,Left Foot,False,True,From Goal Kick,7.0,36.1,Pass,15,0,2,107.5,107.3,7.17,,,,central,True,11,7,0.67,1,2,4,7,3,2,119.4,39.4,0.55,0.55,other
84a3ecd6-bec2-4e73-96a2-682de9882869,3869219,Croatia,Japan,Joško Gvardiol,1,23,47,101.1,43.6,17.59,0.061746918,Off T,0,Open Play,Left Foot,True,False,From Free Kick,75.1,18.5,Pass,3,0,0,26.0,30.5,8.67,,,,central,True,17,10,3.22,0,0,0,9,3,3,118.6,40.1,1.28,0.09,other
edc46c5b-cc9d-4a0d-b880-d880335d6f27,3869219,Japan,Croatia,Daichi Kamada,1,40,7,114.1,28.8,11.58,0.08994952,Wayward,0,Open Play,Right Foot,False,False,Regular Play,11.9,43.9,Pass,35,6,8,102.2,95.5,2.92,central_pass,100.6,25.8,half_space,True,15,9,1.17,0,1,2,8,1,3,116.2,34.2,3.47,5.3,central_penetration
a17c568a-4df5-4c2f-81e2-4cc89d924ae8,3869219,Japan,Croatia,Daizen Maeda,1,42,54,113.5,44.3,7.13,0.45874894,Goal,1,Open Play,Left Foot,True,True,From Corner,120.0,80.0,Pass,7,4,1,-6.5,32.2,-0.93,,,,central,True,15,9,0.67,1,1,2,9,1,5,118.9,38.7,1.01,1.19,other
97734f34-6e02-4e86-b03d-c9d858dd8c92,3869219,Japan,Croatia,Daichi Kamada,2,45,27,94.7,38.3,23.19,0.03904812,Off T,0,Open Play,Right Foot,False,False,From Counter,69.0,51.0,Ball Recovery,6,1,2,25.7,26.8,4.28,central_pass,69.2,50.8,half_space,True,13,8,3.24,0,0,0,2,1,1,118.7,39.3,1.19,0.64,fast_counter
f37a0c66-833e-4fe3-ac62-b3841656a294,3869219,Croatia,Japan,Mateo Kovačić,2,48,13,100.1,47.1,19.32,0.02993381,Off T,0,Open Play,Right Foot,True,False,From Throw In,88.0,80.0,Pass,3,0,0,12.1,30.1,4.03,,,,central,True,18,11,1.51,0,2,3,8,4,3,118.9,41.3,1.01,1.19,other
5552d4ee-1ebc-4ec4-9f36-6a0524b2cb44,3869219,Japan,Croatia,Hidemasa Morita,2,49,22,98.2,36.8,20.15,0.041140273,Wayward,0,Open Play,Right Foot,True,False,Regular Play,66.2,51.9,Ball Recovery,21,5,7,32.0,33.1,1.52,,,,central,True,15,9,4.58,0,0,0,7,2,3,117.0,39.7,2.74,0.27,other
5ce4d362-ebd6-4ea8-8544-e47d5f5f2454,3869219,Croatia,Japan,Ivan Perišić,2,54,54,106.0,34.1,13.89,0.02684295,Goal,1,Open Play,Head,False,False,Regular Play,31.0,51.1,Ball Recovery,54,16,14,75.0,74.5,1.39,cross,85.4,68.6,wide,True,19,11,1.07,0,1,2,5,1,1,119.2,39.6,0.73,0.37,wide_cross
74935b33-b8d3-4ab4-919d-9a9ed80a3bcd,3869219,Japan,Croatia,Wataru Endo,2,56,56,94.4,52.9,26.21,0.019910807,Saved,0,Open Play,Right Foot,False,False,From Throw In,75.6,80.0,Pass,22,5,4,18.8,31.1,0.85,,,,half_space,True,15,10,3.38,0,0,0,5,3,2,119.1,41.7,0.82,1.55,other
ddddef93-1105-425d-99f4-011605e72ad4,3869219,Japan,Croatia,Wataru Endo,2,59,48,90.0,41.9,27.49,0.020528734,Blocked,0,Open Play,Right Foot,False,True,Regular Play,54.6,35.4,Ball Recovery,42,12,12,35.4,35.5,0.84,,,,central,False,0,11,1.2,0,1,1,1,2,2,118.6,40.2,1.28,0.18,slow_possession
cda7fa73-f09c-46df-8e56-f4b6baa17185,3869219,Japan,Croatia,Hidemasa Morita,2,59,49,97.8,36.3,20.58,0.052081473,Blocked,0,Open Play,Right Foot,True,False,Regular Play,54.6,35.4,Ball Recovery,43,12,12,43.2,43.1,1.0,,,,central,True,17,10,2.58,0,0,1,3,1,2,118.4,39.3,1.46,0.64,slow_possession
bb569056-5824-4a84-9bf7-098df409c1fb,3869219,Japan,Croatia,Ritsu Doan,2,59,52,100.4,43.7,18.24,0.056113943,Saved,0,Open Play,Left Foot,False,False,Regular Play,54.6,35.4,Ball Recovery,46,13,14,45.8,45.6,1.0,central_pass,93.2,41.1,central,True,16,9,1.17,0,1,2,3,2,2,118.9,41.2,1.01,1.1,central_penetration
45501bff-d6b1-4cb6-a6b3-458e422a236a,3869219,Croatia,Japan,Luka Modrić,2,62,13,96.3,48.9,23.15,0.031055314,Saved,0,Open Play,Right Foot,False,False,Regular Play,30.8,14.4,Pass,33,10,10,65.5,67.5,1.98,central_pass,88.2,41.6,central,True,16,10,2.53,0,0,1,4,2,0,118.7,40.6,1.19,0.55,central_penetration
31749268-4467-46db-b470-7e9125d6d734,3869219,Croatia,Japan,Ivan Perišić,2,65,32,95.5,48.2,23.62,0.018378427,Blocked,0,Open Play,Left Foot,False,False,Regular Play,14.7,40.4,Ball Recovery,86,17,15,80.8,79.5,0.94,central_pass,97.4,57.5,half_space,True,17,10,1.77,0,2,2,6,2,3,117.9,41.1,1.92,1.01,central_penetration
c0055f4a-4e53-4244-a1b0-af09963873fd,3869219,Croatia,Japan,Andrej Kramarić,2,65,52,98.9,23.8,24.32,0.018472007,Blocked,0,Open Play,Right Foot,False,False,Regular Play,14.7,40.4,Ball Recovery,106,20,18,84.2,78.7,0.79,central_pass,95.8,23.2,half_space,True,18,10,3.05,0,0,0,8,3,3,118.5,37.3,1.37,2.47,central_penetration
605589a6-a83f-4533-b88f-a8e775efa581,3869219,Croatia,Japan,Ante Budimir,2,65,53,109.5,45.1,10.67,0.10111922,Off T,0,Open Play,Head,False,False,Regular Play,14.7,40.4,Ball Recovery,107,20,18,94.8,93.6,0.89,,,,central,True,17,10,1.92,0,1,2,7,1,2,119.2,40.8,0.73,0.73,slow_possession
3e14ff6c-b675-4433-b70b-f1362675d101,3869219,Croatia,Japan,Mario Pašalić,2,73,43,107.5,44.5,12.15,0.035465226,Off T,0,Open Play,Head,False,False,From Free Kick,70.9,46.3,Pass,11,5,3,36.6,36.2,3.33,cross,93.6,76.4,wide,True,17,11,0.75,1,2,3,7,1,3,118.9,40.5,1.01,0.46,wide_cross
a99de16f-d5a2-4386-82e7-51dca208bd8c,3869219,Croatia,Japan,Ivan Perišić,2,76,37,98.1,30.4,21.86,0.030077945,Blocked,0,Open Play,Left Foot,False,False,From Throw In,68.4,61.5,Pressure,7,0,1,29.7,32.0,4.24,,,,central,True,11,8,1.8,0,1,1,1,2,0,116.0,38.5,3.66,1.37,other
78a794a1-c48c-4699-904a-5ca28cb9cc15,3869219,Croatia,Japan,Mario Pašalić,2,85,42,110.5,42.8,9.06,0.052599985,Off T,0,Open Play,Head,False,True,From Throw In,51.1,80.0,Pass,19,4,3,59.4,69.8,3.13,cross,92.9,15.9,wide,True,12,8,0.56,2,2,3,6,2,1,119.5,39.7,0.46,0.27,wide_cross
0ac4b920-e24a-478f-902c-d3793cf26db0,3869219,Japan,Croatia,Shogo Taniguchi,3,91,35,114.6,49.3,9.83,0.0608747,Off T,0,Open Play,Head,False,False,From Corner,120.0,80.0,Pass,1,1,0,-5.4,29.2,-5.4,cutback,120.0,80.0,wide,True,18,11,1.65,0,1,1,11,1,4,119.0,41.1,0.91,1.01,cutback
23c0f102-912d-4b11-93b7-08f61a961924,3869219,Croatia,Japan,Ivan Perišić,3,100,24,107.2,34.1,12.89,0.07439702,Blocked,0,Open Play,Right Foot,True,False,From Throw In,110.6,80.0,Pass,3,0,0,-3.4,27.0,-1.13,,,,central,True,17,11,1.19,0,1,1,10,4,3,119.3,40.1,0.64,0.09,other
9373957f-01f1-44d3-a2af-6a412ae43caf,3869219,Croatia,Japan,Borna Barišić,3,100,26,95.1,31.3,24.12,0.015196718,Blocked,0,Open Play,Left Foot,True,False,From Throw In,110.6,80.0,Pass,5,0,0,-15.5,14.7,-3.1,,,,central,True,18,11,2.23,0,0,1,9,5,4,119.2,39.4,0.73,0.55,other
e1912d47-5dce-4b37-8d31-b6e9482be999,3869219,Japan,Croatia,Kaoru Mitoma,3,104,5,99.8,34.6,19.12,0.054134306,Saved,0,Open Play,Right Foot,False,False,From Throw In,26.3,80.0,Pass,22,2,2,73.5,81.0,3.34,central_pass,24.5,47.1,central,True,12,8,1.27,0,1,2,5,2,2,118.6,39.1,1.28,0.82,central_penetration
142a9ff0-352e-46d8-9bef-e8c1372b8f37,3869219,Japan,Croatia,Wataru Endo,3,104,9,95.7,37.1,22.38,0.02615668,Blocked,0,Open Play,Right Foot,True,False,From Throw In,26.3,80.0,Pass,26,2,2,69.4,77.4,2.67,,,,central,True,14,9,3.68,0,0,0,8,2,3,118.6,39.4,1.28,0.55,other
f68691b4-7768-4512-9505-335fcb58785c,3869219,Japan,Croatia,Takumi Minamino,3,104,20,102.6,40.3,15.91,0.03667642,Blocked,0,Open Play,Right Foot,True,False,From Throw In,26.3,80.0,Pass,37,3,3,76.3,84.5,2.06,central_pass,100.8,57.2,half_space,True,18,11,1.93,0,1,1,10,2,3,119.3,40.1,0.64,0.09,central_penetration
8aafb6ab-26fa-4ccb-87b7-a9c4e9aae35b,3869219,Croatia,Japan,Marko Livaja,4,113,42,112.8,47.7,9.64,0.047236525,Saved,0,Open Play,Head,False,True,From Throw In,106.0,80.0,Pass,2,1,0,6.8,31.8,3.4,other,106.0,80.0,wide,True,18,11,0.7,2,2,2,9,1,3,119.2,41.7,0.73,1.55,other
69de8840-7050-44c6-a13a-aac71b5f6cef,3869219,Croatia,Japan,Mislav Oršić,4,120,10,106.8,19.7,22.14,0.009676031,Blocked,0,Open Play,Right Foot,False,False,From Throw In,109.2,0.1,Pass,39,8,9,-2.4,17.1,-0.06,central_pass,83.2,44.2,central,True,16,10,2.5,0,0,1,10,2,4,118.6,36.4,1.28,3.29,central_penetration
5e58555c-4442-4907-8029-0dbd3d58d2a3,3869219,Croatia,Japan,Lovro Majer,4,120,18,99.8,33.0,19.55,0.06501122,Off T,0,Open Play,Right Foot,True,False,From Throw In,109.2,0.1,Pass,47,10,11,-9.4,20.0,-0.2,central_pass,95.5,19.9,half_space,True,15,9,3.73,0,0,0,6,2,4,117.9,37.9,1.92,1.92,central_penetration
d1ec79ed-46cc-4c51-8fac-aeb33943dc28,3869253,Brazil,South Korea,Neymar da Silva Santos Junior,1,6,39,111.3,44.4,8.91,0.083826184,Wayward,0,Open Play,Right Foot,True,False,From Free Kick,40.5,54.3,Pass,47,13,15,70.8,71.0,1.51,cross,117.3,55.2,half_space,True,15,9,1.07,0,2,2,8,3,4,119.4,43.2,0.55,2.93,wide_cross
44854e05-f6c8-4c2a-a7ef-9dc2ae4c7f09,3869253,Brazil,South Korea,Vinícius José Paixão de Oliveira Júnior,1,6,41,110.0,29.9,13.0,0.13057186,Goal,1,Open Play,Right Foot,False,False,From Free Kick,40.5,54.3,Pass,49,13,16,69.5,66.6,1.42,,,,half_space,True,14,9,5.08,0,0,0,8,4,3,114.3,34.8,5.21,4.75,slow_possession
a19eb2c7-c412-4481-bf03-a3080127d8d1,3869253,South Korea,Brazil,Hee-Chan Hwang,1,16,15,90.4,28.0,29.21,0.016991004,Saved,0,Open Play,Right Foot,False,False,Regular Play,73.1,14.6,Pass,41,11,13,17.3,21.4,0.42,,,,half_space,True,18,11,1.55,0,1,1,4,2,0,117.8,40.1,2.01,0.09,slow_possession
ad60d052-a0ce-4bfe-8290-d557e0cb3a11,3869253,South Korea,Brazil,In-Beom Hwang,1,16,40,91.7,46.4,26.53,0.026666574,Off T,0,Open Play,Left Foot,False,False,From Corner,120.0,80.0,Pass,6,2,2,-28.3,11.0,-4.72,cutback,109.1,71.8,wide,True,19,10,3.06,0,0,0,7,4,5,117.5,40.9,2.29,0.82,cutback
7f42485f-775b-45fb-932e-39c8eb885b90,3869253,South Korea,Brazil,Hee-Chan Hwang,1,24,57,82.7,33.0,34.7,0.0058221314,Saved,0,Open Play,Right Foot,False,False,From Corner,120.0,0.1,Pass,9,1,1,-37.3,1.9,-4.14,other,79.8,14.8,wide,True,17,9,8.05,0,0,0,1,2,0,117.4,40.1,2.38,0.09,other
35028f1d-c785-47f4-88d5-a82cc91ceb62,3869253,Brazil,South Korea,Richarlison de Andrade,1,28,13,110.7,43.3,9.02,0.5379008,Goal,1,Open Play,Left Foot,False,False,From Corner,120.0,0.1,Pass,36,6,7,-9.3,30.0,-0.26,through_ball,99.7,39.3,central,True,16,9,2.43,0,0,1,6,1,2,117.0,41.5,2.74,1.37,central_penetration
bc4fd99a-0a91-4d45-b46d-10786f668f0a,3869253,Brazil,South Korea,Raphael Dias Belloli,1,30,19,94.7,30.7,24.65,0.02589997,Off T,0,Open Play,Left Foot,False,False,Regular Play,27.6,32.5,Duel,17,4,5,67.1,65.7,3.95,cutback,105.1,13.3,wide,True,18,10,4.14,0,0,0,5,3,2,117.9,39.7,1.92,0.27,cutback
95582d85-7eed-4aeb-bbe6-2b1a429b6295,3869253,South Korea,Brazil,Hee-Chan Hwang,1,31,37,119.3,30.8,8.44,0.017834108,Saved,0,Open Play,Right Foot,False,False,From Goal Kick,7.0,44.1,Pass,62,14,16,112.3,103.8,1.81,central_pass,93.3,23.3,half_space,True,14,8,3.29,0,0,0,7,0,3,119.4,34.4,0.55,5.12,central_penetration
d2740e3a-0982-4c1f-81ec-54f12ed1bcd4,3869253,Brazil,South Korea,Carlos Henrique Casimiro,1,33,37,93.6,43.2,24.32,0.029429397,Off T,0,Open Play,Right Foot,True,False,From Throw In,22.1,80.0,Pass,107,43,35,71.5,79.2,0.67,central_pass,98.6,46.6,central,True,18,10,4.87,0,0,0,6,3,4,118.0,41.4,1.83,1.28,central_penetration
75e1dbd2-f601-4261-992d-106488c7219b,3869253,Brazil,South Korea,Lucas Tolentino Coelho de Lima,1,35,45,110.0,44.8,10.14,0.08633457,Goal,1,Open Play,Right Foot,True,True,From Throw In,10.9,0.1,Pass,20,6,3,99.1,105.1,4.96,cross,112.8,25.1,half_space,True,12,7,1.92,0,2,2,7,1,4,118.9,40.2,1.01,0.18,wide_cross
afbe9884-329f-4721-a822-ccba6d081310,3869253,Brazil,South Korea,Lucas Tolentino Coelho de Lima,1,45,14,112.0,49.2,11.15,0.2577265,Saved,0,Open Play,Left Foot,True,False,Regular Play,9.3,55.6,Ball Recovery,25,10,8,102.7,99.6,4.11,central_pass,98.8,59.6,half_space,True,15,9,2.48,0,0,1,7,1,4,117.6,43.8,2.19,3.47,central_penetration
08678f16-67ff-4ff5-905e-d9cc75db1d2d,3869253,Brazil,South Korea,Richarlison de Andrade,1,48,8,110.3,51.6,13.83,0.2681848,Saved,0,Open Play,Right Foot,False,False,From Counter,13.1,65.0,Ball Recovery,13,2,3,97.2,94.7,7.48,other,22.4,69.6,wide,True,9,6,5.68,0,0,0,5,1,2,114.8,47.1,4.75,6.49,fast_counter
b2459e0f-b8bd-4069-a41c-daf9dc5b3f8f,3869253,Brazil,South Korea,Neymar da Silva Santos Junior,1,48,9,111.4,42.3,8.14,0.26870713,Off T,0,Open Play,Other,False,True,From Counter,13.1,65.0,Ball Recovery,14,2,4,98.3,100.9,7.02,,,,central,True,9,6,0.99,1,2,2,6,1,2,114.2,48.2,5.3,7.5,fast_counter
40ede36e-9124-4cb3-9065-f0a66eb450dd,3869253,Brazil,South Korea,Raphael Dias Belloli,2,45,23,104.3,51.7,17.9,0.04634087,Saved,0,Open Play,Left Foot,False,False,From Kick Off,61.0,40.1,Pass,23,8,6,43.3,39.4,1.88,,,,half_space,True,11,7,2.6,0,0,2,4,2,1,116.8,42.5,2.93,2.29,slow_possession
34f546bf-8be7-4a35-9e42-bfd908c2f766,3869253,South Korea,Brazil,Heung-Min Son,2,46,16,105.3,27.9,17.41,0.1490943,Saved,0,Open Play,Right Foot,False,False,Regular Play,35.8,3.4,Pass,6,1,1,69.5,72.8,11.58,other,35.8,3.4,wide,True,9,5,1.19,0,1,1,3,1,0,113.3,34.6,6.13,4.94,fast_counter
087430be-d99a-4344-b82c-58aeae623cf1,3869253,Brazil,South Korea,Raphael Dias Belloli,2,53,52,110.4,50.6,13.08,0.080992505,Saved,0,Open Play,Left Foot,False,False,From Throw In,80.2,80.0,Pass,54,18,17,30.2,42.1,0.56,central_pass,100.0,57.4,half_space,True,17,10,1.51,0,1,2,7,1,4,118.5,42.6,1.37,2.38,central_penetration
c1a1f95e-48fa-4cf7-af57-c2bbb640af4c,3869253,Brazil,South Korea,Vinícius José Paixão de Oliveira Júnior,2,53,59,110.4,26.8,14.92,0.05640157,Off T,0,Open Play,Right Foot,False,True,From Throw In,80.2,80.0,Pass,61,19,18,30.2,40.1,0.5,cutback,118.8,26.2,half_space,True,16,9,1.19,0,2,2,9,2,4,118.9,37.9,1.01,1.92,cutback
2679ed63-ee3c-478e-b615-367b96b18164,3869253,Brazil,South Korea,Raphael Dias Belloli,2,57,0,91.0,34.0,27.08,0.04321825,Blocked,0,Free Kick,Left Foot,False,False,From Free Kick,91.0,34.0,Shot,0,0,0,0.0,0.0,,,,,central,True,18,10,7.37,0,0,0,1,4,0,119.0,40.4,0.91,0.37,set_piece
51025cec-c9df-439b-9017-d52381d11adc,3869253,Brazil,South Korea,Raphael Dias Belloli,2,61,39,114.6,51.1,11.29,0.16284284,Saved,0,Open Play,Right Foot,False,False,Regular Play,15.9,70.7,Duel,19,5,6,98.7,96.2,5.19,central_pass,97.1,33.3,central,True,14,9,3.75,0,0,0,8,1,3,118.3,44.2,1.55,3.84,central_penetration
1e78d87e-7adf-4d14-8311-7ce4b0f783ed,3869253,South Korea,Brazil,Hee-Chan Hwang,2,67,34,106.8,51.7,16.13,0.04724954,Saved,0,Open Play,Right Foot,True,False,Regular Play,62.9,56.6,Duel,25,5,9,43.9,41.8,1.76,,,,half_space,True,15,9,3.42,0,0,0,7,2,2,117.1,42.7,2.65,2.47,other
92e9b5f4-c7e1-4758-91bb-ee3ed2fd7c3c,3869253,South Korea,Brazil,Seung-Ho Paik,2,75,47,93.7,39.8,24.05,0.023081098,Goal,1,Open Play,Left Foot,False,False,From Free Kick,89.5,66.9,Pass,3,0,1,4.2,14.4,1.4,,,,central,True,20,11,3.13,0,0,0,6,5,4,117.8,40.2,2.01,0.18,other
1ea14c9e-dd01-4af6-868c-584633f0088c,3869253,Brazil,South Korea,Daniel Alves da Silva,2,88,28,111.1,53.1,14.48,0.027839905,Blocked,0,Open Play,Right Foot,True,False,From Free Kick,21.9,25.9,Pass,57,17,16,89.2,83.3,1.56,cross,118.7,27.5,half_space,True,15,9,8.98,0,0,0,8,2,4,119.0,40.6,0.91,0.55,wide_cross
3b3d795f-7050-4264-8752-0722213c0713,3869253,Brazil,South Korea,Gleison Bremer Silva Nascimento,2,89,3,116.1,41.0,3.68,0.34439024,Saved,0,Open Play,Head,False,False,From Corner,120.0,80.0,Pass,2,1,0,-3.9,36.0,-1.95,cutback,120.0,80.0,wide,True,19,11,1.04,0,1,3,11,0,5,116.8,40.1,2.93,0.09,cutback
6e8aca58-362d-4573-b02c-809f8438cacb,3869253,South Korea,Brazil,Hee-Chan Hwang,2,89,49,112.9,53.6,14.03,0.058088522,Off T,0,Open Play,Right Foot,False,False,From Goal Kick,6.0,36.0,Pass,29,10,7,106.9,98.7,3.69,other,69.1,2.2,wide,False,0,5,1.82,0,1,1,4,1,1,117.9,44.4,1.92,4.02,slow_possession
f592c88a-4f84-4c9e-9bfb-da5bef69f00c,3869253,Brazil,South Korea,Daniel Alves da Silva,2,92,41,88.4,46.1,29.43,0.027316706,Off T,0,Open Play,Right Foot,False,False,From Throw In,110.5,0.1,Pass,12,1,5,-22.1,8.8,-1.84,,,,central,True,20,10,3.75,0,0,0,3,1,1,117.4,40.3,2.38,0.27,other
31fad68d-426e-4288-89c0-71ba4c143506,3869152,France,Poland,Raphaël Varane,1,3,12,114.3,40.0,5.21,0.1462742,Off T,0,Open Play,Head,False,True,From Corner,120.0,80.0,Pass,2,1,0,-5.7,34.3,-2.85,cutback,120.0,80.0,wide,True,19,11,0.27,2,2,5,11,1,5,117.8,40.0,2.01,0.0,cutback
7cd0dae7-40fb-46a6-95f2-a3969d1cc578,3869152,France,Poland,Ousmane Dembélé,1,10,1,116.0,51.8,11.39,0.040392082,Blocked,0,Open Play,Right Foot,False,False,From Corner,120.0,80.0,Pass,46,7,7,-4.0,27.5,-0.09,cross,116.9,18.1,half_space,True,14,10,1.24,0,1,1,9,2,3,118.5,44.2,1.37,3.84,wide_cross
69bb74b1-68af-4b20-a197-0c46604b417b,3869152,France,Poland,Aurélien Djani Tchouaméni,1,12,5,87.8,30.9,30.6,0.017185243,Saved,0,Open Play,Right Foot,False,False,From Free Kick,50.4,70.9,Pass,27,10,9,37.4,42.7,1.39,other,84.3,14.1,wide,True,16,10,3.56,0,0,0,1,2,0,117.9,38.0,1.92,1.83,slow_possession
bffd8808-bde3-4471-b4ec-a2f2d980107b,3869152,France,Poland,Ousmane Dembélé,1,16,5,99.2,46.7,19.98,0.07651916,Saved,0,Open Play,Left Foot,False,False,From Free Kick,76.2,46.6,Interception,5,0,1,23.0,22.4,4.6,,,,central,True,12,7,1.19,0,2,2,3,1,2,115.1,41.9,4.48,1.74,other
189cd753-a975-4179-b545-89a4e9fc2e38,3869152,Poland,France,Robert Lewandowski,1,20,9,92.5,43.3,25.33,0.03323787,Off T,0,Open Play,Left Foot,False,False,Regular Play,12.7,57.2,Ball Recovery,13,1,3,79.8,81.0,6.14,,,,central,True,12,8,2.71,0,0,1,1,1,0,117.7,40.9,2.1,0.82,other
aaa15453-3b82-4a91-9257-54793d844cb1,3869152,France,Poland,Jules Koundé,1,21,22,94.5,56.1,27.58,0.01624438,Saved,0,Open Play,Right Foot,False,False,From Goal Kick,6.0,36.0,Pass,37,10,8,88.5,83.9,2.39,central_pass,81.0,18.1,half_space,True,15,10,3.38,0,0,0,5,1,2,117.6,41.3,2.19,1.19,central_penetration
87b6c4e5-8879-49ac-bb0d-d732354d78e0,3869152,Poland,France,Przemysław Frankowski,1,24,4,109.5,24.7,16.97,0.043646414,Blocked,0,Open Play,Right Foot,True,False,Regular Play,47.5,14.6,Pass,132,35,31,62.0,58.3,0.47,central_pass,109.6,34.8,central,True,13,9,3.97,0,0,0,8,1,3,118.1,36.8,1.74,2.93,central_penetration
03ad5797-0787-4b37-9f9e-9c91d1d19bf0,3869152,Poland,France,Robert Lewandowski,1,32,21,94.8,26.6,26.1,0.042642463,Blocked,0,Free Kick,Right Foot,False,False,From Free Kick,94.8,26.6,Shot,0,0,0,0.0,0.0,,,,,half_space,True,17,10,9.2,0,0,0,10,5,4,118.1,39.7,1.74,0.27,set_piece
44377d04-8e4c-4a86-8fa7-02f89b98ad81,3869152,Poland,France,Matty Cash,1,33,57,99.1,56.2,24.18,0.023505978,Wayward,0,Open Play,Right Foot,True,False,Regular Play,56.0,22.9,Ball Recovery,90,25,22,43.1,39.8,0.48,central_pass,88.1,36.2,central,True,16,9,3.78,0,0,0,5,2,3,117.0,41.2,2.74,1.1,central_penetration
982df7d3-5406-4586-bedd-ce5132be5608,3869152,France,Poland,Kylian Mbappé Lottin,1,34,52,111.5,24.9,15.84,0.047962468,Saved,0,Open Play,Left Foot,False,False,From Goal Kick,6.0,36.0,Pass,35,9,10,105.5,96.7,3.01,central_pass,97.3,21.7,half_space,True,15,10,2.87,0,0,2,8,1,3,118.2,36.3,1.65,3.38,central_penetration
e042d4ce-1bdb-44d2-a0db-36924a2cec20,3869152,France,Poland,Olivier Giroud,1,35,31,105.2,44.5,14.14,0.046657436,Wayward,0,Open Play,Left Foot,True,False,From Corner,120.0,0.1,Pass,4,0,0,-14.8,24.4,-3.7,,,,central,True,20,11,1.04,0,3,3,10,4,5,119.2,40.5,0.73,0.46,other
cd7ccad2-865a-456d-b56b-e0150001b529,3869152,Poland,France,Piotr Zieliński,1,37,8,106.6,41.6,12.34,0.13905574,Saved,0,Open Play,Right Foot,True,False,From Throw In,95.7,0.1,Pass,9,4,4,10.9,33.2,1.21,,,,central,True,15,9,4.04,0,0,0,7,3,3,117.2,40.4,2.56,0.37,other
61add723-da40-461f-b9a1-d8d4878c2f61,3869152,Poland,France,Piotr Zieliński,1,37,9,111.4,43.9,8.63,0.2098723,Blocked,0,Open Play,Left Foot,True,False,From Throw In,95.7,0.1,Pass,10,4,4,15.7,37.3,1.57,,,,central,True,17,9,2.31,0,0,1,7,2,4,117.4,41.2,2.38,1.1,other
8d35767c-57ec-4a24-81c1-3f2a3f3dcc78,3869152,Poland,France,Jakub Kamiński,1,37,10,114.1,50.5,11.01,0.07224382,Blocked,0,Open Play,Right Foot,True,False,From Throw In,95.7,0.1,Pass,11,4,4,18.4,34.7,1.67,,,,half_space,True,17,9,4.13,0,0,0,7,3,4,119.0,43.5,0.91,3.2,other
3dfb5a79-95c5-4e66-88fb-ddf16a823d7b,3869152,France,Poland,Olivier Giroud,1,43,28,105.6,32.3,14.93,0.28635955,Goal,1,Open Play,Left Foot,False,False,From Throw In,94.8,80.0,Pass,26,11,9,10.8,30.9,0.42,through_ball,94.4,24.8,half_space,True,15,10,2.38,0,0,1,4,1,1,114.7,36.7,4.85,3.02,central_penetration
a3db0203-805f-47e3-a481-cc660770e431,3869152,Poland,France,Jakub Kamiński,1,45,24,108.8,51.7,14.81,0.03898995,Blocked,0,Open Play,Right Foot,False,False,From Throw In,98.2,80.0,Pass,5,3,2,10.6,29.4,2.12,cross,112.9,76.2,wide,True,16,10,1.85,0,1,2,6,1,2,118.1,42.1,1.74,1.92,wide_cross
527eca36-6d4e-43e0-ba5a-ab3313ad6128,3869152,France,Poland,Antoine Griezmann,2,47,38,106.9,63.2,24.36,0.008752431,Saved,0,Free Kick,Left Foot,False,False,From Free Kick,106.9,63.2,Shot,0,0,0,0.0,0.0,,,,,wide,True,21,11,8.3,0,0,0,11,2,6,119.6,41.7,0.37,1.55,set_piece
9caab947-e53e-460b-84d5-a5b7f974f3e7,3869152,France,Poland,Theo Bernard François Hernández,2,47,41,98.0,38.5,20.16,0.032634486,Off T,0,Open Play,Right Foot,True,False,From Free Kick,106.9,63.2,Shot,3,0,0,-8.9,4.6,-2.97,,,,central,True,19,11,7.54,0,0,0,11,5,6,118.0,40.6,1.83,0.55,other
f814b114-cf7e-454e-8c60-8d301b5a49c9,3869152,France,Poland,Kylian Mbappé Lottin,2,55,53,102.0,26.7,20.46,0.02943752,Blocked,0,Open Play,Right Foot,False,False,From Throw In,116.0,80.0,Pass,30,4,6,-14.0,17.8,-0.47,central_pass,90.7,26.0,half_space,True,13,8,1.48,0,1,2,6,1,2,118.0,37.7,1.83,2.1,central_penetration
6501acc8-ffc7-4246-82e8-43e7a8cf7c47,3869152,France,Poland,Kylian Mbappé Lottin,2,62,41,110.2,26.3,15.4,0.054253228,Wayward,0,Open Play,Right Foot,True,False,Regular Play,33.2,28.4,Interception,151,49,42,77.0,70.7,0.51,central_pass,113.4,30.1,central,True,17,10,1.65,0,1,2,10,2,3,118.3,36.4,1.55,3.29,central_penetration
7591bf5f-3557-4f9a-b967-485aebef76d4,3869152,France,Poland,Olivier Giroud,2,65,8,115.8,46.8,7.31,0.12365263,Off T,0,Open Play,Left Foot,True,True,Regular Play,19.1,22.4,Pass,34,10,9,96.7,94.4,2.84,cross,112.6,65.2,wide,True,13,8,0.83,1,1,1,7,1,2,118.5,43.0,1.37,2.74,wide_cross
510bb5aa-f782-4a22-be23-8274be45b104,3869152,Poland,France,Kamil Glik,2,70,58,114.0,32.0,9.14,0.041239407,Off T,0,Open Play,Head,False,True,From Free Kick,91.4,74.4,Pass,2,1,0,22.6,34.7,11.3,cross,91.4,74.4,wide,True,19,11,0.91,1,1,3,9,2,5,118.7,39.1,1.19,0.82,wide_cross
c5b96634-9e00-4135-a499-bdfc1c58b06a,3869152,France,Poland,Kylian Mbappé Lottin,2,73,56,104.8,28.6,17.37,0.08738103,Goal,1,Open Play,Right Foot,False,False,Regular Play,8.8,39.3,Pass,16,4,3,96.0,92.2,6.0,central_pass,90.3,57.3,half_space,True,10,7,3.86,0,0,0,5,2,1,117.6,38.6,2.19,1.28,central_penetration
3b650254-e765-40a1-819e-9b67473829f3,3869152,France,Poland,Theo Bernard François Hernández,2,80,58,105.0,33.4,14.99,0.069959894,Off T,0,Open Play,Right Foot,False,False,From Free Kick,110.4,7.9,Pass,10,3,6,-5.4,17.1,-0.54,,,,central,True,19,11,2.41,0,0,1,8,1,5,117.7,38.3,2.1,1.55,other
2d38130f-3d62-4369-8a2b-ec7866353b92,3869152,France,Poland,Kylian Mbappé Lottin,2,90,5,106.2,25.2,18.5,0.042708755,Goal,1,Open Play,Right Foot,False,False,Regular Play,51.8,22.2,Pass,23,8,6,54.4,50.2,2.37,cutback,112.3,13.4,wide,True,15,10,2.52,0,0,1,8,2,1,118.0,37.2,1.83,2.56,cutback
5dc61ca6-7468-40cf-b756-0517d2693285,3869152,Poland,France,Robert Lewandowski,2,91,50,105.6,48.7,15.38,0.061160102,Wayward,0,Open Play,Right Foot,True,True,From Kick Off,60.0,40.0,Pass,13,4,3,45.6,43.2,3.51,,,,central,True,12,8,2.04,0,0,1,5,2,2,117.5,42.3,2.29,2.1,other
bbc46428-10c1-4bec-8eef-51410db15dba,3869152,Poland,France,Robert Lewandowski,2,93,41,113.0,40.0,6.4,0.10443308,Blocked,0,Open Play,Head,False,True,Regular Play,61.7,18.3,Ball Recovery,22,5,7,51.3,55.2,2.33,cross,109.1,10.8,wide,True,15,10,0.84,1,1,2,8,2,2,118.3,40.7,1.55,0.64,wide_cross
7320c2cf-86b3-40f2-a3a7-ff0a4b95a712,3869117,United States,Netherlands,Christian Pulisic,1,2,10,107.1,34.9,12.68,0.3196895,Saved,0,Open Play,Left Foot,True,False,From Throw In,100.8,80.0,Pass,13,3,1,6.3,30.5,0.48,central_pass,94.0,44.5,central,False,0,11,2.67,0,0,1,4,1,0,114.1,37.8,5.39,2.01,central_penetration
05907c05-0a6c-4aa7-a62a-1f1a70bebba7,3869117,Netherlands,United States,Memphis Depay,1,9,31,104.9,43.7,14.22,0.16183718,Goal,1,Open Play,Right Foot,True,False,Regular Play,80.5,25.7,Pass,63,21,16,24.4,26.5,0.39,cross,108.7,68.3,wide,True,13,8,4.48,0,0,0,7,2,2,117.3,41.9,2.47,1.74,wide_cross
1661bfea-a0ca-487c-90c5-a6cccc12dfde,3869117,Netherlands,United States,Daley Blind,1,17,4,103.6,30.6,17.28,0.07337185,Off T,0,Open Play,Left Foot,True,False,Regular Play,20.3,49.0,Pass,49,16,12,83.3,81.2,1.7,central_pass,95.7,39.9,central,True,11,7,1.94,0,1,2,5,1,2,116.7,39.3,3.02,0.64,central_penetration
a2da4447-6ffd-458f-8921-05c19d401904,3869117,Netherlands,United States,Memphis Depay,1,20,20,106.1,62.1,23.87,0.008920797,Off T,0,Open Play,Right Foot,True,False,From Free Kick,26.5,47.2,Pass,6,1,0,79.6,67.7,13.27,central_pass,26.5,47.2,central,True,8,5,4.55,0,0,0,2,1,0,117.4,43.6,2.38,3.29,fast_counter
f23c54d4-ea5f-427b-8c32-704a95e25dac,3869117,United States,Netherlands,Timothy Weah,1,42,7,97.5,53.3,23.9,0.028368456,Saved,0,Open Play,Right Foot,False,False,Regular Play,70.7,50.7,Pass,30,4,6,26.8,24.3,0.89,,,,half_space,True,17,11,2.85,0,0,1,6,1,4,118.4,43.2,1.46,2.93,other
317f2710-2fd6-4c1f-8a57-cdef4724252c,3869117,United States,Netherlands,Sergino Dest,1,43,58,105.2,46.2,14.67,0.07418261,Blocked,0,Open Play,Right Foot,False,False,Regular Play,61.2,72.9,Ball Recovery,41,9,9,44.0,51.3,1.07,other,87.1,74.1,wide,True,14,8,1.11,0,1,3,8,2,3,116.3,42.5,3.38,2.29,slow_possession
5566d71a-983c-4f30-9ddb-85d7b8815ba1,3869117,Netherlands,United States,Daley Blind,1,45,36,107.6,38.5,11.42,0.2502288,Goal,1,Open Play,Right Foot,True,False,From Throw In,106.1,80.0,Pass,9,4,2,1.5,29.9,0.17,cross,117.0,59.4,half_space,True,17,10,1.17,0,1,1,7,1,3,118.2,41.6,1.65,1.46,wide_cross
eb91d23f-4d01-43a8-96d3-52827bf9909d,3869117,United States,Netherlands,Weston McKennie,2,48,45,109.1,36.5,10.47,0.03899759,Wayward,0,Open Play,Head,False,True,From Corner,120.0,80.0,Pass,2,1,0,-10.9,28.6,-5.45,cutback,120.0,80.0,wide,True,17,10,0.93,1,2,2,9,2,5,118.9,39.1,1.01,0.82,cutback
f66c01cb-afab-4614-9ab0-849827654257,3869117,United States,Netherlands,Tim Ream,2,48,46,116.5,37.1,4.16,0.2582279,Saved,0,Open Play,Left Foot,False,False,From Corner,120.0,80.0,Pass,3,1,1,-3.5,35.5,-1.17,,,,central,True,17,10,1.29,0,2,3,9,3,5,118.2,37.6,1.65,2.19,other
bde8a681-2dfa-431a-9637-223cc85dfd10,3869117,United States,Netherlands,Weston McKennie,2,48,55,108.4,37.0,10.96,0.06857926,Wayward,0,Open Play,Head,False,True,From Corner,120.0,80.0,Pass,12,2,2,-11.6,28.0,-0.97,central_pass,93.6,56.5,half_space,True,18,10,0.7,1,1,3,5,1,3,117.9,40.1,1.92,0.09,central_penetration
ca601f63-190e-473c-9a0e-e40451f4ad17,3869117,United States,Netherlands,Sergino Dest,2,50,49,100.9,57.3,23.56,0.01609117,Wayward,0,Open Play,Left Foot,False,False,From Free Kick,33.0,19.1,Pass,35,8,7,67.9,63.7,1.94,cutback,110.8,72.0,wide,True,14,9,2.01,0,0,1,8,2,4,117.1,42.6,2.65,2.38,cutback
d9a576ef-06ad-4b8e-b19b-579c5da93422,3869117,United States,Netherlands,Christian Pulisic,2,52,0,98.4,27.3,22.91,0.040512722,Saved,0,Open Play,Right Foot,False,False,From Throw In,69.4,0.1,Pass,16,5,6,29.0,39.4,1.81,other,81.5,10.1,wide,False,0,7,1.69,0,1,1,4,1,0,116.4,37.9,3.29,1.92,other
7c9f51b5-7c05-4ba0-ae27-d0c4639b0709,3869117,United States,Netherlands,Weston McKennie,2,53,0,102.1,35.0,16.99,0.053084504,Off T,0,Open Play,Left Foot,False,False,Regular Play,37.4,11.2,50/50,18,3,4,64.7,68.9,3.59,cutback,107.1,22.6,half_space,True,15,9,3.04,0,0,0,8,3,5,118.4,38.5,1.46,1.37,cutback
51847ed7-8369-40a5-a442-862b9063b95f,3869117,Netherlands,United States,Cody Mathès Gakpo,2,60,39,100.0,50.7,20.74,0.053106464,Blocked,0,Open Play,Left Foot,False,False,Regular Play,30.8,58.2,Pass,19,5,3,69.2,68.4,3.64,other,81.6,72.2,wide,False,0,10,1.75,0,1,1,5,2,1,117.7,40.3,2.1,0.27,other
a1545633-330a-4c29-bdc4-e7a8d2720acc,3869117,Netherlands,United States,Memphis Depay,2,60,42,98.6,47.0,20.59,0.046333984,Saved,0,Open Play,Right Foot,True,False,Regular Play,30.8,58.2,Pass,22,6,4,67.8,68.5,3.08,central_pass,99.4,54.7,half_space,True,16,10,2.41,0,0,1,4,2,2,117.2,40.4,2.56,0.37,central_penetration
d415f694-86d8-436d-a82c-7c16076856ff,3869117,United States,Netherlands,Timothy Weah,2,62,41,99.1,51.0,21.6,0.04334448,Blocked,0,Open Play,Left Foot,False,False,Regular Play,14.7,24.8,Duel,17,2,1,84.4,82.8,4.96,other,50.7,12.7,wide,True,13,7,1.93,0,1,1,5,1,2,116.8,42.2,2.93,2.01,other
ef5c7933-4077-49df-9152-d32b29d5bb12,3869117,Netherlands,United States,Virgil van Dijk,2,70,10,111.8,41.3,7.59,0.08036702,Off T,0,Open Play,Head,False,True,From Corner,120.0,80.0,Pass,2,1,0,-8.2,31.7,-4.1,cutback,120.0,80.0,wide,True,19,11,0.71,2,3,5,11,1,4,119.1,40.8,0.82,0.73,cutback
44a6397c-cfd0-4cf2-9c47-95f359b3f407,3869117,Netherlands,United States,Teun Koopmeiners,2,70,52,94.5,37.8,23.4,0.04472613,Saved,0,Open Play,Left Foot,False,False,Regular Play,86.4,27.1,Ball Recovery,8,1,3,8.1,10.4,1.01,central_pass,94.8,58.2,half_space,True,15,9,5.18,0,0,0,4,2,3,117.7,39.2,2.1,0.73,high_turnover
c6711069-7423-4428-a2b8-beff1ad14b24,3869117,Netherlands,United States,Memphis Depay,2,70,54,113.1,34.4,8.13,0.27671057,Saved,0,Open Play,Head,False,False,Regular Play,86.4,27.1,Ball Recovery,10,1,3,26.7,27.1,2.67,,,,central,True,7,5,4.26,0,0,0,5,1,1,117.8,37.1,2.01,2.65,high_turnover
f8946626-b0a1-496c-aabd-a8671df0b23b,3869117,United States,Netherlands,Giovanni Reyna,2,73,13,98.9,49.9,21.31,0.042619057,Off T,0,Open Play,Left Foot,False,False,Regular Play,60.2,19.4,Ball Recovery,37,8,10,38.7,39.9,1.05,other,75.1,74.0,wide,True,14,9,0.94,1,1,2,3,2,2,117.1,41.7,2.65,1.55,slow_possession
b3f6d8e7-d124-4d9b-8b69-096b7958f406,3869117,United States,Netherlands,Haji Wright,2,74,14,115.2,55.6,14.92,0.046546377,Blocked,0,Open Play,Right Foot,False,False,Regular Play,105.1,48.8,Ball Recovery,1,0,1,10.1,1.0,10.1,,,,half_space,True,10,7,4.53,0,0,0,4,0,1,114.5,50.7,5.03,9.78,high_turnover
ca879c6e-6742-4d2b-8b98-5e9b726ee77e,3869117,United States,Netherlands,Haji Wright,2,75,20,115.1,45.2,6.53,0.3636808,Goal,1,Open Play,Right Foot,True,False,From Corner,120.0,80.0,Pass,11,4,2,-4.9,32.9,-0.45,cross,113.2,55.6,half_space,True,16,10,0.74,1,1,1,8,1,4,118.4,43.9,1.46,3.57,wide_cross
bdba3968-9315-4a2c-b26a-fa83134c1f6b,3869117,Netherlands,United States,Steven Bergwijn,2,77,21,109.5,32.8,11.64,0.25042096,Off T,0,Open Play,Right Foot,True,False,Regular Play,57.0,61.0,Pass,8,4,4,52.5,53.7,6.56,through_ball,94.5,31.6,central,True,9,6,1.53,0,1,2,5,1,0,112.0,34.2,7.32,5.3,fast_counter
e534d589-ffb5-42c2-a449-541547acec89,3869117,United States,Netherlands,Christian Pulisic,2,78,7,99.5,25.3,23.07,0.031073315,Saved,0,Open Play,Left Foot,False,False,From Goal Kick,6.0,44.0,Pass,20,5,4,93.5,88.8,4.67,central_pass,69.7,22.6,half_space,True,17,10,1.39,0,1,1,6,1,2,117.3,37.6,2.47,2.19,central_penetration
4a9d3012-73c3-4a0f-a16c-831cb874e455,3869117,Netherlands,United States,Denzel Dumfries,2,80,28,113.5,44.3,7.13,0.23592436,Goal,1,Open Play,Left Foot,True,False,From Keeper,5.1,38.6,Goal Keeper,35,8,9,108.4,107.1,3.1,cross,107.8,7.1,wide,True,15,9,4.3,0,0,0,7,1,3,118.5,41.6,1.37,1.46,wide_cross
228c6b1b-5058-4b75-b47e-e5d961102ba9,3869117,United States,Netherlands,Walker Zimmerman,2,85,25,107.2,43.0,12.02,0.05674074,Off T,0,Open Play,Right Foot,False,False,From Corner,120.0,0.1,Pass,4,0,1,-12.8,26.8,-3.2,,,,central,True,19,11,1.51,0,1,1,10,5,5,118.1,39.8,1.74,0.18,other
67f52955-48b3-418c-976f-a34575324c1d,3869117,United States,Netherlands,Giovanni Reyna,2,88,48,103.1,51.4,18.64,0.043403003,Blocked,0,Open Play,Left Foot,False,False,Regular Play,79.4,27.7,Pass,39,9,9,23.7,22.0,0.61,central_pass,106.3,53.3,half_space,True,16,10,1.64,0,1,2,7,3,3,117.2,42.3,2.56,2.1,central_penetration
ca8ff3c0-c049-435d-830a-3979bf1181e5,3869117,United States,Netherlands,Yunus Dimoara Musah,2,93,29,103.9,44.2,15.21,0.054460905,Blocked,0,Open Play,Right Foot,True,False,From Throw In,92.4,80.0,Pass,23,7,4,11.5,32.0,0.5,cross,110.8,58.0,half_space,True,17,9,2.68,0,0,1,8,3,5,117.7,41.0,2.1,0.91,wide_cross
1bb42f2e-3d37-4dfc-834a-ad4bce817151,3869117,United States,Netherlands,Haji Wright,2,94,7,111.3,40.2,7.96,0.072495155,Wayward,0,Open Play,Head,False,True,From Throw In,102.5,80.0,Pass,7,3,5,8.8,35.0,1.26,cross,117.2,69.2,wide,True,19,11,0.78,2,2,3,7,1,4,118.8,41.0,1.1,0.91,wide_cross
83c26e08-1d4a-43a2-97d5-bf73b5097609,3857270,Uruguay,Portugal,Mathías Olivera Miramontes,1,2,2,98.2,27.8,22.84,0.039672486,Off T,0,Open Play,Left Foot,False,False,Regular Play,78.1,5.0,Duel,6,3,3,20.1,29.6,3.35,central_pass,88.6,22.2,half_space,True,14,8,1.56,0,1,1,3,1,1,117.1,37.9,2.65,1.92,central_penetration
fe514d01-352d-487e-98b3-4954d3f99b92,3857270,Portugal,Uruguay,William Silva de Carvalho,1,2,59,104.9,30.5,16.31,0.048683427,Off T,0,Open Play,Right Foot,True,False,From Throw In,75.5,0.1,Pass,4,2,0,29.4,41.9,7.35,cross,118.3,20.8,half_space,True,15,9,2.41,0,0,1,7,2,1,117.7,38.8,2.1,1.1,wide_cross
930439d2-1691-46c7-943f-c82865db84e1,3857270,Portugal,Uruguay,Bruno Miguel Borges Fernandes,1,7,17,90.8,53.9,29.57,0.014580331,Off T,0,Open Play,Right Foot,False,False,From Free Kick,24.1,16.1,Pass,33,6,6,66.7,66.5,2.02,other,91.0,64.5,wide,True,14,9,1.3,0,1,1,2,1,0,118.1,39.9,1.74,0.09,other
6755e0bf-513c-4970-9cc9-35a2b733a9a9,3857270,Uruguay,Portugal,José María Giménez de Vargas,1,11,6,109.4,37.1,10.05,0.050594334,Off T,0,Open Play,Head,False,False,From Corner,120.0,0.1,Pass,5,2,1,-10.6,28.9,-2.12,cross,101.5,5.9,wide,True,19,11,0.87,2,3,3,10,2,4,119.2,38.8,0.73,1.1,wide_cross
4bdae77f-3456-4555-b1b2-a461597030ea,3857270,Portugal,Uruguay,João Félix Sequeira,1,15,31,101.0,30.9,19.26,0.033737455,Blocked,0,Open Play,Right Foot,False,False,Regular Play,58.4,45.5,Ball Recovery,6,2,3,42.6,40.8,7.1,central_pass,83.3,37.7,central,True,13,9,1.51,0,2,2,4,1,0,116.5,37.9,3.2,1.92,fast_counter
39f5eb65-6b14-49cd-b17d-beb9ec7ece4a,3857270,Portugal,Uruguay,Cristiano Ronaldo dos Santos Aveiro,1,17,45,96.0,23.4,26.68,0.026755862,Blocked,0,Free Kick,Right Foot,False,False,From Free Kick,96.0,23.4,Shot,0,0,0,0.0,0.0,,,,,half_space,True,20,11,7.17,0,0,0,11,3,4,118.4,39.2,1.46,0.73,set_piece
78c4ff87-5e72-4821-999a-3f3f16b77541,3857270,Portugal,Uruguay,Rúben Diogo Da Silva Neves,1,19,49,92.4,50.0,26.84,0.015326656,Blocked,0,Open Play,Right Foot,True,False,Regular Play,81.0,19.9,Ball Recovery,35,9,11,11.4,14.5,0.33,,,,central,True,18,10,7.68,0,0,0,6,4,5,117.0,41.5,2.74,1.37,slow_possession
8fcf0dcd-e70c-4c64-9252-3a1e37ef27a9,3857270,Uruguay,Portugal,Rodrigo Bentancur Colmán,1,31,57,106.8,41.3,12.13,0.49410823,Saved,0,Open Play,Right Foot,False,False,From Throw In,91.7,0.1,Pass,48,11,9,15.1,35.7,0.31,,,,central,True,12,7,1.64,0,1,3,5,1,1,110.9,41.6,8.32,1.46,slow_possession
8f37923f-c3a2-4edd-8ba8-a0debba61c74,3857270,Portugal,Uruguay,Cristiano Ronaldo dos Santos Aveiro,1,34,9,99.4,24.7,23.46,0.029249214,Blocked,0,Open Play,Left Foot,False,False,From Keeper,15.3,48.5,Pass,62,16,16,84.1,79.4,1.36,central_pass,86.1,31.0,central,True,16,9,1.4,0,1,2,5,1,3,116.9,37.8,2.83,2.01,central_penetration
93d932bd-5fba-4294-a009-c455ba251e7b,3857270,Portugal,Uruguay,João Félix Sequeira,1,34,15,91.6,31.8,27.03,0.022321237,Blocked,0,Open Play,Right Foot,False,False,From Keeper,15.3,48.5,Pass,68,17,17,76.3,75.5,1.12,central_pass,95.2,27.4,half_space,True,17,10,1.5,0,1,2,4,2,0,116.5,38.8,3.2,1.1,central_penetration
31dd30cb-85ad-43a1-9029-8fc7de744a5c,3857270,Uruguay,Portugal,Rodrigo Bentancur Colmán,1,35,8,108.4,29.5,14.31,0.07433986,Wayward,0,Open Play,Right Foot,True,False,From Goal Kick,6.0,36.0,Pass,14,4,4,102.4,98.4,7.31,other,107.6,13.2,wide,True,13,8,0.95,1,1,2,8,2,3,117.7,36.5,2.1,3.2,other
10193db8-4be2-4ca5-b747-14e2b2f3613b,3857270,Portugal,Uruguay,Bruno Miguel Borges Fernandes,1,36,45,93.1,33.0,25.42,0.028039778,Blocked,0,Open Play,Right Foot,False,False,From Throw In,65.9,0.1,Pass,27,9,8,27.2,39.4,1.01,other,92.8,4.5,wide,True,14,9,1.56,0,1,1,4,2,1,117.1,39.5,2.65,0.46,slow_possession
689210c6-bc57-4202-827a-971cfe04dc53,3857270,Portugal,Uruguay,João Félix Sequeira,2,51,38,107.9,27.1,16.17,0.036293734,Off T,0,Open Play,Left Foot,False,False,Other,21.1,21.1,Referee Ball-Drop,20,4,4,86.8,83.0,4.34,central_pass,81.8,38.6,central,False,0,8,1.63,0,1,1,7,2,1,118.2,36.9,1.65,2.83,central_penetration
c581c62f-6666-485f-af07-90b4f81274ac,3857270,Portugal,Uruguay,Bruno Miguel Borges Fernandes,2,53,40,99.4,14.6,29.9,0.0077694156,Goal,1,Open Play,Right Foot,False,False,Regular Play,3.1,40.4,Ball Recovery,47,14,15,96.3,84.2,2.05,other,92.4,3.1,wide,True,17,11,2.09,0,0,1,5,2,2,118.2,38.5,1.65,1.37,slow_possession
ab8120da-7880-44e5-9988-5d6b5c63aaf7,3857270,Portugal,Uruguay,Cristiano Ronaldo dos Santos Aveiro,2,56,10,84.9,19.1,37.35,0.007159395,Wayward,0,Open Play,Right Foot,False,True,Regular Play,77.8,35.9,Ball Recovery,7,1,2,7.1,1.5,1.01,central_pass,78.3,31.7,central,True,18,11,1.13,0,1,1,1,1,0,117.7,38.9,2.1,1.01,central_penetration
4cf5dfeb-c75e-419a-9934-d574545fa59b,3857270,Uruguay,Portugal,Edinson Roberto Cavani Gómez,2,57,25,102.9,39.7,15.64,0.07401822,Off T,0,Open Play,Right Foot,True,False,Regular Play,58.8,65.5,Pass,6,3,2,44.1,49.2,7.35,cross,93.1,72.5,wide,True,9,6,3.38,0,0,0,2,1,0,116.5,40.5,3.2,0.46,fast_counter
fc35d3ba-9f4e-473f-91e8-7c2fc357149c,3857270,Uruguay,Portugal,Darwin Gabriel Núñez Ribeiro,2,59,10,92.8,43.6,25.09,0.03092143,Saved,0,Open Play,Right Foot,False,False,Regular Play,68.8,2.8,Duel,8,1,1,24.0,35.9,3.0,other,63.1,12.4,wide,True,16,10,2.6,0,0,2,1,1,0,117.4,39.9,2.38,0.09,other
34eba09f-f80e-4bf8-b56d-3bceab8a5eed,3857270,Uruguay,Portugal,Mathías Olivera Miramontes,2,64,40,108.1,33.8,12.27,0.041303303,Blocked,0,Open Play,Head,False,True,From Throw In,86.1,0.1,Pass,38,11,9,22.0,38.9,0.58,cross,114.2,61.0,half_space,True,14,9,0.61,1,1,1,9,4,4,118.3,40.5,1.55,0.46,wide_cross
a19d546a-977c-4d03-acf0-1160c58a6a2e,3857270,Uruguay,Portugal,Maximiliano Gómez González,2,74,16,99.2,43.2,19.24,0.047642853,Post,0,Open Play,Right Foot,True,False,From Throw In,86.0,0.1,Pass,26,9,7,13.2,31.4,0.51,central_pass,100.7,59.8,half_space,True,18,10,1.77,0,1,1,4,1,2,118.8,40.3,1.1,0.27,central_penetration
5edd2407-3d38-414d-9f92-61718d6c29d7,3857270,Uruguay,Portugal,Luis Alberto Suárez Díaz,2,77,14,115.6,34.0,6.8,0.088375136,Off T,0,Open Play,Left Foot,False,False,From Free Kick,103.8,8.9,Pass,2,1,1,11.8,27.6,5.9,cross,103.8,8.9,wide,True,19,11,1.02,0,2,3,11,2,5,118.9,37.1,1.01,2.65,wide_cross
02866454-5edb-4c28-88c2-61ccdc0d2343,3857270,Uruguay,Portugal,Giorgian Daniel De Arrascaeta Benedetti,2,78,9,109.3,50.0,13.39,0.2560759,Saved,0,Open Play,Right Foot,True,False,Regular Play,31.7,74.7,Interception,13,5,5,77.6,80.2,5.97,central_pass,86.0,61.4,half_space,True,10,5,1.89,0,1,1,5,1,1,113.9,45.9,5.58,5.39,central_penetration
764b23bf-288e-458f-8cd8-6d77176339ee,3857270,Portugal,Uruguay,Rafael Alexandre Conceição Leão,2,82,41,95.3,49.1,24.07,0.026902085,Off T,0,Open Play,Right Foot,False,False,Regular Play,32.2,20.6,Pass,26,6,6,63.1,63.6,2.43,central_pass,62.4,26.9,half_space,True,13,7,3.19,0,0,0,2,2,0,117.8,41.9,2.01,1.74,central_penetration
3df430b3-eaa6-4b63-9246-1f86d8249d55,3857270,Uruguay,Portugal,Federico Santiago Valverde Dipetta,2,85,49,88.2,44.5,29.37,0.019629322,Off T,0,Open Play,Right Foot,False,False,From Free Kick,81.6,66.1,Pass,8,4,4,6.6,14.3,0.82,other,82.8,69.7,wide,True,19,11,6.22,0,0,0,7,3,2,118.5,39.7,1.37,0.27,other
8b462570-c65a-43b6-bcc0-6a66482197aa,3857270,Portugal,Uruguay,Bruno Miguel Borges Fernandes,2,97,19,117.7,50.0,9.38,0.032710962,Saved,0,Open Play,Right Foot,True,False,From Throw In,75.9,80.0,Pass,36,2,1,41.8,49.3,1.16,other,48.2,11.8,wide,True,12,6,5.91,0,0,0,6,0,5,118.6,43.6,1.28,3.29,other
9d75837e-1eac-4fe2-b041-be893874af5d,3857270,Portugal,Uruguay,Bruno Miguel Borges Fernandes,2,98,15,100.6,35.0,18.32,0.100704454,Post,0,Open Play,Right Foot,False,False,Regular Play,90.6,10.6,Interception,9,2,3,10.0,21.5,1.11,cutback,104.3,19.9,half_space,True,15,9,2.84,0,0,1,5,1,4,116.0,40.0,3.66,0.0,high_turnover
2284e99e-d852-4ffb-b591-5394dc256fbf,3857263,Spain,Germany,Daniel Olmo Carvajal,1,6,25,100.5,26.1,21.9,0.032144632,Saved to Post,0,Open Play,Right Foot,False,False,Regular Play,44.7,24.5,Pass,103,35,33,55.8,52.9,0.54,central_pass,99.9,32.3,central,True,15,9,3.23,0,0,0,6,2,4,117.8,38.2,2.01,1.65,central_penetration
4251ef51-9c14-48bb-8c40-87573ee1b95a,3857263,Spain,Germany,Jordi Alba Ramos,1,21,14,96.6,23.3,26.29,0.021667236,Off T,0,Open Play,Right Foot,False,False,Regular Play,51.0,19.8,Ball Recovery,41,9,10,45.6,43.1,1.11,central_pass,69.1,45.9,central,True,14,9,3.39,0,0,0,4,2,2,118.3,37.3,1.55,2.47,central_penetration
336e0700-24b0-4b74-8951-a7cd6e753a32,3857263,Germany,Spain,Serge Gnabry,1,24,11,102.8,56.6,21.86,0.028963488,Off T,0,Open Play,Left Foot,False,False,Regular Play,75.9,31.0,Duel,10,3,7,26.9,21.1,2.69,,,,half_space,True,15,9,4.28,0,0,0,7,2,3,118.1,42.9,1.74,2.65,other
d4387d56-b0d2-4802-ab81-1cec0d06c404,3857263,Spain,Germany,Ferrán Torres García,1,25,58,102.8,46.4,16.78,0.068952255,Blocked,0,Open Play,Left Foot,False,False,Regular Play,82.2,17.0,Ball Recovery,4,1,2,20.6,25.9,5.15,central_pass,87.7,22.5,half_space,True,10,7,1.47,0,1,1,4,1,1,114.9,41.7,4.66,1.55,high_turnover
cb0085ed-03ed-4c6f-8d8d-0b449f6f1723,3857263,Germany,Spain,Antonio Rüdiger,1,29,40,89.6,25.9,30.64,0.0065071667,Off T,0,Open Play,Right Foot,False,False,From Free Kick,66.4,39.9,Pass,26,4,4,23.2,20.1,0.89,cutback,105.2,13.6,wide,True,19,11,3.31,0,0,0,6,2,2,117.5,39.6,2.29,0.37,cutback
a21bf591-0552-4c0e-8cb5-f284ab8ff959,3857263,Spain,Germany,Ferrán Torres García,1,35,4,109.8,54.6,16.29,0.04777013,Blocked,0,Open Play,Right Foot,False,False,From Corner,120.0,0.1,Pass,5,3,1,-10.2,22.1,-2.04,central_pass,110.8,39.7,central,True,14,9,1.24,0,1,1,9,1,4,118.5,43.7,1.37,3.38,central_penetration
26d7107b-7657-4f16-bb7c-530047ec4536,3857263,Germany,Spain,Antonio Rüdiger,1,44,35,113.7,60.2,19.35,0.008851705,Saved,0,Open Play,Right Foot,False,False,From Free Kick,79.9,41.4,Pass,4,1,1,33.8,19.0,8.45,central_pass,79.9,41.4,central,True,18,11,3.62,0,0,0,11,1,4,118.5,43.9,1.37,3.57,central_penetration
39497546-4a78-43e1-98dc-71bf9514b702,3857263,Germany,Spain,Joshua Kimmich,2,55,53,105.8,40.6,13.0,0.09558376,Saved,0,Open Play,Right Foot,True,False,Regular Play,99.0,33.0,Ball Recovery,3,1,1,6.8,7.9,2.27,central_pass,104.8,31.0,central,True,14,8,2.67,0,0,1,7,2,4,116.6,39.5,3.11,0.46,high_turnover
2036573c-cac2-4454-b43b-c33364286c4a,3857263,Spain,Germany,Daniel Olmo Carvajal,2,58,0,85.8,31.1,32.31,0.0118638035,Saved,0,Open Play,Right Foot,False,False,From Throw In,78.3,0.1,Pass,5,1,1,7.5,22.4,1.5,other,78.3,0.1,wide,True,15,10,4.65,0,0,0,1,1,0,118.6,39.1,1.28,0.82,other
72e972ee-22e9-4eef-aaa9-04ebd7e55f92,3857263,Spain,Germany,Álvaro Borja Morata Martín,2,61,33,113.2,34.3,8.11,0.31874228,Goal,1,Open Play,Right Foot,True,False,From Goal Kick,7.0,36.1,Pass,44,16,13,106.2,104.2,2.41,cross,105.5,11.0,wide,True,12,8,0.97,1,1,1,6,1,1,117.5,37.2,2.29,2.56,wide_cross
8c96fe53-dd90-4244-972c-7ef0006f8eef,3857263,Germany,Spain,Leon Goretzka,2,63,24,96.2,39.7,21.76,0.036448006,Blocked,0,Open Play,Right Foot,False,False,Regular Play,10.4,37.7,Ball Recovery,19,3,4,85.8,85.8,4.52,,,,central,True,17,9,1.76,0,1,1,6,3,3,119.1,40.6,0.82,0.55,other
3c8af726-ad43-4564-b646-fcd43e243ac2,3857263,Spain,Germany,Marco Asensio Willemsen,2,64,26,101.7,45.4,17.45,0.13836038,Off T,0,Open Play,Left Foot,True,False,From Free Kick,21.3,25.4,Pass,25,9,7,80.4,80.7,3.22,central_pass,101.0,40.2,central,True,11,6,6.68,0,0,0,5,1,3,117.7,40.7,2.1,0.64,central_penetration
356a0535-9459-4bce-9296-544c9ca1cedd,3857263,Germany,Spain,Niclas Füllkrug,2,72,0,111.2,41.5,8.16,0.3730103,Wayward,0,Open Play,Right Foot,True,False,Regular Play,12.5,34.2,Ball Recovery,51,14,18,98.7,98.7,1.94,cross,112.2,66.8,wide,True,15,9,0.83,1,1,1,7,1,3,117.9,42.0,1.92,1.83,wide_cross
db268ae9-4dfd-43fc-901e-71cd25f5cff6,3857263,Germany,Spain,Jamal Musiala,2,72,43,110.1,50.1,12.93,0.28996226,Saved,0,Open Play,Right Foot,True,False,From Throw In,81.1,80.0,Pass,9,2,3,29.0,41.7,3.22,through_ball,83.5,52.8,half_space,True,15,9,3.59,0,0,0,6,1,3,115.9,43.9,3.75,3.57,central_penetration
f13161cf-dd08-44ae-acf0-da55ad0eca29,3857263,Germany,Spain,Serge Gnabry,2,72,50,104.9,23.6,20.38,0.024480116,Blocked,0,Open Play,Right Foot,False,False,From Throw In,81.1,80.0,Pass,16,3,4,23.8,33.5,1.49,other,102.9,16.7,wide,True,18,9,3.5,0,0,0,7,2,4,117.5,36.9,2.29,2.83,other
49ae6e10-133f-409a-9382-00895530b314,3857263,Germany,Spain,Niclas Füllkrug,2,73,17,111.3,42.8,8.36,0.065169856,Off T,0,Open Play,Head,False,False,From Corner,120.0,0.1,Pass,2,1,0,-8.7,30.8,-4.35,cutback,120.0,0.1,wide,True,19,11,1.38,0,4,4,11,2,5,119.1,41.1,0.82,1.01,cutback
a02febea-2c60-41f1-914d-dc065dd50ac7,3857263,Germany,Spain,Joshua Kimmich,2,80,18,98.9,25.7,23.31,0.053563386,Blocked,0,Free Kick,Right Foot,False,False,From Free Kick,98.9,25.7,Shot,0,0,0,0.0,0.0,,,,,half_space,True,21,11,8.83,0,0,0,11,5,6,118.1,40.2,1.74,0.18,set_piece
38d1ccce-102b-41a6-9661-a4f872c615e3,3857263,Germany,Spain,Niclas Füllkrug,2,82,25,110.8,51.9,13.75,0.16441207,Goal,1,Open Play,Right Foot,False,False,From Counter,62.1,69.2,Ball Recovery,7,2,6,48.7,49.8,6.96,,,,half_space,True,15,9,2.01,0,0,1,5,1,3,116.9,43.9,2.83,3.57,fast_counter
bf78a9e4-d988-4952-bf81-8e3041a32d08,3857259,Serbia,Cameroon,Aleksandar Mitrović,1,5,38,110.4,33.0,10.86,0.06545554,Off T,0,Open Play,Head,False,False,Regular Play,27.4,20.7,Duel,33,10,9,83.0,82.7,2.52,central_pass,94.0,57.0,half_space,True,16,9,1.84,0,1,2,5,1,1,118.0,37.8,1.83,2.01,central_penetration
01bf09c6-4c72-4f5b-8a73-dbbb8d04a621,3857259,Serbia,Cameroon,Aleksandar Mitrović,1,10,2,114.4,54.2,13.96,0.016927462,Post,0,Open Play,Left Foot,False,False,Regular Play,69.8,70.9,Ball Recovery,14,3,6,44.6,43.7,3.19,central_pass,101.4,54.5,half_space,True,16,10,1.45,0,1,1,9,1,3,118.6,43.7,1.28,3.38,central_penetration
aa3c0719-bc7d-4fd2-99c8-f4459948daa2,3857259,Serbia,Cameroon,Filip Kostić,1,10,14,108.2,21.4,20.14,0.012009094,Off T,0,Open Play,Left Foot,False,False,Regular Play,69.8,70.9,Ball Recovery,26,3,8,38.4,36.9,1.48,,,,half_space,True,15,8,1.73,0,1,1,7,1,1,117.9,36.8,1.92,2.93,other
44397978-2451-4fdf-8afa-3a3bec0e5a6e,3857259,Cameroon,Serbia,Nicolas Alexis Julio N'Koulou Ndoubena,1,15,11,95.9,33.9,22.73,0.046143826,Off T,0,Open Play,Left Foot,True,False,From Free Kick,68.7,17.1,Pass,8,5,3,27.2,31.3,3.4,cutback,103.4,32.3,central,True,17,10,2.25,0,0,1,4,2,2,116.9,40.5,2.83,0.46,cutback
882044f7-fc57-4263-b17f-86b5f41d22b4,3857259,Serbia,Cameroon,Aleksandar Mitrović,1,16,22,108.9,38.6,10.23,0.063389905,Off T,0,Open Play,Right Foot,True,True,From Throw In,106.4,0.1,Pass,7,1,1,2.5,31.0,0.36,,,,central,True,15,9,1.33,0,2,2,8,2,3,116.4,39.1,3.29,0.82,other
637fd724-c030-440d-9392-7c718149938b,3857259,Cameroon,Serbia,Pierre Kunde Malong,1,18,37,108.1,60.1,21.36,0.009715966,Saved,0,Open Play,Right Foot,False,False,Regular Play,70.4,51.5,Pass,21,8,7,37.7,27.6,1.8,other,48.4,75.5,wide,True,9,5,0.74,1,1,1,3,1,0,118.0,44.2,1.83,3.84,slow_possession
bc25fef0-6070-4580-8cf5-1f564f632335,3857259,Cameroon,Serbia,Pierre Kunde Malong,1,19,31,96.8,50.1,23.14,0.029523049,Blocked,0,Open Play,Right Foot,True,False,From Corner,120.0,80.0,Pass,5,2,0,-23.2,14.7,-4.64,cutback,105.3,69.9,wide,True,20,11,4.95,0,0,0,11,5,5,118.2,42.0,1.65,1.83,cutback
3d7ed7d4-5c3a-4cb7-9c81-dc3695e4959a,3857259,Cameroon,Serbia,Nicolas Alexis Julio N'Koulou Ndoubena,1,28,6,115.2,33.5,7.39,0.09064111,Blocked,0,Open Play,Head,False,False,From Corner,120.0,0.1,Pass,1,1,0,-4.8,31.8,-4.8,cutback,120.0,0.1,wide,True,15,11,1.11,0,2,2,11,3,4,118.5,38.2,1.37,1.65,cutback
1b7461e8-f3c3-4c70-94f5-aae1384db51b,3857259,Cameroon,Serbia,Jean-Charles Castelletto,1,28,7,118.5,43.2,3.23,0.8945071,Goal,1,Open Play,Right Foot,True,False,From Corner,120.0,0.1,Pass,2,1,0,-1.5,36.4,-0.75,,,,central,True,18,11,2.77,0,0,1,11,0,4,119.0,37.9,0.91,1.92,other
1dab17e3-7088-4ae6-a1a4-dc0ff0dc2e15,3857259,Cameroon,Serbia,Pierre Kunde Malong,1,42,44,103.5,53.8,19.67,0.0845098,Saved,0,Open Play,Right Foot,False,False,Regular Play,67.8,51.5,Pressure,6,0,1,35.7,31.9,5.95,,,,half_space,True,9,5,3.52,0,0,0,4,1,2,115.2,44.9,4.39,4.48,other
9379dbc4-e5b2-488a-b738-b71548d48ffe,3857259,Cameroon,Serbia,Pierre Kunde Malong,1,42,45,110.5,55.1,16.31,0.056867022,Off T,0,Open Play,Right Foot,True,False,Regular Play,67.8,51.5,Pressure,7,0,1,42.7,35.6,6.1,,,,half_space,True,9,5,4.72,0,0,0,5,1,3,116.8,44.6,2.93,4.21,fast_counter
3ba0655f-e4cf-4088-a3e8-0cdbfa517be9,3857259,Serbia,Cameroon,Strahinja Pavlović,1,45,22,110.7,42.8,8.88,0.07892812,Goal,1,Open Play,Head,False,False,From Free Kick,86.0,26.7,Pass,2,1,0,24.7,26.8,12.35,central_pass,86.0,26.7,half_space,True,18,11,1.56,0,2,3,10,1,4,118.0,41.0,1.83,0.91,central_penetration
52b8141b-59ae-4ae1-8509-7ac620e4c9e1,3857259,Serbia,Cameroon,Sergej Milinković-Savić,1,47,52,99.6,46.7,19.63,0.058657028,Goal,1,Open Play,Left Foot,False,False,From Throw In,64.7,0.1,Pass,14,3,4,34.9,46.7,2.49,cutback,102.3,55.3,half_space,True,15,9,4.35,0,0,0,6,2,4,116.3,41.4,3.38,1.28,cutback
539076ab-e77c-43d8-a806-44bd955a01c7,3857259,Serbia,Cameroon,Aleksandar Mitrović,1,50,0,98.4,45.9,20.47,0.08318807,Blocked,0,Open Play,Right Foot,False,False,From Throw In,14.0,80.0,Pass,16,3,4,84.4,90.9,5.28,,,,central,True,10,6,3.34,0,0,0,3,2,0,113.8,42.3,5.67,2.1,other
c26f8413-c3d6-4706-8573-c93cebb5b8c4,3857259,Serbia,Cameroon,Saša Lukić,1,51,13,103.0,49.6,17.85,0.039666813,Blocked,0,Open Play,Right Foot,True,False,From Corner,120.0,80.0,Pass,4,0,0,-17.0,20.5,-4.25,,,,central,True,18,10,6.6,0,0,0,9,5,6,117.1,41.6,2.65,1.46,other
be17203f-f93a-4a28-9704-0d0783b29be2,3857259,Serbia,Cameroon,Aleksandar Mitrović,2,52,26,113.6,40.2,5.86,0.8974681,Goal,1,Open Play,Right Foot,True,False,Regular Play,77.2,22.1,Ball Recovery,10,4,4,36.4,40.0,3.64,central_pass,109.4,48.6,central,False,0,6,1.31,0,1,1,6,0,5,113.1,46.5,6.31,5.94,central_penetration
07611981-ab41-4294-b278-a4a321c9253c,3857259,Cameroon,Serbia,Vincent Paté Aboubakar,2,59,40,106.5,47.6,14.17,0.05176351,Blocked,0,Open Play,Left Foot,False,False,From Counter,13.1,51.8,Interception,13,2,7,93.4,92.1,7.18,other,52.9,71.1,wide,True,11,7,1.07,0,1,1,5,2,2,116.6,42.2,3.11,2.01,fast_counter
da5af003-a708-4d60-9153-f78c6651c5bc,3857259,Cameroon,Serbia,Karl Brillant Toko Ekambi,2,61,53,106.4,24.5,18.86,0.02132554,Saved,0,Open Play,Right Foot,False,False,From Counter,18.1,30.6,Ball Recovery,14,3,5,88.3,81.7,6.31,central_pass,80.3,26.3,half_space,True,10,6,1.63,0,1,2,5,2,1,117.4,36.7,2.38,3.02,fast_counter
f7980baf-b4e9-4166-8adb-aa7102534006,3857259,Serbia,Cameroon,Sergej Milinković-Savić,2,62,22,96.4,47.8,22.73,0.10917903,Off T,0,Open Play,Right Foot,False,True,From Keeper,13.1,52.6,Pass,7,0,1,83.3,82.8,11.9,,,,central,True,8,5,0.86,1,1,1,1,1,0,109.1,42.8,9.97,2.56,fast_counter
4768edb7-18f4-45fc-8281-4bb29e43dcfd,3857259,Cameroon,Serbia,Vincent Paté Aboubakar,2,62,52,104.4,49.0,16.47,0.28323865,Goal,1,Open Play,Right Foot,False,False,From Goal Kick,6.0,44.0,Pass,20,4,5,98.4,96.1,4.92,through_ball,41.2,63.2,wide,True,6,5,2.21,0,0,1,2,1,0,107.6,47.3,11.34,6.68,central_penetration
72d6e126-e852-4621-b7b3-9861affc8b94,3857259,Cameroon,Serbia,Jean-Eric Maxim Choupo-Moting,2,65,25,111.0,37.0,8.67,0.46942416,Goal,1,Open Play,Left Foot,True,False,From Counter,26.2,39.2,Ball Recovery,10,2,2,84.8,84.3,8.48,central_pass,107.2,54.9,half_space,True,6,4,2.41,0,0,1,3,1,1,116.8,39.8,2.93,0.18,fast_counter
208f73de-8ddb-4e59-9365-e6c3545f8036,3857259,Serbia,Cameroon,Nikola Milenković,2,69,58,110.5,45.7,10.13,0.0304652,Wayward,0,Open Play,Head,False,True,From Corner,120.0,0.1,Pass,2,1,0,-9.5,28.8,-4.75,cutback,120.0,0.1,wide,True,14,9,0.99,1,2,3,9,3,4,117.9,41.7,1.92,1.55,cutback
a63f273c-9a0d-4cfe-89ae-7cbd3d8d0bc1,3857259,Serbia,Cameroon,Aleksandar Mitrović,2,75,52,110.1,55.7,16.97,0.10947208,Saved,0,Open Play,Right Foot,True,False,From Free Kick,37.6,32.6,Pass,47,9,6,72.5,64.2,1.54,through_ball,65.3,64.1,wide,True,9,5,5.01,0,0,0,4,1,1,113.8,50.0,5.67,9.14,central_penetration
f7f9e257-3c74-48e2-8e83-6406d92b8ce0,3857259,Serbia,Cameroon,Sergej Milinković-Savić,2,77,24,95.2,48.2,23.88,0.032438725,Off T,0,Open Play,Right Foot,False,False,Regular Play,16.9,36.9,Duel,61,17,19,78.3,77.0,1.28,central_pass,100.8,51.9,half_space,True,18,10,3.18,0,0,0,4,2,4,115.3,42.6,4.3,2.38,central_penetration
c2960b9b-c6ba-4bb9-b6ae-11b4c1c01ce1,3857259,Cameroon,Serbia,Vincent Paté Aboubakar,2,86,7,94.0,24.8,27.54,0.025639288,Saved,0,Open Play,Right Foot,False,False,From Throw In,6.5,80.0,Pass,18,2,4,87.5,90.2,4.86,central_pass,55.3,39.6,central,True,14,9,1.51,0,1,1,2,1,0,114.8,37.2,4.75,2.56,central_penetration
504c7171-e418-4884-96bd-892a1e927e5c,3857259,Serbia,Cameroon,Aleksandar Mitrović,2,88,4,105.1,38.3,13.71,0.1134657,Off T,0,Open Play,Right Foot,True,False,From Keeper,11.4,39.3,Pass,113,26,26,93.7,93.6,0.83,cutback,107.2,46.2,central,True,15,8,1.43,0,1,2,7,1,2,117.4,40.8,2.38,0.73,cutback
1a3dd69a-682b-43be-aa29-ed4cc4f717e5,3857259,Cameroon,Serbia,Georges-Kévin Nkoudou Mbida,2,94,8,103.3,13.7,28.49,0.0070103277,Saved,0,Free Kick,Right Foot,False,False,From Free Kick,103.3,13.7,Shot,0,0,0,0.0,0.0,,,,,wide,True,20,11,9.03,0,0,0,11,2,5,118.8,37.8,1.1,2.01,set_piece
ff453b86-63e4-4e15-a1f3-2513f1f9f4f3,3857259,Serbia,Cameroon,Marko Grujić,2,94,42,92.3,33.6,26.0,0.027356416,Saved,0,Open Play,Right Foot,False,False,From Throw In,81.0,0.1,Pass,9,3,3,11.3,27.4,1.26,cutback,105.3,6.9,wide,True,20,11,3.71,0,0,0,5,2,3,116.2,39.5,3.47,0.46,cutback
16191680-1251-4322-8d08-a3c82c9c1d9d,3857283,Belgium,Morocco,Michy Batshuayi Tunga,1,4,48,110.0,29.6,13.19,0.13561569,Saved,0,Open Play,Left Foot,True,False,Regular Play,37.9,67.7,Ball Recovery,15,4,4,72.1,72.2,4.81,other,86.0,11.0,wide,True,11,7,1.12,0,1,2,3,1,0,112.3,32.1,7.04,7.22,other
c6fd5faa-3b76-48f2-b3ef-d26a2b4c8888,3857283,Belgium,Morocco,Kevin De Bruyne,1,15,51,95.2,30.1,24.42,0.023734333,Blocked,0,Open Play,Right Foot,True,False,From Free Kick,95.5,13.0,Pass,2,2,1,-0.3,9.8,-0.15,central_pass,102.9,36.6,central,True,20,11,2.03,0,0,1,8,2,5,118.0,38.2,1.83,1.65,central_penetration
9704295d-8af7-4cf8-bded-dfe08956172e,3857283,Belgium,Morocco,Amadou Onana,1,16,21,114.6,38.6,5.1,0.22733837,Off T,0,Open Play,Head,False,False,From Corner,120.0,0.1,Pass,2,1,0,-5.4,34.3,-2.7,cutback,120.0,0.1,wide,True,19,11,1.01,0,3,3,9,1,4,115.5,39.3,4.11,0.64,cutback
82501a0a-1d39-42bd-8b8a-847d7e85dcb4,3857283,Belgium,Morocco,Thomas Meunier,1,18,26,101.1,27.4,20.77,0.050302412,Saved,0,Open Play,Right Foot,False,False,From Throw In,40.5,80.0,Pass,34,9,11,60.6,66.3,1.78,,,,half_space,True,16,9,2.21,0,0,1,5,1,2,115.4,36.7,4.21,3.02,slow_possession
c37984d3-4c45-48d8-a0da-e2cdb7cc48b2,3857283,Morocco,Belgium,Hakim Ziyech,1,20,26,88.5,52.0,30.82,0.010982664,Off T,0,Open Play,Left Foot,False,True,From Throw In,99.2,0.1,Pass,13,5,4,-10.7,11.3,-0.82,other,93.6,65.4,wide,True,18,11,1.23,0,1,2,4,2,4,118.1,40.4,1.74,0.37,other
421e0893-978d-4c20-bc0f-300baddee972,3857283,Morocco,Belgium,Selim Amallah,1,27,27,106.0,49.7,15.57,0.054105066,Off T,0,Open Play,Right Foot,True,False,From Goal Kick,7.0,44.1,Pass,52,16,11,99.0,96.0,1.9,cutback,110.4,52.8,half_space,True,15,9,1.16,0,1,1,7,2,3,118.7,41.9,1.19,1.74,cutback
41ae724a-0c53-4d8c-a1cd-b6fcbe1b918c,3857283,Morocco,Belgium,Achraf Hakimi Mouh,1,34,13,109.4,56.3,17.78,0.054164495,Off T,0,Open Play,Right Foot,False,True,Regular Play,54.3,30.0,Ball Recovery,40,12,16,55.1,47.0,1.38,other,49.0,71.8,wide,True,9,6,1.23,0,1,1,5,1,1,118.6,43.7,1.28,3.38,slow_possession
71c9aaf5-f70c-4073-b471-3f66683ea104,3857283,Belgium,Morocco,Kevin De Bruyne,1,34,54,94.1,42.1,23.76,0.021631707,Blocked,0,Open Play,Left Foot,False,True,From Goal Kick,6.0,36.0,Pass,18,6,5,88.1,88.1,4.89,other,62.2,77.4,wide,True,14,9,1.1,0,1,1,1,2,0,114.9,39.9,4.66,0.09,other
deb48e4a-e378-47ab-a5d4-c336582719e0,3857283,Belgium,Morocco,Kevin De Bruyne,1,38,51,112.6,6.7,31.19,0.007375095,Off T,0,Free Kick,Right Foot,False,False,From Free Kick,112.6,6.7,Shot,0,0,0,0.0,0.0,,,,,wide,True,19,11,11.1,0,0,0,10,1,6,119.2,38.0,0.73,1.83,set_piece
597841d0-0851-44f4-bfb0-a2b48076b026,3857283,Morocco,Belgium,Hakim Ziyech,2,49,45,95.2,48.1,23.86,0.02991042,Saved,0,Open Play,Left Foot,False,False,Regular Play,44.3,25.8,Ball Recovery,17,4,5,50.9,50.9,2.99,central_pass,87.1,29.9,half_space,True,14,8,1.74,0,1,1,4,2,3,118.4,40.3,1.46,0.27,central_penetration
899e757d-7040-4cbc-9999-0f94ee7d48e3,3857283,Belgium,Morocco,Eden Hazard,2,51,8,104.9,58.7,21.98,0.009158539,Saved,0,Open Play,Right Foot,False,False,Regular Play,40.5,8.7,Pass,44,13,14,64.4,61.4,1.46,central_pass,62.1,49.2,central,True,12,8,3.86,0,0,0,6,2,3,117.6,44.2,2.19,3.84,central_penetration
a29a62aa-1b60-45e7-af3f-c5c42dfcadf1,3857283,Belgium,Morocco,Amadou Onana,2,51,52,111.4,40.8,7.9,0.06452631,Off T,0,Open Play,Head,False,True,From Corner,120.0,80.0,Pass,2,1,0,-8.6,31.4,-4.3,cutback,120.0,80.0,wide,True,19,11,0.9,1,1,2,11,3,5,119.4,40.7,0.55,0.64,cutback
eb8511c6-2168-44eb-8e9f-0a3eb6277431,3857283,Morocco,Belgium,Sofiane Boufal,2,56,11,106.6,22.0,20.52,0.01369968,Off T,0,Open Play,Right Foot,False,False,From Throw In,64.7,80.0,Pass,46,12,11,41.9,45.8,0.91,central_pass,75.4,58.3,half_space,True,15,8,2.26,0,0,1,7,1,4,118.0,36.8,1.83,2.93,central_penetration
436fcb00-86e6-45c5-92d1-d396c2cdf615,3857283,Morocco,Belgium,Noussair Mazraoui,2,60,50,87.4,35.3,30.12,0.022188112,Off T,0,Open Play,Right Foot,True,False,Regular Play,74.9,4.6,Ball Recovery,27,9,6,12.5,24.4,0.46,central_pass,95.2,40.1,central,True,17,11,3.78,0,0,0,1,1,1,117.9,39.6,1.92,0.37,central_penetration
dfce2641-34c0-414d-867e-cb1f003962a1,3857283,Belgium,Morocco,Dries Mertens,2,64,40,97.9,37.7,20.32,0.065653466,Saved,0,Open Play,Right Foot,False,False,Regular Play,26.8,60.7,Pass,34,7,10,71.1,73.3,2.09,central_pass,92.9,24.1,half_space,True,16,9,1.07,0,1,3,3,1,3,116.0,39.7,3.66,0.27,central_penetration
e8e8db1d-29c3-40cc-a11a-c33e0401ba0c,3857283,Morocco,Belgium,Azzedine Ounahi,2,68,26,87.6,38.2,29.67,0.023304239,Off T,0,Open Play,Right Foot,False,False,From Free Kick,27.7,70.7,Pass,22,7,9,59.9,64.8,2.72,central_pass,83.5,19.8,half_space,False,0,8,4.5,0,0,0,2,2,0,117.7,40.2,2.1,0.18,central_penetration
b6a989d8-2507-4df8-aaf0-1ff4c094590a,3857283,Morocco,Belgium,Romain Saïss,2,72,37,118.0,36.4,3.77,0.56495196,Goal,1,Open Play,Other,False,False,From Free Kick,114.1,3.6,Pass,1,1,1,3.9,32.8,3.9,cross,114.1,3.6,wide,True,19,11,1.27,0,1,3,9,1,5,118.8,38.8,1.1,1.1,wide_cross
866011a0-4740-42a2-89c4-32a137220fa5,3857283,Belgium,Morocco,Jan Vertonghen,2,81,40,109.1,37.6,10.21,0.03727616,Off T,0,Open Play,Head,False,True,From Corner,120.0,80.0,Pass,2,1,0,-10.9,28.8,-5.45,cutback,120.0,80.0,wide,True,16,9,0.93,1,1,2,9,2,4,119.6,40.3,0.37,0.27,cutback
7dc143c8-2c30-4d5e-b227-682e509874b1,3857283,Morocco,Belgium,Abderrazak Hamdallah,2,90,0,116.6,28.9,10.62,0.036752854,Saved,0,Open Play,Left Foot,False,False,Regular Play,17.2,17.3,50/50,14,1,2,99.4,93.7,7.1,other,24.7,17.7,wide,True,8,5,1.2,0,1,1,4,0,2,118.3,32.2,1.55,7.13,other
517c2f9b-2447-4745-8735-2e502ced8c9a,3857283,Morocco,Belgium,Zakaria Aboukhlal,2,91,51,110.3,46.8,10.83,0.18104906,Goal,1,Open Play,Right Foot,True,False,From Goal Kick,6.0,36.0,Pass,12,4,1,104.3,102.2,8.69,cross,116.0,55.8,half_space,True,11,7,4.26,0,0,0,6,2,2,118.6,42.7,1.28,2.47,fast_counter
53852ddf-9980-469d-adbe-f637e3bc965a,3857286,Ecuador,Qatar,Romario Andrés Ibarra Mina,1,28,7,96.5,46.4,22.27,0.057691004,Off T,0,Open Play,Right Foot,False,True,From Throw In,58.7,0.1,Pass,74,21,23,37.8,48.8,0.51,,,,central,True,13,9,1.01,0,1,1,4,1,0,118.8,40.9,1.1,0.82,slow_possession
c3624e59-7177-4509-a421-e1eb8ce13f88,3857286,Ecuador,Qatar,Enner Remberto Valencia Lastra,1,30,44,109.6,38.0,9.68,0.08878088,Goal,1,Open Play,Head,False,False,Regular Play,62.9,19.0,Ball Recovery,13,2,2,46.7,50.2,3.59,cross,98.2,73.5,wide,True,14,9,1.37,0,1,1,6,1,3,118.9,40.2,1.01,0.18,wide_cross
a86be18c-5fb6-4b0f-b0a3-0665578fc2db,3857286,Qatar,Ecuador,Abdelkarim Hassan Al Haj Fadlalla,1,32,40,88.4,22.4,33.07,0.0062173195,Off T,0,Open Play,Left Foot,False,False,From Kick Off,60.0,40.0,Pass,37,8,6,28.4,23.8,0.77,central_pass,78.6,38.6,central,True,17,10,7.95,0,0,0,2,1,1,116.0,37.8,3.66,2.01,central_penetration
661531f6-17c2-4898-a780-a61b4cbf95a9,3857286,Qatar,Ecuador,Almoez Ali Zainalabiddin Abdulla,1,49,51,113.0,43.7,7.24,0.21267414,Off T,0,Open Play,Head,False,False,From Free Kick,57.6,23.9,Pass,11,6,3,55.4,56.5,5.04,cross,105.1,73.3,wide,True,12,9,3.03,0,0,0,5,1,2,117.3,40.6,2.47,0.55,fast_counter
b34357d4-f695-4549-94fe-aafd43d5804a,3857286,Ecuador,Qatar,Angelo Smit Preciado Quiñónez,2,51,26,91.7,61.5,32.5,0.0066099144,Off T,0,Open Play,Right Foot,False,False,Regular Play,55.7,25.2,Pass,21,4,4,36.0,30.4,1.71,central_pass,82.0,35.0,central,True,16,11,4.48,0,0,0,4,1,1,116.9,42.2,2.83,2.01,central_penetration
72561b5a-31fa-4104-b454-0e964f411b64,3857286,Ecuador,Qatar,Romario Andrés Ibarra Mina,2,54,46,101.9,32.3,17.99,0.07894745,Saved,0,Open Play,Right Foot,False,False,Regular Play,64.0,49.8,Pass,4,1,1,37.9,37.2,9.47,central_pass,64.0,49.8,central,True,9,6,2.29,0,0,1,4,2,1,114.6,38.7,4.94,1.19,central_penetration
4046102c-c33a-482e-b738-27f4172bc34e,3857286,Qatar,Ecuador,Pedro Miguel Correia,2,61,23,106.5,47.5,14.12,0.030855335,Off T,0,Open Play,Head,False,True,From Throw In,79.6,0.1,Pass,21,7,4,26.9,41.3,1.28,other,81.1,8.9,wide,False,0,8,0.82,1,1,1,5,1,3,118.8,40.4,1.1,0.37,other
a6a2188e-f3b8-4889-9bd1-3e19c174d5dd,3857286,Qatar,Ecuador,Akram Hassan Afif,2,74,36,92.1,23.1,29.83,0.009109482,Off T,0,Open Play,Right Foot,False,False,From Throw In,45.0,80.0,Pass,46,16,19,47.1,52.4,1.02,cutback,110.0,5.1,wide,True,16,10,7.94,0,0,0,5,3,4,115.5,37.8,4.11,2.01,cutback
763dbf96-1701-4db9-9b05-2243c7734160,3857286,Qatar,Ecuador,Mohammed Muntari,2,85,28,100.2,55.2,22.82,0.045332674,Off T,0,Open Play,Right Foot,True,False,From Goal Kick,7.0,36.1,Pass,19,5,3,93.2,88.1,4.91,central_pass,31.1,61.3,half_space,True,6,4,1.62,0,1,2,1,1,0,113.7,42.9,5.76,2.65,central_penetration
8d9322d1-dee7-4ea0-9402-6122d500dcfe,3857286,Ecuador,Qatar,Kevin José Rodríguez Cortez,2,94,26,112.3,37.4,7.43,0.13848205,Off T,0,Open Play,Head,False,False,From Corner,120.0,0.1,Pass,2,1,0,-7.7,31.8,-3.85,cutback,120.0,0.1,wide,True,15,9,1.69,0,1,2,9,1,4,119.1,39.0,0.82,0.91,cutback
529aa3ea-3b3d-460c-8e1e-11620dd054e2,3857300,Argentina,Saudi Arabia,Lionel Andrés Messi Cuccittini,1,1,34,104.5,44.5,14.76,0.15308252,Saved,0,Open Play,Left Foot,True,False,Regular Play,33.1,6.8,Ball Recovery,82,23,23,71.4,76.9,0.87,,,,central,True,17,10,0.97,1,1,3,8,1,3,118.1,41.4,1.74,1.28,slow_possession
1f7cd98b-3a5d-4ead-a143-345ba7b407ba,3857300,Argentina,Saudi Arabia,Alejandro Darío Gómez,1,20,0,98.4,20.2,26.79,0.011924569,Off T,0,Open Play,Right Foot,False,False,From Throw In,104.8,80.0,Pass,11,4,6,-6.4,13.5,-0.58,central_pass,93.1,49.7,central,True,18,10,3.39,0,0,0,7,1,4,118.1,37.1,1.74,2.65,central_penetration
ba082185-bd90-4c92-9df1-3e7d47fb7c64,3857300,Argentina,Saudi Arabia,Lautaro Javier Martínez,1,41,54,113.2,33.8,8.41,0.0877444,Blocked,0,Open Play,Head,False,False,From Free Kick,105.5,10.3,Pass,2,1,0,7.7,23.8,3.85,cross,105.5,10.3,wide,True,20,11,1.17,0,1,2,11,1,5,118.8,38.1,1.1,1.74,wide_cross
994da29b-03e4-4354-94fa-09955eeb2744,3857300,Argentina,Saudi Arabia,Rodrigo Javier De Paul,1,41,56,101.1,41.8,17.36,0.050540753,Off T,0,Open Play,Right Foot,True,False,From Free Kick,105.5,10.3,Pass,4,1,0,-4.4,14.1,-1.1,,,,central,True,20,11,4.75,0,0,0,11,6,6,119.3,39.9,0.64,0.09,other
0751ad88-9cbe-4424-8322-cbad542842b4,3857300,Saudi Arabia,Argentina,Saleh Khalid Al Shehri,2,47,40,108.0,29.6,14.52,0.080592275,Goal,1,Open Play,Left Foot,False,False,From Free Kick,21.7,10.6,Pass,25,5,8,86.3,86.7,3.45,central_pass,84.6,34.4,central,True,7,5,0.99,1,1,1,5,1,1,116.7,37.2,3.02,2.56,central_penetration
51e67deb-4f0b-4ed7-8761-62c274c944e5,3857300,Saudi Arabia,Argentina,Nawaf Shaker Al Abid,2,52,36,104.9,54.1,18.89,0.040064447,Blocked,0,Open Play,Left Foot,False,False,Regular Play,67.2,2.9,Ball Recovery,24,4,5,37.7,43.9,1.57,,,,half_space,True,12,7,4.28,0,0,0,6,3,2,117.4,42.9,2.38,2.65,other
07c658a2-5845-4b8b-b6e7-60206fdcac0d,3857300,Saudi Arabia,Argentina,Salem Mohammed Al Dawsari,2,52,44,102.4,25.3,20.97,0.03280492,Goal,1,Open Play,Right Foot,False,False,Regular Play,67.2,2.9,Ball Recovery,32,4,7,35.2,41.6,1.1,,,,half_space,True,16,9,1.33,0,2,2,7,1,2,117.2,37.7,2.56,2.1,other
3a9a382c-c6fc-4f96-9b1e-9eae06af8ebb,3857300,Argentina,Saudi Arabia,Lisandro Martínez,2,62,47,111.1,39.9,8.14,0.33156127,Blocked,0,Open Play,Right Foot,True,False,From Corner,120.0,0.1,Pass,12,4,3,-8.9,31.0,-0.74,cross,112.6,59.4,half_space,True,17,9,2.57,0,0,1,6,2,6,118.9,41.4,1.01,1.28,wide_cross
eb0b5b02-374c-4bae-8a81-c2bcdc7841e0,3857300,Argentina,Saudi Arabia,Nicolás Alejandro Tagliafico,2,62,47,116.1,37.2,4.39,0.63619345,Saved,0,Open Play,Other,False,False,From Corner,120.0,0.1,Pass,12,4,4,-3.9,35.1,-0.33,,,,central,True,17,8,3.33,0,0,0,6,1,6,119.4,39.6,0.55,0.37,other
bfb9d0d0-5828-4209-9824-c1e973b8995f,3857300,Argentina,Saudi Arabia,Lautaro Javier Martínez,2,68,35,116.5,31.1,8.74,0.077176735,Off T,0,Open Play,Head,False,True,From Corner,120.0,0.1,Pass,1,1,0,-3.5,30.3,-3.5,cutback,120.0,0.1,wide,True,18,11,0.92,1,1,2,11,1,5,119.0,39.5,0.91,0.46,cutback
c9eff299-b8d3-4929-b625-8d918de42284,3857300,Argentina,Saudi Arabia,Ángel Fabián Di María Hernández,2,71,54,111.4,54.4,15.34,0.0639515,Saved,0,Open Play,Right Foot,False,False,From Throw In,69.1,80.0,Pass,40,11,11,42.3,48.0,1.06,through_ball,94.8,40.6,central,True,15,8,2.06,0,0,1,6,1,4,118.1,43.3,1.74,3.02,central_penetration
770efb1f-3bc8-4381-bac6-a920a9878aa7,3857300,Argentina,Saudi Arabia,Ángel Fabián Di María Hernández,2,73,37,86.7,57.3,34.31,0.015201165,Blocked,0,Open Play,Left Foot,False,False,From Throw In,110.4,0.1,Pass,47,7,8,-23.7,3.5,-0.5,other,75.1,66.0,wide,True,17,10,2.66,0,0,1,2,2,0,104.8,49.6,13.9,8.78,other
64cb4ef6-2e17-4a8f-98e2-6166aba06b6c,3857300,Argentina,Saudi Arabia,Enzo Fernandez,2,75,19,108.2,39.6,10.8,0.036932193,Off T,0,Open Play,Head,False,False,From Corner,120.0,0.1,Pass,2,1,0,-11.8,28.1,-5.9,cutback,120.0,0.1,wide,True,19,11,1.24,0,1,3,11,3,5,119.6,40.1,0.37,0.09,cutback
64e98afa-c394-42f2-b191-1dc255c886f5,3857300,Argentina,Saudi Arabia,Lionel Andrés Messi Cuccittini,2,79,58,92.8,47.1,25.71,0.056788407,Off T,0,Free Kick,Left Foot,False,False,From Free Kick,92.8,47.1,Shot,0,0,0,0.0,0.0,,,,,central,True,20,11,8.14,0,0,0,8,3,1,119.3,39.6,0.64,0.37,set_piece
6cc65765-9ac9-4604-8875-6547b2ad14d4,3857300,Argentina,Saudi Arabia,Lionel Andrés Messi Cuccittini,2,83,31,113.6,32.2,9.23,0.077553175,Saved,0,Open Play,Head,False,False,Regular Play,26.8,14.1,Pass,37,9,9,86.8,86.6,2.35,cross,99.1,65.8,wide,True,9,5,1.36,0,1,1,5,1,3,119.1,38.1,0.82,1.74,wide_cross
c9b280a8-1525-4aee-8494-096e30768667,3857300,Argentina,Saudi Arabia,Nicolás Hernán Otamendi,2,90,34,109.5,37.8,9.81,0.048093256,Wayward,0,Open Play,Head,False,True,From Corner,120.0,0.1,Pass,1,1,0,-10.5,29.2,-10.5,cutback,120.0,0.1,wide,True,19,11,0.84,1,1,2,10,3,5,119.4,40.0,0.55,0.0,cutback
7c0424dd-72c7-4393-af7d-6ff52e56c608,3857300,Argentina,Saudi Arabia,Julián Álvarez,2,100,3,112.5,33.2,9.26,0.061390053,Saved,0,Open Play,Head,False,True,From Corner,120.0,0.1,Pass,12,2,1,-7.5,29.8,-0.62,cross,87.5,69.5,wide,True,12,8,0.83,1,1,1,8,1,4,118.2,37.7,1.65,2.1,wide_cross
0a7ad118-6c7e-48d9-9567-e3ccf2572d8f,3857299,South Korea,Ghana,Gue-Sung Cho,1,3,49,111.9,44.7,8.56,0.09163986,Blocked,0,Open Play,Left Foot,True,True,Regular Play,21.7,37.2,Pass,15,5,4,90.2,89.0,6.01,cross,114.7,56.6,half_space,True,15,9,0.95,1,2,3,7,2,2,118.4,43.7,1.46,3.38,wide_cross
63df3171-a209-4ce8-8a45-069cc7ce977b,3857299,South Korea,Ghana,Woo-Yeong Jeong,1,7,14,96.7,49.1,22.87,0.03008143,Blocked,0,Open Play,Right Foot,False,False,From Corner,120.0,0.1,Pass,5,1,2,-23.3,14.9,-4.66,,,,central,True,18,11,2.55,0,0,1,10,4,4,117.6,40.2,2.19,0.18,other
ef6accb7-1ca3-46b0-9ba9-9c1f3fee82aa,3857299,South Korea,Ghana,Min Jae Kim,1,7,49,114.5,47.9,8.8,0.059008703,Wayward,0,Open Play,Head,False,False,From Corner,120.0,80.0,Pass,1,1,0,-5.5,30.4,-5.5,cutback,120.0,80.0,wide,True,18,11,1.69,0,1,1,11,2,4,119.0,41.2,0.91,1.1,cutback
48e811c5-297c-4215-ba03-6eeaf12092c4,3857299,South Korea,Ghana,In-Beom Hwang,1,7,54,95.7,54.9,26.06,0.019586006,Blocked,0,Open Play,Right Foot,False,False,From Corner,120.0,80.0,Pass,6,1,1,-24.3,11.5,-4.05,,,,half_space,True,20,11,6.79,0,0,0,9,3,7,118.5,40.7,1.37,0.64,other
68826d2d-5f3a-475f-9c22-dcac57cc973a,3857299,South Korea,Ghana,Gue-Sung Cho,1,17,10,115.4,30.4,9.73,0.055939306,Blocked,0,Open Play,Head,False,False,From Corner,120.0,0.1,Pass,1,1,0,-4.6,29.3,-4.6,cutback,120.0,0.1,wide,True,18,11,1.33,0,1,1,11,1,4,119.2,38.1,0.73,1.74,cutback
5c00500d-0493-404e-93dc-b05b6beb88d6,3857299,Ghana,South Korea,Mohamed Salisu,1,23,43,115.5,37.9,4.54,0.4040968,Goal,1,Open Play,Left Foot,True,False,From Free Kick,92.9,2.9,Pass,2,0,0,22.6,41.0,11.3,,,,central,True,17,11,1.49,0,1,3,10,1,4,118.7,38.5,1.19,1.37,other
0fcd16e1-49bb-45f6-9cd6-90db37fc3cdc,3857299,Ghana,South Korea,Mohammed Kudus,1,33,49,113.1,41.8,6.52,0.20083603,Goal,1,Open Play,Head,False,False,From Goal Kick,7.0,44.1,Pass,94,31,27,106.1,105.9,1.13,cross,90.9,10.7,wide,True,14,8,1.19,0,1,2,6,1,3,118.6,40.8,1.28,0.73,wide_cross
a413b677-d8dd-433b-b63c-b9f430ac398f,3857299,South Korea,Ghana,Woo-Young Jung,1,44,49,100.6,20.0,25.48,0.010946972,Off T,0,Open Play,Right Foot,False,False,From Throw In,105.1,0.1,Pass,97,28,31,-4.5,14.7,-0.05,cutback,114.7,2.8,wide,True,13,11,2.68,0,0,1,10,1,4,118.9,39.7,1.01,0.27,cutback
5af663a8-2568-4c76-9d07-73947450bb72,3857299,Ghana,South Korea,Thomas Teye Partey,1,49,30,118.3,36.2,3.81,0.21468838,Off T,0,Open Play,Head,False,True,From Corner,120.0,0.1,Pass,2,1,0,-1.7,35.7,-0.85,cutback,120.0,0.1,wide,True,16,10,0.94,1,4,5,10,1,4,119.0,37.1,0.91,2.65,cutback
a70147ae-4681-4c1a-b321-1bb3351dac7d,3857299,Ghana,South Korea,Tariq Lamptey,2,49,38,104.8,52.1,17.77,0.07450179,Off T,0,Open Play,Left Foot,False,False,From Throw In,69.1,80.0,Pass,60,16,18,35.7,45.3,0.6,,,,half_space,True,14,8,1.65,0,1,2,7,1,3,118.1,41.8,1.74,1.65,slow_possession
2ae2708d-eacc-4b5c-88b6-6af78a8fb7c5,3857299,South Korea,Ghana,Gue-Sung Cho,2,52,3,111.6,36.7,8.25,0.07677545,Saved,0,Open Play,Head,False,False,From Throw In,108.9,0.1,Pass,13,8,6,2.7,32.4,0.21,cross,110.4,5.8,wide,True,13,8,1.65,0,2,2,7,1,3,119.1,37.7,0.82,2.1,wide_cross
96265fa7-2689-4ba5-bfe3-781c93b4ee60,3857299,South Korea,Ghana,Gue-Sung Cho,2,57,19,112.6,38.4,6.92,0.23484395,Goal,1,Open Play,Head,False,False,Regular Play,16.8,6.3,Pass,28,6,6,95.8,101.0,3.42,cross,101.6,5.2,wide,True,12,8,0.91,1,1,1,3,1,1,118.7,39.1,1.19,0.82,wide_cross
2345dd7d-8990-4f6a-abaf-f93463247f7e,3857299,South Korea,Ghana,Gue-Sung Cho,2,60,7,115.5,43.7,5.33,0.16237147,Goal,1,Open Play,Head,False,True,From Throw In,76.4,0.1,Pass,29,8,6,39.1,53.3,1.35,cross,117.9,14.0,wide,True,14,9,0.86,1,2,3,8,2,3,119.4,41.6,0.55,1.46,wide_cross
9d2721df-3127-484a-baa3-99140a5f540b,3857299,Ghana,South Korea,Iñaki Williams Arthuer,2,67,50,109.2,32.5,12.02,0.10557394,Wayward,0,Open Play,Right Foot,True,False,From Free Kick,50.6,61.6,Pass,20,8,7,58.6,59.5,2.93,cross,111.0,13.9,wide,True,13,8,2.86,0,0,1,7,2,2,118.5,37.1,1.37,2.65,wide_cross
483f71ea-2bd4-4de1-8e0e-026bff459fb8,3857299,Ghana,South Korea,Mohammed Kudus,2,67,52,108.4,48.6,13.2,0.15416233,Goal,1,Open Play,Left Foot,True,False,From Free Kick,50.6,61.6,Pass,22,8,7,57.8,58.2,2.63,,,,central,True,12,7,3.84,0,0,0,7,2,2,117.7,41.7,2.1,1.55,slow_possession
c9c496ca-6f87-41f1-8bfa-bffaf64a3b8e,3857299,South Korea,Ghana,Kang-In Lee,2,74,34,90.9,45.4,27.06,0.034794893,Saved,0,Free Kick,Left Foot,False,False,From Free Kick,90.9,45.4,Shot,0,0,0,0.0,0.0,,,,,central,True,19,11,6.83,0,0,0,2,3,0,119.1,39.8,0.82,0.18,set_piece
0337c5e5-aaeb-4704-a6c6-35590a5cb9a0,3857299,South Korea,Ghana,Heung-Min Son,2,75,15,110.9,29.2,12.91,0.065267496,Blocked,0,Open Play,Right Foot,False,False,From Corner,120.0,80.0,Pass,10,1,2,-9.1,25.9,-0.91,central_pass,104.5,36.8,central,True,14,9,1.57,0,1,2,9,2,3,118.8,38.0,1.1,1.83,central_penetration
ac9db281-af11-4d8c-b1a4-262997862862,3857299,South Korea,Ghana,Kang-In Lee,2,75,38,114.2,56.1,15.65,0.011154885,Blocked,0,Open Play,Left Foot,False,False,From Corner,120.0,80.0,Pass,33,7,6,-5.8,22.9,-0.18,central_pass,102.9,58.6,half_space,True,14,8,1.64,0,1,1,8,1,4,118.7,44.0,1.19,3.66,central_penetration
5ca72f53-464c-486a-960f-49ed897eab56,3857299,South Korea,Ghana,Jin-Su Kim,2,75,40,112.0,30.1,11.64,0.19109753,Blocked,0,Open Play,Left Foot,True,False,From Corner,120.0,80.0,Pass,35,7,6,-8.0,27.3,-0.23,,,,central,True,11,6,4.81,0,0,0,6,1,4,118.2,38.1,1.65,1.74,other
711ca1dd-14b6-46cc-a662-9b466102981f,3857299,Ghana,South Korea,Salis Abdul Samed,2,82,30,96.1,40.1,21.85,0.026676558,Off T,0,Open Play,Right Foot,True,False,From Corner,120.0,80.0,Pass,2,0,0,-23.9,16.1,-11.95,,,,central,True,18,11,4.99,0,0,0,9,4,5,119.2,39.9,0.73,0.09,other
5fbdbb84-3a38-48dc-b558-0e3fd73dd31e,3857299,South Korea,Ghana,Jin-Su Kim,2,83,16,107.7,23.5,18.82,0.03964235,Off T,0,Open Play,Left Foot,False,False,From Goal Kick,7.0,44.1,Pass,27,7,6,100.7,92.5,3.73,,,,half_space,True,14,9,6.22,0,0,0,8,1,4,118.6,36.5,1.28,3.2,other
cdc5580c-1a34-4ef3-b8e5-3378d4515a80,3857299,South Korea,Ghana,Jin-Su Kim,2,85,36,112.0,33.2,9.6,0.054534186,Wayward,0,Open Play,Head,False,True,From Free Kick,37.5,75.6,Pass,27,9,6,74.5,79.4,2.76,cross,94.3,76.5,wide,True,10,7,0.9,1,1,1,7,1,3,118.7,38.0,1.19,1.83,wide_cross
f8a8b00d-6a42-40fc-9548-95c6f9fae34d,3857299,South Korea,Ghana,Heung-Min Son,2,90,10,109.6,28.5,14.18,0.060233038,Blocked,0,Open Play,Right Foot,False,False,From Corner,120.0,80.0,Pass,24,5,3,-10.4,24.5,-0.43,cross,111.3,74.8,wide,True,15,9,1.37,0,1,1,9,4,5,118.8,37.5,1.1,2.29,wide_cross
df62858c-cec5-41e8-a76c-30125e24472c,3857299,South Korea,Ghana,Young-Gwon Kim,2,90,13,103.6,37.6,15.16,0.064945966,Blocked,0,Open Play,Left Foot,False,False,From Corner,120.0,80.0,Pass,27,5,4,-16.4,23.4,-0.61,,,,central,True,16,9,2.17,0,0,1,9,5,6,116.5,38.7,3.2,1.19,other
471a0a82-25bc-4c8a-92f3-ac88f73ce9cf,3857299,South Korea,Ghana,Sang-Ho Na,2,90,53,113.0,49.3,10.64,0.05996953,Saved,0,Open Play,Head,False,True,From Corner,120.0,80.0,Pass,67,17,13,-7.0,28.4,-0.1,cross,116.8,24.1,half_space,True,12,8,0.82,1,3,3,8,1,3,118.8,43.0,1.1,2.74,wide_cross
046008c5-c6f8-47b9-960d-3f434171d7c4,3857299,South Korea,Ghana,Gue-Sung Cho,2,93,56,111.6,23.1,17.26,0.014336902,Saved,0,Open Play,Left Foot,True,False,From Corner,120.0,0.1,Pass,37,9,8,-8.4,21.0,-0.23,central_pass,98.0,18.3,half_space,True,16,10,1.42,0,1,1,7,1,3,118.8,35.8,1.1,3.84,central_penetration
feaa29d5-d856-4615-95a3-b1ec96ca52a7,3857299,South Korea,Ghana,Kang-In Lee,2,99,45,98.5,56.8,24.95,0.025138553,Off T,0,Open Play,Left Foot,False,False,From Throw In,110.6,0.1,Pass,10,3,2,-12.1,13.7,-1.21,,,,half_space,True,13,11,2.77,0,0,1,8,2,6,118.8,38.8,1.1,1.1,other
91980412-72e0-4c2f-a6a4-a71f3df0160c,3857299,South Korea,Ghana,Kyung-Won Kwon,2,100,49,83.8,54.1,35.52,0.005484339,Blocked,0,Open Play,Left Foot,False,False,Regular Play,44.0,36.0,Pass,20,5,4,39.8,37.3,1.99,central_pass,67.3,23.9,half_space,True,12,11,1.93,0,1,1,6,2,4,118.9,41.2,1.01,1.1,central_penetration
fd9914e2-818e-4ec3-a50f-eed48b555d6c,3857293,Ghana,Uruguay,Jordan Ayew,1,15,0,101.8,36.6,16.93,0.07146578,Saved,0,Open Play,Right Foot,False,True,From Throw In,45.3,0.1,Pass,13,3,3,56.5,66.2,4.35,central_pass,80.3,56.0,half_space,True,13,9,1.31,0,1,2,6,1,2,118.0,39.9,1.83,0.09,central_penetration
7e4974ae-87a0-4e07-9b66-8bc81c183b3b,3857293,Uruguay,Ghana,Darwin Gabriel Núñez Ribeiro,1,22,15,106.8,29.0,15.71,0.15781382,Blocked,0,Open Play,Right Foot,True,False,Regular Play,42.5,74.7,Pass,12,4,1,64.3,67.7,5.36,through_ball,81.2,30.8,central,True,10,7,2.23,0,0,1,3,1,0,108.8,30.4,10.24,8.78,fast_counter
33bcc988-17fa-40f3-beee-de011786a584,3857293,Uruguay,Ghana,Luis Alberto Suárez Díaz,1,25,28,108.6,33.4,12.05,0.2733873,Saved,0,Open Play,Right Foot,False,False,Regular Play,48.0,49.4,Pass,21,5,6,60.6,59.4,2.89,cross,96.4,74.6,wide,False,0,7,2.91,0,0,1,7,2,2,116.3,37.5,3.38,2.29,wide_cross
19a225eb-4436-4a53-a354-3b40dfa6ca31,3857293,Uruguay,Ghana,Giorgian Daniel De Arrascaeta Benedetti,1,25,30,118.0,42.7,3.07,0.71106935,Goal,1,Open Play,Head,False,False,Regular Play,48.0,49.4,Pass,23,5,6,70.0,69.3,3.04,,,,central,True,12,7,0.99,1,2,2,7,0,2,118.3,40.9,1.55,0.82,other
183d8cd9-160e-4670-b300-0bddca8c9624,3857293,Uruguay,Ghana,Giorgian Daniel De Arrascaeta Benedetti,1,31,2,110.8,31.2,11.64,0.16736692,Goal,1,Open Play,Right Foot,True,True,From Free Kick,75.4,18.1,Pass,18,10,6,35.4,37.0,1.97,central_pass,101.1,40.6,central,True,11,7,1.85,0,1,1,5,1,3,116.7,36.7,3.02,3.02,central_penetration
a2932eb1-2fa5-459e-a326-6d9a827b96bf,3857293,Ghana,Uruguay,Mohammed Kudus,1,36,13,94.7,45.8,23.73,0.041819587,Blocked,0,Open Play,Left Foot,False,False,From Throw In,86.8,0.1,Pass,41,11,12,7.9,25.9,0.19,other,56.5,66.0,wide,False,0,8,2.32,0,0,1,1,2,1,117.4,40.8,2.38,0.73,slow_possession
f7048b74-324a-4eec-91fa-b890013750a5,3857293,Uruguay,Ghana,José María Giménez de Vargas,1,49,25,106.5,42.5,12.55,0.03238874,Off T,0,Open Play,Head,False,True,From Free Kick,83.8,77.0,Pass,1,1,0,22.7,38.0,22.7,other,83.8,77.0,wide,True,17,10,0.91,1,2,4,9,1,3,119.0,40.7,0.91,0.64,other
a043e035-3ed8-4588-b90d-d61f16930743,3857293,Ghana,Uruguay,Osman Bukari,2,45,56,104.7,50.8,17.12,0.08441304,Off T,0,Open Play,Right Foot,False,False,From Throw In,64.8,80.0,Pass,16,5,5,39.9,49.4,2.49,,,,half_space,True,14,8,3.96,0,0,0,5,1,3,117.6,42.6,2.19,2.38,other
38c37b2e-8f35-440c-a6b9-367e310ac01f,3857293,Uruguay,Ghana,Facundo Pellistri Rebollo,2,64,30,107.5,33.2,13.01,0.099497445,Off T,0,Open Play,Right Foot,False,False,From Throw In,112.3,0.1,Pass,24,6,8,-4.8,26.4,-0.2,cutback,108.6,23.2,half_space,True,16,9,2.05,0,0,2,8,2,5,116.8,37.7,2.93,2.1,cutback
fc2eb5bf-dd9e-4bef-bf41-8da98599fcfb,3857293,Uruguay,Ghana,Federico Santiago Valverde Dipetta,2,69,30,92.5,22.5,29.81,0.0066686436,Saved,0,Open Play,Right Foot,True,False,From Throw In,83.2,80.0,Pass,22,7,4,9.3,21.8,0.42,,,,half_space,False,0,10,7.46,0,0,0,7,2,3,118.9,38.1,1.01,1.74,other
3346f978-27fc-4507-a755-40bf2c782df2,3857293,Uruguay,Ghana,Federico Santiago Valverde Dipetta,2,69,56,93.0,21.1,30.14,0.008103582,Off T,0,Open Play,Right Foot,False,False,From Throw In,93.1,0.1,Pass,4,1,1,-0.1,15.2,-0.03,other,93.1,0.1,wide,True,18,11,1.69,0,1,1,5,1,2,118.2,39.1,1.65,0.82,other
858b5cc2-2cad-477d-a5a6-00723f56bed7,3857293,Ghana,Uruguay,Mohammed Kudus,2,70,46,95.7,47.2,23.17,0.04665373,Off T,0,Open Play,Right Foot,False,False,From Goal Kick,7.0,44.1,Pass,37,4,10,88.7,87.7,2.4,central_pass,75.3,45.7,central,True,15,9,2.23,0,0,1,3,2,0,115.5,41.9,4.11,1.74,central_penetration
2ebaf0c3-079d-4c48-ac75-a2537a5dbd9e,3857293,Uruguay,Ghana,Federico Santiago Valverde Dipetta,2,76,52,59.0,4.0,64.77,0.003913026,Off T,0,Open Play,Right Foot,False,False,Regular Play,24.9,29.5,Interception,14,5,8,34.1,24.8,2.44,other,64.9,10.6,wide,True,16,11,5.6,0,0,0,1,1,0,111.9,37.9,7.41,1.92,other
fcc52260-cff2-442c-ab1f-c2d74b115c2b,3857293,Ghana,Uruguay,Antoine Semenyo,2,78,51,109.6,28.0,14.52,0.12024433,Off T,0,Open Play,Left Foot,False,False,From Goal Kick,7.0,44.1,Pass,110,19,21,102.6,97.2,0.93,,,,half_space,True,16,9,1.37,0,1,1,6,1,2,117.0,35.9,2.74,3.75,slow_possession
d7ad833f-d36c-496c-a01a-9ca4deca763f,3857293,Ghana,Uruguay,Mohammed Kudus,2,80,50,96.8,42.8,21.37,0.05586675,Saved,0,Open Play,Left Foot,False,False,Regular Play,56.9,77.2,Pass,47,13,16,39.9,49.9,0.85,,,,central,True,15,9,2.71,0,0,2,2,1,1,115.8,40.4,3.84,0.37,slow_possession
b11f4037-6e3a-4bb2-a162-3a3c697fe4cc,3857293,Ghana,Uruguay,Mohammed Kudus,2,94,0,108.0,43.6,11.46,0.10750313,Blocked,0,Open Play,Left Foot,False,False,Regular Play,2.0,41.0,Ball Recovery,41,3,11,106.0,105.5,2.59,cross,117.5,7.0,wide,True,12,7,3.96,0,0,0,5,2,3,117.5,41.3,2.29,1.19,wide_cross
3c8dc524-b91f-4e16-984d-e2e52ab801aa,3857293,Uruguay,Ghana,Maximiliano Gómez González,2,94,18,93.0,49.4,26.14,0.030132728,Saved,0,Open Play,Right Foot,False,False,Regular Play,15.0,43.1,Duel,12,2,2,78.0,76.5,6.5,other,76.9,11.5,wide,True,11,5,7.85,0,0,0,3,2,2,116.8,41.1,2.93,1.01,fast_counter
e55dceaf-a963-4dfa-b39b-9f0b5cf29a0c,3857293,Ghana,Uruguay,Kamaldeen Sulemana,2,95,18,99.5,50.6,21.1,0.081227794,Saved,0,Open Play,Right Foot,False,False,From Throw In,9.7,80.0,Pass,13,3,3,89.8,94.3,6.91,other,87.7,62.8,wide,True,11,6,1.45,0,2,2,1,1,1,114.7,42.9,4.85,2.65,other
358fa0a3-64ba-4ea0-ade1-d0cd7383438f,3857293,Uruguay,Ghana,Sebastián Coates Nión,2,96,3,108.8,43.0,10.6,0.103292696,Off T,0,Open Play,Right Foot,True,False,Regular Play,52.7,34.6,Interception,11,5,4,56.1,55.9,5.1,central_pass,106.6,54.7,half_space,True,13,6,0.91,1,1,1,5,1,3,117.7,41.6,2.1,1.46,fast_counter
7c01881a-3661-43f9-8958-467bc8901bef,3857293,Uruguay,Ghana,Diego Nicolás De La Cruz Arcosa,2,99,30,91.4,33.9,26.74,0.0429242,Saved,0,Free Kick,Right Foot,False,False,From Free Kick,91.4,33.9,Shot,0,0,0,0.0,0.0,,,,,central,True,19,10,8.6,0,0,0,5,4,3,118.8,40.5,1.1,0.46,set_piece
53245b09-b770-4751-8f46-6ebf5a3363e4,3857291,Spain,Costa Rica,Daniel Olmo Carvajal,1,4,25,112.4,45.9,8.8,0.20824905,Off T,0,Open Play,Right Foot,True,False,Regular Play,15.0,30.4,Ball Recovery,39,10,9,97.4,95.8,2.5,central_pass,86.7,23.1,half_space,True,14,8,1.56,0,1,1,3,1,1,118.0,42.9,1.83,2.65,central_penetration
62ec4d64-0584-490c-a180-76389b8f22c6,3857291,Spain,Costa Rica,Marco Asensio Willemsen,1,8,9,102.5,40.7,16.01,0.1501565,Off T,0,Open Play,Left Foot,True,False,From Throw In,87.2,0.1,Pass,15,6,5,15.3,34.1,1.02,central_pass,94.5,33.9,central,True,15,9,3.4,0,0,0,5,1,2,118.5,40.2,1.37,0.18,central_penetration
893c1dbd-46e9-4020-ab1a-a7d8deb3052d,3857291,Spain,Costa Rica,Daniel Olmo Carvajal,1,10,52,112.3,39.3,7.07,0.48925844,Goal,1,Open Play,Right Foot,False,False,From Throw In,110.5,80.0,Pass,75,26,26,1.8,33.4,0.02,,,,central,True,15,9,2.2,0,0,2,5,1,4,114.7,39.4,4.85,0.55,slow_possession
4b230dcf-b3cd-42eb-aa82-b73c0f958617,3857291,Spain,Costa Rica,Marco Asensio Willemsen,1,20,32,105.8,33.4,14.32,0.09218961,Goal,1,Open Play,Left Foot,True,False,Regular Play,39.7,50.1,Ball Recovery,80,26,27,66.1,65.3,0.83,cross,104.5,12.4,wide,True,14,8,2.33,0,0,2,5,1,3,118.4,38.8,1.46,1.1,wide_cross
5ecc1455-02b5-44a8-87f9-ca943e075e39,3857291,Spain,Costa Rica,Marco Asensio Willemsen,1,42,20,91.7,29.8,27.51,0.015886325,Blocked,0,Open Play,Left Foot,False,False,From Free Kick,25.3,65.8,Pass,77,28,27,66.4,68.1,0.86,central_pass,87.2,45.1,central,True,17,10,3.04,0,0,0,1,2,0,118.0,38.7,1.83,1.19,central_penetration
a4c6a385-3657-4425-a447-557456a02d42,3857291,Spain,Costa Rica,Marco Asensio Willemsen,1,49,16,110.5,30.5,12.28,0.04809784,Off T,0,Open Play,Left Foot,False,False,Regular Play,68.8,20.2,Pass,32,10,9,41.7,41.5,1.3,central_pass,94.7,39.8,central,True,12,8,1.1,0,1,1,7,2,2,117.5,37.0,2.29,2.74,central_penetration
544da69f-4257-44bc-921c-a649e8652df2,3857291,Spain,Costa Rica,Marco Asensio Willemsen,2,47,37,100.5,45.7,18.58,0.08547543,Off T,0,Open Play,Left Foot,False,False,From Throw In,45.1,80.0,Pass,56,16,14,55.4,64.6,0.99,central_pass,97.3,55.1,half_space,True,13,8,2.01,0,0,2,5,1,3,116.9,40.9,2.83,0.82,central_penetration
50be89b1-5ffc-4c3e-bd91-aad991a0e275,3857291,Spain,Costa Rica,Ferrán Torres García,2,53,41,114.7,49.4,9.87,0.10498973,Goal,1,Open Play,Left Foot,False,False,From Corner,120.0,80.0,Pass,98,33,37,-5.3,29.2,-0.05,,,,central,True,11,9,1.73,0,2,2,7,1,3,117.4,46.6,2.38,6.04,slow_possession
fe096a2b-219d-46e6-9c88-6b658d27b326,3857291,Spain,Costa Rica,Daniel Olmo Carvajal,2,61,13,92.0,25.7,28.75,0.017297672,Off T,0,Open Play,Right Foot,False,False,From Free Kick,79.7,49.7,Pass,9,2,1,12.3,10.0,1.37,central_pass,71.1,21.2,half_space,True,16,10,2.59,0,0,2,1,1,0,118.1,38.3,1.74,1.55,central_penetration
c4737974-89fa-40ea-8801-aa89e5dd23f6,3857291,Spain,Costa Rica,Álvaro Borja Morata Martín,2,62,42,112.0,54.0,14.74,0.06487478,Off T,0,Open Play,Right Foot,False,False,From Free Kick,39.1,4.7,Pass,46,18,16,72.9,72.1,1.58,through_ball,74.3,64.1,wide,True,8,5,1.68,0,1,1,3,1,0,118.4,43.9,1.46,3.57,central_penetration
a46a4299-7032-438f-8a9b-1c741d1f1dce,3857291,Spain,Costa Rica,Daniel Olmo Carvajal,2,69,3,110.3,29.3,13.21,0.033574425,Saved,0,Open Play,Head,False,False,From Free Kick,82.0,37.5,Pass,26,9,7,28.3,23.6,1.09,cross,85.5,63.3,wide,True,13,8,2.39,0,0,2,5,1,1,119.0,37.4,0.91,2.38,wide_cross
82066543-74f5-45b6-a293-877eaa14038d,3857291,Spain,Costa Rica,Pablo Martín Páez Gavira,2,73,59,103.0,45.8,16.42,0.056229107,Goal,1,Open Play,Right Foot,True,False,From Free Kick,32.1,48.1,Pass,28,4,6,70.9,70.3,2.53,cross,112.5,14.1,wide,True,13,8,7.37,0,0,0,8,3,3,118.6,39.7,1.28,0.27,wide_cross
ca82e8dd-4c1e-48c7-af8a-69d3a005a3f4,3857291,Spain,Costa Rica,Carlos Soler Barragán,2,89,11,109.7,40.1,9.42,0.33333436,Goal,1,Open Play,Right Foot,True,False,Regular Play,47.8,10.3,Ball Recovery,26,6,7,61.9,67.8,2.38,,,,central,True,14,9,2.21,0,0,1,7,2,2,113.4,40.2,6.04,0.18,other
4257ad0a-57eb-4e8e-9069-23e8bae6a1e9,3857291,Spain,Costa Rica,Álvaro Borja Morata Martín,2,91,57,104.0,36.4,15.0,0.16366571,Goal,1,Open Play,Left Foot,True,False,From Keeper,7.7,30.7,Goal Keeper,66,23,23,96.3,96.3,1.46,central_pass,95.4,39.8,central,True,18,10,0.93,1,1,2,6,1,1,118.5,38.4,1.37,1.46,central_penetration
12f7b3ec-aa99-4e9c-a399-9527ce1ae34b,3857291,Spain,Costa Rica,Carlos Soler Barragán,2,95,14,102.5,42.5,16.16,0.10654532,Off T,0,Open Play,Right Foot,True,False,Regular Play,86.9,7.0,Ball Recovery,67,26,24,15.6,29.1,0.23,cutback,103.6,34.7,central,True,15,8,2.71,0,0,2,7,1,5,118.1,39.7,1.74,0.27,cutback
a7d3eb81-1ace-4398-91fb-48fea103b614,3857291,Spain,Costa Rica,Carlos Soler Barragán,2,97,27,103.5,16.7,26.11,0.008599174,Blocked,0,Free Kick,Right Foot,False,False,From Free Kick,103.5,16.7,Shot,0,0,0,0.0,0.0,,,,,wide,True,21,11,8.55,0,0,0,10,3,5,118.6,39.1,1.28,0.82,set_piece
0cca8b6c-e7eb-4dd9-99a7-8a557686cb90,3857281,Canada,Croatia,Alphonso Davies,1,1,8,109.6,36.4,10.06,0.08130363,Goal,1,Open Play,Head,False,True,Regular Play,15.9,52.0,Ball Recovery,46,11,11,93.7,93.8,2.04,cross,98.2,67.0,wide,True,12,8,0.65,1,1,2,6,1,2,118.6,38.9,1.28,1.01,wide_cross
e823ad07-c3bc-4381-ba75-91912727a627,3857281,Croatia,Canada,Marko Livaja,1,21,32,109.5,36.8,10.04,0.4341785,Saved,0,Open Play,Right Foot,True,False,Regular Play,59.9,7.9,Pass,110,26,25,49.6,57.2,0.45,central_pass,98.6,27.2,half_space,True,13,8,0.92,1,1,1,7,1,2,115.8,38.4,3.84,1.46,central_penetration
4c5921b6-75fd-440a-b14f-13345739ef56,3857281,Croatia,Canada,Marko Livaja,1,34,52,109.9,50.0,13.0,0.24546398,Saved,0,Open Play,Right Foot,False,False,From Throw In,103.0,80.0,Pass,32,13,14,6.9,29.2,0.22,central_pass,91.5,42.4,central,True,11,6,1.42,0,1,1,5,1,1,117.6,43.6,2.19,3.29,central_penetration
a542a434-0c60-49bd-b185-58fe80506670,3857281,Croatia,Canada,Andrej Kramarić,1,35,53,114.1,29.4,11.09,0.14639324,Goal,1,Open Play,Left Foot,True,False,From Corner,120.0,80.0,Pass,23,6,6,-5.9,27.9,-0.26,through_ball,102.0,18.7,half_space,True,16,10,5.1,0,0,0,7,1,2,117.8,35.9,2.01,3.75,central_penetration
edaf6854-5d65-4194-89b9-a5bb23273915,3857281,Croatia,Canada,Marko Livaja,1,43,32,101.0,39.1,17.39,0.13916126,Goal,1,Open Play,Right Foot,False,False,From Free Kick,33.3,56.0,Pass,31,12,10,67.7,69.1,2.18,central_pass,95.3,44.8,central,False,0,9,1.32,0,1,2,3,1,1,115.7,39.7,3.93,0.27,central_penetration
5c4e5a19-7cbe-44f4-a27b-8b590e267e1e,3857281,Croatia,Canada,Andrej Kramarić,1,46,25,98.7,33.1,20.47,0.059277993,Off T,0,Open Play,Left Foot,False,False,Regular Play,72.6,2.6,Ball Recovery,7,1,4,26.1,38.0,3.73,cutback,108.0,18.6,half_space,True,13,7,4.38,0,0,0,6,3,2,118.0,39.0,1.83,0.91,cutback
641dd945-e22d-4614-b142-de0ae99d2ae5,3857281,Canada,Croatia,Jonathan Osorio,2,48,25,98.3,50.1,21.89,0.03829635,Off T,0,Open Play,Right Foot,False,False,Regular Play,62.7,60.1,Pass,39,8,10,35.6,36.8,0.91,central_pass,85.0,30.0,central,True,17,10,4.16,0,0,0,6,2,4,118.6,41.7,1.28,1.55,central_penetration
39f5f94d-887f-4684-b128-00ad3bc29d58,3857281,Croatia,Canada,Andrej Kramarić,2,53,44,108.2,42.1,10.96,0.24875651,Saved,0,Open Play,Right Foot,True,False,Regular Play,32.1,45.5,Ball Recovery,33,10,12,76.1,76.1,2.31,cross,112.4,58.7,half_space,True,13,8,3.56,0,0,0,8,1,4,118.7,41.0,1.19,0.91,wide_cross
abb0663d-e9fc-4795-99c3-a2d32663e9e4,3857281,Canada,Croatia,Jonathan David,2,55,17,96.4,39.9,21.58,0.052886155,Saved,0,Open Play,Right Foot,True,False,From Free Kick,14.1,68.1,Pass,21,7,6,82.3,86.0,3.92,central_pass,99.5,49.5,central,True,16,9,3.11,0,0,0,6,2,3,118.7,40.9,1.19,0.82,central_penetration
e5689f62-2308-4eef-bd8a-bce2a2c82998,3857281,Canada,Croatia,Tajon Buchanan,2,57,26,99.8,52.9,21.92,0.023891453,Blocked,0,Open Play,Right Foot,False,False,From Keeper,3.2,40.1,Goal Keeper,16,3,4,96.6,92.8,6.04,cutback,106.6,64.2,wide,True,13,8,2.67,0,0,1,7,2,4,118.6,42.2,1.28,2.01,cutback
ede02998-ca90-4878-bfcd-7cd738fb99dd,3857281,Canada,Croatia,Alphonso Davies,2,62,33,101.1,59.8,25.03,0.011981465,Blocked,0,Free Kick,Left Foot,False,False,From Free Kick,101.1,59.8,Shot,0,0,0,0.0,0.0,,,,,half_space,True,20,11,8.74,0,0,0,11,3,6,118.9,40.0,1.01,0.0,set_piece
34382857-95ed-4b41-8b3b-0b372664bf39,3857281,Croatia,Canada,Andrej Kramarić,2,69,36,106.8,47.1,13.71,0.10933437,Goal,1,Open Play,Left Foot,False,True,Regular Play,43.7,53.8,Pass,21,6,6,63.1,62.5,3.0,cross,103.7,15.5,wide,True,14,10,0.9,1,1,1,8,2,2,118.4,41.5,1.46,1.37,wide_cross
e8b357ba-2bab-44d6-83a9-0ff71f4cdb97,3857281,Croatia,Canada,Andrej Kramarić,2,71,5,115.1,46.8,7.66,0.1355834,Wayward,0,Open Play,Left Foot,True,False,Regular Play,58.2,47.5,Pass,12,4,2,56.9,53.9,4.74,cross,112.8,77.5,wide,True,14,9,3.04,0,0,0,7,1,2,118.4,43.3,1.46,3.02,fast_counter
a600f930-ae69-443e-a2bf-06b65723dadf,3857281,Canada,Croatia,David Junior Hoilett,2,76,16,92.2,33.0,26.21,0.019849088,Off T,0,Open Play,Right Foot,False,False,From Throw In,72.1,80.0,Pass,23,3,13,20.1,33.7,0.87,,,,central,True,16,10,2.79,0,0,1,5,3,2,118.4,38.9,1.46,1.01,other
4d807f3d-c4b5-46f5-b084-dfe743faa70a,3857281,Croatia,Canada,Ivan Perišić,2,77,50,115.3,26.9,12.73,0.031612467,Saved,0,Open Play,Left Foot,False,False,Regular Play,19.5,69.8,Interception,16,2,3,95.8,90.9,5.99,central_pass,70.6,23.0,half_space,True,11,7,1.12,0,1,1,6,1,3,118.4,36.4,1.46,3.29,central_penetration
2c4ef280-deb7-4c7b-8e0d-35898a49cd3e,3857281,Croatia,Canada,Marcelo Brozović,2,77,53,110.3,42.6,9.18,0.30414897,Saved,0,Open Play,Left Foot,True,False,Regular Play,19.5,69.8,Interception,19,3,4,90.8,94.8,4.78,central_pass,108.7,34.0,central,True,11,7,3.86,0,0,0,7,2,3,116.9,40.2,2.83,0.18,central_penetration
a59ccb02-568d-4752-81b1-59dd9c8cc309,3857281,Croatia,Canada,Ivan Perišić,2,81,53,96.0,26.3,25.27,0.02367336,Off T,0,Open Play,Left Foot,False,False,From Throw In,103.0,80.0,Pass,8,0,1,-7.0,15.8,-0.88,,,,half_space,True,15,9,4.8,0,0,0,5,1,2,117.2,37.9,2.56,1.92,other
9e3c349a-de05-4c11-bf45-5242316b2454,3857281,Croatia,Canada,Mislav Oršić,2,89,22,98.2,35.1,20.43,0.045590583,Saved,0,Open Play,Right Foot,True,False,From Throw In,20.9,0.1,Pass,45,12,12,77.3,84.5,1.72,cutback,105.9,24.5,half_space,True,13,7,4.48,0,0,0,5,3,4,118.7,39.8,1.19,0.18,cutback
014a8d56-b0f2-4275-8101-200519696fee,3857281,Canada,Croatia,David Junior Hoilett,2,92,4,98.1,33.5,20.89,0.03737635,Blocked,0,Open Play,Right Foot,True,False,From Free Kick,37.9,55.8,Pass,33,8,8,60.2,60.8,1.82,,,,central,True,18,10,7.43,0,0,0,8,4,4,118.8,39.2,1.1,0.73,slow_possession
40615000-0837-4f62-bc9c-0fdc321eda87,3857281,Canada,Croatia,David Junior Hoilett,2,92,14,99.5,26.7,22.34,0.02121069,Off T,0,Open Play,Right Foot,False,False,From Free Kick,37.9,55.8,Pass,43,8,10,61.6,59.2,1.43,,,,half_space,True,15,11,1.57,0,1,2,5,3,4,118.6,37.2,1.28,2.56,slow_possession
9ce41f6d-4a9a-45d2-891d-d3f49b2da451,3857281,Croatia,Canada,Lovro Majer,2,93,26,109.2,45.4,11.04,0.68703645,Goal,1,Open Play,Left Foot,True,False,Regular Play,45.5,18.6,Ball Recovery,10,1,2,63.7,65.4,6.37,central_pass,105.0,34.2,central,False,0,2,6.18,0,0,0,2,0,1,113.5,40.0,5.94,0.0,fast_counter
f1ea3de4-8ca4-4ce0-8aeb-e18c3681742d,3857280,Brazil,Cameroon,Frederico Rodrigues Santos,1,1,35,108.7,38.6,10.41,0.29454654,Wayward,0,Open Play,Left Foot,True,False,From Throw In,15.8,0.1,Pass,28,8,7,92.9,100.2,3.32,cross,116.3,58.3,half_space,True,14,9,3.48,0,0,0,9,2,4,117.8,41.3,2.01,1.19,wide_cross
9996c5af-1237-4f3c-9178-bedb7fed6d23,3857280,Brazil,Cameroon,Antony Matheus dos Santos,1,1,45,103.3,25.5,20.22,0.038875267,Wayward,0,Open Play,Left Foot,False,False,From Throw In,15.8,0.1,Pass,38,9,9,87.5,89.5,2.3,cutback,110.9,16.7,wide,True,19,11,2.94,0,0,1,9,2,4,118.1,37.9,1.74,1.92,cutback
287dd539-6bb4-4efe-91ff-7c332bed0e1f,3857280,Brazil,Cameroon,Gabriel Teodoro Martinelli Silva,1,13,34,111.8,34.5,9.03,0.12449543,Saved,0,Open Play,Head,False,False,From Throw In,111.0,80.0,Pass,9,5,3,0.8,31.1,0.09,central_pass,90.2,61.4,half_space,True,11,7,1.95,0,1,1,3,1,0,118.6,38.0,1.28,1.83,central_penetration
97e2dd79-ed15-412c-b0c5-f73564e5d13d,3857280,Brazil,Cameroon,Gabriel Fernando de Jesus,1,14,11,113.4,48.9,10.13,0.044797283,Off T,0,Open Play,Head,False,False,From Corner,120.0,0.1,Pass,2,1,0,-6.6,28.8,-3.3,cutback,120.0,0.1,wide,True,17,10,1.07,0,2,2,9,2,4,119.0,42.5,0.91,2.29,cutback
c773c8ee-4e2a-453c-8930-a4fe66538e0d,3857280,Brazil,Cameroon,Frederico Rodrigues Santos,1,21,9,107.6,39.2,11.36,0.083684884,Blocked,0,Open Play,Right Foot,True,False,From Free Kick,50.2,15.3,Pass,37,14,10,57.4,61.6,1.55,,,,central,True,17,10,1.02,0,1,2,8,2,2,119.4,40.1,0.55,0.09,slow_possession
8b8dffd8-a309-49a5-afc2-f0fc51aebfdc,3857280,Brazil,Cameroon,Rodrygo Silva de Goes,1,29,41,94.0,42.7,23.9,0.0651609,Blocked,0,Free Kick,Right Foot,False,False,From Free Kick,94.0,42.7,Shot,0,0,0,0.0,0.0,,,,,central,False,0,11,10.31,0,0,0,11,4,6,118.8,38.9,1.1,1.01,set_piece
1c60c5cf-4990-4fb1-b943-93fb8a2bbbe3,3857280,Brazil,Cameroon,Daniel Alves da Silva,1,33,28,96.7,29.3,23.44,0.06485747,Off T,0,Free Kick,Right Foot,False,False,From Free Kick,96.7,29.3,Shot,0,0,0,0.0,0.0,,,,,half_space,True,19,11,9.21,0,0,0,11,6,6,118.9,41.2,1.01,1.1,set_piece
50563a15-c15e-4803-a330-dc9fcb5bc2a5,3857280,Brazil,Cameroon,Antony Matheus dos Santos,1,37,6,105.6,52.3,17.32,0.033440635,Saved,0,Open Play,Left Foot,False,False,Regular Play,58.3,45.9,Duel,12,3,4,47.3,43.0,3.94,central_pass,95.8,47.6,central,True,12,7,1.17,0,1,1,4,1,3,117.0,43.3,2.74,3.02,fast_counter
12b92f66-7bc0-4d4b-930a-a87d5948536f,3857280,Brazil,Cameroon,Gabriel Teodoro Martinelli Silva,1,45,55,101.3,45.2,17.75,0.047920834,Saved,0,Open Play,Right Foot,False,False,From Free Kick,54.2,5.5,Pass,25,4,6,47.1,54.9,1.88,,,,central,True,16,8,1.83,0,1,3,6,1,3,118.6,41.6,1.28,1.46,other
683a768d-dc6f-47fa-96e9-19ed402a34c8,3857280,Brazil,Cameroon,Rodrygo Silva de Goes,1,46,37,107.8,50.0,14.42,0.06651591,Off T,0,Open Play,Right Foot,True,True,From Corner,120.0,80.0,Pass,2,1,0,-12.2,24.2,-6.1,cutback,120.0,80.0,wide,True,16,9,1.95,0,1,1,9,3,5,118.8,41.7,1.1,1.55,cutback
2c4a4dd9-2cbb-409b-a28f-ca391e32ba45,3857280,Cameroon,Brazil,Bryan Mbeumo,1,47,27,113.5,47.4,9.01,0.11827337,Saved,0,Open Play,Head,False,False,From Goal Kick,6.0,36.0,Pass,22,5,2,107.5,104.2,4.89,cross,110.4,19.4,half_space,True,14,8,5.58,0,0,0,8,1,3,119.3,39.9,0.64,0.09,wide_cross
ed0f8d00-934b-48c3-aa72-0db55c00964b,3857280,Cameroon,Brazil,Vincent Paté Aboubakar,2,50,11,109.5,54.0,16.0,0.07058843,Off T,0,Open Play,Right Foot,True,False,From Throw In,79.5,80.0,Pass,22,6,5,30.0,39.4,1.36,central_pass,100.1,57.6,half_space,True,19,11,2.51,0,0,1,8,1,4,118.2,44.0,1.65,3.66,central_penetration
21326275-2339-4daa-a88a-88218f3e9e05,3857280,Brazil,Cameroon,Gabriel Fernando de Jesus,2,52,25,111.9,36.3,8.14,0.27918908,Saved,0,Open Play,Right Foot,True,False,From Goal Kick,6.0,36.0,Pass,9,2,4,105.9,105.2,11.77,,,,central,True,12,8,1.92,0,1,4,6,1,2,113.8,37.2,5.67,2.56,fast_counter
79b4ee7e-a9d3-4830-8aaa-98c6de71e178,3857280,Cameroon,Brazil,Pierre Kunde Malong,2,53,39,91.8,17.8,32.82,0.006493906,Off T,0,Open Play,Right Foot,False,False,Regular Play,58.4,43.7,Pass,38,11,7,33.4,25.8,0.88,cutback,115.4,15.9,wide,True,17,10,4.08,0,0,0,6,2,2,117.1,37.7,2.65,2.1,cutback
0453837c-6713-4b31-9aa3-2737ce9492bd,3857280,Brazil,Cameroon,Gabriel Teodoro Martinelli Silva,2,55,29,108.9,25.7,16.55,0.038835723,Saved,0,Open Play,Right Foot,False,False,From Goal Kick,6.0,44.0,Pass,64,11,12,102.9,96.0,1.61,central_pass,48.4,19.5,half_space,True,11,6,2.07,0,0,1,6,2,2,118.6,37.7,1.28,2.1,central_penetration
a638d5f3-6820-4295-80f9-51ce1021ac4e,3857280,Brazil,Cameroon,Éder Gabriel Militão,2,56,15,105.3,39.2,13.46,0.075584605,Saved,0,Open Play,Left Foot,False,False,From Corner,120.0,80.0,Pass,8,1,2,-14.7,25.3,-1.84,cross,116.8,61.4,half_space,True,17,10,1.6,0,1,1,9,3,5,116.0,39.7,3.66,0.27,wide_cross
620c38af-7953-47a7-8b22-948783027911,3857280,Brazil,Cameroon,Antony Matheus dos Santos,2,57,15,101.0,51.2,20.17,0.037848417,Saved,0,Open Play,Left Foot,False,False,From Free Kick,66.4,34.5,Pass,8,2,2,34.6,31.8,4.33,central_pass,97.5,23.8,half_space,True,13,8,2.34,0,0,1,5,2,3,117.0,41.0,2.74,0.91,central_penetration
8fc63578-225d-4bde-8962-2fe6d3d358d1,3857280,Brazil,Cameroon,Bruno Guimarães Rodriguez Moura,2,72,12,99.9,37.6,18.51,0.086029716,Off T,0,Open Play,Right Foot,False,True,Regular Play,40.9,71.1,Pass,25,6,10,59.0,64.8,2.36,cross,109.2,18.8,half_space,True,14,8,0.9,1,1,1,7,1,5,117.4,39.2,2.38,0.73,wide_cross
a6fdb4af-303e-4e8f-9a34-0bd2a5d80d5f,3857280,Cameroon,Brazil,Jules Olivier Ntcham,2,77,41,92.8,35.5,25.21,0.03332142,Saved,0,Open Play,Right Foot,False,False,Regular Play,21.2,41.6,Duel,20,5,6,71.6,71.2,3.58,other,100.3,9.1,wide,True,14,9,4.0,0,0,0,4,2,1,117.8,40.1,2.01,0.09,other
b63f35bc-2a9d-4ea4-a6a8-22f57b71103d,3857280,Cameroon,Brazil,Vincent Paté Aboubakar,2,79,50,104.1,25.5,19.68,0.042308386,Blocked,0,Open Play,Right Foot,False,False,From Corner,120.0,80.0,Pass,8,1,2,-15.9,18.5,-1.99,central_pass,91.7,32.6,central,True,18,10,1.31,0,1,1,8,1,3,117.0,36.6,2.74,3.11,central_penetration
5dd3dbb5-4b85-4137-a861-0a734ceffc55,3857280,Cameroon,Brazil,Christopher Wooh,2,80,16,106.3,39.9,12.53,0.05692788,Wayward,0,Open Play,Right Foot,True,False,From Corner,120.0,80.0,Pass,1,1,0,-13.7,26.3,-13.7,cutback,120.0,80.0,wide,True,19,11,0.83,1,1,1,11,4,4,118.7,40.5,1.19,0.46,cutback
4de99a82-c7f1-40b0-970f-e0ba4f7e5d23,3857280,Brazil,Cameroon,Bruno Guimarães Rodriguez Moura,2,83,30,114.9,44.0,5.93,0.14917652,Blocked,0,Open Play,Right Foot,True,True,Regular Play,35.6,62.0,Duel,43,10,10,79.3,80.7,1.84,cross,118.6,57.2,half_space,True,14,8,1.02,0,1,1,6,2,4,118.4,42.7,1.46,2.47,wide_cross
bcdd0ce2-1488-4be6-a888-ff5adf538d17,3857280,Brazil,Cameroon,Pedro Guilherme Abreu dos Santos,2,88,4,104.2,47.1,15.84,0.18481041,Off T,0,Open Play,Left Foot,False,True,From Throw In,111.8,80.0,Pass,7,4,3,-7.6,23.5,-1.09,central_pass,104.5,56.4,half_space,True,20,11,0.98,1,1,1,7,1,2,116.6,40.8,3.11,0.73,central_penetration
2633fa3b-4b17-4b48-a9b4-498388b73b59,3857280,Cameroon,Brazil,Vincent Paté Aboubakar,2,91,48,106.7,40.7,12.18,0.05544736,Goal,1,Open Play,Head,False,False,Regular Play,39.7,5.9,Ball Recovery,13,4,4,67.0,73.9,5.15,cross,92.9,77.6,wide,True,12,8,1.6,0,1,1,5,1,1,117.9,40.9,1.92,0.82,wide_cross
0e25dcd5-8d39-44d3-a70b-720d9f257fe3,3857280,Brazil,Cameroon,Pedro Guilherme Abreu dos Santos,2,95,20,108.8,37.5,10.49,0.07645427,Off T,0,Open Play,Head,False,False,From Throw In,92.9,80.0,Pass,19,6,3,15.9,36.8,0.84,central_pass,97.6,18.1,half_space,True,16,9,1.02,0,1,2,5,1,3,117.9,39.9,1.92,0.09,central_penetration
03407139-17ee-4388-8f34-b96cb31838a8,3857280,Brazil,Cameroon,Bruno Guimarães Rodriguez Moura,2,96,16,112.9,39.8,6.49,0.17098139,Saved,0,Open Play,Head,False,False,Regular Play,59.8,63.3,Pass,18,5,3,53.1,57.4,2.95,cross,108.1,11.1,wide,True,17,10,1.3,0,1,1,9,1,3,119.0,39.6,0.91,0.37,wide_cross
19f55e27-8f8a-428f-adb5-202c0c30f531,3857280,Brazil,Cameroon,Gabriel Teodoro Martinelli Silva,2,97,10,115.1,36.0,5.78,0.1945778,Off T,0,Open Play,Head,False,False,Regular Play,36.1,23.1,Ball Recovery,29,9,7,79.0,79.3,2.72,cutback,115.9,28.6,half_space,True,16,9,1.58,0,1,2,8,1,4,118.9,37.3,1.01,2.47,cutback
ff1bb3cd-53a0-492e-ae33-0d995c90dc74,3857280,Brazil,Cameroon,Bruno Guimarães Rodriguez Moura,2,98,29,114.1,35.3,6.9,0.22043578,Off T,0,Open Play,Right Foot,True,False,From Throw In,41.4,80.0,Pass,30,8,6,72.7,80.6,2.42,central_pass,110.4,38.3,central,True,18,9,2.11,0,0,2,7,1,4,116.5,36.8,3.2,2.93,central_penetration
19e5de1d-f23b-48a2-b3d3-b2e5145d86ac,3857279,France,Australia,Ousmane Dembélé,1,1,32,95.0,47.8,23.95,0.018982504,Blocked,0,Open Play,Left Foot,True,False,From Corner,120.0,0.1,Pass,3,1,0,-25.0,13.7,-8.33,,,,central,True,21,11,3.13,0,0,0,10,4,6,118.5,40.4,1.37,0.37,other
65a31c80-f38e-4342-82ef-48d175d6b057,3857279,Australia,France,Riley McGree,1,2,25,89.5,39.1,27.9,0.030384658,Off T,0,Open Play,Right Foot,False,False,From Throw In,35.1,80.0,Pass,31,9,8,54.4,63.3,1.75,,,,central,True,16,9,1.1,0,1,1,1,1,0,118.4,41.2,1.46,1.1,slow_possession
b97a3211-2394-47a1-a8e7-6c27e85778b4,3857279,Australia,France,Craig Goodwin,1,8,24,114.2,31.3,9.56,0.19147108,Goal,1,Open Play,Left Foot,True,False,From Throw In,97.5,0.1,Pass,17,6,5,16.7,35.4,0.98,cross,109.0,61.2,half_space,True,11,6,7.72,0,0,0,6,1,4,118.6,38.5,1.28,1.37,wide_cross
b6f462e0-9d81-44ff-aed5-ae9d4fa93799,3857279,France,Australia,Theo Bernard François Hernández,1,12,26,92.7,34.0,25.56,0.017692888,Wayward,0,Open Play,Left Foot,True,False,From Corner,120.0,0.1,Pass,3,0,0,-27.3,11.9,-9.1,,,,central,True,21,11,4.26,0,0,0,10,4,6,119.0,38.5,0.91,1.37,other
5e9727d4-d5a4-4352-bab9-39a7e81e6d28,3857279,Australia,France,Mitchell Thomas Duke,1,21,5,91.1,46.9,27.17,0.017896876,Off T,0,Open Play,Right Foot,False,False,From Throw In,40.7,40.2,Ball Recovery,14,1,3,50.4,49.6,3.6,,,,central,True,12,8,1.93,0,1,2,1,1,0,118.6,42.5,1.28,2.29,other
2761f5d8-8b96-4f81-a56b-19c32dfd38aa,3857279,France,Australia,Antoine Griezmann,1,25,33,112.1,52.7,13.68,0.034694295,Blocked,0,Open Play,Right Foot,False,False,From Throw In,92.2,0.1,Pass,56,13,13,19.9,33.7,0.36,other,99.3,68.8,wide,True,17,10,1.1,0,1,2,9,1,3,117.4,43.4,2.38,3.11,slow_possession
bbb77650-9a8f-4ee9-9916-5552003bac24,3857279,France,Australia,Adrien Rabiot,1,26,2,111.6,42.0,7.9,0.16905431,Goal,1,Open Play,Head,False,False,From Corner,120.0,80.0,Pass,9,2,1,-8.4,31.4,-0.93,central_pass,88.8,24.0,half_space,True,18,10,1.82,0,1,1,9,1,2,117.7,41.0,2.1,0.91,central_penetration
671ff241-1a2e-4224-9633-b5fe7309052c,3857279,France,Australia,Olivier Giroud,1,28,59,112.3,39.8,7.04,0.17925091,Off T,0,Open Play,Head,False,True,From Corner,120.0,0.1,Pass,15,4,2,-7.7,32.2,-0.51,cross,97.2,13.6,wide,True,18,11,0.61,1,2,2,9,1,4,117.7,40.1,2.1,0.09,wide_cross
4b8db9ec-fbb1-485b-b348-d8bb3aecbf07,3857279,France,Australia,Olivier Giroud,1,31,18,110.5,39.2,8.72,0.77927965,Goal,1,Open Play,Right Foot,True,False,Regular Play,97.1,7.8,Duel,5,2,1,13.4,30.0,2.68,cutback,111.0,27.4,half_space,True,9,6,2.54,0,0,1,5,0,2,116.7,35.5,3.02,4.11,high_turnover
c87948a3-d9cd-4b23-b89d-8c0acf5ca713,3857279,France,Australia,Kylian Mbappé Lottin,1,36,3,105.0,47.2,15.21,0.08709453,Blocked,0,Open Play,Right Foot,True,False,From Goal Kick,6.0,36.0,Pass,124,46,37,99.0,97.4,0.8,cross,110.2,74.0,wide,True,15,9,1.67,0,1,1,5,1,1,116.9,41.4,2.83,1.28,wide_cross
6de83c25-ee0f-4ad3-951d-48b876a1584c,3857279,France,Australia,Olivier Giroud,1,36,5,104.5,38.9,14.21,0.14067347,Off T,0,Open Play,Right Foot,True,False,From Goal Kick,6.0,36.0,Pass,126,46,37,98.5,98.5,0.78,,,,central,True,16,9,3.04,0,0,0,6,2,1,116.9,40.8,2.83,0.73,slow_possession
76fd24e6-a4f1-4a23-8fe8-6c154da2aafd,3857279,France,Australia,Ousmane Dembélé,1,39,28,106.5,38.2,12.45,0.08098688,Off T,0,Open Play,Right Foot,True,False,From Throw In,33.1,80.0,Pass,21,8,5,73.4,82.0,3.5,cross,109.6,21.5,half_space,True,15,10,4.54,0,0,0,7,2,4,118.0,37.8,1.83,2.01,wide_cross
a164892f-785b-4f0e-a921-80242cc612fd,3857279,France,Australia,Antoine Griezmann,1,41,54,99.5,47.5,19.96,0.04884043,Off T,0,Open Play,Left Foot,True,False,Regular Play,40.4,34.7,Ball Recovery,100,31,29,59.1,57.9,0.59,cutback,106.4,49.5,central,True,17,11,3.69,0,0,0,9,2,3,117.2,42.2,2.56,2.01,cutback
afced147-4cd3-47fc-aef0-dea4baae4623,3857279,France,Australia,Kylian Mbappé Lottin,1,44,38,112.9,40.2,6.49,0.5517509,Off T,0,Open Play,Right Foot,True,False,Regular Play,51.6,9.0,Pass,59,23,21,61.3,68.0,1.04,central_pass,109.8,54.4,half_space,True,9,7,2.19,0,0,1,5,0,1,116.8,42.9,2.93,2.65,central_penetration
22e929cb-4cf5-4f43-9765-65e5cfc95e04,3857279,Australia,France,Jackson Irvine,1,46,1,110.1,43.4,9.57,0.083539926,Post,0,Open Play,Head,False,False,From Throw In,86.7,80.0,Pass,19,8,4,23.4,41.6,1.23,cross,118.3,20.5,half_space,True,13,8,1.63,0,1,1,7,1,3,119.2,40.7,0.73,0.64,wide_cross
d2dc3f87-917b-423e-93ae-202c56c7ed96,3857279,France,Australia,Aurélien Djani Tchouaméni,2,49,11,96.3,40.8,21.68,0.035826564,Blocked,0,Open Play,Right Foot,True,False,From Free Kick,74.9,72.3,Pass,35,9,8,21.4,31.8,0.61,,,,central,True,16,10,4.04,0,0,0,8,4,4,117.6,40.1,2.19,0.09,slow_possession
9db7fdb8-4376-4e40-8b9f-44d13dd02103,3857279,France,Australia,Olivier Giroud,2,49,28,111.6,44.2,8.59,0.07860331,Off T,0,Open Play,Left Foot,True,False,From Free Kick,74.9,72.3,Pass,52,13,11,36.7,46.1,0.71,cross,116.8,8.9,wide,True,14,8,2.26,0,0,1,8,2,3,118.7,39.8,1.19,0.18,wide_cross
f951c284-4260-4f72-a737-c5cd541fcefa,3857279,France,Australia,Kylian Mbappé Lottin,2,60,12,107.5,31.1,14.03,0.12751806,Blocked,0,Open Play,Right Foot,True,False,From Throw In,60.8,0.1,Pass,46,15,14,46.7,56.0,1.02,through_ball,93.6,34.8,central,True,14,10,0.9,1,1,1,4,1,1,116.3,37.1,3.38,2.65,central_penetration
711ae41d-8fee-4b6d-9362-4006c7d12b5a,3857279,France,Australia,Kylian Mbappé Lottin,2,62,0,109.2,30.1,13.4,0.07606661,Blocked,0,Open Play,Left Foot,False,False,From Corner,120.0,0.1,Pass,52,12,13,-10.8,25.2,-0.21,cross,113.6,8.0,wide,True,14,9,1.12,0,1,1,8,4,2,117.8,36.7,2.01,3.02,wide_cross
d5ee1b44-3262-48cb-9bf8-7937d005a3a9,3857279,France,Australia,Ibrahima Konaté,2,62,31,113.0,40.0,6.4,0.096129,Off T,0,Open Play,Head,False,True,From Corner,120.0,0.1,Pass,1,1,0,-7.0,32.9,-7.0,cutback,120.0,0.1,wide,True,18,11,0.46,1,4,5,11,1,5,119.5,39.0,0.46,0.91,cutback
2f831180-2b97-4643-b625-0f0d13fa60f6,3857279,France,Australia,Kylian Mbappé Lottin,2,63,51,108.0,25.2,17.42,0.027555656,Blocked,0,Open Play,Right Foot,False,False,From Free Kick,49.7,68.0,Pass,7,2,1,58.3,56.6,8.33,central_pass,57.6,36.7,central,True,10,8,1.7,0,1,1,6,2,1,117.5,36.2,2.29,3.47,fast_counter
48579de1-7abd-4835-9042-744ab48ca01e,3857279,France,Australia,Antoine Griezmann,2,66,30,105.3,36.2,13.88,0.17584424,Blocked,0,Open Play,Left Foot,True,False,Regular Play,35.5,11.8,Ball Recovery,56,21,18,69.8,73.9,1.25,cross,117.6,26.9,half_space,True,15,9,6.16,0,0,0,8,2,4,117.3,36.7,2.47,3.02,wide_cross
6c8348cd-2bb3-4d31-8607-972d6148d0e5,3857279,France,Australia,Kylian Mbappé Lottin,2,66,54,115.7,24.7,14.53,0.013371275,Wayward,0,Open Play,Left Foot,True,False,Regular Play,35.5,11.8,Ball Recovery,80,28,25,80.2,73.2,1.0,other,91.1,5.0,wide,True,12,9,2.13,0,0,1,5,1,1,118.7,36.0,1.19,3.66,slow_possession
ce3204fc-51c4-437e-81e3-ae644e0302b1,3857279,France,Australia,Kylian Mbappé Lottin,2,67,3,113.5,42.2,6.27,0.14142905,Goal,1,Open Play,Head,False,True,Regular Play,35.5,11.8,Ball Recovery,89,29,26,78.0,82.2,0.88,cross,111.4,63.3,wide,True,18,11,0.67,1,2,2,10,1,2,118.8,41.1,1.1,1.01,wide_cross
c9d3d537-8f05-4767-bf73-9a1f1a8a37cf,3857279,France,Australia,Olivier Giroud,2,70,50,113.5,42.6,6.4,0.16888039,Goal,1,Open Play,Head,False,False,From Free Kick,45.1,3.9,Pass,24,7,4,68.4,76.1,2.85,cross,116.8,15.1,wide,True,14,9,1.37,0,1,2,9,1,2,119.1,38.4,0.82,1.46,wide_cross
c47df350-ed33-48d3-8c0f-8ec0d6a2945c,3857279,France,Australia,Ibrahima Konaté,2,89,2,112.1,41.4,7.34,0.07988335,Saved,0,Open Play,Head,False,False,From Corner,120.0,0.1,Pass,2,1,0,-7.9,31.9,-3.95,cutback,120.0,0.1,wide,True,18,11,1.48,0,3,3,10,3,5,119.6,40.2,0.37,0.18,cutback
8203b821-9b31-43b1-9de7-0795dfa6c46a,3857279,France,Australia,Theo Bernard François Hernández,2,90,25,112.8,32.1,9.77,0.041087516,Saved,0,Open Play,Head,False,True,From Throw In,61.8,0.1,Pass,25,11,7,51.0,59.9,2.04,central_pass,94.1,60.0,half_space,True,11,8,0.91,1,1,2,6,2,2,118.5,37.6,1.37,2.19,central_penetration
18f01ec7-ab9e-40d4-9629-a6507d1843e5,3857262,Portugal,South Korea,Ricardo Jorge Luz Horta,1,4,53,113.6,47.0,8.67,0.29158956,Goal,1,Open Play,Right Foot,True,False,From Goal Kick,7.0,36.1,Pass,27,8,7,106.6,103.6,3.95,cross,117.5,55.5,half_space,True,13,8,1.56,0,1,2,7,1,4,118.5,44.5,1.37,4.11,wide_cross
c6dfbf3c-fee3-4529-bf1c-88c912c73ca2,3857262,Portugal,South Korea,João Pedro Cavaco Cancelo,1,14,4,117.5,20.6,17.89,0.010523141,Saved,0,Open Play,Right Foot,False,False,From Throw In,62.4,0.1,Pass,74,23,21,55.1,50.5,0.74,other,42.0,71.6,wide,True,14,9,1.13,0,1,2,8,1,3,119.3,36.0,0.64,3.66,slow_possession
66fae858-87ec-47a1-b945-f4b5f914a55f,3857262,South Korea,Portugal,Heung-Min Son,1,15,21,108.5,21.6,19.84,0.011031977,Blocked,0,Open Play,Right Foot,False,False,From Free Kick,26.4,63.9,Pass,20,3,4,82.1,74.9,4.1,central_pass,75.0,57.5,half_space,True,16,10,1.82,0,1,1,8,1,4,118.6,36.9,1.28,2.83,central_penetration
959fabc4-2b98-4a57-a9c1-1999400662dd,3857262,South Korea,Portugal,Gue-Sung Cho,1,16,9,111.1,32.0,10.94,0.040536147,Saved,0,Open Play,Head,False,False,From Corner,120.0,0.1,Pass,6,3,2,-8.9,27.9,-1.48,cross,103.4,3.1,wide,True,19,11,1.69,0,2,2,10,2,5,118.7,37.7,1.19,2.1,wide_cross
e696a77e-52b1-4f33-a5f3-476bbfcf4b57,3857262,South Korea,Portugal,Young-Gwon Kim,1,26,43,116.7,38.0,3.53,0.6242964,Goal,1,Open Play,Left Foot,True,False,From Corner,120.0,0.1,Pass,2,0,0,-3.3,36.0,-1.65,,,,central,True,18,11,1.84,0,1,2,11,1,4,118.7,38.2,1.19,1.65,other
a7111ecc-4b6f-4e37-a38a-9974da4ce82c,3857262,South Korea,Portugal,In-Beom Hwang,1,30,18,98.2,31.4,21.43,0.020656463,Blocked,0,Open Play,Left Foot,True,False,From Free Kick,26.2,21.1,Pass,9,2,1,72.0,72.3,8.0,,,,central,False,0,10,1.55,0,1,2,5,2,2,118.7,38.4,1.19,1.46,fast_counter
803986f1-d638-4db9-9f0b-53d248a35855,3857262,Portugal,South Korea,José Diogo Dalot Teixeira,1,33,57,92.8,40.0,24.87,0.036435805,Saved,0,Open Play,Left Foot,False,False,Regular Play,30.9,40.8,Pass,53,14,13,61.9,61.9,1.17,central_pass,15.4,36.6,central,True,11,7,3.89,0,0,0,1,1,0,116.0,40.1,3.66,0.09,central_penetration
9751faee-145f-490c-8ab7-beb789c269b9,3857262,Portugal,South Korea,Vitor Machado Ferreira,1,34,33,91.6,45.7,26.49,0.017112639,Saved,0,Open Play,Right Foot,True,False,From Corner,120.0,0.1,Pass,3,0,0,-28.4,10.9,-9.47,,,,central,True,15,11,5.06,0,0,0,9,4,5,118.8,41.6,1.1,1.46,other
1ef77461-adfd-4234-9c01-ca847ee4c0ec,3857262,Portugal,South Korea,Cristiano Ronaldo dos Santos Aveiro,1,36,40,110.6,56.3,17.21,0.022429451,Blocked,0,Open Play,Right Foot,True,False,From Free Kick,33.0,42.8,Pass,27,7,4,77.6,68.2,2.87,central_pass,107.0,49.0,central,True,13,8,3.44,0,0,0,5,2,2,118.8,43.8,1.1,3.47,central_penetration
a121c896-21e3-4dff-97f9-95d7eaa71e53,3857262,South Korea,Portugal,Heung-Min Son,1,39,55,94.6,44.2,23.54,0.024709688,Saved,0,Open Play,Left Foot,False,False,From Throw In,76.9,44.0,Interception,5,0,3,17.7,17.5,3.54,,,,central,True,16,10,1.27,0,1,2,3,1,0,118.7,39.9,1.19,0.09,other
e64e7b91-e80f-4a74-a5a8-f43d4623bf01,3857262,Portugal,South Korea,Matheus Luiz Nunes,1,40,32,92.6,58.9,30.44,0.007849269,Off T,0,Open Play,Right Foot,False,False,From Keeper,8.4,47.6,Pass,34,12,10,84.2,78.6,2.48,central_pass,78.0,24.5,half_space,True,15,11,4.3,0,0,0,4,1,2,118.7,41.3,1.19,1.19,central_penetration
99afe7c0-0758-48dd-abec-27ff13f6fa09,3857262,Portugal,South Korea,Vitor Machado Ferreira,1,41,37,97.8,46.9,21.26,0.03675865,Saved,0,Open Play,Right Foot,False,False,From Throw In,78.8,0.1,Pass,27,7,9,19.0,34.1,0.7,,,,central,True,16,10,3.97,0,0,0,6,4,4,118.8,41.3,1.1,1.19,other
7b4ba0ff-cda2-4f7f-aa46-f96df462c5a7,3857262,Portugal,South Korea,Cristiano Ronaldo dos Santos Aveiro,1,41,39,112.7,35.0,8.09,0.28873095,Off T,0,Open Play,Head,False,False,From Throw In,78.8,0.1,Pass,29,7,9,33.9,48.5,1.17,,,,central,True,10,7,2.05,0,0,1,7,1,1,118.2,38.5,1.65,1.37,other
9b6dd32d-4993-4f70-8aa8-8c57f1c0742b,3857262,Portugal,South Korea,Ricardo Jorge Luz Horta,1,43,40,104.3,43.4,14.69,0.11468789,Saved,0,Open Play,Left Foot,False,False,Regular Play,29.8,26.7,Pass,80,22,22,74.5,75.1,0.93,cross,105.8,63.7,wide,True,16,10,4.06,0,0,0,7,2,4,119.0,41.7,0.91,1.55,wide_cross
835c9bb6-2765-4917-9c82-42ba306613b1,3857262,Portugal,South Korea,Ricardo Jorge Luz Horta,1,46,15,101.8,45.2,17.31,0.052517958,Blocked,0,Open Play,Right Foot,False,False,From Goal Kick,7.0,36.1,Pass,9,0,3,94.8,94.1,10.53,,,,central,True,13,8,1.49,0,1,4,6,2,2,119.0,41.4,0.91,1.28,fast_counter
13d00263-c09d-4690-a00f-3abc46a2caff,3857262,South Korea,Portugal,Heung-Min Son,2,55,33,104.5,54.7,19.53,0.023785131,Blocked,0,Open Play,Right Foot,True,False,Regular Play,19.2,20.8,Interception,13,5,3,85.3,81.3,6.56,central_pass,72.8,33.0,central,True,8,6,1.55,0,1,1,2,2,0,118.2,44.2,1.65,3.84,central_penetration
8522f823-2221-49d3-943e-76c43bd466d5,3857262,South Korea,Portugal,Jae-Sung Lee,2,56,13,97.9,50.9,22.53,0.021393217,Off T,0,Open Play,Left Foot,True,False,From Corner,120.0,80.0,Pass,3,0,0,-22.1,15.4,-7.37,,,,half_space,True,16,11,6.59,0,0,0,9,3,5,119.1,41.4,0.82,1.28,other
ae0ccb3a-9cd2-4a1f-a8df-04956bbeefc2,3857262,South Korea,Portugal,Heung-Min Son,2,65,35,98.1,47.1,21.05,0.039930075,Saved,0,Open Play,Left Foot,False,False,From Goal Kick,7.0,36.1,Pass,13,1,2,91.1,90.0,7.01,central_pass,98.3,33.9,central,True,15,10,2.17,0,0,2,4,2,2,118.8,41.7,1.1,1.55,central_penetration
4c77dbd8-b88d-4091-b74e-a2ee33802cf9,3857262,South Korea,Portugal,In-Beom Hwang,2,66,30,98.4,35.1,20.25,0.100738145,Saved,0,Open Play,Left Foot,False,False,Regular Play,79.2,21.8,Ball Recovery,4,1,2,19.2,22.5,4.8,central_pass,79.6,22.1,half_space,True,14,8,1.69,0,1,1,3,1,2,116.8,39.5,2.93,0.46,central_penetration
cb2ec7b6-f389-4d4e-afd4-cb5ecd549b25,3857262,South Korea,Portugal,Heung-Min Son,2,69,50,111.1,52.8,14.26,0.04621987,Blocked,0,Open Play,Right Foot,True,False,From Free Kick,23.0,33.9,Pass,41,11,12,88.1,81.6,2.15,cross,104.5,10.3,wide,True,12,8,3.55,0,0,0,6,2,2,119.1,43.2,0.82,2.93,wide_cross
19f23228-398a-4bcf-969f-7b919096e37b,3857262,Portugal,South Korea,Rafael Alexandre Conceição Leão,2,71,22,94.1,55.0,27.37,0.029762346,Off T,0,Open Play,Right Foot,False,False,From Counter,26.8,39.9,Ball Recovery,10,2,4,67.3,63.3,6.73,central_pass,66.5,38.7,central,True,10,8,3.15,0,0,0,1,1,0,117.9,41.8,1.92,1.65,fast_counter
95738212-ae01-4d5e-a8b8-9cf4a643e477,3857262,South Korea,Portugal,Kang-In Lee,2,73,25,88.0,49.4,30.5,0.023724081,Off T,0,Free Kick,Left Foot,False,False,From Free Kick,88.0,49.4,Shot,0,0,0,0.0,0.0,,,,,central,True,17,11,7.96,0,0,0,1,2,0,119.3,40.2,0.64,0.18,set_piece
c5b9e95f-da7a-4d83-a43a-82e211f8cb5a,3857262,Portugal,South Korea,João Maria Lobo Alves Palhinha Gonçalves,2,80,14,88.8,40.2,28.53,0.021024177,Blocked,0,Open Play,Right Foot,False,False,From Throw In,56.9,0.1,Pass,42,6,9,31.9,43.5,0.76,,,,central,True,16,9,8.38,0,0,0,5,3,4,118.7,39.4,1.19,0.55,other
5d1201c7-4609-40e0-a484-1c939e9b7a9c,3857262,Portugal,South Korea,João Pedro Cavaco Cancelo,2,89,41,112.1,25.0,15.5,0.04430043,Blocked,0,Open Play,Left Foot,False,False,From Throw In,90.0,80.0,Pass,10,2,1,22.1,33.0,2.21,central_pass,85.5,53.4,half_space,True,15,10,1.69,0,1,1,7,1,3,118.9,36.1,1.01,3.57,central_penetration
9ec02244-15d4-4d47-9f4a-efabc72118a2,3857262,South Korea,Portugal,Hee-Chan Hwang,2,90,28,108.3,44.6,11.5,0.42196128,Goal,1,Open Play,Right Foot,True,False,From Counter,47.5,65.2,Ball Recovery,8,1,1,60.8,64.2,7.6,through_ball,98.3,52.3,half_space,True,13,9,2.54,0,0,1,5,1,0,115.2,42.0,4.39,1.83,fast_counter
