shot_id,match_id,team,opponent,player,period,minute,second,shot_x,shot_y,shot_dist_to_goal_m,xg,outcome,is_goal,shot_type,body_part,first_time,under_pressure,play_pattern,attack_start_x,attack_start_y,attack_start_type,attack_duration_s,n_pass,n_carry,x_progression,goal_dist_gain,progression_speed,last_pass_type,last_pass_x,last_pass_y,attack_path,has_360_frame,n_tracked_360,n_defenders_ff,nearest_def_dist_m,def_within_1m,def_within_2m,def_within_3m,def_in_box,def_between_ball_goal,teammates_in_box,gk_x,gk_y,gk_dist_from_goalline_m,gk_lateral_offset_m,attack_type
9d2b23a7-0fde-45f1-8b6e-58fc9da4aab5,8650,Belgium,Brazil,Kevin De Bruyne,1,1,34,91.0,51.0,28.36,0.020460658,Off T,0,Open Play,Right Foot,False,False,From Goal Kick,91.0,3.0,Pressure,14,0,1,0.0,16.0,0.0,,,,half_space,False,0,8,5.86,0,0,0,1,1,0,118.0,41.0,1.83,0.91,other
ff6fee87-0f6b-461e-a5fd-e5032aa19564,8650,Brazil,Belgium,Thiago Emiliano da Silva,1,7,12,115.0,39.0,4.66,0.27402094,Post,0,Open Play,Right Foot,True,False,From Corner,119.0,2.0,Pass,2,1,0,-4.0,32.9,-2.0,cross,119.0,2.0,wide,False,0,8,2.04,0,0,2,7,2,3,118.0,38.0,1.83,1.83,wide_cross
ebeaf37c-a1be-46a4-b3bb-ae4779458734,8650,Belgium,Brazil,Eden Hazard,1,7,32,106.0,31.0,15.22,0.06590014,Blocked,0,Open Play,Right Foot,False,False,Regular Play,5.0,43.0,Ball Recovery,18,2,4,101.0,98.4,5.61,central_pass,112.0,32.0,central,False,0,8,2.04,0,0,1,5,4,2,119.0,39.0,0.91,0.91,central_penetration
0f142c55-8a4a-4af1-b57b-e8eba2491c4b,8650,Belgium,Brazil,Nacer Chadli,1,7,35,92.0,29.0,27.51,0.022908047,Off T,0,Open Play,Right Foot,False,False,Regular Play,5.0,43.0,Ball Recovery,21,2,5,87.0,85.0,4.14,,,,half_space,False,0,10,3.3,0,0,0,7,2,4,119.0,41.0,0.91,0.91,other
06ffa199-3887-4696-b954-5ba6376cbce6,8650,Brazil,Belgium,José Paulo Bezzera Maciel Júnior,1,9,12,109.0,46.0,11.46,0.17421605,Blocked,0,Open Play,Right Foot,True,False,Regular Play,45.0,67.0,Pass,67,14,13,64.0,67.2,0.96,central_pass,107.0,53.0,half_space,False,0,9,2.04,0,0,2,8,1,3,118.0,40.0,1.83,0.0,central_penetration
91337d94-d6b5-499c-9883-5395f2048838,8650,Brazil,Belgium,José Paulo Bezzera Maciel Júnior,1,9,50,111.0,37.0,8.67,0.20371178,Wayward,0,Open Play,Right Foot,True,False,From Corner,119.0,80.0,Pass,1,1,0,-8.0,30.5,-8.0,cutback,119.0,80.0,wide,False,0,9,4.57,0,0,0,9,1,4,119.0,41.0,0.91,0.91,cutback
44ec04e4-1a9a-4aaf-a8a5-04cb997a203f,8650,Belgium,Brazil,Marouane Fellaini-Bakkioui,1,12,5,98.0,38.0,20.2,0.078730114,Blocked,0,Open Play,Right Foot,False,False,From Throw In,88.0,1.0,Pass,23,11,7,10.0,28.4,0.43,central_pass,73.0,31.0,central,False,0,8,2.89,0,0,1,2,1,1,119.0,41.0,0.91,0.91,central_penetration
d0f5fc00-567c-4db8-b721-05c1270b4ab0,8650,Brazil,Belgium,Gabriel Fernando de Jesus,1,14,38,115.0,37.0,5.33,0.27625608,Blocked,0,Open Play,Left Foot,True,False,Regular Play,46.0,41.0,Pass,53,12,12,69.0,68.2,1.3,cross,119.0,26.0,half_space,False,0,8,0.91,1,1,2,8,2,3,118.0,37.0,1.83,2.74,wide_cross
28749d5b-5e06-4944-8bc8-09d630e4c393,8650,Brazil,Belgium,Philippe Coutinho Correia,1,18,53,96.0,33.0,22.86,0.06166237,Saved,0,Open Play,Right Foot,False,True,Regular Play,33.0,19.0,Ball Recovery,40,9,11,63.0,64.5,1.57,central_pass,86.0,30.0,central,False,0,9,2.89,0,0,1,3,1,2,118.0,40.0,1.83,0.0,central_penetration
c1e841bc-2074-4ba0-a31b-e3df9120edc1,8650,Brazil,Belgium,Marcelo Vieira da Silva Júnior,1,25,19,99.0,18.0,27.81,0.011753061,Saved,0,Open Play,Left Foot,False,False,From Throw In,84.0,80.0,Pass,12,3,3,15.0,23.4,1.25,central_pass,55.0,51.0,half_space,False,0,9,2.04,0,0,1,5,1,1,118.0,38.0,1.83,1.83,central_penetration
8291a8c4-c4b5-4763-af68-fe0ff06b1224,8650,Brazil,Belgium,Fernando Luiz Roza,1,29,27,103.0,42.0,15.65,0.06566521,Blocked,0,Open Play,Right Foot,False,False,From Free Kick,118.0,77.0,Pass,3,0,1,-15.0,19.9,-5.0,,,,central,False,0,11,3.77,0,0,0,11,1,5,119.0,39.0,0.91,0.91,other
9c96de82-f1d1-462e-89c5-2592ccd9474f,8650,Brazil,Belgium,Neymar da Silva Santos Junior,1,29,35,96.0,20.0,28.57,0.009290484,Blocked,0,Open Play,Right Foot,False,False,From Free Kick,118.0,77.0,Pass,11,0,2,-22.0,5.8,-2.0,,,,half_space,False,0,11,3.77,0,0,0,5,1,4,118.0,40.0,1.83,0.0,other
ac8c6b39-5c99-4888-a127-771b1f8ffb90,8650,Belgium,Brazil,Kevin De Bruyne,1,30,48,102.0,54.0,20.85,0.036171924,Goal,1,Open Play,Right Foot,False,False,Regular Play,41.0,59.0,Ball Recovery,12,1,1,61.0,58.4,5.08,,,,half_space,False,0,6,2.04,0,0,1,3,2,1,118.0,42.0,1.83,1.83,fast_counter
988bcc30-6cdf-4cc2-aaeb-4fdb283f52b9,8650,Brazil,Belgium,Gabriel Fernando de Jesus,1,35,4,110.0,45.0,10.22,0.24829954,Off T,0,Open Play,Head,False,False,Regular Play,64.0,52.0,Pass,24,6,5,46.0,46.1,1.92,cross,105.0,11.0,wide,False,0,8,4.66,0,0,0,8,1,3,118.0,39.0,1.83,0.91,wide_cross
50c2130c-0b88-4adb-bcf3-151d0359785e,8650,Brazil,Belgium,Philippe Coutinho Correia,1,36,36,98.0,21.0,26.58,0.010265937,Saved,0,Open Play,Right Foot,False,False,From Corner,120.0,2.0,Pass,4,2,2,-22.0,8.9,-5.5,cutback,113.0,3.0,wide,False,0,10,4.92,0,0,0,7,2,3,120.0,39.0,0.0,0.91,cutback
49b10b55-3be4-40e1-9e90-5e8c1d525430,8650,Belgium,Brazil,Kevin De Bruyne,1,40,36,99.0,20.0,26.52,0.013607446,Saved,0,Free Kick,Right Foot,False,False,From Free Kick,99.0,20.0,Shot,0,0,0,0.0,0.0,,,,,half_space,False,0,11,6.47,0,0,0,11,3,5,119.0,41.0,0.91,0.91,set_piece
dad9e7d3-5d77-44f1-abaf-b888b548c0b1,8650,Belgium,Brazil,Vincent Kompany,1,41,16,115.0,32.0,8.63,0.05695575,Saved,0,Open Play,Right Foot,False,False,From Corner,120.0,2.0,Pass,1,1,0,-5.0,28.6,-5.0,cutback,120.0,2.0,wide,False,0,11,1.29,0,1,1,10,3,4,120.0,39.0,0.0,0.91,cutback
7ad1c70f-45be-4af7-867c-836874972c57,8650,Brazil,Belgium,Philippe Coutinho Correia,2,51,42,97.0,27.0,24.16,0.032326028,Blocked,0,Open Play,Right Foot,False,False,From Throw In,99.0,1.0,Pass,7,3,3,-2.0,17.9,-0.29,other,97.0,4.0,wide,False,0,9,3.3,0,0,0,5,1,1,118.0,40.0,1.83,0.0,other
e28f2341-8a5f-4a13-b930-248a56f810f8,8650,Brazil,Belgium,José Paulo Bezzera Maciel Júnior,2,54,2,117.0,51.0,10.43,0.035845775,Saved,0,Open Play,Right Foot,False,False,Regular Play,66.0,42.0,Pass,35,9,8,51.0,42.6,1.46,central_pass,93.0,59.0,half_space,False,0,5,2.59,0,0,1,5,1,1,118.0,47.0,1.83,6.4,central_penetration
b550cc56-134d-4460-908d-ccda6b6b9899,8650,Belgium,Brazil,Eden Hazard,2,61,15,108.0,27.0,16.18,0.110522054,Off T,0,Open Play,Left Foot,False,False,From Counter,26.0,27.0,Ball Recovery,11,2,4,82.0,77.2,7.45,central_pass,74.0,32.0,central,False,0,5,2.89,0,0,1,4,1,1,116.0,37.0,3.66,2.74,fast_counter
abf2caba-6ade-4b58-be69-e812b86c1bcc,8650,Brazil,Belgium,Douglas Costa de Souza,2,61,47,112.0,58.0,18.01,0.011885792,Saved,0,Open Play,Right Foot,False,False,Regular Play,76.0,27.0,Pass,8,2,2,36.0,26.2,4.5,central_pass,87.0,42.0,central,False,0,8,3.3,0,0,0,8,0,3,117.0,43.0,2.74,2.74,central_penetration
41e1b1d7-a410-4b7d-8585-3675adede641,8650,Brazil,Belgium,Philippe Coutinho Correia,2,63,0,98.0,36.0,20.45,0.041887954,Blocked,0,Open Play,Right Foot,False,False,Regular Play,27.0,57.0,Ball Recovery,18,4,5,71.0,72.2,3.94,cutback,105.0,15.0,wide,False,0,9,2.59,0,0,2,6,2,3,118.0,41.0,1.83,0.91,cutback
3279d551-1101-48c8-9a30-5bf8890ac46a,8650,Brazil,Belgium,Douglas Costa de Souza,2,69,23,91.0,58.0,31.21,0.0066976612,Blocked,0,Open Play,Left Foot,False,False,Regular Play,50.0,32.0,Pass,10,2,2,41.0,36.3,4.1,central_pass,50.0,54.0,half_space,False,0,8,2.89,0,0,1,4,1,0,118.0,41.0,1.83,0.91,fast_counter
09ad21d2-3877-4689-b80f-692db678e99a,8650,Brazil,Belgium,Douglas Costa de Souza,2,70,52,96.0,56.0,26.38,0.02142523,Saved,0,Open Play,Left Foot,False,False,From Free Kick,78.0,41.0,Pass,19,5,5,18.0,13.2,0.95,central_pass,81.0,45.0,central,False,0,8,4.57,0,0,0,4,2,4,119.0,41.0,0.91,0.91,central_penetration
4aa201db-54ad-4feb-9b29-d352c4bafb75,8650,Brazil,Belgium,Douglas Costa de Souza,2,74,27,110.0,58.0,18.83,0.014297066,Saved,0,Open Play,Right Foot,False,False,Regular Play,24.0,38.0,Interception,11,2,3,86.0,75.4,7.82,central_pass,48.0,42.0,central,False,0,8,2.89,0,0,1,6,1,2,117.0,46.0,2.74,5.49,fast_counter
b695d557-7cb4-4e92-8a42-daf2aa6ec9c2,8650,Brazil,Belgium,Neymar da Silva Santos Junior,2,74,28,109.0,45.0,11.05,0.1545206,Blocked,0,Open Play,Right Foot,True,False,From Counter,24.0,38.0,Interception,12,2,3,85.0,83.9,7.08,,,,central,False,0,8,3.77,0,0,0,8,2,3,117.0,43.0,2.74,2.74,fast_counter
449f1129-de28-45c2-8beb-7ba0701b1950,8650,Brazil,Belgium,Renato Soares de Oliveira Augusto,2,75,20,111.0,42.0,8.43,0.22554597,Goal,1,Open Play,Head,False,False,Regular Play,61.0,66.0,Ball Recovery,23,4,3,50.0,55.3,2.17,through_ball,94.0,33.0,central,False,0,8,3.3,0,0,0,5,1,1,119.0,41.0,0.91,0.91,central_penetration
c3b233d0-1b41-41ef-86ed-46882d9fe78d,8650,Brazil,Belgium,Roberto Firmino Barbosa de Oliveira,2,77,46,111.0,30.0,12.3,0.080149576,Off T,0,Open Play,Left Foot,False,False,Regular Play,19.0,28.0,Interception,14,3,4,92.0,88.3,6.57,cross,107.0,17.0,wide,False,0,8,1.29,0,1,2,8,2,3,119.0,40.0,0.91,0.0,wide_cross
318c0fe3-bfbd-476f-9899-e26692c84c46,8650,Brazil,Belgium,Renato Soares de Oliveira Augusto,2,80,1,102.0,42.0,16.56,0.14648527,Off T,0,Open Play,Right Foot,False,False,From Counter,60.0,25.0,Pass,6,2,2,42.0,43.7,7.0,central_pass,88.0,37.0,central,False,0,7,2.59,0,0,1,5,1,1,118.0,42.0,1.83,1.83,fast_counter
78687033-cad6-4ae8-a24e-5c2214bf4840,8650,Brazil,Belgium,Philippe Coutinho Correia,2,83,26,107.0,33.0,13.5,0.14369768,Off T,0,Open Play,Right Foot,True,False,Regular Play,34.0,19.0,Pass,11,3,3,73.0,73.8,6.64,cross,113.0,24.0,half_space,False,0,8,2.74,0,0,1,8,2,2,120.0,41.0,0.0,0.91,fast_counter
c707713d-21cf-4bd2-b031-35ddfd5d4774,8650,Brazil,Belgium,Philippe Coutinho Correia,2,91,46,96.0,37.0,22.12,0.047560986,Blocked,0,Open Play,Right Foot,False,False,Regular Play,23.0,31.0,Pass,27,10,12,73.0,73.2,2.7,central_pass,99.0,22.0,half_space,False,0,10,5.86,0,0,0,8,2,5,119.0,42.0,0.91,1.83,central_penetration
f78a1e10-1ee9-4a43-b114-e0f01961f7d3,8650,Brazil,Belgium,Neymar da Silva Santos Junior,2,93,14,98.0,39.0,20.14,0.047588326,Saved,0,Open Play,Right Foot,True,False,From Free Kick,13.0,6.0,Pass,35,8,9,85.0,90.2,2.43,central_pass,100.0,54.0,half_space,False,0,10,4.66,0,0,0,8,2,5,120.0,41.0,0.0,0.91,central_penetration
7faf5d88-7884-4de5-8ad5-e991c35d2a03,8650,Brazil,Belgium,Roberto Firmino Barbosa de Oliveira,2,93,46,115.0,42.0,4.92,0.2641403,Off T,0,Open Play,Head,False,True,From Corner,120.0,79.0,Pass,2,1,0,-5.0,33.6,-2.5,cutback,120.0,79.0,wide,False,0,10,1.83,0,1,1,10,1,6,120.0,42.0,0.0,1.83,cutback
bef9880f-edb1-4273-b64a-60135723f2f8,7584,Japan,Belgium,Shinji Kagawa,1,0,54,98.0,47.0,21.11,0.038844906,Off T,0,Open Play,Left Foot,False,False,From Throw In,88.0,80.0,Pass,20,4,5,10.0,28.1,0.5,,,,central,False,0,8,0.91,1,1,2,5,2,2,119.0,42.0,0.91,1.83,other
0a08c24a-d38f-4544-b42a-8c9edffae0e6,7584,Japan,Belgium,Gen Shōji,1,9,14,74.0,41.0,42.07,0.0054525062,Off T,0,Open Play,Right Foot,False,False,From Free Kick,16.0,28.0,Pass,24,7,6,58.0,58.7,2.42,,,,central,False,0,10,3.66,0,0,0,1,2,0,116.0,41.0,3.66,0.91,other
23412d27-945f-4f7d-9289-35503286bc44,7584,Belgium,Japan,Axel Witsel,1,15,13,95.0,33.0,23.74,0.02329228,Blocked,0,Open Play,Left Foot,False,False,Regular Play,17.0,42.0,Ball Recovery,29,6,7,78.0,77.1,2.69,central_pass,100.0,57.0,half_space,False,0,10,2.89,0,0,1,7,2,4,116.0,38.0,3.66,1.83,central_penetration
1f94bca6-77e7-47e2-b5c6-2e0daf9d8713,7584,Belgium,Japan,Vincent Kompany,1,15,58,111.0,51.0,13.0,0.038868416,Wayward,0,Open Play,Head,False,True,From Corner,119.0,2.0,Pass,5,3,0,-8.0,23.8,-1.6,cross,109.0,7.0,wide,False,0,10,0.91,1,2,2,9,2,4,118.0,41.0,1.83,0.91,wide_cross
5ac1258d-aeda-45f2-b54a-254a3cc1d138,7584,Belgium,Japan,Romelu Lukaku Menama,1,16,33,105.0,40.0,13.72,0.068028904,Blocked,0,Open Play,Left Foot,False,False,From Corner,119.0,2.0,Pass,40,8,7,-14.0,23.0,-0.35,central_pass,108.0,57.0,half_space,False,0,10,2.04,0,0,4,7,2,2,118.0,40.0,1.83,0.0,central_penetration
97295482-13b7-4615-8c24-e08245d8dd96,7584,Belgium,Japan,Vincent Kompany,1,17,16,111.0,48.0,11.01,0.062155474,Wayward,0,Open Play,Other,False,True,From Corner,119.0,2.0,Pass,3,1,0,-8.0,26.0,-2.67,cross,119.0,2.0,wide,False,0,11,1.29,0,1,1,11,2,4,118.0,41.0,1.83,0.91,wide_cross
8ef4c51d-fceb-491f-8230-a68473b1a281,7584,Belgium,Japan,Vincent Kompany,1,17,17,112.0,50.0,11.71,0.09683723,Off T,0,Open Play,Right Foot,False,True,From Corner,119.0,2.0,Pass,4,1,1,-7.0,25.2,-1.75,,,,central,False,0,11,2.04,0,0,1,11,2,4,118.0,43.0,1.83,2.74,other
3aeca2fe-fbdd-4ef2-98e8-d8ed0f728cc7,7584,Belgium,Japan,Romelu Lukaku Menama,1,20,10,101.0,50.0,19.63,0.053347003,Blocked,0,Open Play,Right Foot,False,False,From Throw In,71.0,2.0,Pass,13,8,7,30.0,40.5,2.31,central_pass,91.0,40.0,central,False,0,10,2.04,0,0,2,4,1,1,116.0,41.0,3.66,0.91,central_penetration
4c7fa9c2-dfcd-411f-b9c4-f62a7aaa80da,7584,Belgium,Japan,Romelu Lukaku Menama,1,24,53,114.0,41.0,5.56,0.29904982,Wayward,0,Open Play,Right Foot,False,True,Regular Play,56.0,18.0,Pass,18,6,4,58.0,61.6,3.22,cross,105.0,73.0,wide,False,0,10,0.91,1,1,1,7,1,0,118.0,41.0,1.83,0.91,wide_cross
12075fef-c8d7-4edf-b8d8-ff57edf0b33d,7584,Belgium,Japan,Kevin De Bruyne,1,26,5,102.0,46.0,17.35,0.074351706,Blocked,0,Open Play,Right Foot,False,False,Regular Play,37.0,52.0,Pass,48,13,12,65.0,64.9,1.35,cutback,103.0,54.0,half_space,False,0,6,2.04,0,0,1,6,1,3,117.0,41.0,2.74,0.91,cutback
e21e3881-bb77-4c1a-bdab-d4968b439832,7584,Belgium,Japan,Eden Hazard,1,26,32,102.0,26.0,20.85,0.038630188,Saved,0,Open Play,Left Foot,False,True,Regular Play,66.0,50.0,Pass,13,4,4,36.0,32.1,2.77,,,,half_space,False,0,10,2.59,0,0,1,7,1,3,117.0,38.0,2.74,1.83,other
221fc074-9c90-4ede-b7f2-5e56fe6e0012,7584,Belgium,Japan,Vincent Kompany,1,27,26,118.0,45.0,4.92,0.37606573,Wayward,0,Open Play,Right Foot,True,False,Regular Play,94.0,10.0,Pass,4,1,0,24.0,34.3,6.0,cross,94.0,10.0,wide,False,0,8,1.83,0,1,1,8,0,4,118.0,43.0,1.83,2.74,wide_cross
ed3694ee-ca8d-48e0-94cb-12cf88d5ca92,7584,Japan,Belgium,Takashi Inui,1,30,31,110.0,45.0,10.22,0.09179325,Saved,0,Open Play,Head,False,True,From Throw In,65.0,1.0,Pass,57,17,13,45.0,56.2,0.79,cross,115.0,20.0,half_space,False,0,8,1.29,0,1,2,8,3,4,119.0,41.0,0.91,0.91,wide_cross
a71944da-c48b-41b1-9bc8-c9db17db72c3,7584,Belgium,Japan,Eden Hazard,1,35,35,103.0,33.0,16.81,0.15255512,Blocked,0,Open Play,Right Foot,False,False,Regular Play,75.0,54.0,Ball Recovery,4,1,2,28.0,28.7,7.0,central_pass,78.0,60.0,half_space,False,0,6,2.89,0,0,1,5,1,1,114.0,38.0,5.49,1.83,central_penetration
544a1850-53d6-4fdd-9fd9-546b78d8eb94,7584,Belgium,Japan,Axel Witsel,1,35,43,93.0,49.0,26.02,0.02434906,Off T,0,Open Play,Right Foot,False,False,Regular Play,75.0,54.0,Ball Recovery,12,2,4,18.0,18.7,1.5,central_pass,95.0,27.0,half_space,False,0,10,3.77,0,0,0,5,2,3,116.0,40.0,3.66,0.0,central_penetration
d0402e1c-19f1-480d-a02c-37163b468c00,7584,Japan,Belgium,Yuto Nagatomo,1,43,49,109.0,24.0,17.75,0.0644201,Blocked,0,Open Play,Right Foot,False,False,Regular Play,13.0,17.0,Duel,28,8,8,96.0,90.0,3.43,central_pass,79.0,60.0,half_space,False,0,9,3.3,0,0,0,8,1,3,120.0,42.0,0.0,1.83,central_penetration
d408f768-74b0-4959-820f-47e37a077f4c,7584,Japan,Belgium,Genki Haraguchi,2,47,19,109.0,54.0,16.28,0.07330411,Goal,1,Open Play,Right Foot,True,False,From Counter,30.0,19.0,Interception,11,2,2,79.0,74.6,7.18,through_ball,56.0,49.0,central,False,0,4,2.04,0,0,1,4,1,0,116.0,43.0,3.66,2.74,fast_counter
152e4994-9b0c-418b-acb3-3581f44f7392,7584,Belgium,Japan,Eden Hazard,2,48,48,105.0,47.0,15.14,0.10597108,Post,0,Open Play,Right Foot,False,False,Regular Play,60.0,2.0,Pass,26,11,9,45.0,54.5,1.73,central_pass,105.0,62.0,half_space,False,0,7,2.59,0,0,1,5,2,3,119.0,44.0,0.91,3.66,central_penetration
89cf6138-5b1e-4922-9201-e369615bdacd,7584,Belgium,Japan,Eden Hazard,2,48,49,110.0,41.0,9.19,0.09700912,Wayward,0,Open Play,Right Foot,False,False,Regular Play,60.0,2.0,Pass,27,11,10,50.0,61.0,1.85,,,,central,False,0,6,3.66,0,0,0,5,2,3,119.0,43.0,0.91,2.74,slow_possession
f8c6db52-fd2d-4629-b36b-6f33b3e95e10,7584,Japan,Belgium,Takashi Inui,2,51,34,94.0,33.0,24.62,0.024892166,Goal,1,Open Play,Right Foot,False,True,From Keeper,4.0,40.0,Goal Keeper,59,15,18,90.0,89.1,1.53,central_pass,98.0,32.0,central,False,0,8,1.83,0,1,1,6,1,1,119.0,40.0,0.91,0.0,central_penetration
34d9edce-9dd8-4552-aaf6-7e8218407116,7584,Belgium,Japan,Yannick Ferreira Carrasco,2,56,5,102.0,26.0,20.85,0.03521874,Off T,0,Open Play,Right Foot,True,False,Regular Play,63.0,56.0,Pass,18,6,5,39.0,36.4,2.17,cross,98.0,17.0,wide,False,0,10,1.29,0,1,2,5,2,3,118.0,39.0,1.83,0.91,wide_cross
495ddbee-ae51-4c66-9e6c-c9c59ca86129,7584,Japan,Belgium,Gaku Shibasaki,2,58,40,107.0,49.0,14.46,0.05377961,Blocked,0,Open Play,Head,False,False,Regular Play,66.0,65.0,Pass,26,10,8,41.0,43.7,1.58,cross,108.0,66.0,wide,False,0,7,1.29,0,2,2,7,3,1,119.0,40.0,0.91,0.0,wide_cross
450f1c03-3926-442a-b622-037379c86922,7584,Belgium,Japan,Romelu Lukaku Menama,2,61,44,115.0,46.0,7.14,0.15798207,Off T,0,Open Play,Head,False,False,Regular Play,76.0,79.0,Pass,13,6,3,39.0,51.0,3.0,cross,113.0,74.0,wide,False,0,8,1.29,0,1,1,7,1,3,119.0,43.0,0.91,2.74,wide_cross
1002e854-79ab-4c95-9d9f-1f6174442d28,7584,Japan,Belgium,Genki Haraguchi,2,63,58,110.0,48.0,11.71,0.10102822,Off T,0,Open Play,Right Foot,True,False,Regular Play,16.0,22.0,Interception,39,7,8,94.0,92.7,2.41,,,,central,False,0,8,1.83,0,1,1,7,3,3,118.0,43.0,1.83,2.74,other
c15b17d6-debe-41f6-bd86-26615a3076a3,7584,Belgium,Japan,Thomas Meunier,2,65,6,100.0,54.0,22.32,0.03213666,Off T,0,Open Play,Right Foot,False,False,Regular Play,45.0,8.0,Pass,26,11,8,55.0,57.1,2.12,cutback,111.0,68.0,wide,False,0,10,3.77,0,0,0,7,1,3,119.0,43.0,0.91,2.74,cutback
f17318f9-cf02-41c7-9837-8b1a43df5b57,7584,Belgium,Japan,Romelu Lukaku Menama,2,67,59,112.0,46.0,9.14,0.1751244,Blocked,0,Open Play,Right Foot,False,False,Regular Play,63.0,24.0,Pass,7,4,2,49.0,49.2,7.0,cross,108.0,65.0,wide,False,0,8,0.91,1,1,2,7,1,3,119.0,44.0,0.91,3.66,fast_counter
e087f89e-17b5-4c7f-bab0-bbc90e1608ae,7584,Belgium,Japan,Jan Vertonghen,2,68,53,116.0,23.0,15.97,0.011378314,Goal,1,Open Play,Head,False,True,From Corner,119.0,80.0,Pass,10,1,0,-3.0,22.5,-0.3,,,,half_space,False,0,11,1.83,0,1,1,11,1,5,119.0,38.0,0.91,1.83,other
6d6f4920-28be-42d9-8a2d-b685e8f669f6,7584,Belgium,Japan,Kevin De Bruyne,2,72,17,102.0,45.0,17.08,0.062116995,Blocked,0,Open Play,Right Foot,False,False,Regular Play,17.0,61.0,Ball Recovery,19,3,10,85.0,86.4,4.47,cutback,103.0,26.0,half_space,False,0,7,0.91,1,1,1,7,2,5,118.0,42.0,1.83,1.83,cutback
7b60005e-2795-4d81-b5fe-7601ee284256,7584,Belgium,Japan,Marouane Fellaini-Bakkioui,2,73,23,114.0,42.0,5.78,0.1826466,Goal,1,Open Play,Head,False,True,From Corner,119.0,1.0,Pass,13,3,3,-5.0,32.7,-0.38,cross,106.0,16.0,wide,False,0,11,0.91,2,3,3,11,1,5,120.0,41.0,0.0,0.91,wide_cross
33da7635-b878-4a95-984c-d553dbba0e6c,7584,Japan,Belgium,Takashi Inui,2,74,52,109.0,30.0,13.59,0.09275014,Blocked,0,Open Play,Right Foot,False,False,Regular Play,81.0,41.0,Ball Recovery,5,1,6,28.0,24.1,5.6,central_pass,90.0,37.0,central,False,0,7,2.04,0,0,1,7,2,2,116.0,37.0,3.66,2.74,high_turnover
99451272-d349-4d9c-a259-97b6c2042ff2,7584,Japan,Belgium,Yuto Nagatomo,2,74,55,113.0,23.0,16.81,0.012124663,Wayward,0,Open Play,Right Foot,True,False,Regular Play,81.0,41.0,Ball Recovery,8,1,6,32.0,20.6,4.0,,,,half_space,False,0,7,3.3,0,0,0,7,0,3,117.0,36.0,2.74,3.66,high_turnover
49f2d31e-4708-4d94-ad84-af8a6ba95db4,7584,Belgium,Japan,Romelu Lukaku Menama,2,77,51,114.0,47.0,8.43,0.11867756,Off T,0,Open Play,Head,False,True,Regular Play,2.0,32.0,Ball Recovery,59,19,19,112.0,109.1,1.9,cross,117.0,17.0,wide,False,0,7,0.91,1,1,1,7,1,3,120.0,43.0,0.0,2.74,wide_cross
6345cb72-58d4-4909-bf60-806eac7d921b,7584,Belgium,Japan,Vincent Kompany,2,79,40,114.0,57.0,16.48,0.0088148285,Wayward,0,Open Play,Head,False,False,From Corner,119.0,2.0,Pass,2,1,0,-5.0,20.0,-2.5,cross,119.0,2.0,wide,False,0,11,1.29,0,1,2,10,2,5,119.0,45.0,0.91,4.57,wide_cross
2dadb595-5c85-4521-8104-da34531316d0,7584,Japan,Belgium,Keisuke Honda,2,83,8,113.0,30.0,11.16,0.12930113,Blocked,0,Open Play,Left Foot,True,False,Regular Play,52.0,58.0,Ball Recovery,43,17,13,61.0,58.1,1.42,central_pass,102.0,24.0,half_space,False,0,7,0.91,1,1,1,6,1,2,116.0,34.0,3.66,5.49,central_penetration
765a6160-6ca5-40b3-8850-e268d49c7ca2,7584,Belgium,Japan,Nacer Chadli,2,85,2,113.0,35.0,7.87,0.12926859,Saved,0,Open Play,Head,False,True,From Throw In,113.0,80.0,Pass,4,2,1,0.0,32.0,0.0,cross,104.0,76.0,wide,False,0,6,1.83,0,1,1,6,1,2,120.0,41.0,0.0,0.91,wide_cross
fbb23c0b-1204-4ac0-9c4d-af0fd07a3857,7584,Belgium,Japan,Romelu Lukaku Menama,2,85,7,114.0,44.0,6.59,0.20452708,Saved,0,Open Play,Head,False,False,From Throw In,113.0,80.0,Pass,9,3,1,1.0,33.4,0.11,cutback,120.0,26.0,half_space,False,0,8,2.04,0,0,1,8,2,3,120.0,41.0,0.0,0.91,cutback
8255c6b5-f326-4acb-a51c-049416bf6272,7584,Belgium,Japan,Thomas Meunier,2,85,34,80.0,42.0,36.62,0.006299751,Off T,0,Open Play,Right Foot,False,False,From Corner,120.0,2.0,Pass,4,0,1,-40.0,-2.0,-10.0,,,,central,False,0,11,3.66,0,0,0,10,4,6,117.0,42.0,2.74,1.83,other
ed41c55b-e281-4ff9-a459-06160e9433d8,7584,Belgium,Japan,Jan Vertonghen,2,86,36,96.0,24.0,26.38,0.02341678,Saved,0,Open Play,Left Foot,False,False,Regular Play,28.0,19.0,Pass,29,9,9,68.0,65.5,2.34,central_pass,85.0,40.0,central,False,0,9,2.74,0,0,2,5,1,4,119.0,41.0,0.91,0.91,central_penetration
0f2c7245-82ff-4453-a30b-d6bbb29beb33,7584,Japan,Belgium,Keisuke Honda,2,92,59,79.0,39.0,37.5,0.006078651,Saved,0,Free Kick,Left Foot,False,False,From Free Kick,79.0,39.0,Shot,0,0,0,0.0,0.0,,,,,central,False,0,11,11.01,0,0,0,8,4,3,119.0,39.0,0.91,0.91,set_piece
a604f9d5-1dfd-44c4-8fb7-94f80cd9da0d,7584,Belgium,Japan,Nacer Chadli,2,93,44,111.0,37.0,8.67,0.25971222,Goal,1,Open Play,Left Foot,False,False,From Keeper,5.0,41.0,Goal Keeper,12,3,3,106.0,105.5,8.83,central_pass,101.0,58.0,half_space,False,0,5,1.83,0,1,1,5,1,3,117.0,41.0,2.74,0.91,fast_counter
40fba0d5-4c68-4eb6-aca7-51f837f79495,7554,Panama,England,Edgar Yoel Bárcenas Herrera,1,3,46,81.0,40.0,35.66,0.0063411808,Off T,0,Open Play,Right Foot,False,False,From Free Kick,87.0,3.0,Pass,5,0,1,-6.0,10.6,-1.2,,,,central,False,0,11,4.09,0,0,0,1,2,0,119.0,40.0,0.91,0.0,other
2e695ec9-89ed-4c3b-af45-a013e031490f,7554,Panama,England,Aníbal Cesis Godoy,1,4,17,102.0,32.0,18.01,0.10595282,Off T,0,Open Play,Left Foot,True,False,Regular Play,54.0,71.0,Pass,8,2,2,48.0,53.2,6.0,central_pass,99.0,48.0,central,False,0,7,6.47,0,0,0,4,1,1,118.0,39.0,1.83,0.91,fast_counter
63becae5-233c-4077-afc4-b840991c13c1,7554,England,Panama,John Stones,1,7,48,109.0,42.0,10.22,0.1349147,Goal,1,Open Play,Head,False,False,From Corner,120.0,79.0,Pass,2,1,0,-11.0,27.8,-5.5,cutback,120.0,79.0,wide,False,0,11,3.3,0,0,0,10,1,5,119.0,41.0,0.91,0.91,cutback
4ffec370-1a6f-440c-bdb7-eb9badbf45dc,7554,Panama,England,Edgar Yoel Bárcenas Herrera,1,15,12,96.0,49.0,23.44,0.034921248,Off T,0,Open Play,Left Foot,False,False,From Free Kick,69.0,13.0,Pass,46,13,15,27.0,32.1,0.59,other,98.0,72.0,wide,False,0,9,2.74,0,0,1,4,1,2,118.0,40.0,1.83,0.0,slow_possession
77704599-d070-4b4d-ada7-d9097e7a4a00,7554,England,Panama,Jesse Lingard,1,35,9,98.0,34.0,20.85,0.056802925,Goal,1,Open Play,Right Foot,False,True,Regular Play,3.0,72.0,Ball Recovery,58,20,22,95.0,98.5,1.64,central_pass,100.0,25.0,half_space,False,0,9,2.04,0,0,1,5,1,2,118.0,40.0,1.83,0.0,central_penetration
987546fc-b15d-4364-9d3d-0b61d66b5101,7554,England,Panama,Raheem Sterling,1,39,13,115.0,40.0,4.57,0.43374035,Saved,0,Open Play,Head,False,True,From Free Kick,87.0,40.0,Pass,4,3,1,28.0,28.0,7.0,central_pass,111.0,52.0,half_space,False,0,9,2.04,0,0,2,8,1,5,118.0,41.0,1.83,0.91,central_penetration
d9cd0d1f-671c-4439-89fe-4aa496d4e4b7,7554,England,Panama,John Stones,1,39,14,118.0,36.0,4.09,0.5670492,Goal,1,Open Play,Head,False,False,From Free Kick,87.0,40.0,Pass,5,3,1,31.0,28.5,6.2,,,,central,False,0,8,2.89,0,0,1,8,1,5,119.0,39.0,0.91,0.91,other
a4222b90-495c-461c-b42b-130e7fee4894,7554,England,Panama,Jesse Lingard,1,41,55,100.0,40.0,18.29,0.090631545,Blocked,0,Open Play,Right Foot,False,False,From Throw In,34.0,1.0,Pass,22,6,6,66.0,74.4,3.0,central_pass,100.0,47.0,central,False,0,11,4.57,0,0,0,5,1,2,118.0,41.0,1.83,0.91,central_penetration
386917fe-2f41-41cf-975b-e3be32263343,7554,England,Panama,Ruben Loftus-Cheek,2,61,5,97.0,51.0,23.31,0.03459167,Blocked,0,Open Play,Left Foot,False,True,Regular Play,36.0,42.0,Ball Recovery,55,23,22,61.0,58.5,1.11,central_pass,66.0,39.0,central,False,0,9,2.89,0,0,1,4,3,3,117.0,40.0,2.74,0.0,central_penetration
c96b3f7e-7ce1-4985-ae31-a764d6df38c0,7554,England,Panama,Harry Kane,2,61,5,105.0,49.0,16.0,0.20022032,Goal,1,Open Play,Right Foot,False,False,Regular Play,36.0,42.0,Ball Recovery,55,23,23,69.0,66.5,1.25,,,,central,False,0,9,2.89,0,0,1,4,1,2,117.0,40.0,2.74,0.0,slow_possession
38191afc-23d1-4faf-a76d-0228fdda2f3d,7554,Panama,England,Michael Amir Murillo Bermudez,2,65,25,115.0,51.0,11.05,0.13047156,Saved,0,Open Play,Right Foot,False,False,Regular Play,26.0,67.0,Duel,50,15,14,89.0,85.7,1.78,other,92.0,66.0,wide,False,0,9,2.59,0,0,1,6,0,1,117.0,49.0,2.74,8.23,slow_possession
280386dd-0a40-4b41-aaf4-5a94af801bbb,7554,England,Panama,Jordan Brian Henderson,2,72,32,104.0,45.0,15.33,0.061970674,Off T,0,Open Play,Right Foot,True,False,From Free Kick,92.0,19.0,Pass,5,1,0,12.0,18.2,2.4,,,,central,False,0,11,2.89,0,0,1,9,3,5,118.0,41.0,1.83,0.91,other
24a07d80-c164-4f61-80a2-3409d998a0a2,7554,Panama,England,Román Aureliano Torres Morcillo,2,75,31,116.0,36.0,5.17,0.55906206,Off T,0,Open Play,Right Foot,True,False,From Corner,119.0,79.0,Pass,2,2,0,-3.0,33.4,-1.5,central_pass,114.0,51.0,half_space,False,0,9,2.59,0,0,1,9,2,3,120.0,42.0,0.0,1.83,central_penetration
5c5e3ebd-c9e9-4a78-83fa-1d98768b01b7,7554,Panama,England,Felipe Abdiel Baloy Ramírez,2,77,16,109.0,44.0,10.7,0.17428838,Goal,1,Open Play,Right Foot,True,False,From Free Kick,84.0,20.0,Pass,2,1,0,25.0,29.5,12.5,central_pass,84.0,20.0,half_space,False,0,10,2.89,0,0,1,5,1,2,119.0,42.0,0.91,1.83,central_penetration
60d1a01c-d944-4890-84e8-deb390988e58,7554,England,Panama,Raheem Sterling,2,81,16,93.0,30.0,26.33,0.021399647,Off T,0,Open Play,Right Foot,False,False,Regular Play,93.0,30.0,Shot,0,0,0,0.0,0.0,,,,,central,False,0,9,2.04,0,0,1,2,2,0,118.0,40.0,1.83,0.0,other
e5647ad4-6bf2-49ef-9acc-fc1786a7bb96,7554,Panama,England,Blas Antonio Miguel Pérez Ortega,2,93,47,106.0,41.0,12.83,0.059005667,Blocked,0,Open Play,Left Foot,False,False,From Throw In,71.0,80.0,Pass,51,17,18,35.0,49.2,0.69,cross,114.0,5.0,wide,False,0,9,1.83,0,1,1,6,2,1,120.0,41.0,0.0,0.91,wide_cross
97cb590e-5dd7-4ed1-9602-123e316ca663,7554,Panama,England,José Luis Rodríguez Francis,2,94,2,94.0,20.0,29.99,0.009995836,Off T,0,Open Play,Left Foot,False,False,From Throw In,71.0,80.0,Pass,66,20,21,23.0,30.5,0.35,central_pass,77.0,29.0,half_space,False,0,10,2.89,0,0,1,1,1,0,118.0,41.0,1.83,0.91,central_penetration
48c8fb58-92f7-43c3-9225-72262260dcf9,7539,Senegal,Poland,Salif Sané,1,12,35,84.0,34.0,33.37,0.009712145,Off T,0,Free Kick,Right Foot,False,False,From Free Kick,84.0,34.0,Shot,0,0,0,0.0,0.0,,,,,central,False,0,11,11.01,0,0,0,1,2,0,119.0,42.0,0.91,1.83,set_piece
9eb8a3fa-c069-4844-9faf-c8e0c57debab,7539,Poland,Senegal,Piotr Zieliński,1,19,10,95.0,35.0,23.31,0.029653154,Wayward,0,Open Play,Left Foot,True,False,From Throw In,108.0,79.0,Pass,14,6,3,-13.0,15.3,-0.93,,,,central,False,0,11,5.49,0,0,0,8,2,3,118.0,39.0,1.83,0.91,other
7643d792-06f1-4db8-96e5-211bdd784d75,7539,Poland,Senegal,Kamil Grosicki,1,19,11,111.0,49.0,11.64,0.24497952,Off T,0,Open Play,Head,False,False,From Throw In,108.0,79.0,Pass,15,6,3,3.0,28.1,0.2,,,,central,False,0,9,4.66,0,0,0,8,1,2,117.0,42.0,2.74,1.83,other
2769323c-e716-4433-8eb9-f70a1da56967,7539,Poland,Senegal,Robert Lewandowski,1,22,42,101.0,46.0,18.22,0.055568192,Off T,0,Open Play,Left Foot,False,False,From Throw In,57.0,80.0,Pass,16,4,6,44.0,54.7,2.75,,,,central,False,0,8,0.91,1,2,2,7,1,2,118.0,39.0,1.83,0.91,other
466b3b30-f527-430b-b18e-a9074bb87dfc,7539,Senegal,Poland,Idrissa Gana Gueye,1,36,55,99.0,48.0,20.55,0.039492566,Blocked,0,Open Play,Right Foot,False,True,Regular Play,62.0,3.0,Ball Recovery,9,2,3,37.0,46.3,4.11,central_pass,91.0,40.0,central,False,0,8,2.89,0,0,1,5,2,2,118.0,43.0,1.83,2.74,central_penetration
b4465e0b-69cf-4ab2-843c-ab6975370bb0,7539,Senegal,Poland,Salif Sané,1,41,37,114.0,43.0,6.13,0.14218889,Off T,0,Open Play,Head,False,False,From Corner,119.0,79.0,Pass,2,1,0,-5.0,32.3,-2.5,cross,119.0,79.0,wide,False,0,11,0.91,1,3,6,11,1,5,120.0,41.0,0.0,0.91,wide_cross
0e9a840a-1e1c-4afe-9177-76f9441ba888,7539,Senegal,Poland,Idrissa Gana Gueye,1,46,7,98.0,62.0,28.45,0.015028189,Blocked,0,Open Play,Right Foot,False,False,Regular Play,29.0,67.0,Pass,17,4,3,69.0,63.8,4.06,central_pass,86.0,41.0,central,False,0,10,1.29,0,1,1,6,1,1,120.0,44.0,0.0,3.66,central_penetration
8ae94ee1-dfd2-4922-b864-9bf906ee0929,7539,Poland,Senegal,Robert Lewandowski,2,50,0,96.0,47.0,22.86,0.07070428,Saved,0,Free Kick,Right Foot,False,False,From Free Kick,96.0,47.0,Shot,0,0,0,0.0,0.0,,,,,central,False,0,11,6.59,0,0,0,11,4,5,120.0,41.0,0.0,0.91,set_piece
6de0bc33-b91c-45ef-8eeb-0dd0f1b7a913,7539,Senegal,Poland,Sadio Mané,2,51,17,109.0,35.0,11.05,0.13267757,Blocked,0,Open Play,Left Foot,False,False,Regular Play,34.0,34.0,Pass,16,7,4,75.0,74.1,4.69,cross,119.0,20.0,half_space,False,0,8,1.29,0,1,1,7,2,2,118.0,37.0,1.83,2.74,wide_cross
8c9e9810-4f89-48a6-8064-08f0bacd2e2f,7539,Senegal,Poland,Mame Biram Diouf,2,53,16,108.0,40.0,10.97,0.097462624,Wayward,0,Open Play,Right Foot,False,False,From Throw In,63.0,1.0,Pass,23,4,4,45.0,57.1,1.96,,,,central,False,0,9,1.83,0,1,1,9,2,2,119.0,40.0,0.91,0.0,other
47f4fc12-bdbf-42f0-90fd-eb9b5a77edb3,7539,Poland,Senegal,Łukasz Piszczek,2,55,30,113.0,53.0,13.5,0.04273148,Off T,0,Open Play,Right Foot,True,False,Regular Play,39.0,27.0,Pass,45,16,16,74.0,67.3,1.64,cross,114.0,13.0,wide,False,0,6,2.59,0,0,1,6,2,3,119.0,45.0,0.91,4.57,wide_cross
519468ed-9a79-41cb-aedc-9d0c9da5c544,7539,Senegal,Poland,M'Baye Babacar Niang,2,59,58,113.0,40.0,6.4,0.99118865,Goal,1,Open Play,Right Foot,False,False,Regular Play,9.0,22.0,Block,16,0,3,104.0,105.4,6.5,,,,central,False,0,2,6.96,0,0,0,1,0,0,87.0,50.0,30.18,9.14,other
1ed58cad-d708-45cd-8567-901a556f78bc,7539,Poland,Senegal,Kamil Grosicki,2,66,18,92.0,46.0,26.18,0.035614714,Blocked,0,Open Play,Right Foot,False,False,From Throw In,82.0,80.0,Pass,18,6,6,10.0,26.5,0.56,central_pass,75.0,33.0,central,False,0,10,2.48,0,0,1,1,1,0,120.0,39.0,0.0,0.91,central_penetration
7a506e41-6158-4f5e-b287-22b1b2a2951a,7539,Poland,Senegal,Arkadiusz Milik,2,69,36,116.0,46.0,6.59,0.12166226,Off T,0,Open Play,Left Foot,True,False,From Throw In,96.0,80.0,Pass,13,3,3,20.0,39.4,1.54,cross,115.0,61.0,half_space,False,0,9,1.29,0,1,1,6,2,5,120.0,44.0,0.0,3.66,wide_cross
e5f22ec5-f770-42e2-95b4-8c9024a1e70f,7539,Poland,Senegal,Dawid Kownacki,2,78,23,111.0,45.0,9.41,0.05977887,Saved,0,Open Play,Head,False,True,Regular Play,39.0,20.0,Pass,13,5,4,72.0,73.1,5.54,cross,107.0,12.0,wide,False,0,7,1.29,0,1,2,5,2,1,120.0,42.0,0.0,1.83,wide_cross
d68d9390-2718-4e26-9141-2d51908a972b,7539,Poland,Senegal,Grzegorz Krychowiak,2,85,41,114.0,39.0,5.56,0.36511415,Goal,1,Open Play,Head,False,False,From Free Kick,79.0,57.0,Pass,2,1,0,35.0,38.3,17.5,central_pass,79.0,57.0,half_space,False,0,8,2.59,0,0,2,8,1,5,120.0,40.0,0.0,0.0,central_penetration
2e203661-1cd9-434c-817f-e36620ab73eb,7539,Poland,Senegal,Kamil Grosicki,2,91,14,88.0,38.0,29.32,0.016516764,Wayward,0,Open Play,Left Foot,False,False,From Counter,34.0,16.0,Pass,5,2,1,54.0,57.2,10.8,central_pass,72.0,29.0,half_space,False,0,8,2.59,0,0,2,1,2,0,120.0,39.0,0.0,0.91,fast_counter
cb91b82c-4b3f-4265-83e2-346ee75a1173,7550,Switzerland,Serbia,Granit Xhaka,1,3,18,84.0,51.0,34.42,0.0065200645,Off T,0,Open Play,Left Foot,False,True,Regular Play,43.0,19.0,Pass,71,21,24,41.0,42.2,0.58,,,,half_space,False,0,10,3.3,0,0,0,3,1,1,120.0,39.0,0.0,0.91,slow_possession
b2fe1af0-d6eb-4565-8076-c83c13478af8,7550,Serbia,Switzerland,Aleksandar Mitrović,1,4,14,114.0,38.0,5.78,0.24064535,Saved,0,Open Play,Head,False,True,From Goal Kick,6.0,43.0,Pass,27,4,2,108.0,107.7,4.0,cross,91.0,65.0,wide,False,0,10,0.91,1,1,1,5,1,2,119.0,40.0,0.91,0.0,wide_cross
2b7e210d-230a-4a90-984e-950702b9a66d,7550,Serbia,Switzerland,Filip Kostić,1,4,19,108.0,37.0,11.31,0.08914139,Wayward,0,Open Play,Left Foot,True,False,From Goal Kick,6.0,43.0,Pass,32,5,3,102.0,101.7,3.19,cross,118.0,60.0,half_space,False,0,10,0.91,1,1,1,9,3,3,119.0,40.0,0.91,0.0,wide_cross
52f329ab-7d1c-49ce-a684-3ca08f6c8de1,7550,Serbia,Switzerland,Aleksandar Mitrović,1,4,48,115.0,39.0,4.66,0.2980266,Goal,1,Open Play,Head,False,False,From Throw In,88.0,80.0,Pass,11,1,1,27.0,46.1,2.45,cross,113.0,70.0,wide,False,0,9,1.29,0,1,1,5,1,2,119.0,40.0,0.91,0.0,wide_cross
fb111a67-7e61-4bf7-95e8-21aa679c7a5e,7550,Switzerland,Serbia,Xherdan Shaqiri,1,8,7,95.0,58.0,28.17,0.007398513,Blocked,0,Open Play,Left Foot,False,True,From Corner,119.0,79.0,Pass,6,0,1,-24.0,8.2,-4.0,,,,half_space,False,0,11,2.59,0,0,1,7,1,5,120.0,44.0,0.0,3.66,other
65e0d4e4-f51f-4f41-8736-9522f222a19c,7550,Switzerland,Serbia,Blerim Džemaili,1,9,51,111.0,38.0,8.43,0.15404725,Off T,0,Open Play,Left Foot,True,False,From Free Kick,42.0,54.0,Pass,57,19,19,69.0,70.0,1.21,cross,119.0,14.0,wide,False,0,9,1.83,0,1,2,7,2,2,120.0,38.0,0.0,1.83,wide_cross
89043b16-2a05-44bc-808a-0686bda99170,7550,Serbia,Switzerland,Aleksandar Mitrović,1,13,13,104.0,33.0,15.97,0.06612923,Off T,0,Open Play,Head,False,False,From Throw In,65.0,1.0,Pass,33,9,8,39.0,50.0,1.18,cross,106.0,77.0,wide,False,0,7,1.83,0,1,1,6,1,2,119.0,39.0,0.91,0.91,wide_cross
01ab6025-a981-4412-8ad4-7dfe6d6f9a43,7550,Serbia,Switzerland,Sergej Milinković-Savić,1,15,17,100.0,52.0,21.33,0.035976026,Off T,0,Open Play,Right Foot,False,False,From Free Kick,46.0,46.0,Pass,17,4,3,54.0,50.9,3.18,central_pass,69.0,30.0,central,False,0,7,1.83,0,1,1,5,2,2,118.0,42.0,1.83,1.83,central_penetration
5808a123-4ecc-41a5-b93f-e9ca78a2ccdb,7550,Serbia,Switzerland,Aleksandar Mitrović,1,18,31,104.0,32.0,16.36,0.0383034,Off T,0,Open Play,Right Foot,False,False,From Free Kick,48.0,75.0,Pass,27,6,6,56.0,62.2,2.07,cross,89.0,70.0,wide,False,0,9,2.89,0,0,1,6,2,2,118.0,37.0,1.83,2.74,wide_cross
05e10e30-64ef-4578-bf37-31d2830f405e,7550,Switzerland,Serbia,Xherdan Shaqiri,1,22,26,100.0,41.0,18.31,0.041592665,Blocked,0,Open Play,Left Foot,False,False,From Throw In,17.0,80.0,Pass,71,21,21,83.0,90.5,1.17,central_pass,89.0,47.0,central,False,0,10,1.29,0,3,4,4,2,2,119.0,43.0,0.91,2.74,central_penetration
df90c604-0b10-4e63-9484-1ab199f268d5,7550,Switzerland,Serbia,Stephan Lichtsteiner,1,22,30,97.0,51.0,23.31,0.025827019,Blocked,0,Open Play,Right Foot,True,False,From Throw In,17.0,80.0,Pass,75,21,21,80.0,85.0,1.07,,,,half_space,False,0,9,1.83,0,1,2,7,3,3,120.0,44.0,0.0,3.66,slow_possession
68fdfd30-187c-47fe-9a6e-64571c8ff801,7550,Switzerland,Serbia,Manuel Obafemi Akanji,1,25,23,113.0,37.0,6.96,0.090298526,Off T,0,Open Play,Head,False,True,From Corner,120.0,1.0,Pass,1,1,0,-7.0,31.4,-7.0,cutback,120.0,1.0,wide,False,0,10,0.91,1,1,2,10,6,4,119.0,40.0,0.91,0.0,cutback
be76650a-eff8-4872-9d97-cdd390af4509,7550,Switzerland,Serbia,Blerim Džemaili,1,29,34,111.0,39.0,8.28,0.24026676,Saved,0,Open Play,Right Foot,False,False,Regular Play,62.0,42.0,Ball Recovery,18,6,6,49.0,49.0,2.72,central_pass,100.0,27.0,half_space,False,0,9,1.83,0,1,2,5,1,1,118.0,40.0,1.83,0.0,central_penetration
20069179-a3c7-49ff-9549-f1f3990bff16,7550,Switzerland,Serbia,Fabian Lukas Schär,1,30,7,113.0,44.0,7.37,0.0712261,Off T,0,Open Play,Head,False,True,From Corner,120.0,2.0,Pass,2,1,0,-7.0,29.9,-3.5,cutback,120.0,2.0,wide,False,0,11,0.91,1,2,3,10,3,4,120.0,41.0,0.0,0.91,cutback
848a5b48-c564-4eb6-8914-262b9682c91f,7550,Serbia,Switzerland,Dušan Tadić,1,36,33,99.0,49.0,20.89,0.03371678,Saved,0,Open Play,Right Foot,False,False,From Free Kick,101.0,11.0,Pass,4,0,1,-2.0,11.8,-0.5,,,,central,False,0,11,1.29,0,1,1,10,2,5,118.0,41.0,1.83,0.91,other
060ff663-9afd-42e0-88eb-e4fa09d088ed,7550,Serbia,Switzerland,Aleksandar Mitrović,1,41,58,109.0,43.0,10.43,0.063381545,Off T,0,Open Play,Head,False,False,From Throw In,107.0,80.0,Pass,2,1,0,2.0,30.7,1.0,other,107.0,80.0,wide,False,0,10,0.91,1,2,3,9,2,4,118.0,42.0,1.83,1.83,other
7df08b2b-06c0-4a9d-bbda-17abf459e886,7550,Serbia,Switzerland,Nemanja Matić,1,43,4,118.0,32.0,7.54,0.07350789,Off T,0,Open Play,Other,True,False,From Corner,120.0,79.0,Pass,2,1,0,-2.0,30.8,-1.0,cutback,120.0,79.0,wide,False,0,11,1.83,0,1,2,10,0,5,119.0,40.0,0.91,0.0,cutback
b199ede7-255d-4f98-a984-968c84a3a934,7550,Serbia,Switzerland,Dušan Tadić,1,45,42,100.0,49.0,20.05,0.05983005,Off T,0,Open Play,Left Foot,True,False,From Free Kick,62.0,50.0,Pass,8,3,1,38.0,36.9,4.75,central_pass,105.0,48.0,central,False,0,8,2.89,0,0,1,5,1,2,118.0,41.0,1.83,0.91,central_penetration
2abad6d6-1467-4c0b-a98d-3a8a6ed8e30e,7550,Switzerland,Serbia,Ricardo Iván Rodríguez Araya,2,49,24,98.0,18.0,28.45,0.00962483,Wayward,0,Open Play,Right Foot,False,True,From Throw In,24.0,80.0,Pass,20,4,4,74.0,72.9,3.7,central_pass,101.0,21.0,half_space,False,0,10,2.89,0,0,1,6,1,3,117.0,37.0,2.74,2.74,central_penetration
53512898-452e-4d7f-97cb-86606ca7ec6b,7550,Serbia,Switzerland,Aleksandar Mitrović,2,51,28,114.0,43.0,6.13,0.10194914,Off T,0,Open Play,Head,False,False,From Corner,119.0,1.0,Pass,2,1,0,-5.0,32.3,-2.5,cross,119.0,1.0,wide,False,0,11,0.91,1,3,3,11,3,5,119.0,41.0,0.91,0.91,wide_cross
adb79570-bb07-4db8-aa4b-69c2dc986008,7550,Switzerland,Serbia,Xherdan Shaqiri,2,51,51,106.0,55.0,18.76,0.057581827,Blocked,0,Open Play,Left Foot,True,True,Regular Play,31.0,32.0,Pass,10,3,2,75.0,68.8,7.5,central_pass,101.0,22.0,half_space,False,0,8,4.92,0,0,0,7,1,4,117.0,41.0,2.74,0.91,fast_counter
29c94885-1414-4ddd-a8a3-1e12cde0dac3,7550,Switzerland,Serbia,Granit Xhaka,2,51,55,95.0,22.0,28.17,0.009642546,Goal,1,Open Play,Left Foot,True,False,Regular Play,31.0,32.0,Pass,14,3,2,64.0,58.6,4.57,,,,half_space,False,0,9,11.64,0,0,0,8,2,5,117.0,37.0,2.74,2.74,other
65c5105f-d8f5-4675-a366-bcfc5aaf815c,7550,Switzerland,Serbia,Xherdan Shaqiri,2,57,33,107.0,62.0,23.37,0.010486914,Post,0,Open Play,Left Foot,False,False,Regular Play,82.0,76.0,Pass,15,3,4,25.0,26.8,1.67,,,,half_space,False,0,10,1.83,0,1,1,8,1,3,118.0,42.0,1.83,1.83,other
e87f921f-36d8-4cef-a151-d1796819ee8b,7550,Serbia,Switzerland,Adem Ljajić,2,76,25,104.0,29.0,17.75,0.052877877,Blocked,0,Open Play,Right Foot,False,False,From Free Kick,58.0,17.0,Pass,32,7,7,46.0,46.7,1.44,other,96.0,12.0,wide,False,0,10,2.04,0,0,2,8,3,4,118.0,39.0,1.83,0.91,other
ca45ddea-fc27-4bb6-bc2a-e23a45f41b34,7550,Switzerland,Serbia,Breel-Donald Embolo,2,81,32,86.0,40.0,31.09,0.027681582,Saved,0,Open Play,Right Foot,False,False,Regular Play,20.0,51.0,Ball Recovery,22,6,8,66.0,66.6,3.0,other,69.0,14.0,wide,False,0,10,2.04,0,0,1,1,1,0,117.0,40.0,2.74,0.0,other
f98c861c-aa01-44d2-b9b9-f04acbd76263,7550,Switzerland,Serbia,Xherdan Shaqiri,2,82,39,86.0,36.0,31.3,0.018171605,Off T,0,Open Play,Left Foot,False,False,From Corner,119.0,2.0,Pass,12,0,1,-33.0,3.8,-2.75,,,,central,False,0,9,3.88,0,0,0,4,2,1,117.0,39.0,2.74,0.91,other
e700dc59-0d2d-4fe7-931c-79af1df88dbb,7550,Switzerland,Serbia,Mario Gavranović,2,83,18,110.0,43.0,9.55,0.22874036,Saved,0,Open Play,Right Foot,False,False,Regular Play,45.0,64.0,Pass,11,5,4,65.0,68.3,5.91,central_pass,102.0,44.0,central,False,0,7,2.04,0,0,2,5,1,1,117.0,42.0,2.74,1.83,fast_counter
c442d5a4-574b-4faa-a169-adbc666567b7,7550,Switzerland,Serbia,Ricardo Iván Rodríguez Araya,2,85,14,94.0,30.0,25.47,0.05241076,Blocked,0,Free Kick,Left Foot,False,False,From Free Kick,94.0,30.0,Shot,0,0,0,0.0,0.0,,,,,central,False,0,11,8.67,0,0,0,10,2,2,117.0,40.0,2.74,0.0,set_piece
384207c1-81a0-4d88-a3b9-b169bba34282,7550,Switzerland,Serbia,Manuel Obafemi Akanji,2,85,41,108.0,37.0,11.31,0.08491014,Blocked,0,Open Play,Left Foot,False,False,From Corner,119.0,2.0,Pass,3,2,1,-11.0,25.6,-3.67,,,,central,False,0,10,0.91,1,1,1,10,3,4,117.0,37.0,2.74,2.74,other
65b7fb3b-d069-4cc6-b8ee-575e20ebb598,7550,Switzerland,Serbia,Xherdan Shaqiri,2,89,37,111.0,31.0,11.64,0.36896914,Goal,1,Open Play,Left Foot,False,True,From Counter,19.0,32.0,Ball Recovery,10,2,3,92.0,88.6,9.2,central_pass,38.0,30.0,central,False,0,3,1.83,0,1,2,2,0,0,114.0,32.0,5.49,7.32,fast_counter
55f7eb8c-c9a3-4f92-a102-01d08d1c8eb6,7550,Switzerland,Serbia,Xherdan Shaqiri,2,95,29,99.0,33.0,20.24,0.051912088,Off T,0,Open Play,Left Foot,False,True,From Counter,38.0,40.0,Pass,12,2,2,61.0,59.9,5.08,central_pass,81.0,23.0,half_space,False,0,5,2.89,0,0,1,4,2,1,117.0,37.0,2.74,2.74,fast_counter
3db85fc5-f528-41eb-a3d2-08507d2c4094,7538,Sweden,South Korea,Mikael Lustig,1,12,58,85.0,51.0,33.55,0.0075467415,Blocked,0,Open Play,Right Foot,False,False,From Free Kick,57.0,19.0,Pass,27,7,8,28.0,29.7,1.04,,,,half_space,False,0,11,3.77,0,0,0,5,2,5,117.0,39.0,2.74,0.91,other
84e3dbf3-861b-4d65-b593-840959d5a2ef,7538,Sweden,South Korea,Marcus Berg,1,19,59,113.0,38.0,6.66,0.48333976,Saved,0,Open Play,Left Foot,True,False,From Throw In,109.0,1.0,Pass,15,3,3,4.0,33.2,0.27,central_pass,108.0,51.0,half_space,False,0,9,3.88,0,0,0,7,1,3,118.0,40.0,1.83,0.0,central_penetration
a57c4469-c2c5-43b9-a9cb-486122ef4c8d,7538,Sweden,South Korea,Pontus Jansson,1,20,48,109.0,39.0,10.1,0.08360676,Off T,0,Open Play,Head,False,False,From Corner,120.0,2.0,Pass,2,1,0,-11.0,27.0,-5.5,cutback,120.0,2.0,wide,False,0,11,1.29,0,1,2,11,2,4,119.0,39.0,0.91,0.91,cutback
33aa0218-de67-4ddc-ba8a-ba3c2448451b,7538,Sweden,South Korea,Andreas Granqvist,1,28,11,111.0,32.0,11.01,0.08389724,Blocked,0,Open Play,Head,False,False,From Corner,119.0,79.0,Pass,1,1,0,-8.0,27.0,-8.0,cross,119.0,79.0,wide,False,0,11,2.04,0,0,2,11,2,4,119.0,39.0,0.91,0.91,wide_cross
8a5437fe-3776-484e-a6a0-9db696fdbd3f,7538,Sweden,South Korea,Marcus Berg,1,28,12,112.0,34.0,9.14,0.09769604,Blocked,0,Open Play,Left Foot,True,True,From Corner,119.0,79.0,Pass,2,1,0,-7.0,29.0,-3.5,,,,central,False,0,11,2.59,0,0,2,11,3,4,118.0,37.0,1.83,2.74,other
7b7a3591-4f0c-46de-a29a-5bd5391b5e8b,7538,South Korea,Sweden,Jae-Sung Lee,1,36,42,106.0,56.0,19.44,0.041962028,Blocked,0,Open Play,Left Foot,False,False,From Counter,30.0,57.0,Ball Recovery,11,1,2,76.0,70.3,6.91,central_pass,77.0,55.0,half_space,False,0,8,2.89,0,0,1,6,1,2,118.0,43.0,1.83,2.74,fast_counter
93c3ad3a-fab2-4054-a1f8-d35af3889eab,7538,Sweden,South Korea,Emil Peter Forsberg,1,38,59,90.0,24.0,31.09,0.0065049785,Blocked,0,Open Play,Right Foot,False,True,From Throw In,13.0,80.0,Pass,95,26,26,77.0,80.2,0.81,central_pass,66.0,29.0,half_space,False,0,10,3.77,0,0,0,6,3,3,117.0,38.0,2.74,1.83,central_penetration
32b9d792-4606-46eb-b7fa-671d31c5010f,7538,Sweden,South Korea,Marcus Berg,1,42,0,118.0,29.0,10.22,0.022509541,Wayward,0,Open Play,Right Foot,False,False,Regular Play,63.0,33.0,Pass,16,3,3,55.0,46.2,3.44,central_pass,77.0,34.0,central,False,0,8,3.88,0,0,0,6,0,1,118.0,34.0,1.83,5.49,central_penetration
f0d96bd0-2463-45ce-be91-8d12f9156c94,7538,Sweden,South Korea,Emil Peter Forsberg,1,43,44,94.0,29.0,25.81,0.019979231,Blocked,0,Open Play,Right Foot,True,False,From Corner,120.0,80.0,Pass,5,0,0,-26.0,11.8,-5.2,,,,half_space,False,0,11,4.09,0,0,0,9,3,5,118.0,37.0,1.83,2.74,other
9acdf681-2e6f-49b7-b82d-f7ad6764fcdb,7538,Sweden,South Korea,Andreas Granqvist,1,43,46,104.0,28.0,18.29,0.082305975,Saved,0,Open Play,Right Foot,True,False,From Corner,120.0,80.0,Pass,7,1,0,-16.0,20.0,-2.29,central_pass,105.0,35.0,central,False,0,11,2.89,0,0,1,9,1,4,117.0,38.0,2.74,1.83,central_penetration
b4ae605c-c28f-41c0-973c-0078baa954b5,7538,Sweden,South Korea,Viktor Claesson,1,46,12,111.0,38.0,8.43,0.06819925,Blocked,0,Open Play,Head,False,True,Regular Play,87.0,4.0,Pass,20,7,6,24.0,39.6,1.2,cross,96.0,63.0,wide,False,0,10,0.91,2,2,2,8,2,4,119.0,40.0,0.91,0.0,wide_cross
e98dab8c-2cf1-466d-880e-c21e0faf1a90,7538,Sweden,South Korea,Emil Peter Forsberg,2,48,26,99.0,37.0,19.4,0.058042593,Off T,0,Open Play,Right Foot,False,False,Regular Play,68.0,61.0,Pass,8,2,2,31.0,34.9,3.88,cutback,104.0,55.0,half_space,False,0,7,3.77,0,0,0,6,4,2,117.0,41.0,2.74,0.91,cutback
86a74876-b217-46f9-b8d2-66ccdf1d29a9,7538,South Korea,Sweden,Ja-Cheol Koo,2,51,33,107.0,30.0,15.0,0.11802932,Off T,0,Open Play,Head,False,False,Regular Play,66.0,13.0,Pass,10,3,4,41.0,44.0,4.1,cross,103.0,11.0,wide,False,0,9,3.66,0,0,0,7,1,2,117.0,38.0,2.74,1.83,fast_counter
31c82053-f94a-4b74-8048-10cc1892d4cd,7538,Sweden,South Korea,Ola Toivonen,2,55,44,113.0,37.0,6.96,0.10468406,Saved,0,Open Play,Head,False,False,From Free Kick,102.0,5.0,Pass,1,1,0,11.0,31.7,11.0,cross,102.0,5.0,wide,False,0,11,1.29,0,2,2,11,3,5,119.0,41.0,0.91,0.91,wide_cross
9ddd7f6d-59ce-42f6-a2ed-2f2d2cf4dd57,7538,South Korea,Sweden,Min-Woo Kim,2,56,23,97.0,25.0,25.11,0.026066551,Blocked,0,Open Play,Right Foot,False,False,Regular Play,21.0,56.0,Interception,15,2,5,76.0,72.8,5.07,central_pass,52.0,38.0,central,False,0,7,4.09,0,0,0,4,2,1,117.0,38.0,2.74,1.83,central_penetration
f1d88c37-1914-4d44-b9b7-3e9fb5eb0844,7538,Sweden,South Korea,Sebastian Larsson,2,68,22,83.0,47.0,34.43,0.006241017,Blocked,0,Open Play,Right Foot,False,False,Regular Play,44.0,23.0,Pass,16,3,3,39.0,40.2,2.44,central_pass,94.0,38.0,central,False,0,10,4.66,0,0,0,4,4,1,118.0,42.0,1.83,1.83,central_penetration
9a7798ef-df58-43f2-a09f-1785e27e8e47,7538,Sweden,South Korea,Emil Peter Forsberg,2,68,27,98.0,33.0,21.11,0.057121377,Blocked,0,Open Play,Right Foot,False,True,Regular Play,44.0,23.0,Pass,21,4,4,54.0,54.8,2.57,central_pass,89.0,35.0,central,False,0,9,2.74,0,0,1,5,1,3,118.0,41.0,1.83,0.91,central_penetration
f00d52e3-1f6a-4127-b03d-b3d9ad15995d,7538,Sweden,South Korea,Viktor Claesson,2,70,18,99.0,48.0,20.55,0.049949892,Wayward,0,Open Play,Right Foot,True,False,From Corner,120.0,80.0,Pass,17,2,1,-21.0,17.5,-1.24,,,,central,False,0,9,2.04,0,0,1,6,2,2,118.0,42.0,1.83,1.83,other
bdccce7f-799b-42c8-b31b-247176cf0b48,7538,South Korea,Sweden,Seung-Woo Lee,2,81,31,100.0,56.0,23.42,0.028747292,Blocked,0,Open Play,Left Foot,False,True,Regular Play,107.0,73.0,Pass,4,2,2,-7.0,9.9,-1.75,cutback,107.0,77.0,wide,False,0,11,2.04,0,0,1,6,1,2,117.0,41.0,2.74,0.91,cutback
f62a2a0d-44eb-44b6-9eb2-4e5c742f9218,7538,South Korea,Sweden,Hee-Chan Hwang,2,90,57,110.0,38.0,9.33,0.19956683,Off T,0,Open Play,Head,False,False,Regular Play,47.0,50.0,Pass,38,8,7,63.0,63.5,1.66,cutback,114.0,48.0,central,False,0,9,2.04,0,0,1,8,2,2,118.0,40.0,1.83,0.0,cutback
127c4bc4-31e6-4635-bd34-0a3a5b22caf3,7534,Mexico,Germany,Hirving Rodrigo Lozano Bahena,1,0,57,111.0,29.0,13.0,0.11827388,Blocked,0,Open Play,Right Foot,False,False,Regular Play,39.0,9.0,Interception,31,12,13,72.0,72.5,2.32,through_ball,95.0,23.0,half_space,False,0,6,2.04,0,0,3,6,1,4,117.0,38.0,2.74,1.83,central_penetration
97030af1-6955-4c38-8491-72e1b04304c6,7534,Germany,Mexico,Timo Werner,1,2,40,114.0,54.0,13.93,0.049711905,Off T,0,Open Play,Right Foot,False,False,From Free Kick,29.0,66.0,Pass,41,11,10,85.0,79.4,2.07,other,82.0,77.0,wide,False,0,8,4.57,0,0,0,3,0,0,117.0,43.0,2.74,2.74,slow_possession
8e1e1c72-00a0-4277-9333-2eb0cd964533,7534,Germany,Mexico,Mats Hummels,1,6,31,103.0,41.0,15.57,0.07167251,Saved,0,Open Play,Left Foot,False,True,From Corner,119.0,1.0,Pass,11,4,4,-16.0,22.0,-1.45,,,,central,False,0,8,2.74,0,0,1,6,2,4,117.0,39.0,2.74,0.91,other
b53b9ce1-5e5e-483e-b5e5-674a2064da4e,7534,Mexico,Germany,Miguel Arturo Layún Prado,1,8,29,95.0,38.0,22.93,0.08506853,Off T,0,Free Kick,Right Foot,False,False,From Free Kick,95.0,38.0,Shot,0,0,0,0.0,0.0,,,,,central,False,0,11,9.55,0,0,0,10,3,4,120.0,43.0,0.0,2.74,set_piece
d1d1785b-3494-4abc-badf-1191ecbb5ba0,7534,Mexico,Germany,Héctor Miguel Herrera López,1,9,56,91.0,40.0,26.52,0.028636595,Saved,0,Open Play,Right Foot,False,True,From Throw In,68.0,80.0,Pass,17,7,7,23.0,36.6,1.35,central_pass,92.0,20.0,half_space,False,0,10,2.89,0,0,1,4,1,2,120.0,42.0,0.0,1.83,central_penetration
4f88c784-5e35-45cc-82d2-e0beea9ddf7a,7534,Mexico,Germany,Héctor Alfredo Moreno Herrera,1,13,53,110.0,39.0,9.19,0.09705013,Saved,0,Open Play,Head,False,False,From Free Kick,86.0,66.0,Pass,1,1,0,24.0,32.8,24.0,cross,86.0,66.0,wide,False,0,8,1.29,0,2,3,7,1,4,119.0,41.0,0.91,0.91,wide_cross
51b2fcc8-107c-4e01-aecd-8ca3b7bd42e5,7534,Germany,Mexico,Julian Draxler,1,15,28,94.0,28.0,26.18,0.020290153,Saved,0,Open Play,Right Foot,True,False,From Corner,119.0,1.0,Pass,3,0,0,-25.0,10.4,-8.33,,,,half_space,False,0,8,6.47,0,0,0,5,3,3,117.0,40.0,2.74,0.0,other
0689e65a-d4b9-483f-9d31-05a073acb7a9,7534,Germany,Mexico,Toni Kroos,1,15,53,87.0,23.0,33.94,0.0056767375,Blocked,0,Open Play,Right Foot,False,False,Regular Play,46.0,17.0,Pass,11,3,4,41.0,40.4,3.73,other,95.0,7.0,wide,False,0,7,3.66,0,0,0,2,2,1,117.0,40.0,2.74,0.0,fast_counter
203264c7-c10b-4005-ad0c-278e4a4288ed,7534,Germany,Mexico,Timo Werner,1,19,29,105.0,46.0,14.77,0.12941124,Saved,0,Open Play,Left Foot,False,False,Regular Play,34.0,22.0,Pass,15,5,4,71.0,71.7,4.73,other,79.0,63.0,wide,False,0,8,2.89,0,0,2,5,1,1,117.0,41.0,2.74,0.91,other
981f03b5-d108-4ab8-917d-be54367b32c6,7534,Germany,Mexico,Toni Kroos,1,21,52,97.0,27.0,24.16,0.028065955,Saved,0,Open Play,Left Foot,False,False,From Throw In,81.0,80.0,Pass,14,4,5,16.0,29.4,1.14,central_pass,101.0,30.0,central,False,0,9,4.09,0,0,0,4,2,3,118.0,38.0,1.83,1.83,central_penetration
ff352be6-3a7c-4cfb-8cbc-f9fabe076fc2,7534,Mexico,Germany,Javier Hernández Balcázar,1,22,33,100.0,31.0,20.05,0.043891508,Blocked,0,Open Play,Left Foot,False,False,Regular Play,59.0,49.0,Duel,6,2,3,41.0,39.7,6.83,central_pass,89.0,34.0,central,False,0,6,2.59,0,0,2,3,2,1,119.0,40.0,0.91,0.0,fast_counter
fd970cca-f196-4e2b-b965-37606352be85,7534,Mexico,Germany,Miguel Arturo Layún Prado,1,26,1,95.0,39.0,22.88,0.041151885,Off T,0,Open Play,Right Foot,False,False,Regular Play,13.0,39.0,Duel,17,4,4,82.0,82.0,4.82,central_pass,100.0,33.0,central,False,0,8,3.77,0,0,0,5,1,3,120.0,41.0,0.0,0.91,central_penetration
8adbe8bf-aa4d-4cf6-88d1-f806981e1082,7534,Mexico,Germany,Miguel Arturo Layún Prado,1,28,33,97.0,34.0,21.74,0.043912183,Saved,0,Open Play,Right Foot,False,True,From Free Kick,55.0,49.0,Pass,19,3,4,42.0,41.9,2.21,central_pass,100.0,22.0,half_space,False,0,8,3.66,0,0,0,6,2,3,120.0,41.0,0.0,0.91,central_penetration
7f26212e-c388-4934-94a7-92c8f8497604,7534,Mexico,Germany,Hirving Rodrigo Lozano Bahena,1,34,32,109.0,32.0,12.44,0.19460402,Goal,1,Open Play,Right Foot,False,False,Regular Play,35.0,32.0,Duel,12,4,7,74.0,71.8,6.17,central_pass,92.0,48.0,central,False,0,4,1.83,0,1,1,4,1,2,120.0,40.0,0.0,0.0,fast_counter
d5b8fea1-8d18-4595-bc44-59ef281284e5,7534,Germany,Mexico,Sami Khedira,1,36,42,107.0,50.0,15.0,0.06585366,Blocked,0,Open Play,Right Foot,True,False,From Free Kick,81.0,6.0,Pass,20,5,7,26.0,35.3,1.3,central_pass,105.0,37.0,central,False,0,9,2.04,0,0,1,7,3,4,119.0,40.0,0.91,0.0,central_penetration
9c7af24e-a7be-4bc2-b4e7-5522cd9a5846,7534,Germany,Mexico,Toni Kroos,1,38,2,95.0,49.0,24.3,0.06350054,Saved,0,Free Kick,Right Foot,False,False,From Free Kick,95.0,49.0,Shot,0,0,0,0.0,0.0,,,,,central,False,0,9,10.06,0,0,0,9,2,4,119.0,41.0,0.91,0.91,set_piece
3b21247f-2a15-459a-8440-b4effa51677c,7534,Mexico,Germany,Carlos Alberto Vela Garrido,1,44,46,102.0,32.0,18.01,0.13477883,Off T,0,Open Play,Left Foot,False,True,Regular Play,25.0,11.0,Ball Recovery,17,2,3,77.0,79.6,4.53,central_pass,95.0,27.0,half_space,False,0,7,2.74,0,0,1,5,1,3,119.0,41.0,0.91,0.91,central_penetration
55e82530-c6e2-4ea1-a3b1-5dcfa1801ec6,7534,Germany,Mexico,Marvin Plattenhardt,2,47,31,95.0,30.0,24.62,0.02910846,Saved,0,Open Play,Left Foot,False,False,Regular Play,51.0,52.0,Ball Recovery,31,8,9,44.0,43.1,1.42,central_pass,93.0,51.0,half_space,False,0,8,4.57,0,0,0,4,1,3,119.0,41.0,0.91,0.91,central_penetration
6e3b3412-d6a0-45f0-9cde-56e169ef1ab3,7534,Germany,Mexico,Joshua Kimmich,2,52,17,93.0,40.0,24.69,0.028271182,Off T,0,Open Play,Left Foot,False,False,From Throw In,85.0,80.0,Pass,21,6,6,8.0,26.2,0.38,cutback,106.0,61.0,half_space,False,0,10,2.04,0,0,1,7,3,4,120.0,42.0,0.0,1.83,cutback
6efab54f-ec1b-4ca2-ac18-a441eb39a485,7534,Germany,Mexico,Julian Draxler,2,54,23,105.0,25.0,19.4,0.048906885,Blocked,0,Open Play,Right Foot,True,False,Regular Play,44.0,53.0,Pass,10,3,3,61.0,55.9,6.1,central_pass,93.0,41.0,central,False,0,6,2.04,0,0,1,6,1,2,118.0,39.0,1.83,0.91,fast_counter
8c4dbd13-7451-449e-bb40-bd8d5e71ae82,7534,Germany,Mexico,Toni Kroos,2,54,49,102.0,36.0,16.86,0.07452877,Blocked,0,Open Play,Right Foot,False,False,Regular Play,114.0,11.0,Pass,8,3,3,-12.0,11.2,-1.5,cutback,108.0,9.0,wide,False,0,9,1.83,0,1,1,8,5,4,118.0,41.0,1.83,0.91,cutback
abac529e-7bfc-4366-8fec-e3c0991e4a92,7534,Mexico,Germany,José Andrés Guardado Hernández,2,56,38,102.0,29.0,19.29,0.074448265,Off T,0,Open Play,Left Foot,True,False,Regular Play,18.0,58.0,Pass,14,4,3,84.0,82.5,6.0,cutback,106.0,20.0,half_space,False,0,8,4.66,0,0,0,5,1,2,118.0,37.0,1.83,2.74,cutback
c0855c54-36e6-4080-bf47-fb6373bb49db,7534,Germany,Mexico,Julian Draxler,2,60,57,99.0,31.0,20.89,0.04040635,Blocked,0,Open Play,Right Foot,False,False,From Throw In,84.0,80.0,Pass,11,3,5,15.0,31.0,1.36,central_pass,89.0,35.0,central,False,0,8,2.59,0,0,2,5,2,3,119.0,40.0,0.91,0.0,central_penetration
484bfffb-fe6e-4215-beaf-7f5c318d45c1,7534,Germany,Mexico,Joshua Kimmich,2,64,4,109.0,41.0,10.1,0.114304304,Off T,0,Open Play,Right Foot,True,False,Regular Play,21.0,57.0,Pass,51,14,13,88.0,89.4,1.73,central_pass,99.0,61.0,half_space,False,0,10,3.66,0,0,0,7,2,3,120.0,42.0,0.0,1.83,central_penetration
9e922026-2cc2-4f23-9db6-d5ef45fe5485,7534,Germany,Mexico,Julian Draxler,2,66,43,104.0,31.0,16.79,0.041622043,Off T,0,Open Play,Right Foot,False,False,Regular Play,38.0,59.0,Pass,12,6,6,66.0,65.8,5.5,cross,109.0,79.0,wide,False,0,8,2.04,0,0,1,7,3,2,118.0,40.0,1.83,0.0,fast_counter
8d1e26c7-908c-413b-8390-fda9a251a008,7534,Germany,Mexico,Timo Werner,2,67,3,114.0,34.0,7.76,0.3045737,Off T,0,Open Play,Right Foot,True,False,From Corner,120.0,80.0,Pass,6,1,1,-6.0,31.5,-1.0,,,,central,False,0,7,1.83,0,1,1,7,1,2,120.0,40.0,0.0,0.0,other
74e81ba3-a484-44d5-a05c-9bfa27dc2011,7534,Germany,Mexico,Marco Reus,2,70,55,114.0,58.0,17.35,0.009542241,Off T,0,Open Play,Right Foot,False,False,Regular Play,56.0,54.0,Pass,64,17,17,58.0,46.5,0.91,,,,half_space,False,0,8,3.3,0,0,0,7,1,3,118.0,44.0,1.83,3.66,slow_possession
f5dbf84a-4dee-4a0c-80d0-5675a47ffff8,7534,Germany,Mexico,Toni Kroos,2,75,22,100.0,49.0,20.05,0.04795046,Off T,0,Open Play,Right Foot,True,False,Regular Play,49.0,11.0,Pass,108,32,30,51.0,54.8,0.47,cutback,102.0,71.0,wide,False,0,11,4.92,0,0,0,8,2,4,119.0,43.0,0.91,2.74,cutback
c50cb96d-f0e0-49c9-9a4d-3d2ac586897f,7534,Germany,Mexico,Julian Draxler,2,76,26,106.0,40.0,12.8,0.10941726,Blocked,0,Open Play,Left Foot,False,True,Regular Play,51.0,47.0,Ball Recovery,32,12,13,55.0,55.4,1.72,cutback,106.0,56.0,half_space,False,0,10,1.83,0,1,2,9,1,4,119.0,42.0,0.91,1.83,cutback
ba5a92b4-2a0b-4ab2-b799-fc7d1884409e,7534,Mexico,Germany,Miguel Arturo Layún Prado,2,77,5,97.0,48.0,22.27,0.073443435,Off T,0,Open Play,Right Foot,False,True,From Counter,25.0,23.0,Interception,9,1,6,72.0,72.2,8.0,central_pass,30.0,22.0,half_space,False,0,6,1.29,0,1,1,1,1,0,117.0,40.0,2.74,0.0,fast_counter
d7df9749-006f-4c1b-b6fa-515e9be04de9,7534,Germany,Mexico,Mesut Özil,2,78,22,99.0,52.0,22.12,0.034154605,Blocked,0,Open Play,Left Foot,True,True,From Throw In,61.0,80.0,Pass,34,8,7,38.0,47.1,1.12,,,,half_space,False,0,10,4.09,0,0,0,9,4,4,120.0,42.0,0.0,1.83,slow_possession
2ec6254b-73cd-4a4f-ad66-6af1645bdea5,7534,Mexico,Germany,Miguel Arturo Layún Prado,2,81,9,101.0,54.0,21.58,0.058029506,Off T,0,Open Play,Right Foot,False,True,Regular Play,38.0,71.0,Interception,20,4,8,63.0,64.1,3.15,central_pass,86.0,29.0,half_space,False,0,6,2.04,0,0,1,4,1,1,118.0,41.0,1.83,0.91,central_penetration
771b375b-c3d8-4db4-9afd-e3160ef5694c,7534,Germany,Mexico,Toni Kroos,2,83,35,99.0,33.0,20.24,0.050513986,Saved,0,Open Play,Left Foot,False,True,Regular Play,57.0,64.0,Pass,15,4,4,42.0,45.3,2.8,central_pass,88.0,24.0,half_space,False,0,8,1.29,0,1,1,6,1,4,118.0,40.0,1.83,0.0,central_penetration
24919d53-2f35-4ecc-9ddd-8034a3ec2d28,7534,Germany,Mexico,Mario Gómez García,2,85,10,113.0,35.0,7.87,0.090416625,Blocked,0,Open Play,Head,False,True,Regular Play,45.0,32.0,Pass,20,8,4,68.0,66.8,3.4,cross,92.0,67.0,wide,False,0,6,1.29,0,1,2,6,2,4,120.0,40.0,0.0,0.0,wide_cross
48e6ad9f-add1-49d2-8556-43021d7e43f7,7534,Germany,Mexico,Mario Gómez García,2,86,56,113.0,40.0,6.4,0.24410489,Off T,0,Open Play,Head,False,True,Regular Play,84.0,13.0,Pass,15,6,4,29.0,38.0,1.93,cross,102.0,75.0,wide,False,0,8,1.83,0,2,2,7,1,4,120.0,42.0,0.0,1.83,wide_cross
da113c55-fb44-4148-ae57-0cd497fd9786,7534,Germany,Mexico,Mario Gómez García,2,88,32,117.0,39.0,2.89,0.55386275,Saved,0,Open Play,Right Foot,False,False,Regular Play,21.0,23.0,Pass,17,5,7,96.0,97.3,5.65,,,,central,False,0,9,0.91,1,2,3,8,1,5,118.0,39.0,1.83,0.91,other
0549602d-81d6-44ac-ae95-1cb1e61cb920,7534,Germany,Mexico,Julian Brandt,2,88,38,96.0,31.0,23.44,0.035709005,Off T,0,Open Play,Right Foot,False,False,Regular Play,21.0,23.0,Pass,23,5,8,75.0,74.8,3.26,,,,central,False,0,11,6.47,0,0,0,6,2,4,118.0,41.0,1.83,0.91,other
c59dbb9c-df39-496f-b359-4fc1c8ddbdd0,7534,Germany,Mexico,Jérôme Boateng,2,89,46,95.0,59.0,28.71,0.0076826327,Saved,0,Open Play,Left Foot,False,False,Regular Play,59.0,32.0,Pass,18,5,5,36.0,30.1,2.0,cutback,108.0,76.0,wide,False,0,11,2.74,0,0,1,8,2,6,119.0,43.0,0.91,2.74,cutback
4cefa405-7618-476e-bd76-bb6b13749372,7543,Spain,Iran,Daniel Carvajal Ramos,1,3,32,101.0,62.0,26.58,0.0062442855,Off T,0,Open Play,Right Foot,True,False,Regular Play,62.0,32.0,Pass,83,34,32,39.0,29.5,0.47,,,,half_space,False,0,8,7.14,0,0,0,6,2,4,120.0,44.0,0.0,3.66,slow_possession
e5e88faf-4ff0-43a1-aa1e-2a3341974e6b,7543,Iran,Spain,Vahid Amiri,1,5,57,95.0,26.0,26.2,0.017048458,Off T,0,Open Play,Left Foot,False,False,From Free Kick,119.0,8.0,Pass,4,0,1,-24.0,3.4,-6.0,,,,half_space,False,0,11,6.66,0,0,0,10,3,6,119.0,38.0,0.91,1.83,other
d871a383-f9d1-4cca-b6e6-5fc835c990a1,7543,Spain,Iran,Diego da Silva Costa,1,9,26,114.0,45.0,7.14,0.101224825,Wayward,0,Open Play,Head,False,False,From Free Kick,98.0,11.0,Pass,1,1,0,16.0,28.6,16.0,cross,98.0,11.0,wide,False,0,11,0.91,3,3,4,10,1,4,120.0,42.0,0.0,1.83,wide_cross
68eeae09-274b-4ef7-9210-d44bd4c9ea32,7543,Iran,Spain,Karim Ansarifard,1,13,57,93.0,37.0,24.84,0.030081216,Off T,0,Open Play,Left Foot,False,True,From Goal Kick,6.0,47.0,Pass,8,0,1,87.0,87.0,10.88,,,,central,False,0,10,1.29,0,1,1,3,1,0,119.0,40.0,0.91,0.0,fast_counter
8dd292c7-063a-4226-b0e3-f139a2fa457d,7543,Spain,Iran,David Josué Jiménez Silva,1,18,10,97.0,48.0,22.27,0.036545493,Blocked,0,Open Play,Left Foot,False,False,From Throw In,99.0,1.0,Pass,13,4,4,-2.0,19.9,-0.15,central_pass,81.0,38.0,central,False,0,10,3.3,0,0,0,8,2,4,120.0,43.0,0.0,2.74,central_penetration
e6848190-0b4c-4d54-84f9-829f567d01a9,7543,Spain,Iran,Sergio Ramos García,1,21,55,88.0,34.0,29.77,0.02891147,Blocked,0,Free Kick,Right Foot,False,False,From Free Kick,88.0,34.0,Shot,0,0,0,0.0,0.0,,,,,central,False,0,11,8.23,0,0,0,7,4,4,120.0,41.0,0.0,0.91,set_piece
0f3b352d-a9b0-4e3a-827c-72741f4645b9,7543,Spain,Iran,David Josué Jiménez Silva,1,24,22,95.0,49.0,24.3,0.056378577,Saved,0,Free Kick,Left Foot,False,False,From Free Kick,95.0,49.0,Shot,0,0,0,0.0,0.0,,,,,central,False,0,10,6.4,0,0,0,10,3,5,120.0,41.0,0.0,0.91,set_piece
6de95341-80ff-4918-a6fe-a984592639f2,7543,Spain,Iran,David Josué Jiménez Silva,1,29,30,113.0,40.0,6.4,0.18056935,Off T,0,Open Play,Left Foot,True,False,From Corner,119.0,2.0,Pass,12,6,3,-6.0,31.0,-0.5,cutback,114.0,45.0,central,False,0,11,1.29,0,2,5,11,2,5,119.0,41.0,0.91,0.91,cutback
775e3b1f-6a6c-47ef-9824-ca9a7bf775e8,7543,Spain,Iran,Francisco Román Alarcón Suárez,1,30,35,98.0,61.0,27.81,0.008805185,Off T,0,Open Play,Right Foot,False,True,From Throw In,89.0,79.0,Pass,11,4,6,9.0,19.4,0.82,other,93.0,64.0,wide,False,0,10,2.04,0,0,1,6,1,2,118.0,43.0,1.83,2.74,other
e9938bc3-123b-422b-8af3-576360acecfb,7543,Spain,Iran,David Josué Jiménez Silva,1,41,7,113.0,36.0,7.37,0.14056613,Blocked,0,Open Play,Left Foot,False,False,From Free Kick,51.0,50.0,Pass,68,20,18,62.0,61.7,0.91,cross,115.0,24.0,half_space,False,0,11,1.29,0,1,2,11,3,4,119.0,40.0,0.91,0.0,wide_cross
d0e94996-236f-487d-a285-ea6b24f514ec,7543,Spain,Iran,Francisco Román Alarcón Suárez,1,44,14,96.0,29.0,24.14,0.029175429,Blocked,0,Open Play,Right Foot,False,True,From Free Kick,20.0,62.0,Pass,37,8,8,76.0,76.0,2.05,central_pass,90.0,21.0,half_space,False,0,10,2.89,0,0,1,8,3,3,119.0,40.0,0.91,0.0,central_penetration
d5488a5a-47ed-4ee8-a2c8-aebcf3d92784,7543,Spain,Iran,David Josué Jiménez Silva,1,46,12,104.0,48.0,16.36,0.077532336,Blocked,0,Open Play,Left Foot,True,False,From Throw In,27.0,1.0,Pass,21,6,5,77.0,83.0,3.67,cutback,104.0,57.0,half_space,False,0,8,2.74,0,0,1,7,2,2,119.0,43.0,0.91,2.74,cutback
10dce36d-3022-4ff8-8c72-50cea536dbb3,7543,Spain,Iran,Gerard Piqué Bernabéu,2,48,41,114.0,41.0,5.56,0.23135321,Blocked,0,Open Play,Right Foot,True,False,From Corner,119.0,1.0,Pass,1,2,0,-5.0,32.9,-5.0,central_pass,114.0,30.0,central,False,0,11,2.04,0,0,2,11,3,4,118.0,40.0,1.83,0.0,central_penetration
5c5ba9d2-313c-43ba-a068-7e41a3daf84f,7543,Spain,Iran,Sergio Busquets i Burgos,2,49,1,96.0,43.0,22.12,0.036238745,Saved,0,Open Play,Right Foot,True,False,From Corner,119.0,1.0,Pass,21,4,5,-23.0,14.8,-1.1,,,,central,False,0,10,7.81,0,0,0,10,4,4,118.0,40.0,1.83,0.0,other
c41f9936-55e7-4b01-86cc-e7d733f90524,7543,Spain,Iran,Diego da Silva Costa,2,50,46,113.0,31.0,10.43,0.11566157,Wayward,0,Open Play,Left Foot,True,False,From Throw In,64.0,1.0,Pass,32,14,11,49.0,56.8,1.53,cross,114.0,7.0,wide,False,0,9,2.59,0,0,1,6,2,2,118.0,39.0,1.83,0.91,wide_cross
1005aa39-956b-45f1-8eab-ceb6d7716cc1,7543,Spain,Iran,Francisco Román Alarcón Suárez,2,51,11,105.0,51.0,17.01,0.05967502,Off T,0,Open Play,Right Foot,True,False,From Throw In,64.0,1.0,Pass,57,22,18,41.0,49.6,0.72,cutback,113.0,56.0,half_space,False,0,10,1.83,0,1,1,10,2,2,117.0,42.0,2.74,1.83,cutback
4729060b-8992-4d89-bc8d-d8a36a2752d5,7543,Iran,Spain,Karim Ansarifard,2,52,26,104.0,28.0,18.29,0.041793868,Off T,0,Open Play,Right Foot,True,False,From Throw In,103.0,1.0,Pass,4,0,0,1.0,22.5,0.25,,,,half_space,False,0,11,2.74,0,0,1,10,4,4,119.0,40.0,0.91,0.0,other
35f2728e-92e7-4887-8ad0-cb1b5aea5e05,7543,Spain,Iran,Diego da Silva Costa,2,53,34,107.0,36.0,12.44,0.25931305,Goal,1,Open Play,Right Foot,True,True,From Corner,120.0,2.0,Pass,17,5,7,-13.0,24.4,-0.76,,,,central,False,0,9,1.83,0,1,2,6,1,2,117.0,40.0,2.74,0.0,other
9e656a38-bb94-4afa-b75a-83a2e4599b25,7543,Iran,Spain,Mehdi Taremi,2,59,25,112.0,39.0,7.37,0.0797548,Off T,0,Open Play,Head,False,True,Regular Play,6.0,60.0,Pass,43,10,11,106.0,107.7,2.47,cross,107.0,70.0,wide,False,0,8,0.91,1,1,4,8,3,4,119.0,41.0,0.91,0.91,wide_cross
db210707-d821-412f-9e63-79605f92e21a,7543,Spain,Iran,Sergio Ramos García,2,69,13,109.0,46.0,11.46,0.089459024,Blocked,0,Open Play,Right Foot,True,False,From Corner,119.0,79.0,Pass,3,2,0,-10.0,26.5,-3.33,cross,119.0,52.0,half_space,False,0,11,3.66,0,0,0,11,5,4,118.0,43.0,1.83,2.74,wide_cross
69507fed-d2a1-4737-9d7a-4b9f72ab8ef6,7543,Spain,Iran,Gerard Piqué Bernabéu,2,69,13,118.0,39.0,2.04,0.69309485,Blocked,0,Open Play,Left Foot,True,False,From Corner,119.0,79.0,Pass,3,2,0,-1.0,36.8,-0.33,,,,central,False,0,11,0.91,1,1,3,11,1,3,117.0,42.0,2.74,1.83,other
cefd1e0d-f3d7-4608-ba9b-66d57b9f59c7,7543,Spain,Iran,Francisco Román Alarcón Suárez,2,77,2,99.0,56.0,24.14,0.046205834,Blocked,0,Free Kick,Right Foot,False,False,From Free Kick,99.0,56.0,Shot,0,0,0,0.0,0.0,,,,,half_space,False,0,11,9.01,0,0,0,11,2,5,118.0,40.0,1.83,0.0,set_piece
fb901908-3707-4707-9b59-7f202da24832,7543,Iran,Spain,Mehdi Taremi,2,81,38,117.0,47.0,6.96,0.13669233,Off T,0,Open Play,Head,False,True,Regular Play,27.0,67.0,Pass,18,5,7,90.0,89.2,5.0,cross,114.0,17.0,wide,False,0,10,0.91,1,1,1,9,1,2,119.0,42.0,0.91,1.83,wide_cross
431ba802-49fd-44a2-a492-5836096eef69,7543,Iran,Spain,Sardar Azmoun,2,90,20,109.0,37.0,10.43,0.121088564,Wayward,0,Open Play,Head,False,False,Regular Play,33.0,20.0,Pass,21,6,6,76.0,77.9,3.62,cross,87.0,71.0,wide,False,0,8,2.04,0,0,1,6,1,3,118.0,40.0,1.83,0.0,wide_cross
834dda09-b04d-4ae8-8971-bb66203c18af,7544,Uruguay,Saudi Arabia,Luis Alberto Suárez Díaz,1,1,50,101.0,30.0,19.63,0.03504409,Blocked,0,Open Play,Left Foot,False,True,From Throw In,88.0,1.0,Pass,37,14,11,13.0,29.0,0.35,central_pass,96.0,36.0,central,False,0,9,2.04,0,0,2,4,2,1,115.0,37.0,4.57,2.74,central_penetration
67349e5c-4285-4b1d-aa03-a019b23ff79c,7544,Saudi Arabia,Uruguay,Mohammed Al Burayk,1,7,19,93.0,31.0,26.02,0.05547695,Blocked,0,Free Kick,Right Foot,False,False,From Free Kick,93.0,31.0,Shot,0,0,0,0.0,0.0,,,,,central,False,0,11,10.1,0,0,0,11,3,5,120.0,42.0,0.0,1.83,set_piece
902c456d-1356-44f1-9017-0ef3431d35da,7544,Uruguay,Saudi Arabia,Edinson Roberto Cavani Gómez,1,12,7,110.0,34.0,10.66,0.101114124,Off T,0,Open Play,Left Foot,False,False,Regular Play,69.0,3.0,Pass,20,8,6,41.0,51.3,2.05,cross,113.0,11.0,wide,False,0,9,3.3,0,0,0,6,2,2,119.0,37.0,0.91,2.74,wide_cross
a6fc93d0-a0ea-42fd-b434-599c18599412,7544,Uruguay,Saudi Arabia,Luis Alberto Suárez Díaz,1,14,11,119.0,53.0,11.92,0.011932639,Off T,0,Open Play,Right Foot,False,False,Regular Play,73.0,35.0,Pass,22,8,7,46.0,34.2,2.09,other,119.0,69.0,wide,False,0,7,2.04,0,0,2,7,0,2,119.0,43.0,0.91,2.74,slow_possession
b9c4c511-b241-47a0-9b15-2a92de5cb3ce,7544,Saudi Arabia,Uruguay,Fahad Mosaed Al Muwallad Al Harbi,1,20,24,111.0,57.0,17.59,0.0121245505,Off T,0,Open Play,Right Foot,False,True,From Keeper,3.0,45.0,Goal Keeper,22,3,5,108.0,97.9,4.91,central_pass,98.0,51.0,half_space,False,0,6,2.04,0,0,1,6,2,2,119.0,45.0,0.91,4.57,central_penetration
ac3dd842-555e-406c-a160-876b9c675035,7544,Uruguay,Saudi Arabia,Luis Alberto Suárez Díaz,1,22,11,114.0,43.0,6.13,0.40584227,Goal,1,Open Play,Left Foot,False,False,From Corner,119.0,1.0,Pass,2,1,0,-5.0,32.3,-2.5,cross,119.0,1.0,wide,False,0,11,2.59,0,0,3,11,1,5,114.0,36.0,5.49,3.66,wide_cross
4cfce76e-57b5-4132-bc92-504670ee0cd2,7544,Uruguay,Saudi Arabia,Edinson Roberto Cavani Gómez,1,24,27,110.0,52.0,14.28,0.1273453,Blocked,0,Open Play,Right Foot,False,True,From Counter,81.0,52.0,Pass,3,2,1,29.0,25.2,9.67,central_pass,95.0,48.0,central,False,0,8,2.74,0,0,1,5,1,1,118.0,43.0,1.83,2.74,fast_counter
34c82991-5f0c-483d-ab53-ed2f20b621a9,7544,Saudi Arabia,Uruguay,Hattan Babhir,1,25,20,96.0,58.0,27.43,0.0094235735,Saved,0,Open Play,Left Foot,False,False,Regular Play,2.0,33.0,Ball Recovery,51,11,13,94.0,88.2,1.84,central_pass,85.0,51.0,half_space,False,0,9,5.17,0,0,0,6,2,1,119.0,43.0,0.91,2.74,central_penetration
071e518b-79ef-4bff-bd38-a15578897bd7,7544,Saudi Arabia,Uruguay,Hattan Babhir,1,28,17,112.0,49.0,11.01,0.10249908,Off T,0,Open Play,Right Foot,True,False,Regular Play,44.0,17.0,Ball Recovery,31,6,11,68.0,67.4,2.19,cross,116.0,4.0,wide,False,0,8,0.91,1,1,1,6,1,2,119.0,42.0,0.91,1.83,wide_cross
ddb90f40-d517-4127-8662-2928c1c59667,7544,Saudi Arabia,Uruguay,Salem Mohammed Al Dawsari,1,37,34,83.0,40.0,33.83,0.0055306493,Off T,0,Open Play,Right Foot,False,False,Regular Play,33.0,39.0,Pass,10,2,4,50.0,50.0,5.0,central_pass,64.0,34.0,central,False,0,10,4.09,0,0,0,2,2,0,118.0,41.0,1.83,0.91,fast_counter
6a6416b2-9fc8-4740-b051-ebe36076d8a1,7544,Uruguay,Saudi Arabia,Luis Alberto Suárez Díaz,2,50,33,87.0,42.0,30.23,0.023920795,Saved,0,Free Kick,Right Foot,False,False,From Free Kick,87.0,42.0,Shot,0,0,0,0.0,0.0,,,,,central,False,0,11,9.14,0,0,0,8,3,6,119.0,41.0,0.91,0.91,set_piece
d6b7fb69-5182-4abf-bdeb-310cbb648544,7544,Uruguay,Saudi Arabia,Carlos Andrés Sánchez Arcosa,2,61,31,112.0,47.0,9.72,0.15817063,Off T,0,Open Play,Head,False,False,Regular Play,99.0,13.0,Pass,1,1,0,13.0,23.6,13.0,cross,99.0,13.0,wide,False,0,8,2.04,0,0,1,6,1,0,118.0,44.0,1.83,3.66,wide_cross
eb9bbfed-9535-4aef-862f-8db784de8c65,7544,Uruguay,Saudi Arabia,Luis Alberto Suárez Díaz,2,63,6,105.0,59.0,22.14,0.009338622,Blocked,0,Open Play,Left Foot,True,False,Regular Play,99.0,75.0,Pass,1,1,0,6.0,16.6,6.0,other,99.0,75.0,wide,False,0,8,2.04,0,0,1,6,2,1,119.0,44.0,0.91,3.66,other
1c4b2b48-c448-4194-a476-d2b954ebbeed,7544,Uruguay,Saudi Arabia,José Martín Cáceres Silva,2,67,54,114.0,43.0,6.13,0.17345619,Off T,0,Open Play,Head,False,True,From Free Kick,103.0,67.0,Pass,1,1,0,11.0,25.2,11.0,cross,103.0,67.0,wide,False,0,11,0.91,2,2,3,11,1,5,120.0,42.0,0.0,1.83,wide_cross
5c7ac167-48aa-419e-a107-44dc202c146a,7544,Uruguay,Saudi Arabia,José Martín Cáceres Silva,2,76,53,112.0,34.0,9.14,0.193565,Blocked,0,Open Play,Right Foot,False,False,From Free Kick,89.0,77.0,Pass,2,1,0,23.0,38.3,11.5,cross,89.0,77.0,wide,False,0,9,2.74,0,0,1,8,1,4,119.0,41.0,0.91,0.91,wide_cross
40bc608a-08fd-48ff-8819-2f31ba633503,7544,Uruguay,Saudi Arabia,Lucas Torreira Di Pascua,2,79,16,92.0,40.0,25.6,0.025469651,Blocked,0,Open Play,Right Foot,False,False,From Throw In,108.0,1.0,Pass,12,2,2,-16.0,12.8,-1.33,other,101.0,4.0,wide,False,0,11,3.66,0,0,0,5,3,3,120.0,41.0,0.0,0.91,other
67b56c3e-f180-420d-9446-81586e1b7647,7544,Uruguay,Saudi Arabia,Edinson Roberto Cavani Gómez,2,79,16,105.0,45.0,14.46,0.08319649,Off T,0,Open Play,Head,False,False,From Throw In,108.0,1.0,Pass,12,2,2,-3.0,25.0,-0.25,,,,central,False,0,11,2.89,0,0,1,6,2,1,120.0,43.0,0.0,2.74,other
e024d05f-a497-408e-9572-896ac583987f,7544,Uruguay,Saudi Arabia,Edinson Roberto Cavani Gómez,2,85,17,104.0,41.0,14.66,0.37744683,Saved,0,Open Play,Right Foot,False,False,Regular Play,70.0,72.0,Pressure,65,0,5,34.0,43.3,0.52,,,,central,False,0,6,3.66,0,0,0,4,1,0,113.0,39.0,6.4,0.91,other
04c57583-9b7a-4c94-beec-c623d8fa2782,7544,Uruguay,Saudi Arabia,Luis Alberto Suárez Díaz,2,88,18,102.0,40.0,16.46,0.0815443,Wayward,0,Open Play,Other,False,False,Regular Play,71.0,76.0,Duel,85,31,25,31.0,42.8,0.36,cross,107.0,14.0,wide,False,0,9,2.89,0,0,1,4,1,1,118.0,40.0,1.83,0.0,wide_cross
1e664f39-3278-4385-8e40-3e91640e27a4,7544,Saudi Arabia,Uruguay,Yasir Gharsan Al Shahrani,2,89,10,94.0,21.0,29.45,0.008307631,Blocked,0,Open Play,Left Foot,False,False,From Goal Kick,4.0,31.0,Pass,45,15,15,90.0,84.1,2.0,central_pass,90.0,18.0,half_space,False,0,10,3.3,0,0,0,6,1,3,117.0,38.0,2.74,1.83,central_penetration
59612ca6-ecc7-44f2-8867-68f33b81edab,7544,Saudi Arabia,Uruguay,Mohammed Kanoo,2,89,51,111.0,47.0,10.43,0.05516719,Saved,0,Open Play,Head,False,False,From Corner,120.0,1.0,Pass,2,1,0,-9.0,27.6,-4.5,cutback,120.0,1.0,wide,False,0,11,1.29,0,1,1,11,2,5,117.0,42.0,2.74,1.83,cutback
da68ba3d-0334-44c3-a0f0-c11f831e789a,7544,Saudi Arabia,Uruguay,Yasir Gharsan Al Shahrani,2,90,59,98.0,24.0,24.87,0.024956208,Blocked,0,Open Play,Right Foot,False,True,Regular Play,63.0,76.0,Pass,35,9,10,35.0,40.2,1.0,central_pass,97.0,24.0,half_space,False,0,9,2.04,0,0,1,7,2,4,117.0,37.0,2.74,2.74,central_penetration
867f7033-aa16-476b-9bab-47ebc28696ec,7546,Peru,France,Édison Michael Flores Peralta,1,1,31,96.0,43.0,22.12,0.04638079,Blocked,0,Open Play,Left Foot,True,True,From Throw In,100.0,80.0,Pass,10,5,3,-4.0,20.5,-0.4,central_pass,100.0,50.0,central,False,0,10,0.91,1,1,1,4,1,0,120.0,43.0,0.0,2.74,central_penetration
ae578ceb-a2f9-4d20-873c-801e99aace38,7546,Peru,France,Víctor Yoshimar Yotún Flores,1,5,46,62.0,36.0,53.16,0.002964359,Off T,0,Open Play,Left Foot,False,True,Regular Play,24.0,55.0,Ball Recovery,35,9,11,38.0,39.0,1.09,central_pass,56.0,48.0,central,False,0,10,2.74,0,0,1,1,2,0,115.0,40.0,4.57,0.0,central_penetration
06dd2338-e2ef-4b5f-b796-62f6505c080c,7546,France,Peru,Antoine Griezmann,1,10,2,114.0,54.0,13.93,0.040895715,Off T,0,Open Play,Right Foot,False,False,From Counter,74.0,66.0,Pass,7,2,3,40.0,37.6,5.71,,,,half_space,False,0,8,2.04,0,0,1,6,1,0,118.0,47.0,1.83,6.4,fast_counter
c19effac-2860-472f-a527-ad16f39a8e4d,7546,France,Peru,Paul Pogba,1,11,6,88.0,54.0,31.94,0.009108837,Off T,0,Open Play,Right Foot,False,False,Regular Play,74.0,69.0,Duel,14,1,3,14.0,19.4,1.0,other,100.0,75.0,wide,False,0,9,2.59,0,0,1,1,2,0,118.0,38.0,1.83,1.83,other
a5932edb-0190-40c1-954d-ae613c7fe507,7546,France,Peru,Raphaël Varane,1,13,44,115.0,34.0,7.14,0.10144759,Off T,0,Open Play,Head,False,False,From Corner,120.0,2.0,Pass,1,1,0,-5.0,30.2,-5.0,cutback,120.0,2.0,wide,False,0,11,0.91,2,2,4,11,2,5,119.0,39.0,0.91,0.91,cutback
15544ebb-e6ac-4687-92c9-cfb684746c70,7546,France,Peru,Antoine Griezmann,1,15,19,102.0,51.0,19.29,0.051455326,Saved,0,Open Play,Right Foot,True,False,From Free Kick,56.0,44.0,Pass,35,10,8,46.0,43.0,1.31,cutback,106.0,52.0,half_space,False,0,8,3.3,0,0,0,5,3,1,117.0,40.0,2.74,0.0,cutback
5611dd15-8c83-45b6-9cd6-46559a68b910,7546,Peru,France,Édison Michael Flores Peralta,1,23,24,97.0,27.0,24.16,0.027215322,Off T,0,Open Play,Left Foot,True,True,From Corner,120.0,80.0,Pass,7,1,0,-23.0,13.6,-3.29,central_pass,87.0,29.0,half_space,False,0,11,3.3,0,0,0,2,3,2,119.0,41.0,0.91,0.91,central_penetration
f383ec65-f8c5-4cbf-a073-4c1f919e4eec,7546,Peru,France,José Paolo Guerrero Gonzáles,1,30,16,110.0,33.0,11.16,0.20325628,Saved,0,Open Play,Left Foot,False,False,From Throw In,58.0,1.0,Pass,12,3,4,52.0,61.0,4.33,cross,107.0,14.0,wide,False,0,10,2.89,0,0,1,7,1,3,119.0,40.0,0.91,0.0,fast_counter
19903854-5268-46d0-8654-3aad8e3179fa,7546,France,Peru,Kylian Mbappé Lottin,1,32,51,112.0,38.0,7.54,0.27977735,Saved,0,Open Play,Right Foot,True,False,Regular Play,76.0,73.0,Interception,13,4,4,36.0,46.8,2.77,central_pass,87.0,28.0,half_space,False,0,6,1.29,0,1,1,5,1,1,117.0,37.0,2.74,2.74,central_penetration
47e6a2ec-756d-447a-a1b8-cadb77f72d79,7546,France,Peru,Olivier Giroud,1,33,36,109.0,29.0,14.22,0.09149722,Blocked,0,Open Play,Left Foot,False,False,From Counter,84.0,22.0,Duel,4,1,2,25.0,24.7,6.25,central_pass,95.0,25.0,half_space,False,0,6,2.04,0,0,1,5,1,1,115.0,35.0,4.57,4.57,fast_counter
89ae9704-8a85-47a7-aa4f-7bacd13ca71f,7546,France,Peru,Kylian Mbappé Lottin,1,33,38,119.0,41.0,1.29,0.9293175,Goal,1,Open Play,Right Foot,True,False,From Counter,84.0,22.0,Duel,6,1,2,35.0,38.8,5.83,,,,central,False,0,6,3.3,0,0,0,6,0,2,117.0,38.0,2.74,1.83,fast_counter
6c00c88b-5012-4436-ab69-3b1053c998e2,7546,France,Peru,Lucas Hernández Pi,1,42,22,109.0,27.0,15.57,0.053871572,Saved,0,Open Play,Left Foot,False,False,Regular Play,66.0,4.0,Ball Recovery,56,23,24,43.0,47.9,0.77,central_pass,101.0,40.0,central,False,0,10,2.59,0,0,1,8,3,3,116.0,35.0,3.66,4.57,central_penetration
b54e1675-54fd-49a0-91ac-6b9ee8a031ed,7546,France,Peru,Lucas Hernández Pi,1,42,24,112.0,29.0,12.44,0.115647,Off T,0,Open Play,Left Foot,True,False,Regular Play,66.0,4.0,Ball Recovery,58,23,24,46.0,51.3,0.79,,,,half_space,False,0,10,2.74,0,0,1,8,1,3,116.0,37.0,3.66,2.74,slow_possession
356f2616-caea-4f41-a71b-7b3e2e13d411,7546,Peru,France,Pedro Jesús Aquino Sánchez,2,49,53,93.0,39.0,24.71,0.032040957,Post,0,Open Play,Right Foot,True,True,Regular Play,45.0,6.0,Pass,27,9,11,48.0,55.3,1.78,central_pass,96.0,32.0,central,False,0,11,2.89,0,0,1,5,2,4,118.0,40.0,1.83,0.0,central_penetration
a98807c5-295b-418b-83b3-e45cf6733528,7546,Peru,France,Christian Alberto Cueva Bravo,2,57,30,101.0,30.0,19.63,0.049853675,Blocked,0,Open Play,Right Foot,False,False,Regular Play,63.0,63.0,Duel,22,5,6,38.0,40.0,1.73,other,87.0,15.0,wide,False,0,10,2.59,0,0,2,6,1,1,117.0,38.0,2.74,1.83,other
34ef04f2-0ffe-4de6-bf3b-95090d953e91,7546,Peru,France,André Martín Carrillo Díaz,2,60,41,94.0,37.0,23.93,0.03232524,Off T,0,Open Play,Right Foot,False,False,From Throw In,92.0,2.0,Pass,76,18,19,2.0,21.0,0.03,central_pass,98.0,21.0,half_space,False,0,9,1.83,0,1,1,4,3,1,118.0,40.0,1.83,0.0,central_penetration
500d9f1f-1a23-43a9-b70d-48659c012091,7546,Peru,France,José Paolo Guerrero Gonzáles,2,66,31,105.0,40.0,13.72,0.10677668,Wayward,0,Open Play,Head,False,False,From Throw In,103.0,80.0,Pass,45,14,11,2.0,28.5,0.04,cross,98.0,16.0,wide,False,0,9,1.29,0,1,1,4,1,1,119.0,38.0,0.91,1.83,wide_cross
1124bd02-6c85-4c54-87e9-75ea957f5959,7546,Peru,France,Luis Jan Piers Advíncula Castrillón,2,67,4,98.0,61.0,27.81,0.009771249,Off T,0,Open Play,Left Foot,False,False,Regular Play,58.0,36.0,Ball Recovery,20,6,7,40.0,31.7,2.0,central_pass,95.0,42.0,central,False,0,9,1.83,0,1,1,7,1,3,118.0,40.0,1.83,0.0,central_penetration
1461fcf6-a463-42dc-ab17-71ab2bb7f148,7546,Peru,France,Jefferson Agustín Farfán Guadalupe,2,73,22,116.0,29.0,10.7,0.046855085,Off T,0,Open Play,Left Foot,True,False,From Throw In,81.0,80.0,Pass,33,7,5,35.0,44.2,1.06,cross,113.0,57.0,half_space,False,0,8,3.3,0,0,0,8,1,2,119.0,38.0,0.91,1.83,wide_cross
4baf57a1-e8a8-40bf-83f6-c84ed3a9baad,7546,France,Peru,Ousmane Dembélé,2,81,7,105.0,44.0,14.2,0.07033722,Off T,0,Open Play,Left Foot,False,False,From Free Kick,67.0,67.0,Pass,5,2,3,38.0,44.0,7.6,cutback,106.0,52.0,half_space,False,0,7,1.83,0,1,2,4,2,3,117.0,42.0,2.74,1.83,cutback
6f6add5f-0f76-4ba5-8185-f57615dc2723,7546,Peru,France,José Paolo Guerrero Gonzáles,2,87,1,87.0,43.0,30.3,0.02880108,Saved,0,Free Kick,Right Foot,False,False,From Free Kick,87.0,43.0,Shot,0,0,0,0.0,0.0,,,,,central,False,0,10,10.97,0,0,0,1,4,0,118.0,40.0,1.83,0.0,set_piece
cedadd0b-6f74-41ad-9520-0ad52aab7905,7546,France,Peru,Blaise Matuidi,2,91,26,97.0,40.0,21.03,0.039226346,Off T,0,Open Play,Left Foot,True,False,From Free Kick,115.0,79.0,Pass,4,0,0,-18.0,16.3,-4.5,,,,central,False,0,11,2.74,0,0,1,9,3,3,119.0,41.0,0.91,0.91,other
591fe03f-5f2e-4d7c-9f43-b01d27008112,7546,Peru,France,José Paolo Guerrero Gonzáles,2,92,35,107.0,30.0,15.0,0.038980518,Off T,0,Open Play,Head,False,True,From Free Kick,71.0,79.0,Pass,3,1,0,36.0,46.2,12.0,other,71.0,79.0,wide,False,0,10,0.91,1,2,3,9,2,4,118.0,40.0,1.83,0.0,other
e070625e-d2ed-411a-bdc7-15c2ae491bbb,7546,France,Peru,Olivier Giroud,2,93,46,106.0,32.0,14.74,0.07983788,Blocked,0,Open Play,Left Foot,False,False,From Goal Kick,7.0,46.0,Pass,45,7,11,99.0,97.0,2.2,other,85.0,13.0,wide,False,0,6,2.04,0,0,2,4,2,2,116.0,38.0,3.66,1.83,other
019bf340-4e81-480f-9204-965d66d246f1,7545,Croatia,Argentina,Ivan Perišić,1,4,7,109.0,27.0,15.57,0.10931223,Saved,0,Open Play,Left Foot,False,True,From Throw In,85.0,1.0,Pass,24,7,7,24.0,35.4,1.0,central_pass,65.0,29.0,half_space,False,0,7,1.83,0,1,1,6,1,3,119.0,39.0,0.91,0.91,central_penetration
dafc7d5d-209f-4cdc-b59c-216c2d72a772,7545,Argentina,Croatia,Maximiliano Eduardo Meza,1,12,29,104.0,41.0,14.66,0.07232099,Blocked,0,Open Play,Right Foot,True,False,From Throw In,83.0,80.0,Pass,23,7,6,21.0,38.5,0.91,cross,108.0,63.0,wide,False,0,8,2.04,0,0,1,6,1,2,118.0,40.0,1.83,0.0,wide_cross
01e37d4e-7fad-4b08-b111-cb72a6465f26,7545,Croatia,Argentina,Marcelo Brozović,1,20,35,87.0,35.0,30.52,0.017617416,Blocked,0,Open Play,Right Foot,False,False,From Throw In,92.0,2.0,Pass,8,3,3,-5.0,13.8,-0.62,central_pass,94.0,27.0,half_space,False,0,11,3.66,0,0,0,3,2,1,117.0,41.0,2.74,0.91,central_penetration
88429e70-6c78-4e76-9321-a60ec6cfd1ea,7545,Argentina,Croatia,Enzo Nicolás Pérez,1,29,13,106.0,33.0,14.31,0.33644146,Off T,0,Open Play,Left Foot,True,False,From Throw In,97.0,79.0,Pass,18,3,4,9.0,29.6,0.5,,,,central,False,0,7,2.04,0,0,1,6,1,2,114.0,29.0,5.49,10.06,other
e5815ba6-98df-441f-89ba-75bae7b9de59,7545,Croatia,Argentina,Mario Mandžukić,1,32,1,115.0,34.0,7.14,0.2433502,Off T,0,Open Play,Head,False,False,From Throw In,51.0,2.0,Pass,49,10,9,64.0,71.0,1.31,cross,97.0,63.0,wide,False,0,9,2.74,0,0,1,6,1,3,118.0,39.0,1.83,0.91,wide_cross
7453de16-5139-4efc-a17e-8d304fe1fd07,7545,Croatia,Argentina,Ante Rebić,1,46,33,99.0,34.0,19.97,0.09167263,Off T,0,Open Play,Right Foot,False,False,Regular Play,38.0,77.0,Duel,21,2,6,61.0,68.1,2.9,other,60.0,71.0,wide,False,0,5,5.78,0,0,0,3,2,0,117.0,41.0,2.74,0.91,other
2598363b-b579-436c-bc8d-d846c72abec8,7545,Argentina,Croatia,Marcos Javier Acuña,2,48,34,96.0,28.0,24.54,0.037094012,Blocked,0,Open Play,Left Foot,False,False,From Free Kick,86.0,41.0,Pass,3,1,1,10.0,7.2,3.33,central_pass,86.0,41.0,central,False,0,9,3.66,0,0,0,5,1,1,118.0,40.0,1.83,0.0,central_penetration
deeb99a7-a1b8-4f56-a9f6-be433214130f,7545,Argentina,Croatia,Sergio Leonel Agüero del Castillo,2,52,16,111.0,29.0,13.0,0.13586974,Saved,0,Open Play,Left Foot,False,False,Regular Play,71.0,31.0,Ball Recovery,24,5,6,40.0,35.6,1.67,central_pass,86.0,27.0,half_space,False,0,10,2.89,0,0,1,5,1,0,117.0,38.0,2.74,1.83,central_penetration
819be6a8-7bde-4429-b073-47c8a296616a,7545,Croatia,Argentina,Ante Rebić,2,52,35,108.0,30.0,14.28,0.3903937,Goal,1,Open Play,Right Foot,True,False,Regular Play,92.0,24.0,Pressure,3,0,0,16.0,16.6,5.33,,,,central,False,0,4,6.4,0,0,0,2,0,0,113.0,37.0,6.4,2.74,other
cc8f094c-ca91-4f65-96a9-15b0115083b7,7545,Argentina,Croatia,Maximiliano Eduardo Meza,2,63,1,113.0,34.0,8.43,0.1882397,Saved,0,Open Play,Left Foot,True,False,Regular Play,35.0,40.0,Pass,18,8,7,78.0,75.8,4.33,cross,118.0,26.0,half_space,False,0,10,2.04,0,0,1,8,1,4,118.0,38.0,1.83,1.83,wide_cross
a901cb8a-f375-4cd1-935d-17a679dd3a30,7545,Argentina,Croatia,Lionel Andrés Messi Cuccittini,2,63,3,117.0,36.0,4.57,0.2574592,Blocked,0,Open Play,Left Foot,False,True,Regular Play,35.0,40.0,Pass,20,9,8,82.0,80.0,4.1,cutback,120.0,35.0,central,False,0,9,0.91,1,2,3,9,1,3,118.0,37.0,1.83,2.74,cutback
4f6d2d06-89b8-43b6-bd03-47de04dab051,7545,Argentina,Croatia,Nicolás Hernán Otamendi,2,63,26,109.0,43.0,10.43,0.06496638,Off T,0,Open Play,Head,False,True,From Corner,119.0,2.0,Pass,2,1,0,-10.0,26.6,-5.0,cross,119.0,2.0,wide,False,0,11,0.91,1,2,2,11,2,3,119.0,41.0,0.91,0.91,wide_cross
2eb8e09a-ec16-4056-9583-16ddc97f7189,7545,Croatia,Argentina,Mario Mandžukić,2,65,24,115.0,49.0,9.41,0.19214138,Off T,0,Open Play,Right Foot,True,False,Regular Play,107.0,16.0,Pass,7,3,2,8.0,17.0,1.14,cross,110.0,61.0,half_space,False,0,8,0.91,1,1,1,8,1,4,118.0,42.0,1.83,1.83,wide_cross
d2744eac-88d5-4b11-9420-6b9ce839a55f,7545,Argentina,Croatia,Paulo Bruno Exequiel Dybala,2,70,44,107.0,59.0,21.05,0.011055459,Off T,0,Open Play,Left Foot,False,False,Regular Play,15.0,51.0,Ball Recovery,66,16,19,92.0,82.6,1.39,,,,half_space,False,0,10,2.74,0,0,2,7,1,3,118.0,44.0,1.83,3.66,slow_possession
74a0fd28-7b71-4766-9786-d92cb1e550b4,7545,Croatia,Argentina,Ivan Rakitić,2,79,29,103.0,24.0,21.35,0.02916088,Blocked,0,Open Play,Right Foot,False,False,Regular Play,53.0,26.0,Pass,12,5,5,50.0,45.1,4.17,cutback,108.0,11.0,wide,False,0,7,3.3,0,0,0,5,2,1,117.0,38.0,2.74,1.83,fast_counter
59cd7437-887a-47d9-9124-2d0302ade69e,7545,Croatia,Argentina,Luka Modrić,2,79,54,93.0,45.0,25.11,0.026013188,Goal,1,Open Play,Right Foot,False,True,Regular Play,66.0,32.0,Ball Recovery,14,3,4,27.0,27.1,1.93,central_pass,99.0,18.0,half_space,False,0,7,2.89,0,0,1,2,3,1,118.0,40.0,1.83,0.0,central_penetration
6428a791-112d-4909-9d09-91014d43d137,7545,Argentina,Croatia,Gonzalo Gerardo Higuaín,2,83,7,100.0,27.0,21.81,0.036090992,Saved,0,Open Play,Right Foot,False,False,Regular Play,94.0,14.0,Foul Won,3,1,2,6.0,12.9,2.0,central_pass,98.0,25.0,half_space,False,0,11,2.89,0,0,1,6,1,1,118.0,40.0,1.83,0.0,central_penetration
d8680a27-7567-45ed-b631-3ccf2bed8064,7545,Croatia,Argentina,Ivan Rakitić,2,85,53,89.0,36.0,28.58,0.039510775,Post,0,Free Kick,Right Foot,False,False,From Free Kick,89.0,36.0,Shot,0,0,0,0.0,0.0,,,,,central,False,0,10,4.66,0,0,0,2,4,0,118.0,41.0,1.83,0.91,set_piece
74ae9d65-e5d8-4310-acd5-96ee5b1fe0cc,7545,Croatia,Argentina,Mateo Kovačić,2,85,55,103.0,34.0,16.48,0.10598648,Off T,0,Open Play,Head,False,False,From Free Kick,89.0,36.0,Shot,2,0,0,14.0,13.2,7.0,,,,central,False,0,9,3.3,0,0,0,4,1,2,118.0,37.0,1.83,2.74,other
85c3092a-0ac0-40c0-b514-14172a66b071,7545,Croatia,Argentina,Mario Mandžukić,2,88,48,99.0,50.0,21.27,0.04277814,Blocked,0,Open Play,Left Foot,True,False,From Free Kick,74.0,67.0,Pass,18,6,6,25.0,30.1,1.39,cross,118.0,22.0,half_space,False,0,8,2.74,0,0,1,8,2,3,118.0,40.0,1.83,0.0,wide_cross
2905f235-4913-4525-b5b4-8d5a41bc14da,7545,Croatia,Argentina,Luka Modrić,2,88,50,87.0,54.0,32.78,0.007149363,Off T,0,Open Play,Right Foot,True,False,From Free Kick,74.0,67.0,Pass,20,6,6,13.0,17.5,0.65,,,,half_space,False,0,8,6.96,0,0,0,5,2,2,118.0,40.0,1.83,0.0,other
b28574f0-be74-4978-a511-d3d24967f2fb,7545,Argentina,Croatia,Maximiliano Eduardo Meza,2,90,0,108.0,31.0,13.72,0.07852001,Blocked,0,Open Play,Left Foot,False,False,Regular Play,44.0,68.0,Pass,31,7,12,64.0,66.0,2.06,other,101.0,63.0,wide,False,0,8,2.04,0,0,1,7,2,3,118.0,40.0,1.83,0.0,other
f708a321-c177-4860-8539-f073504c9e37,7545,Croatia,Argentina,Ivan Rakitić,2,90,40,98.0,38.0,20.2,0.10333694,Saved,0,Open Play,Right Foot,False,True,Regular Play,45.0,52.0,Pass,8,3,2,53.0,53.9,6.62,central_pass,62.0,56.0,half_space,False,0,5,2.59,0,0,1,2,1,0,114.0,38.0,5.49,1.83,fast_counter
ba762d1e-9853-4b95-9231-1f334fe533e9,7545,Croatia,Argentina,Ivan Rakitić,2,90,45,112.0,40.0,7.32,0.43328673,Goal,1,Open Play,Right Foot,False,False,From Counter,45.0,52.0,Pass,13,4,4,67.0,68.0,5.15,central_pass,110.0,31.0,central,False,0,7,3.3,0,0,0,6,1,2,114.0,37.0,5.49,2.74,fast_counter
e2418765-e4a7-46e0-ac68-83093055e469,7585,England,Colombia,Ashley Young,1,5,22,115.0,18.0,20.63,0.009816105,Saved,0,Free Kick,Right Foot,False,False,From Free Kick,115.0,18.0,Shot,0,0,0,0.0,0.0,,,,,half_space,False,0,11,9.19,0,0,0,11,2,7,120.0,41.0,0.0,0.91,set_piece
3d830e92-8719-4b07-aa8b-cf5772a80873,7585,England,Colombia,Raheem Sterling,1,7,6,112.0,54.0,14.74,0.03820353,Blocked,0,Open Play,Right Foot,False,False,From Free Kick,72.0,74.0,Pass,2,1,1,40.0,42.7,20.0,other,72.0,74.0,wide,False,0,10,0.91,1,1,2,8,1,3,120.0,44.0,0.0,3.66,fast_counter
b7213f46-90f2-4b3c-acdd-bf4f89846df9,7585,England,Colombia,Raheem Sterling,1,12,40,98.0,37.0,20.3,0.045127578,Blocked,0,Open Play,Right Foot,False,True,From Counter,69.0,14.0,Pass,6,1,1,29.0,35.0,4.83,other,69.0,14.0,wide,False,0,8,1.29,0,1,2,4,2,1,120.0,41.0,0.0,0.91,fast_counter
21d8d908-8867-4d52-9a79-7eeb6360b195,7585,England,Colombia,Harry Kane,1,15,28,119.0,36.0,3.77,0.6250739,Off T,0,Open Play,Head,False,False,From Throw In,56.0,2.0,Pass,16,5,3,63.0,70.3,3.94,cross,117.0,63.0,wide,False,0,6,2.59,0,0,1,6,1,2,120.0,43.0,0.0,2.74,wide_cross
e86a0564-b672-4fcf-abef-6fc15c31825c,7585,Colombia,England,Juan Guillermo Cuadrado Bello,1,21,53,97.0,56.0,25.62,0.021760419,Blocked,0,Open Play,Right Foot,False,False,Regular Play,23.0,21.0,Ball Recovery,52,12,11,74.0,70.8,1.42,central_pass,83.0,47.0,central,False,0,8,1.83,0,1,2,1,1,0,119.0,40.0,0.91,0.0,central_penetration
a69089fc-958d-498f-82ae-2f81dba41bcf,7585,Colombia,England,Johan Andrés Mojica Palacio,1,21,59,90.0,18.0,34.02,0.0061799968,Off T,0,Open Play,Left Foot,False,False,Regular Play,23.0,21.0,Ball Recovery,58,12,12,67.0,61.6,1.16,,,,half_space,False,0,10,3.77,0,0,0,6,1,3,119.0,37.0,0.91,2.74,slow_possession
e21db329-91e8-4e50-801d-4abdd4b35272,7585,England,Colombia,Raheem Sterling,1,30,14,101.0,46.0,18.22,0.06310501,Blocked,0,Open Play,Left Foot,False,False,Regular Play,31.0,41.0,Pass,10,1,1,70.0,69.1,7.0,central_pass,31.0,41.0,central,False,0,7,2.59,0,0,2,6,2,1,120.0,43.0,0.0,2.74,fast_counter
2de15fae-0c26-4053-b87e-4914eecc6252,7585,Colombia,England,Juan Fernando Quintero Paniagua,1,32,44,92.0,49.0,26.89,0.02860382,Off T,0,Open Play,Left Foot,False,False,Regular Play,88.0,77.0,Pass,4,2,2,4.0,19.5,1.0,central_pass,100.0,61.0,half_space,False,0,9,3.3,0,0,0,3,1,0,118.0,40.0,1.83,0.0,central_penetration
93a9e213-ec80-49c4-81cf-da4b529c7194,7585,England,Colombia,Kieran Trippier,1,41,16,99.0,31.0,20.89,0.0893018,Off T,0,Free Kick,Right Foot,False,False,From Free Kick,99.0,31.0,Shot,0,0,0,0.0,0.0,,,,,central,False,0,11,4.57,0,0,0,10,5,7,120.0,41.0,0.0,0.91,set_piece
b0bee77a-3c6b-4979-8a38-915541e12e84,7585,England,Colombia,Harry Kane,1,44,18,94.0,59.0,29.45,0.008124489,Off T,0,Open Play,Right Foot,False,False,Regular Play,92.0,65.0,Ball Recovery,4,1,2,2.0,5.3,0.5,central_pass,88.0,61.0,half_space,False,0,8,1.29,0,1,2,3,2,1,120.0,41.0,0.0,0.91,high_turnover
244124d7-dd2d-4644-be6e-9b5990ad0e0e,7585,Colombia,England,Juan Fernando Quintero Paniagua,1,46,14,97.0,52.0,23.72,0.030466357,Saved,0,Open Play,Left Foot,False,False,From Throw In,76.0,80.0,Pass,26,2,4,21.0,33.5,0.81,cutback,104.0,65.0,wide,False,0,9,1.29,0,1,1,6,1,4,118.0,40.0,1.83,0.0,cutback
09b76284-cb81-4bab-8b5b-c8a45342d4ec,7585,England,Colombia,Jesse Lingard,1,46,47,108.0,50.0,14.28,0.06307399,Off T,0,Open Play,Right Foot,False,False,From Keeper,13.0,43.0,Pass,23,3,4,95.0,91.4,4.13,,,,central,False,0,7,0.91,1,1,1,7,4,3,119.0,42.0,0.91,1.83,other
00391264-fe86-4170-9d22-a8de6513cbce,7585,Colombia,England,Juan Fernando Quintero Paniagua,2,58,47,78.0,41.0,38.42,0.0063226367,Blocked,0,Open Play,Left Foot,False,False,From Free Kick,74.0,40.0,Pass,2,1,1,4.0,4.0,2.0,central_pass,74.0,40.0,central,False,0,11,10.97,0,0,0,7,3,2,119.0,43.0,0.91,2.74,central_penetration
3058e5ab-f8b0-4846-81b3-f989995aedb0,7585,England,Colombia,Bamidele Alli,2,62,19,117.0,32.0,7.81,0.10895206,Off T,0,Open Play,Head,False,False,From Free Kick,84.0,5.0,Pass,9,3,1,33.0,41.7,3.67,central_pass,98.0,55.0,half_space,False,0,8,1.83,0,1,1,6,1,3,119.0,39.0,0.91,0.91,central_penetration
fa62efde-c71c-429f-ad96-9c06877f7260,7585,England,Colombia,Harry Maguire,2,72,37,108.0,45.0,11.89,0.059315044,Off T,0,Open Play,Head,False,False,From Corner,119.0,2.0,Pass,2,1,0,-11.0,25.0,-5.5,cross,119.0,2.0,wide,False,0,9,1.83,0,1,3,9,3,5,119.0,41.0,0.91,0.91,wide_cross
cb71dff8-8a9b-4d54-9886-a93ea54b5505,7585,Colombia,England,Juan Guillermo Cuadrado Bello,2,80,58,108.0,52.0,15.52,0.079690136,Off T,0,Open Play,Right Foot,False,False,From Counter,57.0,23.0,Duel,7,1,2,51.0,48.3,7.29,central_pass,94.0,34.0,central,False,0,6,4.09,0,0,0,5,2,2,119.0,44.0,0.91,3.66,fast_counter
9efd1d17-7a16-4146-8130-ab30b9423cbd,7585,England,Colombia,Harry Maguire,2,83,26,115.0,31.0,9.41,0.089014076,Off T,0,Open Play,Head,False,True,From Free Kick,83.0,42.0,Pass,2,1,0,32.0,26.8,16.0,central_pass,83.0,42.0,central,False,0,8,0.91,1,1,1,8,1,3,119.0,37.0,0.91,2.74,central_penetration
aafc8c53-0910-443e-9be5-efabcdbbbbce,7585,Colombia,England,Davinson Sánchez Mina,2,84,57,110.0,46.0,10.66,0.12324874,Wayward,0,Open Play,Head,False,False,From Throw In,110.0,1.0,Pass,16,5,5,0.0,28.6,0.0,cross,93.0,77.0,wide,False,0,8,1.29,0,1,2,7,1,3,120.0,42.0,0.0,1.83,wide_cross
a484a0d5-87d4-4bf2-8799-b76904288b88,7585,Colombia,England,Radamel Falcao García Zárate,2,85,7,114.0,45.0,7.14,0.09918101,Off T,0,Open Play,Head,False,True,From Throw In,110.0,1.0,Pass,26,6,6,4.0,32.5,0.15,cross,118.0,8.0,wide,False,0,8,0.91,1,1,2,8,3,3,120.0,42.0,0.0,1.83,wide_cross
cd1e8414-141c-44ce-85f6-92cd11695d47,7585,Colombia,England,Radamel Falcao García Zárate,2,86,36,94.0,47.0,24.62,0.02089629,Saved,0,Open Play,Right Foot,False,False,Regular Play,20.0,5.0,Ball Recovery,43,11,13,74.0,79.0,1.72,central_pass,91.0,57.0,half_space,False,0,9,2.89,0,0,1,6,3,2,119.0,42.0,0.91,1.83,central_penetration
5c501cd6-7f62-425b-ae5f-0097ca5c1f5d,7585,Colombia,England,Andrés Mateus Uribe Villa,2,91,59,82.0,41.0,34.76,0.00644605,Saved,0,Open Play,Right Foot,True,False,From Free Kick,34.0,76.0,Pass,6,0,0,48.0,55.2,8.0,,,,central,False,0,10,2.04,0,0,2,3,2,1,119.0,41.0,0.91,0.91,fast_counter
72eecbfb-0436-471d-b12b-dcdc0b4fd8d2,7585,Colombia,England,Yerry Fernando Mina González,2,92,32,114.0,41.0,5.56,0.1694467,Goal,1,Open Play,Head,False,False,From Corner,120.0,80.0,Pass,1,1,0,-6.0,33.9,-6.0,cutback,120.0,80.0,wide,False,0,11,0.91,1,1,4,11,2,8,120.0,41.0,0.0,0.91,cutback
9ecfa9af-0da8-4d24-9980-8748a6015dbd,7585,Colombia,England,Carlos Arturo Bacca Ahumada,3,100,18,109.0,42.0,10.22,0.06629666,Blocked,0,Open Play,Head,False,True,Regular Play,65.0,28.0,Pass,24,7,6,44.0,45.1,1.83,cross,90.0,78.0,wide,False,0,10,0.91,1,1,3,6,2,2,119.0,40.0,0.91,0.0,wide_cross
213dfc45-6d58-49e3-bdcc-0e278a0f8a4e,7585,Colombia,England,Davinson Sánchez Mina,3,101,1,109.0,42.0,10.22,0.0617387,Off T,0,Open Play,Head,False,False,From Corner,120.0,80.0,Pass,2,1,0,-11.0,28.8,-5.5,cutback,120.0,80.0,wide,False,0,9,1.29,0,2,2,9,3,5,119.0,40.0,0.91,0.0,cutback
7a2637af-3c04-4f42-865e-9cb318c83b05,7585,Colombia,England,Radamel Falcao García Zárate,3,103,6,108.0,39.0,11.01,0.1108727,Off T,0,Open Play,Head,False,True,Regular Play,49.0,30.0,Pass,18,8,7,59.0,59.7,3.28,cross,97.0,3.0,wide,False,0,5,0.91,1,2,2,5,1,1,118.0,39.0,1.83,0.91,wide_cross
3aad8838-b4e7-4460-a826-65feab5a5b76,7585,England,Colombia,Jesse Lingard,4,105,9,98.0,45.0,20.63,0.04739213,Blocked,0,Open Play,Left Foot,False,False,From Kick Off,61.0,40.0,Pass,7,1,2,37.0,36.4,5.29,,,,central,False,0,8,1.29,0,1,1,3,1,1,118.0,40.0,1.83,0.0,other
7feecfc6-ca7a-4f08-97d0-053b248c362f,7585,England,Colombia,Jamie Vardy,4,107,1,112.0,56.0,16.36,0.013426386,Blocked,0,Open Play,Right Foot,False,False,From Counter,78.0,56.0,Pass,4,2,1,34.0,27.1,8.5,central_pass,92.0,58.0,half_space,False,0,6,2.74,0,0,1,6,1,0,119.0,44.0,0.91,3.66,fast_counter
08c14ff4-12a8-44ba-b964-724d0966db8f,7585,England,Colombia,Danny Rose,4,111,51,113.0,25.0,15.14,0.01549221,Off T,0,Open Play,Left Foot,False,False,From Throw In,92.0,2.0,Pass,40,12,10,21.0,30.6,0.53,other,105.0,16.0,wide,False,0,6,1.83,0,1,1,6,1,3,119.0,36.0,0.91,3.66,slow_possession
2c215f78-099a-43e7-a801-825d44ec1c47,7585,England,Colombia,Eric Dier,4,114,6,112.0,44.0,8.18,0.11420015,Off T,0,Open Play,Head,False,False,From Corner,119.0,79.0,Pass,2,1,0,-7.0,30.1,-3.5,cross,119.0,79.0,wide,False,0,11,1.83,0,1,3,11,1,6,119.0,40.0,0.91,0.0,wide_cross
6c1b410f-7cdb-425b-84a1-b1e45ec651e6,7585,England,Colombia,Harry Maguire,4,118,28,111.0,45.0,9.41,0.07117139,Wayward,0,Open Play,Head,False,True,From Throw In,109.0,80.0,Pass,2,1,0,2.0,31.2,1.0,other,109.0,80.0,wide,False,0,10,1.29,0,1,3,9,4,3,119.0,40.0,0.91,0.0,other
2a16a49b-fc38-468b-9ab7-47ce5f9dc5e8,7569,Tunisia,Panama,Ferjani Sassi,1,6,50,101.0,40.0,17.37,0.12016924,Blocked,0,Open Play,Right Foot,False,False,Regular Play,39.0,70.0,Pass,21,9,9,62.0,67.4,2.95,central_pass,95.0,47.0,central,False,0,9,2.59,0,0,2,4,1,3,118.0,43.0,1.83,2.74,central_penetration
d8c3ae43-e978-4866-94c5-c30ed930b507,7569,Tunisia,Panama,Naïm Sliti,1,6,52,104.0,33.0,15.97,0.18272044,Wayward,0,Open Play,Right Foot,True,False,Regular Play,39.0,70.0,Pass,23,9,9,65.0,68.9,2.83,,,,central,False,0,7,2.04,0,0,2,6,1,4,119.0,43.0,0.91,2.74,slow_possession
0e34c5ee-a330-48d0-9784-0fdc75c415f7,7569,Panama,Tunisia,Ricardo Guardia Avila,1,8,22,78.0,22.0,41.78,0.006804785,Off T,0,Open Play,Left Foot,False,False,Regular Play,90.0,39.0,Pressure,16,0,1,-12.0,-15.7,-0.75,,,,half_space,False,0,8,1.29,0,1,2,1,1,0,117.0,36.0,2.74,3.66,other
f8efdf50-242a-48f2-80e4-ed070d7dd077,7569,Tunisia,Panama,Naïm Sliti,1,8,56,95.0,42.0,22.93,0.056628663,Off T,0,Open Play,Right Foot,True,False,From Goal Kick,7.0,43.0,Pass,16,5,4,88.0,88.0,5.5,central_pass,98.0,30.0,central,False,0,6,4.57,0,0,0,2,1,1,117.0,41.0,2.74,0.91,central_penetration
00bc1118-164a-4856-a300-962281eb17d3,7569,Panama,Tunisia,Gabriel Arturo Torres Tejada,1,10,7,113.0,32.0,9.72,0.15354061,Wayward,0,Open Play,Other,True,False,From Throw In,100.0,80.0,Pass,4,2,0,13.0,34.1,3.25,central_pass,106.0,38.0,central,False,0,10,2.04,0,0,1,7,1,3,119.0,37.0,0.91,2.74,central_penetration
437722c9-ce07-42b0-b4e5-6991ff526b17,7569,Tunisia,Panama,Fakhreddine Ben Youssef,1,15,52,104.0,27.0,18.85,0.048992414,Blocked,0,Open Play,Right Foot,True,False,Regular Play,40.0,77.0,Pass,23,7,6,64.0,67.5,2.78,cutback,115.0,17.0,wide,False,0,9,1.29,0,1,2,7,2,2,120.0,39.0,0.0,0.91,cutback
2816435f-a807-4a51-b329-09af1a381487,7569,Tunisia,Panama,Naïm Sliti,1,20,51,102.0,48.0,18.01,0.07830034,Saved,0,Open Play,Right Foot,True,False,Regular Play,72.0,73.0,Pass,11,4,3,30.0,38.6,2.73,central_pass,68.0,48.0,central,False,0,7,2.04,0,0,3,3,1,0,115.0,44.0,4.57,3.66,central_penetration
6cd294fc-38f6-4ad5-93f2-f60e7d6b917d,7569,Panama,Tunisia,Luis Carlos Ovalle Victoria,1,32,26,90.0,20.0,32.97,0.0069125295,Saved,0,Open Play,Right Foot,False,False,From Free Kick,76.0,63.0,Pass,9,2,2,14.0,13.6,1.56,central_pass,103.0,18.0,half_space,False,0,10,3.77,0,0,0,6,1,4,119.0,37.0,0.91,2.74,central_penetration
5dbdd800-b1a4-4c43-9165-7292641c09db,7569,Panama,Tunisia,Román Aureliano Torres Morcillo,1,32,32,108.0,30.0,14.28,0.064090684,Blocked,0,Open Play,Right Foot,False,False,From Free Kick,76.0,63.0,Pass,15,3,4,32.0,34.0,2.13,central_pass,114.0,25.0,half_space,False,0,9,2.04,0,0,2,8,2,3,118.0,37.0,1.83,2.74,central_penetration
6b9d9e3f-beda-412a-bf3c-2c5c0334bc37,7569,Panama,Tunisia,José Luis Rodríguez Francis,1,32,38,94.0,34.0,24.4,0.03133579,Blocked,0,Open Play,Left Foot,False,False,From Free Kick,76.0,63.0,Pass,21,5,6,18.0,23.0,0.86,central_pass,100.0,25.0,half_space,False,0,8,6.4,0,0,0,5,2,2,119.0,37.0,0.91,2.74,central_penetration
e91c2c0c-7629-4d57-ae1a-1aa62c371119,7569,Tunisia,Panama,Fakhreddine Ben Youssef,1,38,8,116.0,38.0,4.09,0.30306762,Off T,0,Open Play,Head,False,True,From Throw In,65.0,80.0,Pass,57,17,16,51.0,63.5,0.89,cross,115.0,12.0,wide,False,0,9,0.91,1,1,1,7,1,2,120.0,38.0,0.0,1.83,wide_cross
0eb6892c-79e3-4566-92fa-50afff7665f2,7569,Tunisia,Panama,Wahbi Khazri,1,40,37,109.0,54.0,16.28,0.048267953,Off T,0,Open Play,Right Foot,True,False,Regular Play,36.0,21.0,Pass,8,3,2,73.0,68.3,9.12,cross,100.0,12.0,wide,False,0,7,4.57,0,0,0,7,1,3,120.0,44.0,0.0,3.66,fast_counter
68cb18ad-5e16-4e6a-9240-289d9ac50ebf,7569,Tunisia,Panama,Wahbi Khazri,1,45,17,105.0,54.0,18.76,0.04845559,Blocked,0,Open Play,Right Foot,True,False,Regular Play,75.0,11.0,Pass,12,3,3,30.0,33.0,2.5,,,,half_space,False,0,9,5.17,0,0,0,5,1,2,118.0,45.0,1.83,4.57,other
b9881d26-8d55-41d9-af77-dc22924ad4a8,7569,Tunisia,Panama,Wahbi Khazri,1,45,18,109.0,54.0,16.28,0.05502656,Saved,0,Open Play,Right Foot,True,False,Regular Play,75.0,11.0,Pass,13,3,3,34.0,35.7,2.62,,,,half_space,False,0,9,4.09,0,0,0,7,1,2,117.0,44.0,2.74,3.66,other
fcce3aae-316b-4da1-a3e2-695c80909162,7569,Tunisia,Panama,Fakhreddine Ben Youssef,2,50,16,114.0,40.0,5.49,0.55791056,Goal,1,Open Play,Right Foot,True,False,From Throw In,35.0,1.0,Pass,59,20,20,79.0,87.5,1.34,central_pass,110.0,54.0,half_space,False,0,7,2.74,0,0,3,7,1,3,117.0,41.0,2.74,0.91,central_penetration
fa0d7505-fe2c-4e3e-9916-c8e26c7147bb,7569,Tunisia,Panama,Fakhreddine Ben Youssef,2,52,45,109.0,47.0,11.92,0.40925014,Saved,0,Open Play,Right Foot,True,False,From Counter,41.0,78.0,Duel,10,4,3,68.0,74.6,6.8,,,,central,False,0,6,2.89,0,0,1,3,1,0,113.0,44.0,6.4,3.66,fast_counter
499c795f-a07f-4829-b12a-f7ed51fda3cc,7569,Tunisia,Panama,Hamdi Nagguez,2,55,9,113.0,50.0,11.16,0.08575495,Wayward,0,Open Play,Other,True,False,From Corner,120.0,79.0,Pass,1,1,0,-7.0,26.8,-7.0,cutback,120.0,79.0,wide,False,0,10,2.74,0,0,1,9,2,5,118.0,41.0,1.83,0.91,cutback
d43aea5e-6fd8-4e66-b33e-ed2974619426,7569,Tunisia,Panama,Ghilane Chalali,2,56,46,103.0,51.0,18.52,0.060271066,Wayward,0,Open Play,Right Foot,True,False,Regular Play,47.0,61.0,Ball Recovery,23,6,6,56.0,55.7,2.43,central_pass,99.0,59.0,half_space,False,0,8,1.83,0,2,3,6,1,2,117.0,41.0,2.74,0.91,central_penetration
5967f993-333a-4a2e-b1ff-60bd3539bf76,7569,Tunisia,Panama,Wahbi Khazri,2,61,28,104.0,56.0,20.69,0.034605168,Saved,0,Open Play,Right Foot,False,False,Regular Play,39.0,58.0,Ball Recovery,10,3,4,65.0,60.3,6.5,central_pass,66.0,53.0,half_space,False,0,6,2.04,0,0,2,5,1,2,118.0,42.0,1.83,1.83,fast_counter
26b0dc97-f98e-4e4c-8e73-83f45fa1dbca,7569,Panama,Tunisia,Edgar Yoel Bárcenas Herrera,2,62,29,104.0,42.0,14.74,0.19272226,Saved,0,Open Play,Right Foot,False,False,From Free Kick,63.0,39.0,Pass,12,5,5,41.0,40.9,3.42,,,,central,False,0,6,2.74,0,0,1,4,2,1,107.0,42.0,11.89,1.83,fast_counter
4ca8663f-8617-45bb-b3d6-f76a2cf33d61,7569,Tunisia,Panama,Wahbi Khazri,2,65,21,117.0,43.0,3.88,0.7630343,Goal,1,Open Play,Right Foot,True,False,From Free Kick,15.0,42.0,Pass,51,18,16,102.0,100.8,2.0,central_pass,114.0,27.0,half_space,False,0,8,2.89,0,0,1,8,0,4,116.0,32.0,3.66,7.32,central_penetration
d5d969f7-31d8-4c6d-92dd-fd55eef00999,7569,Panama,Tunisia,José Luis Rodríguez Francis,2,69,53,108.0,31.0,13.72,0.07895462,Saved,0,Open Play,Left Foot,False,True,From Throw In,93.0,1.0,Pass,10,4,3,15.0,32.4,1.5,,,,central,False,0,7,1.29,0,1,3,6,3,3,118.0,40.0,1.83,0.0,other
245a4b23-d240-4d05-b7b7-3584e23d54c3,7569,Panama,Tunisia,Aníbal Cesis Godoy,2,92,36,104.0,31.0,16.79,0.10425556,Off T,0,Open Play,Left Foot,True,False,From Free Kick,43.0,14.0,Pass,5,2,0,61.0,62.9,12.2,central_pass,95.0,60.0,half_space,False,0,8,2.89,0,0,2,5,1,2,118.0,41.0,1.83,0.91,fast_counter
885baa1e-1a69-4bfa-873d-975bfde377db,7569,Panama,Tunisia,Edgar Yoel Bárcenas Herrera,2,95,20,94.0,50.0,25.47,0.052178748,Saved,0,Free Kick,Right Foot,False,False,From Free Kick,94.0,50.0,Shot,0,0,0,0.0,0.0,,,,,central,False,0,11,11.92,0,0,0,11,3,8,118.0,42.0,1.83,1.83,set_piece
cf402cf7-54e4-4270-ac81-2f1729cd27ca,7572,Japan,Poland,Shinji Okazaki,1,11,54,113.0,38.0,6.66,0.18346742,Off T,0,Open Play,Head,False,True,Regular Play,44.0,79.0,Pass,34,6,4,69.0,78.1,2.03,cross,115.0,19.0,half_space,False,0,9,0.91,1,1,1,9,2,3,119.0,39.0,0.91,0.91,wide_cross
a15a3bbe-75d6-4310-bfd3-fc0937eacab5,7572,Japan,Poland,Yoshinori Muto,1,12,46,100.0,28.0,21.33,0.059056483,Saved,0,Open Play,Right Foot,False,True,Regular Play,41.0,61.0,Ball Recovery,14,3,3,59.0,58.4,4.21,central_pass,95.0,38.0,central,False,0,8,3.66,0,0,0,5,1,2,118.0,38.0,1.83,1.83,central_penetration
dcaab6d8-0161-4b94-9293-f71c681abe6f,7572,Poland,Japan,Robert Lewandowski,1,14,54,98.0,32.0,21.41,0.054395676,Blocked,0,Open Play,Right Foot,True,False,Regular Play,77.0,3.0,Duel,16,5,5,21.0,33.3,1.31,cutback,109.0,14.0,wide,False,0,8,5.56,0,0,0,6,1,1,117.0,41.0,2.74,0.91,cutback
31cde77f-9d22-4ee3-b96a-412cda7c870b,7572,Japan,Poland,Gotoku Sakai,1,15,15,97.0,43.0,21.21,0.062735535,Saved,0,Open Play,Left Foot,True,True,Regular Play,34.0,28.0,Ball Recovery,13,4,3,63.0,63.6,4.85,central_pass,99.0,24.0,half_space,False,0,9,1.83,0,1,1,4,1,1,118.0,39.0,1.83,0.91,central_penetration
165025a9-c8f8-47c8-85a6-1b1d83d45654,7572,Poland,Japan,Rafał Kurzawa,1,22,54,93.0,38.0,24.76,0.044366844,Blocked,0,Open Play,Left Foot,False,False,From Free Kick,41.0,77.0,Pass,12,4,3,52.0,60.2,4.33,central_pass,65.0,46.0,central,False,0,9,3.88,0,0,0,2,1,1,117.0,41.0,2.74,0.91,fast_counter
b01fd681-b8d6-486f-9964-1b516fd4c880,7572,Poland,Japan,Kamil Grosicki,1,31,50,108.0,39.0,11.01,0.13426797,Saved,0,Open Play,Head,False,False,Regular Play,51.0,5.0,50/50,14,5,5,57.0,65.3,4.07,central_pass,101.0,62.0,half_space,False,0,7,2.89,0,0,1,7,1,2,119.0,41.0,0.91,0.91,central_penetration
ef26bc8c-2278-4a35-a9d8-e8eb5b60258c,7572,Poland,Japan,Jacek Góralski,1,32,32,85.0,48.0,32.83,0.006573843,Off T,0,Open Play,Right Foot,False,False,From Corner,119.0,1.0,Pass,7,0,1,-34.0,3.1,-4.86,,,,central,False,0,11,7.76,0,0,0,8,3,3,118.0,41.0,1.83,0.91,other
ddadd909-ef2b-44eb-8df7-438681a9c877,7572,Japan,Poland,Takashi Usami,1,34,7,114.0,58.0,17.35,0.011623721,Saved,0,Open Play,Right Foot,False,True,Regular Play,26.0,28.0,Pass,56,20,19,88.0,75.8,1.57,central_pass,92.0,61.0,half_space,False,0,8,2.89,0,0,1,7,1,2,119.0,43.0,0.91,2.74,central_penetration
7fc25a06-272d-426f-a3db-8c16ffdfe93e,7572,Poland,Japan,Rafał Kurzawa,1,36,56,104.0,50.0,17.25,0.061134342,Off T,0,Open Play,Right Foot,True,False,From Corner,119.0,1.0,Pass,3,0,0,-15.0,20.1,-5.0,,,,central,False,0,11,4.57,0,0,0,10,4,4,119.0,41.0,0.91,0.91,other
5cb090d5-3770-4e59-8e8d-c58866d949e1,7572,Japan,Poland,Tomoaki Makino,1,40,31,109.0,38.0,10.22,0.07206442,Wayward,0,Open Play,Head,False,False,From Corner,119.0,79.0,Pass,1,1,0,-10.0,27.8,-10.0,cross,119.0,79.0,wide,False,0,11,0.91,1,1,2,11,1,4,119.0,40.0,0.91,0.0,wide_cross
a567a28d-f4e1-454b-9ea5-d1fcf95707fc,7572,Japan,Poland,Takashi Usami,2,52,39,97.0,32.0,22.27,0.04554054,Blocked,0,Open Play,Right Foot,False,True,Regular Play,27.0,65.0,Pass,20,4,3,70.0,72.0,3.5,central_pass,76.0,40.0,central,False,0,9,2.04,0,0,1,7,3,4,119.0,41.0,0.91,0.91,central_penetration
026b25bc-ee2b-48ac-b67d-cd0d57998889,7572,Japan,Poland,Yoshinori Muto,2,57,25,113.0,41.0,6.47,0.10740796,Wayward,0,Open Play,Head,False,True,From Corner,119.0,1.0,Pass,5,3,2,-6.0,31.9,-1.2,cross,111.0,9.0,wide,False,0,11,0.91,2,2,3,10,3,4,120.0,41.0,0.0,0.91,wide_cross
4a0edb2f-4997-49f3-b4eb-b89e8e6e2a1d,7572,Japan,Poland,Tomoaki Makino,2,57,28,118.0,34.0,5.78,0.12342296,Off T,0,Open Play,Right Foot,True,False,From Corner,119.0,1.0,Pass,8,3,2,-1.0,32.7,-0.12,,,,central,False,0,10,0.91,1,1,3,9,1,4,120.0,38.0,0.0,1.83,other
e71782b0-70e0-4c9d-a0dc-1901778cc477,7572,Poland,Japan,Jan Bednarek,2,58,55,114.0,46.0,7.76,0.20855306,Goal,1,Open Play,Right Foot,True,False,From Free Kick,87.0,21.0,Pass,2,1,0,27.0,29.6,13.5,central_pass,87.0,21.0,half_space,False,0,9,2.04,0,0,2,9,1,4,117.0,41.0,2.74,0.91,central_penetration
4a487f2d-c4ed-4c13-b57f-3c3e3c729409,7572,Japan,Poland,Takashi Usami,2,61,45,104.0,35.0,15.33,0.11634326,Blocked,0,Open Play,Right Foot,False,False,From Throw In,67.0,1.0,Pass,12,3,5,37.0,49.0,3.08,cutback,112.0,18.0,half_space,False,0,9,1.83,0,1,1,6,1,2,120.0,41.0,0.0,0.91,cutback
1710fcbf-7cc2-4317-8393-58946037feb3,7572,Poland,Japan,Piotr Zieliński,2,63,12,96.0,47.0,22.86,0.039988436,Blocked,0,Open Play,Left Foot,False,False,From Free Kick,25.0,39.0,Pass,8,4,2,71.0,70.0,8.88,central_pass,98.0,49.0,central,False,0,8,2.89,0,0,1,1,2,0,116.0,40.0,3.66,0.0,fast_counter
35cf80c8-4ec8-4c80-babc-efaa717b5483,7572,Poland,Japan,Kamil Grosicki,2,67,19,106.0,35.0,13.59,0.09800385,Off T,0,Open Play,Head,False,False,Regular Play,31.0,66.0,Pass,25,5,4,75.0,77.9,3.0,cross,88.0,3.0,wide,False,0,7,1.29,0,1,2,4,1,2,117.0,40.0,2.74,0.0,wide_cross
d3e00ddb-4789-4feb-b551-b07c5b313c63,7572,Japan,Poland,Takashi Inui,2,69,6,107.0,16.0,24.96,0.0072147795,Off T,0,Open Play,Right Foot,False,True,From Goal Kick,7.0,42.0,Pass,13,2,1,100.0,85.7,7.69,central_pass,85.0,37.0,central,False,0,8,3.3,0,0,0,8,1,5,119.0,40.0,0.91,0.0,central_penetration
ef53ce76-4b4a-44ae-a80e-6f6a5e6eacdf,7572,Japan,Poland,Maya Yoshida,2,71,45,113.0,39.0,6.47,0.1017525,Off T,0,Open Play,Head,False,False,From Corner,120.0,2.0,Pass,1,1,0,-7.0,30.9,-7.0,cutback,120.0,2.0,wide,False,0,11,0.91,1,2,3,11,2,4,120.0,41.0,0.0,0.91,cutback
fa6b9c26-9ea5-4e7d-888f-ead68ff491d9,7572,Poland,Japan,Robert Lewandowski,2,73,28,109.0,43.0,10.43,0.26756054,Off T,0,Open Play,Right Foot,True,False,Regular Play,28.0,48.0,Duel,10,3,3,81.0,80.9,8.1,central_pass,102.0,62.0,half_space,False,0,4,1.29,0,1,1,3,1,1,115.0,42.0,4.57,1.83,fast_counter
53ab0dbf-01d1-42ac-8d0c-3fdb591164b1,7572,Poland,Japan,Kamil Glik,2,77,35,109.0,41.0,10.1,0.06256303,Off T,0,Open Play,Head,False,False,From Corner,119.0,80.0,Pass,1,1,0,-10.0,29.0,-10.0,cutback,119.0,80.0,wide,False,0,11,0.91,1,1,3,9,3,5,118.0,40.0,1.83,0.0,cutback
4742cb5a-b2dd-4b4a-95dd-4e978a0dbe58,7572,Poland,Japan,Artur Jędrzejczyk,2,81,26,110.0,40.0,9.14,0.06330646,Blocked,0,Open Play,Head,False,True,From Corner,120.0,79.0,Pass,2,1,0,-10.0,29.0,-5.0,cutback,120.0,79.0,wide,False,0,11,0.91,1,2,3,11,3,4,118.0,40.0,1.83,0.0,cutback
313b42ee-7bb8-4a62-85f8-d5770bdf170f,7561,Croatia,Iceland,Mateo Kovačić,1,18,57,101.0,46.0,18.22,0.060011856,Blocked,0,Open Play,Right Foot,True,False,From Corner,120.0,3.0,Pass,7,2,2,-19.0,17.1,-2.71,,,,central,False,0,11,1.29,0,1,1,11,4,7,120.0,41.0,0.0,0.91,other
acc77bb8-cb41-4aa6-b5f9-428b45557c1d,7561,Iceland,Croatia,Hörður Björgvin Magnússon,1,27,50,112.0,34.0,9.14,0.0732138,Off T,0,Open Play,Head,False,False,From Corner,120.0,80.0,Pass,2,1,0,-8.0,30.0,-4.0,cutback,120.0,80.0,wide,False,0,11,0.91,1,2,2,10,2,5,119.0,38.0,0.91,1.83,cutback
e3ae4964-1140-4265-ae2a-f289594769bb,7561,Iceland,Croatia,Gylfi Þór Sigurðsson,1,30,27,94.0,19.0,30.56,0.007674473,Saved,0,Free Kick,Right Foot,False,False,From Free Kick,94.0,19.0,Shot,0,0,0,0.0,0.0,,,,,half_space,False,0,11,11.92,0,0,0,11,2,6,118.0,40.0,1.83,0.0,set_piece
e97babe5-309f-4031-bf05-5ffac4bd4bdf,7561,Iceland,Croatia,Birkir Bjarnason,1,33,33,104.0,36.0,15.08,0.06737653,Blocked,0,Open Play,Right Foot,True,False,From Corner,119.0,80.0,Pass,4,2,0,-15.0,23.5,-3.75,cutback,109.0,29.0,half_space,False,0,11,2.04,0,0,1,11,7,6,119.0,38.0,0.91,1.83,cutback
dc03fe31-3d19-4c4d-8af6-0fc4607b1bd1,7561,Iceland,Croatia,Birkir Bjarnason,1,33,35,105.0,41.0,13.75,0.0741302,Blocked,0,Open Play,Right Foot,True,True,From Corner,119.0,80.0,Pass,6,3,0,-14.0,25.0,-2.33,cutback,106.0,44.0,central,False,0,11,2.04,0,0,2,11,4,6,118.0,40.0,1.83,0.0,cutback
0bfb04ea-79f3-4192-89c0-b0fe0195ee89,7561,Croatia,Iceland,Ivan Perišić,1,36,20,95.0,41.0,22.88,0.040457163,Off T,0,Open Play,Left Foot,False,False,Regular Play,33.0,51.0,Pass,27,9,9,62.0,62.7,2.3,central_pass,85.0,53.0,half_space,False,0,9,3.3,0,0,0,3,2,0,119.0,41.0,0.91,0.91,central_penetration
31cd8a44-2677-4dbe-8685-3096e59b4ac7,7561,Croatia,Iceland,Marko Pjaca,1,39,4,91.0,40.0,26.52,0.027670745,Blocked,0,Open Play,Right Foot,False,False,Regular Play,46.0,51.0,Ball Recovery,35,7,10,45.0,45.8,1.29,central_pass,89.0,27.0,half_space,False,0,10,3.3,0,0,0,4,2,0,119.0,41.0,0.91,0.91,central_penetration
1878b46f-c6e0-4b8d-bb0d-c0e1214a17ef,7561,Iceland,Croatia,Alfreð Finnbogason,1,39,51,103.0,45.0,16.2,0.13476612,Off T,0,Open Play,Right Foot,True,False,Regular Play,88.0,50.0,Duel,4,2,1,15.0,15.8,3.75,cutback,104.0,54.0,half_space,False,0,7,3.3,0,0,0,4,1,1,118.0,41.0,1.83,0.91,high_turnover
2fa602a7-7dd2-47b0-8d83-42118998a3d6,7561,Croatia,Iceland,Luka Modrić,1,40,57,87.0,46.0,30.67,0.02248241,Off T,0,Open Play,Right Foot,False,False,Regular Play,42.0,31.0,Pass,20,6,7,45.0,45.0,2.25,central_pass,83.0,29.0,half_space,False,0,9,5.17,0,0,0,1,2,0,119.0,41.0,0.91,0.91,central_penetration
6f741e74-ada1-4bf5-9136-464eacd834ac,7561,Iceland,Croatia,Emil Hallfreðsson,1,43,34,85.0,35.0,32.33,0.0148026515,Off T,0,Open Play,Left Foot,False,True,From Throw In,90.0,1.0,Pass,11,4,4,-5.0,13.8,-0.45,other,89.0,15.0,wide,False,0,11,6.66,0,0,0,7,2,4,118.0,40.0,1.83,0.0,other
8e70c2e1-5811-4cf0-9179-d601c50377c8,7561,Iceland,Croatia,Birkir Bjarnason,1,45,4,108.0,42.0,11.12,0.12390236,Saved,0,Open Play,Right Foot,True,False,From Corner,120.0,2.0,Pass,3,0,0,-12.0,25.8,-4.0,,,,central,False,0,11,1.29,0,1,1,11,4,5,115.0,40.0,4.57,0.0,other
ccae6789-b294-4e21-96eb-64a654d5eba5,7561,Iceland,Croatia,Aron Einar Gunnarsson,1,46,44,104.0,56.0,20.69,0.032808866,Saved,0,Open Play,Right Foot,True,False,Regular Play,32.0,41.0,Duel,32,5,6,72.0,65.4,2.25,cutback,110.0,61.0,half_space,False,0,9,4.92,0,0,0,8,3,4,118.0,42.0,1.83,1.83,cutback
4c9fa445-3906-46f0-82d7-41521ffd0c28,7561,Croatia,Iceland,Milan Badelj,2,50,56,93.0,49.0,26.02,0.02910992,Post,0,Open Play,Right Foot,False,False,From Counter,46.0,35.0,Ball Recovery,10,3,4,47.0,45.7,4.7,central_pass,77.0,33.0,central,False,0,8,4.57,0,0,0,3,2,0,118.0,41.0,1.83,0.91,fast_counter
46b28129-116d-439b-aedb-4f508b1b37a9,7561,Croatia,Iceland,Milan Badelj,2,52,32,106.0,40.0,12.8,0.15725932,Goal,1,Open Play,Right Foot,False,True,From Throw In,100.0,79.0,Pass,37,11,14,6.0,29.8,0.16,,,,central,False,0,8,3.3,0,0,0,8,1,3,119.0,39.0,0.91,0.91,slow_possession
35ba5865-7d31-4fbf-9661-b65ee74e8b76,7561,Iceland,Croatia,Hörður Björgvin Magnússon,2,54,20,117.0,48.0,7.81,0.094022386,Wayward,0,Open Play,Head,False,True,From Throw In,102.0,80.0,Pass,2,1,0,15.0,35.3,7.5,other,102.0,80.0,wide,False,0,11,0.91,1,2,3,10,1,5,119.0,46.0,0.91,5.49,other
a01f9e3c-6e10-43c5-849b-79f1ddb60561,7561,Iceland,Croatia,Sverrir Ingi Ingason,2,54,22,113.0,39.0,6.47,0.14512381,Saved,0,Open Play,Head,False,False,From Throw In,102.0,80.0,Pass,4,1,0,11.0,36.8,2.75,,,,central,False,0,9,0.91,1,1,1,9,4,5,119.0,41.0,0.91,0.91,other
01587811-b5f5-4863-9288-e4c0bbebf42d,7561,Iceland,Croatia,Sverrir Ingi Ingason,2,55,20,113.0,42.0,6.66,0.08829386,Post,0,Open Play,Head,False,False,From Corner,119.0,1.0,Pass,2,1,0,-6.0,31.7,-3.0,cross,119.0,1.0,wide,False,0,11,0.91,1,1,2,11,5,6,120.0,42.0,0.0,1.83,wide_cross
5f1eef43-277f-4c48-8090-51dba0d5e0bb,7561,Iceland,Croatia,Johann Berg Guðmunds­son,2,56,5,101.0,61.0,25.9,0.010740825,Blocked,0,Open Play,Left Foot,False,False,Regular Play,53.0,73.0,Pass,13,6,4,48.0,46.4,3.69,central_pass,73.0,51.0,half_space,False,0,9,3.3,0,0,0,7,2,4,119.0,42.0,0.91,1.83,central_penetration
fbb5f5d8-d301-4855-bdcf-527281b8260c,7561,Iceland,Croatia,Gylfi Þór Sigurðsson,2,65,8,108.0,60.0,21.33,0.009020671,Off T,0,Open Play,Right Foot,False,False,From Counter,83.0,76.0,Ball Recovery,5,1,2,25.0,28.3,5.0,other,86.0,77.0,wide,False,0,9,2.74,0,0,2,6,1,1,119.0,44.0,0.91,3.66,fast_counter
92acccea-9d81-4624-bfce-61d4d541acb4,7561,Croatia,Iceland,Andrej Kramarić,2,65,59,91.0,34.0,27.08,0.02832047,Blocked,0,Open Play,Left Foot,False,False,From Goal Kick,7.0,40.0,Pass,17,4,4,84.0,83.4,4.94,central_pass,73.0,51.0,half_space,False,0,8,2.89,0,0,1,1,2,0,118.0,40.0,1.83,0.0,central_penetration
a75c7a9b-9fa1-4cef-811e-1b91ecb713de,7561,Iceland,Croatia,Birkir Bjarnason,2,72,3,112.0,33.0,9.72,0.27502066,Off T,0,Open Play,Left Foot,True,False,Regular Play,42.0,65.0,Ball Recovery,12,3,3,70.0,71.3,5.83,cross,111.0,63.0,wide,False,0,4,4.09,0,0,0,4,1,3,119.0,42.0,0.91,1.83,fast_counter
76be5a7d-ca54-42f3-bf97-82c07c433000,7561,Croatia,Iceland,Josip Pivarić,2,73,32,100.0,19.0,26.52,0.009257236,Off T,0,Open Play,Left Foot,False,False,Regular Play,20.0,42.0,Pass,25,8,9,80.0,71.0,3.2,central_pass,81.0,38.0,central,False,0,7,2.89,0,0,1,5,1,2,118.0,38.0,1.83,1.83,central_penetration
1c88303e-f2f1-40d7-bfa9-9dd63c90f451,7561,Iceland,Croatia,Johann Berg Guðmunds­son,2,76,1,98.0,60.0,27.19,0.008520809,Saved,0,Open Play,Left Foot,False,True,Regular Play,66.0,53.0,Pass,20,6,8,32.0,25.8,1.6,,,,half_space,False,0,11,2.74,0,0,1,8,3,4,119.0,43.0,0.91,2.74,other
157ce5f8-810a-4439-9384-5ebea13337d6,7561,Croatia,Iceland,Ivan Perišić,2,84,21,95.0,55.0,26.66,0.03921014,Off T,0,Free Kick,Left Foot,False,False,From Free Kick,95.0,55.0,Shot,0,0,0,0.0,0.0,,,,,half_space,False,0,10,8.43,0,0,0,9,1,3,118.0,40.0,1.83,0.0,set_piece
1ddd5c9b-e7c9-4d78-8da2-df9d6c450d40,7561,Croatia,Iceland,Ivan Rakitić,2,87,18,104.0,16.0,26.38,0.008552793,Off T,0,Free Kick,Right Foot,False,False,From Free Kick,104.0,16.0,Shot,0,0,0,0.0,0.0,,,,,wide,False,0,8,11.01,0,0,0,8,2,4,118.0,40.0,1.83,0.0,set_piece
8d2e76a6-304c-4fe6-ae97-3f683ad59792,7561,Croatia,Iceland,Andrej Kramarić,2,88,6,104.0,33.0,15.97,0.07215265,Off T,0,Open Play,Right Foot,False,False,Regular Play,47.0,39.0,Pass,31,8,8,57.0,55.5,1.84,central_pass,91.0,30.0,central,False,0,5,1.83,0,1,1,4,2,2,118.0,39.0,1.83,0.91,central_penetration
34b9f460-6031-48b8-9506-3cae3179b443,7561,Croatia,Iceland,Ivan Perišić,2,89,43,111.0,28.0,13.72,0.124663696,Goal,1,Open Play,Left Foot,False,False,Regular Play,76.0,17.0,Pass,12,2,3,35.0,34.6,2.92,central_pass,86.0,24.0,half_space,False,0,4,2.04,0,0,1,4,1,1,118.0,35.0,1.83,4.57,central_penetration
2ccc9cc6-1701-4628-8612-6741ba77df47,7561,Croatia,Iceland,Ivan Rakitić,2,91,11,101.0,41.0,17.4,0.054780398,Off T,0,Open Play,Right Foot,False,False,Regular Play,33.0,56.0,Pass,11,2,2,68.0,69.4,6.18,central_pass,100.0,57.0,half_space,False,0,7,1.83,0,1,1,6,2,3,117.0,40.0,2.74,0.0,fast_counter
27172494-a1be-47d9-901d-f426df8620d8,7561,Iceland,Croatia,Aron Einar Gunnarsson,2,93,38,114.0,38.0,5.78,0.18976888,Blocked,0,Open Play,Head,False,False,From Corner,120.0,2.0,Pass,2,1,0,-6.0,31.7,-3.0,cutback,120.0,2.0,wide,False,0,11,0.91,1,1,2,11,1,7,120.0,41.0,0.0,0.91,cutback
74d02460-55dd-4ff2-bf7e-ab491f26c089,7540,Russia,Egypt,Roman Zobnin,1,4,38,100.0,22.0,24.6,0.01924025,Blocked,0,Open Play,Left Foot,False,False,Regular Play,64.0,41.0,Pass,9,2,3,36.0,29.1,4.0,,,,half_space,False,0,9,4.57,0,0,0,7,2,4,118.0,37.0,1.83,2.74,other
732b8076-bcc9-4201-af4c-46d595081971,7540,Russia,Egypt,Sergei Ignashevich,1,5,17,110.0,38.0,9.33,0.11243659,Saved,0,Open Play,Head,False,False,From Corner,119.0,2.0,Pass,6,3,2,-9.0,27.8,-1.5,cross,104.0,10.0,wide,False,0,9,2.04,0,0,1,9,1,4,118.0,39.0,1.83,0.91,wide_cross
6d52cd93-76d7-4778-ae4d-95ea1ac0d085,7540,Russia,Egypt,Aleksandr Golovin,1,5,32,96.0,37.0,22.12,0.054492563,Off T,0,Open Play,Right Foot,False,False,Regular Play,96.0,37.0,Shot,0,0,0,0.0,0.0,,,,,central,False,0,7,1.83,0,1,1,1,1,0,118.0,38.0,1.83,1.83,other
857cbfce-8e92-44bc-955c-8536d2c1364e,7540,Russia,Egypt,Denis Cheryshev,1,12,57,99.0,48.0,20.55,0.029840613,Blocked,0,Open Play,Left Foot,False,False,Regular Play,21.0,23.0,Pass,19,8,8,78.0,78.0,4.11,central_pass,95.0,55.0,half_space,False,0,9,2.04,0,0,2,5,2,1,117.0,41.0,2.74,0.91,central_penetration
fd16c005-ef10-4149-aa8c-35cd0c354894,7540,Egypt,Russia,Marwan Mohsen,1,14,8,116.0,33.0,7.37,0.110154584,Blocked,0,Open Play,Head,False,True,From Corner,120.0,2.0,Pass,1,1,0,-4.0,29.9,-4.0,cutback,120.0,2.0,wide,False,0,10,0.91,1,1,1,10,1,5,120.0,39.0,0.0,0.91,cutback
def9d729-0000-4705-83b6-de6f5634d581,7540,Egypt,Russia,Mahmoud Ibrahim Hassan,1,15,24,105.0,24.0,20.05,0.02676571,Off T,0,Open Play,Right Foot,False,False,From Throw In,115.0,1.0,Pass,28,5,6,-10.0,17.4,-0.36,central_pass,80.0,26.0,half_space,False,0,9,2.04,0,0,2,6,2,2,120.0,39.0,0.0,0.91,central_penetration
e7a01772-c453-467d-a382-4ad2138efe49,7540,Russia,Egypt,Denis Cheryshev,1,18,12,92.0,34.0,26.18,0.021579333,Off T,0,Open Play,Right Foot,False,False,From Free Kick,87.0,3.0,Pass,3,0,1,5.0,20.9,1.67,,,,central,False,0,10,4.92,0,0,0,8,3,5,118.0,39.0,1.83,0.91,other
26a7fe1a-cebc-422d-a9cb-ed94dacb40dc,7540,Russia,Egypt,Yury Gazinskiy,1,22,58,89.0,32.0,29.28,0.01850139,Off T,0,Open Play,Right Foot,False,False,Regular Play,72.0,8.0,Pass,9,2,3,17.0,25.7,1.89,,,,central,False,0,9,4.66,0,0,0,4,2,1,118.0,40.0,1.83,0.0,other
6a82b647-af09-467d-ae2e-232f09b9d0a8,7540,Egypt,Russia,Mahmoud Ibrahim Hassan,1,24,8,99.0,28.0,22.12,0.03949043,Blocked,0,Open Play,Right Foot,False,False,From Throw In,63.0,80.0,Pass,24,7,7,36.0,45.4,1.5,central_pass,95.0,52.0,half_space,False,0,8,5.56,0,0,0,7,1,2,119.0,40.0,0.91,0.0,central_penetration
0a6449e5-eb6a-4177-ab9d-eb781ad4968b,7540,Egypt,Russia,Marwan Mohsen,1,33,45,117.0,25.0,13.99,0.012645621,Wayward,0,Open Play,Head,False,True,From Corner,120.0,2.0,Pass,1,1,0,-3.0,22.7,-3.0,cutback,120.0,2.0,wide,False,0,9,0.91,1,1,1,9,0,4,119.0,39.0,0.91,0.91,cutback
bcbb93d8-fce3-4912-9cd2-a04cd5f9ee2d,7540,Egypt,Russia,Marwan Mohsen,1,34,30,113.0,34.0,8.43,0.10735543,Off T,0,Open Play,Head,False,True,From Throw In,89.0,1.0,Pass,18,6,4,24.0,40.6,1.33,cross,98.0,77.0,wide,False,0,6,0.91,1,1,1,6,1,3,120.0,39.0,0.0,0.91,wide_cross
c6b89661-df6a-4ac8-bbe2-337b9b530486,7540,Russia,Egypt,Denis Cheryshev,1,38,17,90.0,39.0,27.45,0.016148616,Wayward,0,Open Play,Left Foot,False,False,Regular Play,48.0,76.0,Ball Recovery,47,13,14,42.0,50.5,0.89,central_pass,88.0,61.0,half_space,False,0,9,2.74,0,0,1,5,3,3,118.0,40.0,1.83,0.0,central_penetration
85de5280-256a-443f-bd65-a4226237312e,7540,Egypt,Russia,Marwan Mohsen,1,38,38,107.0,41.0,11.92,0.13225357,Saved,0,Open Play,Head,False,True,Regular Play,47.0,37.0,Pass,18,9,5,60.0,60.0,3.33,central_pass,93.0,21.0,half_space,False,0,10,0.91,1,1,1,7,1,2,119.0,41.0,0.91,0.91,central_penetration
6a75c613-1bd1-4219-9919-11297cfc63b9,7540,Russia,Egypt,Artem Dzyuba,1,40,20,113.0,47.0,9.05,0.093272045,Off T,0,Open Play,Head,False,True,From Corner,118.0,2.0,Pass,2,1,0,-5.0,28.2,-2.5,cross,118.0,2.0,wide,False,0,10,0.0,1,1,2,10,2,4,118.0,41.0,1.83,0.91,wide_cross
b0db5489-6a9e-4bfb-9585-d7480b5332f1,7540,Egypt,Russia,Mohamed Salah,1,41,5,104.0,46.0,15.63,0.06451939,Off T,0,Open Play,Left Foot,False,False,From Goal Kick,7.0,45.0,Pass,17,4,3,97.0,96.0,5.71,central_pass,98.0,35.0,central,False,0,8,2.59,0,0,2,6,1,2,118.0,43.0,1.83,2.74,central_penetration
2d62f9f9-a38a-43e6-b20c-df9b73219fc7,7540,Russia,Egypt,Roman Zobnin,2,46,30,97.0,55.0,25.11,0.023341442,Blocked,0,Open Play,Right Foot,True,False,Regular Play,40.0,74.0,Pass,27,5,6,57.0,59.5,2.11,,,,half_space,False,0,8,7.54,0,0,0,6,2,2,117.0,44.0,2.74,3.66,other
62523abd-87e8-4bc4-b904-7f709e6c0fc3,7540,Egypt,Russia,Mohamed Salah,2,55,27,107.0,33.0,13.5,0.13687143,Blocked,0,Open Play,Left Foot,False,True,Regular Play,54.0,53.0,Pass,40,15,11,53.0,52.5,1.32,central_pass,107.0,34.0,central,False,0,9,3.3,0,0,0,7,2,2,116.0,39.0,3.66,0.91,central_penetration
a07b6ccf-2c06-42fe-b153-4840745fb1c7,7540,Russia,Egypt,Denis Cheryshev,2,58,37,111.0,47.0,10.43,0.112002075,Goal,1,Open Play,Left Foot,True,False,From Throw In,91.0,80.0,Pass,23,8,5,20.0,38.0,0.87,cross,116.0,60.0,half_space,False,0,8,2.04,0,0,1,8,2,3,118.0,43.0,1.83,2.74,wide_cross
34e1f24c-bdcd-4d30-bd73-cbd76fd48ea8,7540,Russia,Egypt,Artem Dzyuba,2,61,9,108.0,44.0,11.57,0.24069965,Goal,1,Open Play,Right Foot,False,False,From Free Kick,50.0,78.0,Pass,5,1,3,58.0,67.0,11.6,other,50.0,78.0,wide,False,0,7,2.89,0,0,1,5,1,1,118.0,42.0,1.83,1.83,fast_counter
978e762e-85ab-4930-aa7b-04e2cc71dc0d,7540,Egypt,Russia,Ali Gabr,2,62,52,107.0,49.0,14.46,0.06319924,Off T,0,Open Play,Head,False,False,From Free Kick,77.0,16.0,Pass,2,1,0,30.0,33.4,15.0,other,77.0,16.0,wide,False,0,10,2.59,0,0,1,9,2,4,118.0,41.0,1.83,0.91,other
4ae8d7eb-f702-4122-a277-ef6d5d92bf5b,7540,Egypt,Russia,Mahmoud Ibrahim Hassan,2,66,47,101.0,40.0,17.37,0.09748146,Off T,0,Open Play,Right Foot,False,True,From Throw In,96.0,2.0,Pass,6,3,2,5.0,25.9,0.83,cutback,102.0,25.0,half_space,False,0,8,3.88,0,0,0,7,1,3,118.0,41.0,1.83,0.91,cutback
d84258aa-9290-42cb-ac2c-eadb9159319f,7540,Egypt,Russia,Abdalla Mahmoud El Said Bekhit,2,69,36,90.0,34.0,27.98,0.02183278,Off T,0,Open Play,Right Foot,False,False,Regular Play,61.0,50.0,Ball Recovery,18,5,7,29.0,29.2,1.61,,,,central,False,0,9,5.33,0,0,0,3,2,1,118.0,39.0,1.83,0.91,other
01490273-52d4-4e6f-b1e4-aa084011b9b9,7540,Russia,Egypt,Sergei Ignashevich,2,74,40,117.0,34.0,6.13,0.23959623,Saved,0,Open Play,Head,False,False,From Free Kick,96.0,64.0,Pass,2,1,0,21.0,27.2,10.5,cross,96.0,64.0,wide,False,0,9,0.91,1,1,2,9,1,4,119.0,40.0,0.91,0.0,wide_cross
e444b37b-b229-47b8-828f-c6b3aba161be,7540,Egypt,Russia,Mohamed Salah,2,87,16,102.0,38.0,16.56,0.060671132,Blocked,0,Open Play,Left Foot,False,False,Regular Play,99.0,65.0,Pass,18,3,5,3.0,14.5,0.17,,,,central,False,0,8,2.89,0,0,1,5,3,1,118.0,39.0,1.83,0.91,other
d37bcd0f-e0a3-43dc-a660-8a952fd4e282,7540,Egypt,Russia,Amr Medhat Warda,2,89,48,102.0,59.0,23.93,0.014450283,Off T,0,Open Play,Left Foot,False,False,Regular Play,30.0,20.0,Pass,43,11,12,72.0,66.0,1.67,,,,half_space,False,0,9,9.41,0,0,0,7,1,4,117.0,41.0,2.74,0.91,slow_possession
528ae8be-fcae-48f3-b57a-9b43dea1a16a,7540,Egypt,Russia,Tarek Hamed,2,93,2,93.0,50.0,26.33,0.026327193,Blocked,0,Open Play,Right Foot,False,False,From Free Kick,66.0,66.0,Pass,26,12,10,27.0,31.1,1.04,central_pass,91.0,29.0,half_space,False,0,10,3.88,0,0,0,5,2,1,118.0,41.0,1.83,0.91,central_penetration
efafda0f-29ae-44ef-9eba-e62aebfa020c,7531,Iceland,Argentina,Gylfi Þór Sigurðsson,1,0,13,96.0,53.0,24.96,0.023992069,Off T,0,Open Play,Left Foot,True,False,From Kick Off,61.0,41.0,Pass,13,1,2,35.0,31.7,2.69,,,,half_space,False,0,9,2.89,0,0,1,3,1,0,120.0,43.0,0.0,2.74,other
1012c894-ab73-454b-80c1-869240f23657,7531,Argentina,Iceland,Nicolás Hernán Otamendi,1,4,0,111.0,43.0,8.67,0.16911486,Off T,0,Open Play,Left Foot,True,False,From Free Kick,88.0,8.0,Pass,2,1,0,23.0,35.8,11.5,cross,88.0,8.0,wide,False,0,10,2.04,0,0,2,10,1,3,119.0,38.0,0.91,1.83,wide_cross
315fbdfc-0706-415f-be1b-9f2c4b29b0be,7531,Argentina,Iceland,Nicolás Alejandro Tagliafico,1,7,48,105.0,45.0,14.46,0.08400753,Off T,0,Open Play,Head,False,False,From Free Kick,86.0,65.0,Pass,1,1,0,19.0,26.4,19.0,cross,86.0,65.0,wide,False,0,11,1.83,0,1,2,9,3,3,118.0,39.0,1.83,0.91,wide_cross
fd5e9f2e-8901-413e-9e3d-b6628fb78171,7531,Iceland,Argentina,Alfreð Finnbogason,1,8,28,115.0,57.0,16.2,0.012627738,Off T,0,Open Play,Right Foot,False,False,Regular Play,31.0,75.0,Pass,6,1,1,84.0,77.9,14.0,other,31.0,75.0,wide,False,0,4,1.29,0,1,1,4,1,0,118.0,48.0,1.83,7.32,fast_counter
e38979ab-6ba5-4f99-ae74-1d1767d66510,7531,Iceland,Argentina,Johann Berg Guðmunds­son,1,8,57,100.0,54.0,22.32,0.03494443,Blocked,0,Open Play,Left Foot,False,True,Regular Play,90.0,51.0,Pass,1,1,1,10.0,7.5,10.0,central_pass,90.0,51.0,half_space,False,0,7,2.89,0,0,1,5,1,2,117.0,43.0,2.74,2.74,central_penetration
927c0d57-21d0-44c6-b9b4-d1d832f059db,7531,Iceland,Argentina,Birkir Bjarnason,1,8,58,107.0,32.0,13.96,0.31297603,Off T,0,Open Play,Right Foot,True,True,Regular Play,90.0,51.0,Pass,2,1,1,17.0,16.7,8.5,,,,central,False,0,7,2.04,0,0,1,7,1,3,117.0,41.0,2.74,0.91,other
7e2dce14-9e40-4655-9207-42be2e65b617,7531,Argentina,Iceland,Nicolás Hernán Otamendi,1,12,37,86.0,50.0,32.41,0.010176116,Off T,0,Open Play,Right Foot,False,False,From Corner,120.0,1.0,Pass,67,18,17,-34.0,3.6,-0.51,central_pass,74.0,31.0,central,False,0,10,4.57,0,0,0,1,2,0,115.0,39.0,4.57,0.91,central_penetration
acec16b8-8655-4a1f-b403-e4ce6b6c1e26,7531,Argentina,Iceland,Lionel Andrés Messi Cuccittini,1,16,34,97.0,49.0,22.58,0.03815293,Saved,0,Open Play,Left Foot,False,False,Regular Play,44.0,50.0,Duel,89,17,19,53.0,52.0,0.6,other,109.0,68.0,wide,False,0,11,2.89,0,0,1,6,2,3,118.0,40.0,1.83,0.0,slow_possession
8a154aa8-7353-419c-b7fb-2ec562707a9b,7531,Argentina,Iceland,Faustino Marcos Alberto Rojo,1,18,33,90.0,23.0,31.53,0.0062765433,Blocked,0,Open Play,Left Foot,False,False,Regular Play,54.0,41.0,Pass,21,6,6,36.0,31.5,1.71,central_pass,77.0,49.0,central,False,0,10,5.78,0,0,0,4,1,2,118.0,38.0,1.83,1.83,central_penetration
3ecfcf08-8679-4722-93b0-8a78a5c53fd3,7531,Argentina,Iceland,Sergio Leonel Agüero del Castillo,1,18,36,106.0,37.0,13.09,0.07673583,Goal,1,Open Play,Left Foot,False,False,Regular Play,54.0,41.0,Pass,24,6,7,52.0,51.7,2.17,,,,central,False,0,7,1.29,0,1,2,6,2,2,118.0,38.0,1.83,1.83,other
2b23eb3c-28ae-485a-b631-616a4f635b62,7531,Argentina,Iceland,Lionel Andrés Messi Cuccittini,1,20,51,96.0,26.0,25.41,0.019393038,Saved,0,Open Play,Left Foot,False,False,Regular Play,20.0,3.0,Pass,54,18,18,76.0,78.8,1.41,,,,half_space,False,0,9,2.89,0,0,2,4,1,0,118.0,39.0,1.83,0.91,slow_possession
3365e20c-8aca-436f-9728-758107c73edd,7531,Iceland,Argentina,Alfreð Finnbogason,1,22,39,114.0,40.0,5.49,0.23878485,Wayward,0,Open Play,Other,False,False,Regular Play,58.0,75.0,Interception,15,6,6,56.0,65.2,3.73,cross,106.0,77.0,wide,False,0,5,1.83,0,1,2,5,1,1,117.0,40.0,2.74,0.0,wide_cross
d70f00f9-b788-4eaf-87cc-8e66fe1e503b,7531,Iceland,Argentina,Alfreð Finnbogason,1,22,49,113.0,39.0,6.47,0.28817946,Goal,1,Open Play,Right Foot,True,False,Regular Play,58.0,75.0,Interception,25,7,7,55.0,64.1,2.2,,,,central,False,0,9,1.83,0,2,2,9,3,3,116.0,41.0,3.66,0.91,other
a8d632c9-f6c1-49b1-9137-728fe0324f0d,7531,Argentina,Iceland,Nicolás Alejandro Tagliafico,1,26,59,111.0,34.0,9.89,0.06255798,Blocked,0,Open Play,Head,False,True,From Corner,120.0,1.0,Pass,1,1,0,-9.0,28.2,-9.0,cutback,120.0,1.0,wide,False,0,10,0.91,1,1,2,10,3,4,119.0,39.0,0.91,0.91,cutback
23c6b811-4399-4b1e-a68d-0b70eb57166a,7531,Argentina,Iceland,Nicolás Hernán Otamendi,1,27,23,109.0,35.0,11.05,0.06963823,Saved,0,Open Play,Head,False,False,From Corner,120.0,1.0,Pass,2,1,0,-11.0,26.9,-5.5,cutback,120.0,1.0,wide,False,0,10,0.91,1,1,2,10,3,4,118.0,40.0,1.83,0.0,cutback
521d385c-56f6-4c12-a3d1-26b44a6bbc32,7531,Argentina,Iceland,Lucas Rodrigo Biglia,1,32,8,95.0,31.0,24.3,0.027525058,Off T,0,Open Play,Right Foot,False,False,From Free Kick,67.0,37.0,Pass,60,18,19,28.0,26.5,0.47,central_pass,100.0,28.0,half_space,False,0,10,3.3,0,0,0,6,2,4,118.0,39.0,1.83,0.91,central_penetration
428c7e73-9320-41ae-a4bd-30b42d3d55d6,7531,Argentina,Iceland,Lionel Andrés Messi Cuccittini,1,38,7,111.0,22.0,18.4,0.01300174,Blocked,0,Open Play,Left Foot,False,False,Regular Play,65.0,4.0,Pass,50,19,18,46.0,45.6,0.92,central_pass,104.0,24.0,half_space,False,0,7,1.29,0,1,1,7,1,3,117.0,36.0,2.74,3.66,central_penetration
c0cb1821-fa77-4755-bad7-1e126325603c,7531,Argentina,Iceland,Lucas Rodrigo Biglia,1,41,39,116.0,48.0,8.18,0.106955945,Off T,0,Open Play,Head,False,False,From Corner,120.0,79.0,Pass,1,1,0,-4.0,30.1,-4.0,cutback,120.0,79.0,wide,False,0,11,1.29,0,1,2,10,1,5,118.0,41.0,1.83,0.91,cutback
50eb39d9-fb73-4fec-8a39-d8c90704d1f1,7531,Iceland,Argentina,Gylfi Þór Sigurðsson,1,44,27,111.0,26.0,15.22,0.053129368,Saved,0,Open Play,Right Foot,False,False,From Throw In,69.0,1.0,Pass,10,3,5,42.0,47.6,4.2,,,,half_space,False,0,8,1.29,0,1,2,8,1,3,119.0,39.0,0.91,0.91,fast_counter
eed5c06f-8b6c-49ac-a680-37f56be87d30,7531,Iceland,Argentina,Gylfi Þór Sigurðsson,1,45,5,102.0,29.0,19.29,0.055793043,Off T,0,Open Play,Right Foot,True,False,From Free Kick,66.0,9.0,Pass,7,5,3,36.0,41.2,5.14,central_pass,105.0,36.0,central,False,0,8,4.57,0,0,0,7,1,2,118.0,40.0,1.83,0.0,central_penetration
c59061a7-8503-4daa-8cff-61aab4402cb1,7531,Argentina,Iceland,Nicolás Hernán Otamendi,2,47,30,113.0,44.0,7.37,0.11763951,Off T,0,Open Play,Head,False,True,From Corner,119.0,2.0,Pass,2,1,0,-6.0,30.0,-3.0,cross,119.0,2.0,wide,False,0,11,0.91,1,1,2,11,3,4,120.0,42.0,0.0,1.83,wide_cross
f824acbd-d5ee-4dbb-835f-6bafdb5315c0,7531,Iceland,Argentina,Gylfi Þór Sigurðsson,2,49,49,118.0,24.0,14.74,0.0116975065,Blocked,0,Open Play,Right Foot,False,False,Regular Play,66.0,52.0,Pass,38,7,11,52.0,39.2,1.37,,,,half_space,False,0,9,2.74,0,0,1,8,0,3,118.0,35.0,1.83,4.57,other
a8558f34-ad72-49d9-b0ea-12ecad17149f,7531,Argentina,Iceland,Sergio Leonel Agüero del Castillo,2,55,38,111.0,49.0,11.64,0.08008037,Blocked,0,Open Play,Right Foot,False,False,Regular Play,37.0,67.0,Pass,74,23,25,74.0,74.6,1.0,,,,central,False,0,8,0.91,2,2,2,8,0,3,120.0,45.0,0.0,4.57,slow_possession
f50ee007-76b9-4bd0-aa19-e331ed0a6162,7531,Argentina,Iceland,Sergio Leonel Agüero del Castillo,2,56,10,107.0,55.0,18.15,0.030517573,Blocked,0,Open Play,Right Foot,False,False,From Corner,119.0,80.0,Pass,10,2,2,-12.0,20.2,-1.2,,,,half_space,False,0,10,2.04,0,0,2,7,2,4,117.0,45.0,2.74,4.57,other
cfb69462-f10e-48e1-ac96-f1c9d15a1307,7531,Argentina,Iceland,Éver Maximiliano David Banega,2,58,42,101.0,37.0,17.59,0.069268815,Blocked,0,Open Play,Left Foot,False,False,Regular Play,78.0,68.0,Pass,6,2,3,23.0,31.2,3.83,central_pass,89.0,48.0,central,False,0,6,0.91,1,1,1,5,3,4,118.0,41.0,1.83,0.91,central_penetration
8cd76ca1-45a9-4539-af23-c317207c0793,7531,Argentina,Iceland,Lionel Andrés Messi Cuccittini,2,63,59,105.0,58.0,21.43,0.019748092,Blocked,0,Open Play,Left Foot,False,False,From Corner,119.0,80.0,Pass,8,1,1,-14.0,16.6,-1.75,cutback,119.0,80.0,wide,False,0,11,0.91,2,2,3,11,0,4,119.0,45.0,0.91,4.57,cutback
441b54c6-3d27-45ec-a6f8-9fc5b133fc0a,7531,Argentina,Iceland,Lionel Andrés Messi Cuccittini,2,65,52,92.0,58.0,30.44,0.0077727404,Off T,0,Free Kick,Left Foot,False,False,From Free Kick,92.0,58.0,Shot,0,0,0,0.0,0.0,,,,,half_space,False,0,11,9.41,0,0,0,7,4,6,120.0,40.0,0.0,0.0,set_piece
2a0b4052-30db-473e-977b-434848a1e8f1,7531,Argentina,Iceland,Eduardo Antonio Salvio,2,69,28,100.0,53.0,21.81,0.030180966,Blocked,0,Open Play,Left Foot,False,False,Regular Play,35.0,45.0,Pass,120,37,39,65.0,61.3,0.54,cutback,109.0,62.0,half_space,False,0,10,1.83,0,1,1,10,2,4,120.0,43.0,0.0,2.74,cutback
5f6e836e-8ca2-4d04-b053-b2d539f5b6b4,7531,Argentina,Iceland,Éver Maximiliano David Banega,2,70,54,97.0,20.0,27.87,0.009970189,Saved,0,Open Play,Right Foot,False,False,Regular Play,34.0,46.0,Ball Recovery,23,4,8,63.0,55.7,2.74,central_pass,95.0,25.0,half_space,False,0,10,4.92,0,0,0,8,2,3,120.0,40.0,0.0,0.0,central_penetration
58d9935c-1e38-443f-a0f7-81063280b76a,7531,Argentina,Iceland,Lionel Andrés Messi Cuccittini,2,72,39,92.0,61.0,32.0,0.008096782,Blocked,0,Free Kick,Left Foot,False,False,From Free Kick,92.0,61.0,Shot,0,0,0,0.0,0.0,,,,,half_space,False,0,11,11.01,0,0,0,7,2,6,120.0,41.0,0.0,0.91,set_piece
bb18edd8-2339-491c-a2bc-e7bf165d42a8,7531,Argentina,Iceland,Lionel Andrés Messi Cuccittini,2,80,50,97.0,44.0,21.35,0.04472891,Off T,0,Open Play,Left Foot,False,True,Regular Play,52.0,54.0,Pass,15,2,3,45.0,46.1,3.0,other,84.0,65.0,wide,False,0,10,2.74,0,0,1,5,3,2,119.0,41.0,0.91,0.91,other
5961e6ef-1b33-48d1-a207-5a349386b3d3,7531,Argentina,Iceland,Cristian David Pavón,2,82,54,100.0,27.0,21.81,0.029067878,Blocked,0,Open Play,Right Foot,False,False,From Throw In,33.0,79.0,Pass,71,16,17,67.0,71.5,0.94,cutback,105.0,16.0,wide,False,0,10,2.89,0,0,1,8,3,2,119.0,39.0,0.91,0.91,cutback
a8512c6e-9393-4a02-89ce-3c7dbeb6d1d6,7531,Argentina,Iceland,Lionel Andrés Messi Cuccittini,2,83,21,98.0,44.0,20.45,0.05503503,Blocked,0,Open Play,Left Foot,False,False,From Throw In,33.0,79.0,Pass,98,21,23,65.0,73.0,0.66,other,96.0,63.0,wide,False,0,10,3.3,0,0,0,7,2,4,119.0,42.0,0.91,1.83,slow_possession
e7356599-5fea-4f33-aa2b-e6040a031336,7531,Argentina,Iceland,Javier Alejandro Mascherano,2,87,12,95.0,55.0,26.66,0.01982028,Saved,0,Open Play,Right Foot,True,False,Regular Play,55.0,65.0,Pass,45,11,11,40.0,40.5,0.89,cutback,103.0,59.0,half_space,False,0,11,5.86,0,0,0,10,1,4,120.0,44.0,0.0,3.66,cutback
8c2681cc-62e9-47e5-855a-89d1562f39f5,7531,Argentina,Iceland,Lionel Andrés Messi Cuccittini,2,91,53,105.0,52.0,17.57,0.048534878,Off T,0,Open Play,Right Foot,False,False,Regular Play,27.0,27.0,Pass,44,14,14,78.0,74.7,1.77,cutback,109.0,58.0,half_space,False,0,11,0.91,1,1,2,11,2,5,120.0,43.0,0.0,2.74,cutback
8ce36669-b68c-485a-b04b-9a45d4220a67,7531,Argentina,Iceland,Lionel Andrés Messi Cuccittini,2,94,57,90.0,36.0,27.67,0.043020435,Blocked,0,Free Kick,Left Foot,False,False,From Free Kick,90.0,36.0,Shot,0,0,0,0.0,0.0,,,,,central,False,0,11,10.97,0,0,0,11,5,6,120.0,41.0,0.0,0.91,set_piece
1fea5357-02d1-4808-a68a-889e6327c5c3,7570,Belgium,England,Youri Tielemans,1,5,46,93.0,52.0,27.02,0.022962598,Saved,0,Open Play,Right Foot,False,False,Regular Play,83.0,5.0,Duel,16,3,4,10.0,21.4,0.62,other,95.0,63.0,wide,False,0,10,4.66,0,0,0,6,2,2,120.0,43.0,0.0,2.74,other
cef6a5cb-3cb5-4246-a901-2f3a2df35ed2,7570,Belgium,England,Michy Batshuayi Tunga,1,9,2,117.0,40.0,2.74,0.25720772,Blocked,0,Open Play,Right Foot,False,False,Regular Play,13.0,55.0,Ball Recovery,25,6,7,104.0,105.0,4.16,,,,central,False,0,9,0.91,1,3,4,9,3,4,119.0,40.0,0.91,0.0,other
83133d2c-d940-40c5-b83c-ca986509b36d,7570,England,Belgium,Marcus Rashford,1,11,10,91.0,20.0,32.21,0.006949785,Blocked,0,Open Play,Right Foot,False,False,From Corner,119.0,79.0,Pass,12,1,2,-28.0,3.8,-2.33,central_pass,82.0,19.0,half_space,False,0,11,1.29,0,1,1,6,1,1,119.0,40.0,0.91,0.0,central_penetration
1886222d-d23b-40de-b5fa-637b5550c0b4,7570,England,Belgium,Jamie Vardy,1,13,4,112.0,42.0,7.54,0.17350295,Off T,0,Open Play,Head,False,False,Regular Play,63.0,8.0,Pass,41,15,12,49.0,57.1,1.2,cross,116.0,68.0,wide,False,0,6,1.29,0,1,1,6,1,0,118.0,40.0,1.83,0.0,wide_cross
0f5c83f0-2050-4f65-b15b-d22e652afc00,7570,Belgium,England,Michy Batshuayi Tunga,1,26,3,109.0,55.0,17.01,0.037858445,Blocked,0,Open Play,Right Foot,False,False,Regular Play,69.0,76.0,Duel,92,28,30,40.0,43.8,0.43,other,70.0,69.0,wide,False,0,9,2.59,0,0,1,5,2,2,119.0,45.0,0.91,4.57,slow_possession
0f4cd4c2-dcbd-488a-a2a5-4e4b6699a653,7570,Belgium,England,Marouane Fellaini-Bakkioui,1,26,41,107.0,33.0,13.5,0.068467006,Blocked,0,Open Play,Right Foot,False,False,From Corner,119.0,79.0,Pass,3,1,1,-12.0,24.2,-4.0,cross,119.0,79.0,wide,False,0,9,1.29,0,2,2,9,2,4,120.0,41.0,0.0,0.91,wide_cross
fdcb108d-3062-4765-802d-a609778fe83c,7570,Belgium,England,Youri Tielemans,1,26,50,91.0,49.0,27.77,0.019955475,Blocked,0,Open Play,Right Foot,False,False,From Corner,119.0,79.0,Pass,12,1,4,-28.0,8.6,-2.33,,,,central,False,0,9,3.66,0,0,0,4,2,2,120.0,43.0,0.0,2.74,other
3c2234a0-fe3e-45fc-9b3a-e6c312068613,7570,England,Belgium,Ruben Loftus-Cheek,1,33,50,113.0,40.0,6.4,0.08550697,Off T,0,Open Play,Head,False,False,From Corner,119.0,2.0,Pass,2,1,0,-6.0,31.0,-3.0,cross,119.0,2.0,wide,False,0,10,0.91,1,1,4,9,2,5,119.0,39.0,0.91,0.91,wide_cross
eda5c6ac-2c5c-4af7-a419-c7fe03e260a7,7570,Belgium,England,Adnan Januzaj,1,34,36,90.0,41.0,27.45,0.024078226,Blocked,0,Open Play,Left Foot,False,False,From Goal Kick,7.0,42.0,Pass,16,3,3,83.0,83.0,5.19,central_pass,76.0,29.0,half_space,False,0,8,3.66,0,0,0,2,2,0,119.0,42.0,0.91,1.83,central_penetration
8a81c6e2-53f7-4e21-be58-b198c258a252,7570,Belgium,England,Anga Dedryck Boyata,1,35,11,111.0,43.0,8.67,0.10147972,Wayward,0,Open Play,Head,False,False,From Corner,119.0,79.0,Pass,1,1,0,-8.0,29.5,-8.0,cross,119.0,79.0,wide,False,0,9,0.91,1,1,3,8,4,3,120.0,42.0,0.0,1.83,wide_cross
d9735580-bb74-49e0-8ba7-bda56db697f1,7570,England,Belgium,Jamie Vardy,1,35,47,109.0,35.0,11.05,0.07114903,Wayward,0,Open Play,Head,False,True,Regular Play,26.0,53.0,Duel,21,4,5,83.0,82.8,3.95,central_pass,103.0,61.0,half_space,False,0,8,0.91,1,1,1,5,1,2,119.0,39.0,0.91,0.91,central_penetration
17e42f84-9b5f-47cb-9356-efb23ca0b31d,7570,Belgium,England,Thorgan Hazard,1,37,0,99.0,34.0,19.97,0.054440886,Off T,0,Open Play,Right Foot,True,True,From Free Kick,76.0,31.0,Pass,8,3,2,23.0,23.1,2.88,central_pass,105.0,36.0,central,False,0,10,2.04,0,0,1,8,2,3,120.0,41.0,0.0,0.91,central_penetration
2da73e0d-ce23-408e-82d3-47d00d5c1874,7570,Belgium,England,Thorgan Hazard,1,39,2,108.0,27.0,16.18,0.0480227,Wayward,0,Open Play,Right Foot,True,False,Regular Play,58.0,14.0,Duel,48,13,13,50.0,49.5,1.04,cross,100.0,64.0,wide,False,0,9,2.59,0,0,1,7,2,2,120.0,39.0,0.0,0.91,wide_cross
0a82c524-90a4-4e39-b69b-7d14fbbe0601,7570,England,Belgium,Marcus Rashford,2,47,51,107.0,27.0,16.81,0.07081192,Off T,0,Open Play,Right Foot,False,False,From Throw In,63.0,2.0,Pass,6,0,1,44.0,50.1,7.33,,,,half_space,False,0,6,2.04,0,0,2,5,1,1,119.0,39.0,0.91,0.91,fast_counter
3bfa529a-e7f1-4429-85b9-5b61363a7ad7,7570,Belgium,England,Adnan Januzaj,2,50,3,105.0,53.0,18.15,0.07781259,Goal,1,Open Play,Left Foot,False,False,Regular Play,50.0,66.0,Duel,38,11,15,55.0,54.8,1.45,central_pass,99.0,54.0,half_space,False,0,11,2.89,0,0,2,9,1,4,118.0,41.0,1.83,0.91,central_penetration
04d6f909-294e-46c9-9655-c6872d99950c,7570,England,Belgium,Trent Alexander-Arnold,2,53,19,93.0,42.0,24.76,0.06266041,Blocked,0,Free Kick,Right Foot,False,False,From Free Kick,93.0,42.0,Shot,0,0,0,0.0,0.0,,,,,central,False,0,11,10.06,0,0,0,11,4,6,119.0,41.0,0.91,0.91,set_piece
d295c41e-92b6-45de-982c-fee261f56f99,7570,Belgium,England,Adnan Januzaj,2,54,48,107.0,54.0,17.47,0.06467166,Blocked,0,Open Play,Left Foot,False,False,Regular Play,52.0,26.0,50/50,9,3,4,55.0,50.3,6.11,central_pass,83.0,39.0,central,False,0,9,2.04,0,0,2,7,1,3,118.0,42.0,1.83,1.83,fast_counter
ad3668e9-fe9c-41af-9423-17052c4d1559,7570,England,Belgium,Marcus Rashford,2,65,35,104.0,33.0,15.97,0.46036732,Saved,0,Open Play,Right Foot,False,False,From Throw In,27.0,1.0,Pass,75,22,21,77.0,83.4,1.03,through_ball,76.0,34.0,central,False,0,6,4.09,0,0,0,2,1,1,109.0,36.0,10.06,3.66,central_penetration
e41cd60a-9f95-4cf2-9186-3a253b6a828c,7570,England,Belgium,Fabian Delph,2,66,38,86.0,50.0,32.41,0.0065541323,Off T,0,Open Play,Left Foot,False,False,From Throw In,115.0,80.0,Pass,24,6,6,-29.0,4.9,-1.21,other,93.0,68.0,wide,False,0,10,7.37,0,0,0,5,1,2,120.0,41.0,0.0,0.91,other
7b886b48-a99c-4de4-8913-db0f9d82ea91,7570,England,Belgium,Fabian Delph,2,69,52,99.0,33.0,20.24,0.055591382,Blocked,0,Open Play,Left Foot,True,False,From Throw In,38.0,79.0,Pass,87,26,28,61.0,68.7,0.7,,,,central,False,0,10,4.92,0,0,0,8,2,4,120.0,41.0,0.0,0.91,slow_possession
d471c35a-f13b-4209-8abb-5fc9509fa9ac,7570,England,Belgium,Marcus Rashford,2,80,24,92.0,55.0,29.05,0.01720768,Off T,0,Free Kick,Right Foot,False,False,From Free Kick,92.0,55.0,Shot,0,0,0,0.0,0.0,,,,,half_space,False,0,10,9.19,0,0,0,10,2,6,119.0,41.0,0.91,0.91,set_piece
6164d189-e4bd-4c5a-a3d4-ff84c9961421,7570,England,Belgium,Daniel Nii Tackie Mensah Welbeck,2,82,24,106.0,31.0,15.22,0.07303211,Blocked,0,Open Play,Left Foot,False,False,From Corner,120.0,2.0,Pass,4,0,1,-14.0,21.4,-3.5,,,,central,False,0,10,0.91,1,1,1,10,4,6,119.0,41.0,0.91,0.91,other
0a558627-aafc-4afd-85ee-5da3649f8b61,7570,England,Belgium,Daniel Nii Tackie Mensah Welbeck,2,86,58,116.0,30.0,9.85,0.11735268,Off T,0,Open Play,Right Foot,True,False,From Free Kick,117.0,4.0,Pass,2,1,0,-1.0,25.4,-0.5,cutback,117.0,4.0,wide,False,0,10,2.74,0,0,2,9,1,3,117.0,33.0,2.74,6.4,cutback
ddce6724-115d-4c7d-b90c-75979aeb7573,7570,Belgium,England,Dries Mertens,2,88,3,99.0,49.0,20.89,0.05145745,Saved,0,Open Play,Right Foot,True,False,From Goal Kick,6.0,38.0,Pass,45,15,17,93.0,91.2,2.07,central_pass,95.0,36.0,central,False,0,8,5.49,0,0,0,7,2,4,118.0,40.0,1.83,0.0,central_penetration
388c0062-db8c-4ed9-8ae2-cff0eaac21ef,7570,Belgium,England,Thorgan Hazard,2,88,12,110.0,26.0,15.73,0.049130097,Blocked,0,Open Play,Right Foot,False,False,From Goal Kick,6.0,38.0,Pass,54,15,20,104.0,96.8,1.93,,,,half_space,False,0,8,2.04,0,0,1,8,2,4,119.0,36.0,0.91,3.66,slow_possession
2141e658-6053-428e-91df-584f1748f368,7570,Belgium,England,Marouane Fellaini-Bakkioui,2,91,28,113.0,29.0,11.92,0.08778975,Off T,0,Open Play,Left Foot,False,False,Regular Play,38.0,60.0,Ball Recovery,15,5,6,75.0,71.4,5.0,central_pass,100.0,30.0,central,False,0,8,2.89,0,0,1,6,1,3,118.0,36.0,1.83,3.66,central_penetration
b125e150-190a-4387-89b6-c38ab3e1b4ce,7586,Switzerland,Sweden,Xherdan Shaqiri,1,0,12,89.0,60.0,33.73,0.0066578025,Off T,0,Open Play,Left Foot,False,False,Regular Play,78.0,13.0,Ball Recovery,7,2,3,11.0,13.0,1.57,central_pass,86.0,33.0,central,False,0,9,5.86,0,0,0,3,1,0,119.0,42.0,0.91,1.83,central_penetration
025d0bf1-d2e5-4ed4-9132-46990d8fd993,7586,Switzerland,Sweden,Steven Zuber,1,6,49,103.0,22.0,22.64,0.018274585,Saved,0,Open Play,Right Foot,False,False,From Goal Kick,6.0,40.0,Pass,23,7,7,97.0,89.2,4.22,other,78.0,14.0,wide,False,0,8,2.59,0,0,1,7,2,1,120.0,39.0,0.0,0.91,other
36b2fbe0-aa2c-4d56-95d8-c456ec52171d,7586,Sweden,Switzerland,Marcus Berg,1,7,18,108.0,56.0,18.29,0.053133797,Off T,0,Open Play,Right Foot,True,False,Regular Play,22.0,59.0,Pass,15,6,2,86.0,79.8,5.73,central_pass,81.0,42.0,central,False,0,6,4.92,0,0,0,3,1,0,117.0,42.0,2.74,1.83,central_penetration
39b13abb-c1e4-40ee-82d6-0774ba805925,7586,Sweden,Switzerland,Marcus Berg,1,7,58,104.0,41.0,14.66,0.13240822,Blocked,0,Open Play,Right Foot,False,False,From Counter,80.0,25.0,Pass,2,1,1,24.0,26.7,12.0,central_pass,80.0,25.0,half_space,False,0,6,2.04,0,0,1,4,1,2,116.0,40.0,3.66,0.0,fast_counter
dd015ee6-10b0-4daf-8062-37de1ce42347,7586,Sweden,Switzerland,Albin Ekdal,1,8,4,101.0,41.0,17.4,0.064965196,Off T,0,Open Play,Right Foot,True,False,From Counter,80.0,25.0,Pass,8,1,1,21.0,23.7,2.62,,,,central,False,0,7,4.09,0,0,0,7,3,4,118.0,40.0,1.83,0.0,fast_counter
e92b5461-2602-4e03-9f89-ef8d06e6675f,7586,Sweden,Switzerland,Mikael Lustig,1,13,16,93.0,50.0,26.33,0.020048771,Wayward,0,Open Play,Right Foot,False,True,From Throw In,66.0,1.0,Pass,61,15,16,27.0,37.8,0.44,,,,central,False,0,8,4.92,0,0,0,5,3,4,118.0,41.0,1.83,0.91,slow_possession
439ba780-4474-45c3-892b-6dc4f2942ac8,7586,Switzerland,Sweden,Steven Zuber,1,23,19,112.0,51.0,12.44,0.057390075,Off T,0,Open Play,Head,False,False,Regular Play,7.0,40.0,Ball Recovery,16,4,4,105.0,99.4,6.56,cross,96.0,74.0,wide,False,0,8,2.59,0,0,1,8,2,2,119.0,42.0,0.91,1.83,wide_cross
bd417c20-9710-41b8-b644-7a7961fab4b3,7586,Sweden,Switzerland,Marcus Berg,1,27,54,108.0,49.0,13.72,0.076549776,Saved,0,Open Play,Left Foot,True,False,From Throw In,70.0,80.0,Pass,38,7,7,38.0,49.0,1.0,central_pass,105.0,39.0,central,False,0,7,1.29,0,1,1,7,2,2,118.0,40.0,1.83,0.0,central_penetration
11ddaf6d-5bc9-46fb-a43c-7c86f4e4aff0,7586,Switzerland,Sweden,Granit Xhaka,1,33,12,81.0,48.0,36.4,0.006197928,Off T,0,Open Play,Left Foot,False,False,Regular Play,76.0,78.0,Pass,7,2,2,5.0,18.3,0.71,other,86.0,76.0,wide,False,0,10,8.18,0,0,0,2,2,0,119.0,42.0,0.91,1.83,other
7dbc0342-630f-4811-845e-59e8b292b4bb,7586,Switzerland,Sweden,Xherdan Shaqiri,1,35,47,98.0,60.0,27.19,0.008389957,Blocked,0,Open Play,Left Foot,False,False,From Corner,120.0,1.0,Pass,4,0,1,-22.0,9.3,-5.5,,,,half_space,False,0,10,7.14,0,0,0,9,3,5,119.0,44.0,0.91,3.66,other
13eab815-7204-4fe1-a760-95ab3d22205f,7586,Switzerland,Sweden,Blerim Džemaili,1,37,56,104.0,31.0,16.79,0.059255723,Off T,0,Open Play,Right Foot,True,False,From Throw In,111.0,1.0,Pass,6,4,2,-7.0,21.7,-1.17,cross,113.0,20.0,half_space,False,0,11,5.56,0,0,0,9,3,2,120.0,40.0,0.0,0.0,wide_cross
78b38f04-98a9-4168-9b08-ee75c0b4b431,7586,Sweden,Switzerland,Emil Peter Forsberg,1,39,33,90.0,51.0,29.22,0.02941522,Blocked,0,Free Kick,Right Foot,False,False,From Free Kick,90.0,51.0,Shot,0,0,0,0.0,0.0,,,,,half_space,False,0,11,10.06,0,0,0,7,2,4,118.0,40.0,1.83,0.0,set_piece
f87c0d78-fe03-41f8-9da8-abfa33f129a0,7586,Sweden,Switzerland,Albin Ekdal,1,40,30,113.0,33.0,9.05,0.16979344,Off T,0,Open Play,Right Foot,True,False,From Corner,120.0,1.0,Pass,11,2,1,-7.0,29.1,-0.64,cross,104.0,70.0,wide,False,0,9,6.13,0,0,0,7,1,4,118.0,40.0,1.83,0.0,wide_cross
1cd00dba-51f9-4a2d-adc2-65169889f069,7586,Sweden,Switzerland,Ola Toivonen,2,48,49,109.0,47.0,11.92,0.126767,Off T,0,Open Play,Left Foot,True,True,Regular Play,59.0,77.0,Ball Recovery,17,5,6,50.0,58.3,2.94,central_pass,107.0,44.0,central,False,0,8,2.74,0,0,2,8,1,4,119.0,42.0,0.91,1.83,central_penetration
d5720b2a-186c-4c93-90ba-b7cb136af9bb,7586,Switzerland,Sweden,Ricardo Iván Rodríguez Araya,2,52,19,93.0,26.0,27.81,0.017152697,Blocked,0,Open Play,Right Foot,False,False,From Corner,119.0,80.0,Pass,8,2,2,-26.0,9.6,-3.25,,,,half_space,False,0,11,4.09,0,0,0,9,3,5,118.0,38.0,1.83,1.83,other
1a83a77a-3c5c-4450-bd42-4302e29801d1,7586,Sweden,Switzerland,Emil Peter Forsberg,2,63,18,104.0,16.0,26.38,0.008370536,Blocked,0,Free Kick,Right Foot,False,False,From Free Kick,104.0,16.0,Shot,0,0,0,0.0,0.0,,,,,wide,False,0,10,9.14,0,0,0,10,2,5,119.0,40.0,0.91,0.0,set_piece
891a1702-b8d4-4742-bed4-72b3629f82f6,7586,Sweden,Switzerland,Emil Peter Forsberg,2,65,52,101.0,42.0,17.47,0.0959111,Goal,1,Open Play,Right Foot,False,False,Regular Play,36.0,34.0,Pass,21,6,6,65.0,65.1,3.1,central_pass,101.0,23.0,half_space,False,0,9,4.57,0,0,0,8,1,4,118.0,42.0,1.83,1.83,central_penetration
bbf8f0b6-a14a-4103-b193-27da0a77e055,7586,Sweden,Switzerland,Albin Ekdal,2,68,28,93.0,49.0,26.02,0.026191495,Off T,0,Open Play,Right Foot,False,False,Regular Play,76.0,5.0,Pass,17,7,5,17.0,27.8,1.0,central_pass,83.0,20.0,half_space,False,0,10,7.54,0,0,0,5,1,3,118.0,44.0,1.83,3.66,central_penetration
0e46b17e-c9a4-4d6d-a98f-6adf1c639f45,7586,Switzerland,Sweden,Ricardo Iván Rodríguez Araya,2,68,47,93.0,21.0,30.19,0.009722147,Saved,0,Open Play,Right Foot,False,False,Regular Play,93.0,21.0,Shot,0,0,0,0.0,0.0,,,,,half_space,False,0,8,2.89,0,0,1,5,1,0,119.0,40.0,0.91,0.0,other
9c28e488-8435-47da-9d3c-7849e1a654f7,7586,Switzerland,Sweden,Xherdan Shaqiri,2,70,43,104.0,58.0,22.02,0.025396068,Blocked,0,Open Play,Left Foot,False,False,From Free Kick,86.0,22.0,Pass,5,0,1,18.0,14.4,3.6,,,,half_space,False,0,10,2.04,0,0,1,10,1,5,118.0,40.0,1.83,0.0,other
fa6620cd-b9f8-416b-a622-b7ba02d71160,7586,Switzerland,Sweden,Granit Xhaka,2,71,44,88.0,33.0,29.95,0.019179972,Blocked,0,Open Play,Left Foot,False,False,From Corner,119.0,2.0,Pass,10,2,2,-31.0,5.3,-3.1,central_pass,94.0,54.0,half_space,False,0,11,2.74,0,0,1,6,3,4,118.0,39.0,1.83,0.91,central_penetration
20dc057c-7242-4358-a8b9-fd2711839acd,7586,Switzerland,Sweden,Xherdan Shaqiri,2,77,53,95.0,52.0,25.36,0.01532167,Blocked,0,Open Play,Left Foot,False,False,From Corner,119.0,2.0,Pass,8,1,2,-24.0,10.3,-3.0,central_pass,87.0,26.0,half_space,False,0,11,2.04,0,0,1,8,2,6,118.0,40.0,1.83,0.0,central_penetration
626b9215-7fbf-4456-a21a-fa32466dca94,7586,Switzerland,Sweden,Michael Lang,2,78,19,112.0,53.0,13.96,0.054058094,Blocked,0,Open Play,Right Foot,True,False,From Corner,119.0,2.0,Pass,34,7,9,-7.0,22.7,-0.21,,,,half_space,False,0,9,2.04,0,0,1,9,2,6,119.0,41.0,0.91,0.91,other
258691c7-844b-475e-a19a-ad3f3c6d0c6a,7586,Switzerland,Sweden,Breel-Donald Embolo,2,78,56,113.0,36.0,7.37,0.07843667,Blocked,0,Open Play,Head,False,True,From Corner,119.0,79.0,Pass,1,1,0,-6.0,31.0,-6.0,cross,119.0,79.0,wide,False,0,11,1.29,0,2,4,11,4,5,119.0,40.0,0.91,0.0,wide_cross
0b41d7c5-3c24-4189-bbb8-67c0a6063edf,7586,Switzerland,Sweden,Ricardo Iván Rodríguez Araya,2,85,11,100.0,31.0,20.05,0.040360313,Blocked,0,Open Play,Right Foot,False,False,From Corner,119.0,79.0,Pass,5,0,3,-19.0,17.1,-3.8,,,,central,False,0,11,0.91,1,1,1,10,3,6,119.0,40.0,0.91,0.0,other
71c8b061-cb6c-45ce-8589-7acd1b64cad9,7586,Switzerland,Sweden,Josip Drmic,2,85,28,101.0,38.0,17.47,0.057245187,Blocked,0,Open Play,Left Foot,False,False,From Corner,119.0,79.0,Pass,22,4,7,-18.0,19.9,-0.82,cross,100.0,13.0,wide,False,0,8,2.59,0,0,1,8,3,5,118.0,38.0,1.83,1.83,wide_cross
a8524176-1741-4bb4-901a-776faf5e2fa6,7586,Switzerland,Sweden,Haris Seferović,2,90,43,112.0,30.0,11.71,0.05994916,Saved,0,Open Play,Head,False,False,Regular Play,86.0,4.0,Pass,26,9,8,26.0,36.7,1.0,cross,102.0,4.0,wide,False,0,9,2.04,0,0,1,6,1,3,118.0,36.0,1.83,3.66,wide_cross
a410b06d-0b17-4f99-a58a-ba80fcf4a289,7586,Sweden,Switzerland,Ola Toivonen,2,96,12,102.0,38.0,16.56,0.10691146,Saved,0,Free Kick,Right Foot,False,False,From Free Kick,102.0,38.0,Shot,0,0,0,0.0,0.0,,,,,central,False,0,10,8.67,0,0,0,10,5,2,120.0,41.0,0.0,0.91,set_piece
05a828a4-98d5-4a34-93f1-9c1967cb914b,7557,Portugal,Iran,Cristiano Ronaldo dos Santos Aveiro,1,2,28,112.0,27.0,13.96,0.08121445,Saved,0,Open Play,Right Foot,False,False,Regular Play,47.0,10.0,Ball Recovery,20,5,6,65.0,63.7,3.25,cutback,106.0,8.0,wide,False,0,9,0.91,2,2,2,8,1,2,119.0,39.0,0.91,0.91,cutback
e43aa9a9-f273-471e-a59c-3ddbfdf38671,7557,Iran,Portugal,Vahid Amiri,1,6,28,101.0,29.0,20.08,0.037193935,Off T,0,Open Play,Left Foot,False,False,Regular Play,36.0,22.0,Pass,15,5,5,65.0,64.0,4.33,central_pass,101.0,61.0,half_space,False,0,9,2.74,0,0,1,4,1,1,119.0,38.0,0.91,1.83,central_penetration
830ba851-9dec-42bb-ae0e-97830b18ed55,7557,Portugal,Iran,João Mário Naval da Costa Eduardo,1,8,32,102.0,35.0,17.08,0.1189627,Off T,0,Open Play,Right Foot,True,False,From Throw In,63.0,2.0,Pass,20,2,4,39.0,49.8,1.95,,,,central,False,0,9,3.66,0,0,0,6,1,2,114.0,41.0,5.49,0.91,other
521f454e-4957-4952-a891-678ac67aa90d,7557,Portugal,Iran,Cristiano Ronaldo dos Santos Aveiro,1,15,55,95.0,55.0,26.66,0.040589333,Blocked,0,Free Kick,Right Foot,False,False,From Free Kick,95.0,55.0,Shot,0,0,0,0.0,0.0,,,,,half_space,False,0,11,9.33,0,0,0,11,3,5,119.0,41.0,0.91,0.91,set_piece
17a8e488-98d8-4aba-ab8d-558a812a737b,7557,Portugal,Iran,José Miguel da Rocha Fonte,1,16,37,100.0,39.0,18.31,0.07572546,Blocked,0,Open Play,Right Foot,True,False,From Corner,119.0,2.0,Pass,5,1,0,-19.0,18.0,-3.8,,,,central,False,0,11,6.47,0,0,0,10,2,3,120.0,42.0,0.0,1.83,other
f01fa57b-6600-43eb-841f-6b1d1ad4c2c1,7557,Portugal,Iran,Kléper Laveran Lima Ferreira,1,17,30,114.0,35.0,7.14,0.10350718,Off T,0,Open Play,Head,False,True,From Corner,119.0,2.0,Pass,8,2,2,-5.0,30.2,-0.62,central_pass,91.0,59.0,half_space,False,0,8,0.91,1,3,3,8,1,4,120.0,40.0,0.0,0.0,central_penetration
02cd9ab8-6eae-4070-940f-9a17546009a2,7557,Portugal,Iran,André Miguel Valente Silva,1,18,43,103.0,34.0,16.48,0.09211938,Wayward,0,Open Play,Head,False,True,From Throw In,40.0,2.0,Pass,26,10,9,63.0,70.5,2.42,central_pass,63.0,32.0,central,False,0,8,1.83,0,1,2,3,1,0,118.0,40.0,1.83,0.0,central_penetration
18136ecf-c8cf-46ac-bb7c-2472e0f8a4a8,7557,Iran,Portugal,Ramin Rezaeian,1,21,11,93.0,23.0,29.17,0.00943477,Off T,0,Free Kick,Right Foot,False,False,From Free Kick,93.0,23.0,Shot,0,0,0,0.0,0.0,,,,,half_space,False,0,11,6.47,0,0,0,10,2,3,119.0,40.0,0.91,0.0,set_piece
e686bc5a-a80f-4fb8-91e1-6d862e488fed,7557,Portugal,Iran,José Miguel da Rocha Fonte,1,29,15,117.0,50.0,9.55,0.047731504,Wayward,0,Open Play,Head,False,True,From Corner,119.0,78.0,Pass,2,1,0,-2.0,27.6,-1.0,cross,119.0,78.0,wide,False,0,11,1.29,0,1,2,11,1,5,119.0,41.0,0.91,0.91,wide_cross
b0b77a06-9f03-4fb3-8355-37d4d6cb7ca2,7557,Iran,Portugal,Saeid Ezatolahi Afagh,1,33,33,109.0,47.0,11.92,0.16871624,Saved,0,Open Play,Head,False,False,From Free Kick,99.0,64.0,Pass,1,1,0,10.0,18.9,10.0,cross,99.0,64.0,wide,False,0,10,1.83,0,1,1,10,1,4,119.0,41.0,0.91,0.91,wide_cross
0baae6fc-5c7e-4c84-980e-ad4236e39496,7557,Portugal,Iran,Cristiano Ronaldo dos Santos Aveiro,1,39,11,83.0,34.0,34.27,0.0063647768,Saved,0,Open Play,Right Foot,False,False,From Throw In,87.0,80.0,Pass,74,21,21,-4.0,14.4,-0.05,central_pass,83.0,19.0,half_space,False,0,10,3.66,0,0,0,5,2,2,120.0,42.0,0.0,1.83,central_penetration
beaa0165-39c3-4695-9892-7c192ddd6d6a,7557,Portugal,Iran,Ricardo Andrade Quaresma Bernardo,1,40,58,112.0,55.0,15.54,0.0343897,Off T,0,Open Play,Right Foot,False,False,Regular Play,23.0,55.0,Pass,24,7,8,89.0,81.2,3.71,other,106.0,77.0,wide,False,0,9,1.83,0,1,2,6,1,2,119.0,45.0,0.91,4.57,other
a1da3a4b-09e7-4005-b280-0c4033ddac9b,7557,Portugal,Iran,Ricardo Andrade Quaresma Bernardo,1,44,19,102.0,58.0,23.28,0.019847075,Goal,1,Open Play,Right Foot,False,False,Regular Play,71.0,18.0,Pass,31,11,10,31.0,28.3,1.0,other,99.0,69.0,wide,False,0,10,0.91,1,1,1,7,2,3,120.0,44.0,0.0,3.66,slow_possession
e5252e28-2ec4-42b0-bd3c-aa73b2918194,7557,Iran,Portugal,Sardar Azmoun,2,57,47,111.0,36.0,9.01,0.13161746,Wayward,0,Open Play,Head,False,True,From Free Kick,119.0,80.0,Pass,1,1,0,-8.0,30.2,-8.0,cutback,119.0,80.0,wide,False,0,9,2.04,0,0,2,9,1,4,120.0,41.0,0.0,0.91,cutback
a50434c3-2bad-4aac-b476-7eab82e2ec2a,7557,Portugal,Iran,Raphaël Adelino José Guerreiro,2,61,10,93.0,30.0,26.33,0.03069333,Blocked,0,Open Play,Left Foot,False,False,From Throw In,107.0,79.0,Pass,48,14,19,-14.0,12.3,-0.29,central_pass,55.0,24.0,half_space,False,0,9,4.92,0,0,0,2,2,0,117.0,40.0,2.74,0.0,central_penetration
8d4208f4-b2bf-402a-99e8-30eacfc8945b,7557,Portugal,Iran,Cristiano Ronaldo dos Santos Aveiro,2,65,33,97.0,35.0,21.52,0.035576884,Off T,0,Open Play,Right Foot,False,False,From Free Kick,37.0,11.0,Pass,41,16,18,60.0,64.4,1.46,other,89.0,17.0,wide,False,0,9,1.29,0,1,2,4,1,3,119.0,39.0,0.91,0.91,slow_possession
f6dbae17-f974-453b-9d19-953568b6d335,7557,Portugal,Iran,Adrien Sebastian Perruchet Silva,2,70,51,96.0,24.0,26.38,0.022153322,Off T,0,Open Play,Right Foot,False,False,From Free Kick,76.0,32.0,Pass,17,6,5,20.0,15.9,1.18,other,92.0,10.0,wide,False,0,10,5.78,0,0,0,5,1,2,119.0,38.0,0.91,1.83,other
aea57720-4fc3-4417-b86c-a2db55b91bdc,7557,Iran,Portugal,Saman Ghoddos,2,71,39,98.0,38.0,20.2,0.069136985,Off T,0,Open Play,Right Foot,False,False,From Goal Kick,7.0,50.0,Pass,22,5,5,91.0,91.4,4.14,cutback,102.0,50.0,central,False,0,7,2.89,0,0,1,6,1,2,120.0,41.0,0.0,0.91,cutback
77f85146-c25a-4620-a43a-f0b68b003c49,7557,Portugal,Iran,André Miguel Valente Silva,2,76,43,95.0,51.0,24.98,0.03004273,Off T,0,Open Play,Right Foot,False,False,Regular Play,83.0,63.0,Ball Recovery,6,1,2,12.0,16.3,2.0,other,80.0,63.0,wide,False,0,7,6.47,0,0,0,3,2,0,118.0,40.0,1.83,0.0,high_turnover
65ddf2c4-67a7-4e8f-a02f-0f2a6b66f413,7557,Iran,Portugal,Sardar Azmoun,2,88,52,113.0,32.0,9.72,0.08758336,Blocked,0,Open Play,Head,False,True,From Throw In,87.0,1.0,Pass,21,4,5,26.0,40.5,1.24,cross,102.0,70.0,wide,False,0,9,0.91,1,1,1,9,1,3,120.0,39.0,0.0,0.91,wide_cross
64e7acd1-bcd7-4a5b-b4bc-40a0f6ba0fb6,7557,Iran,Portugal,Saman Ghoddos,2,93,51,97.0,45.0,21.52,0.038286034,Blocked,0,Open Play,Right Foot,False,False,From Free Kick,28.0,78.0,Pass,10,3,2,69.0,76.0,6.9,central_pass,84.0,40.0,central,False,0,9,3.77,0,0,0,2,2,1,119.0,42.0,0.91,1.83,fast_counter
49c8c0ef-44a6-4010-943a-000d3058c149,7557,Iran,Portugal,Mehdi Taremi,2,93,53,113.0,33.0,9.05,0.25150082,Off T,0,Open Play,Left Foot,False,False,From Free Kick,28.0,78.0,Pass,12,3,3,85.0,89.6,7.08,,,,central,False,0,6,2.04,0,0,2,6,1,1,117.0,36.0,2.74,3.66,fast_counter
f0d8b8d4-5ef0-40b3-bcdd-5508353ba78d,7542,Morocco,Portugal,Khalid Boutaïb,1,1,2,109.0,30.0,13.59,0.077987716,Off T,0,Open Play,Head,False,False,From Kick Off,60.0,41.0,Pass,62,18,16,49.0,45.1,0.79,cross,108.0,4.0,wide,False,0,8,2.04,0,0,1,6,1,1,119.0,37.0,0.91,2.74,wide_cross
5a4dfda2-2f5c-4664-85a4-c25866e3d356,7542,Portugal,Morocco,Raphaël Adelino José Guerreiro,1,3,32,91.0,39.0,26.53,0.022848671,Blocked,0,Open Play,Left Foot,True,False,From Corner,120.0,80.0,Pass,3,0,0,-29.0,11.0,-9.67,,,,central,False,0,11,3.3,0,0,0,8,2,5,120.0,42.0,0.0,1.83,other
33070b83-5d8f-44f0-b648-9c1619c631ca,7542,Portugal,Morocco,Cristiano Ronaldo dos Santos Aveiro,1,3,55,115.0,41.0,4.66,0.18227948,Goal,1,Open Play,Head,False,False,From Corner,120.0,79.0,Pass,3,2,0,-5.0,33.9,-1.67,cross,116.0,78.0,wide,False,0,8,2.04,0,0,2,8,2,3,120.0,42.0,0.0,1.83,wide_cross
bbc50517-8c1e-438a-b22d-2d6134df1552,7542,Portugal,Morocco,Cristiano Ronaldo dos Santos Aveiro,1,8,26,108.0,56.0,18.29,0.04095015,Off T,0,Open Play,Right Foot,False,True,Regular Play,53.0,9.0,Ball Recovery,9,1,2,55.0,53.8,6.11,central_pass,97.0,37.0,central,False,0,8,2.04,0,0,1,6,1,1,120.0,44.0,0.0,3.66,fast_counter
e3a83a5d-d2e7-45ee-b2e6-8ebd62c59d2f,7542,Morocco,Portugal,Medhi Amine El Mouttaqi Benatia,1,10,57,114.0,33.0,8.43,0.08036203,Saved,0,Open Play,Head,False,False,From Corner,119.0,78.0,Pass,2,1,0,-5.0,28.8,-2.5,cross,119.0,78.0,wide,False,0,10,0.91,1,1,2,10,2,4,119.0,38.0,0.91,1.83,wide_cross
70cea785-e414-4807-82d6-ec7ab9089d28,7542,Morocco,Portugal,Manuel Marouan da Costa Trinidade,1,13,32,109.0,45.0,11.05,0.0881195,Off T,0,Open Play,Head,False,True,From Corner,119.0,2.0,Pass,9,2,1,-10.0,25.9,-1.11,cross,101.0,8.0,wide,False,0,6,0.91,1,1,1,6,1,2,119.0,41.0,0.91,0.91,wide_cross
40d92092-53f0-42c9-90e9-29308e35f617,7542,Morocco,Portugal,Hakim Ziyech,1,17,14,109.0,26.0,16.28,0.05608462,Blocked,0,Open Play,Left Foot,False,False,Regular Play,68.0,39.0,Pass,10,2,6,41.0,34.2,4.1,central_pass,96.0,23.0,half_space,False,0,6,2.04,0,0,2,6,2,1,118.0,37.0,1.83,2.74,fast_counter
e7d13c88-16b4-4910-9366-0f756f61d8bd,7542,Morocco,Portugal,Hakim Ziyech,1,22,7,92.0,25.0,29.05,0.013198647,Saved,0,Open Play,Right Foot,False,False,Regular Play,51.0,44.0,Duel,42,8,9,41.0,37.4,0.98,other,83.0,6.0,wide,False,0,9,2.89,0,0,1,5,2,2,119.0,40.0,0.91,0.0,slow_possession
5faf135f-6df8-457f-bbf1-bc247d2f840b,7542,Morocco,Portugal,Khalid Boutaïb,1,29,53,108.0,44.0,11.57,0.22690645,Wayward,0,Open Play,Head,False,True,Regular Play,52.0,22.0,Interception,17,7,8,56.0,57.7,3.29,,,,central,False,0,4,1.29,0,1,1,4,1,0,118.0,41.0,1.83,0.91,other
40313541-59fc-4d6c-b96c-ab3a8f09ea70,7542,Portugal,Morocco,Cristiano Ronaldo dos Santos Aveiro,1,31,30,100.0,34.0,19.09,0.082563296,Blocked,0,Free Kick,Right Foot,False,False,From Free Kick,100.0,34.0,Shot,0,0,0,0.0,0.0,,,,,central,False,0,10,8.23,0,0,0,10,5,6,120.0,43.0,0.0,2.74,set_piece
c4555e58-16f9-4868-b880-0420b31c973f,7542,Morocco,Portugal,Karim El Ahmadi Al Aroos,1,33,32,87.0,28.0,32.11,0.0058760555,Off T,0,Open Play,Right Foot,False,False,Regular Play,38.0,20.0,Pass,17,6,6,49.0,49.3,2.88,cutback,105.0,12.0,wide,False,0,10,4.92,0,0,0,5,3,2,118.0,40.0,1.83,0.0,cutback
ccea0fb3-a18a-4365-b00e-e255dfa0a1d3,7542,Portugal,Morocco,Gonçalo Manuel Ganchinho Guedes,1,38,50,109.0,34.0,11.46,0.20104031,Saved,0,Open Play,Right Foot,True,True,From Free Kick,43.0,60.0,Pass,7,3,1,66.0,67.0,9.43,central_pass,91.0,29.0,half_space,False,0,7,0.91,1,1,2,4,1,0,116.0,39.0,3.66,0.91,fast_counter
03938d8f-f100-4c10-9386-093681080bfe,7542,Morocco,Portugal,Younès Belhanda,1,46,33,112.0,41.0,7.37,0.117750056,Off T,0,Open Play,Head,False,True,From Free Kick,119.0,76.0,Pass,2,1,0,-7.0,28.0,-3.5,cross,119.0,76.0,wide,False,0,10,1.29,0,1,2,10,1,5,118.0,40.0,1.83,0.0,wide_cross
b9c37e38-de79-4160-855e-91a9d9f83dcc,7542,Portugal,Morocco,José Miguel da Rocha Fonte,2,47,9,111.0,42.0,8.43,0.081678025,Off T,0,Open Play,Head,False,True,From Corner,119.0,1.0,Pass,2,2,0,-8.0,29.8,-4.0,cross,115.0,2.0,wide,False,0,8,1.29,0,1,2,8,2,4,119.0,40.0,0.91,0.0,wide_cross
e063046f-3748-48a0-8933-f4bbc048b0ab,7542,Portugal,Morocco,Gonçalo Manuel Ganchinho Guedes,2,50,22,107.0,31.0,14.46,0.069918275,Wayward,0,Open Play,Right Foot,False,False,From Free Kick,69.0,47.0,Pass,9,3,2,38.0,35.7,4.22,cross,119.0,24.0,half_space,False,0,7,4.09,0,0,0,6,3,2,119.0,37.0,0.91,2.74,wide_cross
829f4715-332c-422c-b2a4-7a8c99a098c3,7542,Portugal,Morocco,Cristiano Ronaldo dos Santos Aveiro,2,50,24,103.0,53.0,19.57,0.05287904,Off T,0,Open Play,Right Foot,False,False,From Free Kick,69.0,47.0,Pass,11,3,3,34.0,30.1,3.09,,,,half_space,False,0,7,7.14,0,0,0,7,2,3,119.0,41.0,0.91,0.91,other
02a2835d-dfcd-4fda-a416-6c4385924c32,7542,Morocco,Portugal,Younès Belhanda,2,54,47,105.0,57.0,20.73,0.041491136,Saved,0,Open Play,Right Foot,False,False,Regular Play,27.0,71.0,Pass,47,11,8,78.0,75.4,1.66,cutback,110.0,66.0,wide,False,0,10,3.3,0,0,0,8,0,3,119.0,45.0,0.91,4.57,cutback
b51c7a71-e704-45ac-9008-80f2f349d68d,7542,Morocco,Portugal,Younès Belhanda,2,56,7,112.0,50.0,11.71,0.113801956,Saved,0,Open Play,Head,False,False,Regular Play,77.0,79.0,Dribble,38,1,2,35.0,45.2,0.92,cross,91.0,77.0,wide,False,0,9,0.91,1,1,1,8,1,4,120.0,42.0,0.0,1.83,wide_cross
547878e3-5281-4ac6-9a12-e6611e4aa7ed,7542,Morocco,Portugal,Medhi Amine El Mouttaqi Benatia,2,59,56,107.0,42.0,12.03,0.13597772,Off T,0,Open Play,Left Foot,False,False,From Free Kick,71.0,61.0,Pass,3,0,3,36.0,40.2,12.0,,,,central,False,0,9,1.29,0,1,1,8,1,3,120.0,42.0,0.0,1.83,other
33a998dd-cceb-476e-acf6-34e8aeb85c86,7542,Morocco,Portugal,Mbark Boussoufa,2,63,49,113.0,34.0,8.43,0.084413245,Wayward,0,Open Play,Head,False,False,From Throw In,105.0,2.0,Pass,27,8,6,8.0,31.6,0.3,cross,102.0,71.0,wide,False,0,8,2.04,0,0,3,8,2,3,120.0,40.0,0.0,0.0,wide_cross
cda7105c-b571-40c0-aefb-4bb4c8cfb2a6,7542,Morocco,Portugal,Hakim Ziyech,2,67,26,96.0,54.0,25.41,0.042571124,Off T,0,Free Kick,Left Foot,False,False,From Free Kick,96.0,54.0,Shot,0,0,0,0.0,0.0,,,,,half_space,False,0,11,9.33,0,0,0,11,4,6,120.0,41.0,0.0,0.91,set_piece
0a86bbf9-7b40-4a97-907b-c3f8975b2369,7542,Portugal,Morocco,Cristiano Ronaldo dos Santos Aveiro,2,70,49,93.0,17.0,32.43,0.006081588,Blocked,0,Open Play,Right Foot,False,False,From Throw In,42.0,79.0,Pass,13,3,3,51.0,51.7,3.92,central_pass,75.0,27.0,half_space,False,0,8,2.59,0,0,1,3,1,2,119.0,37.0,0.91,2.74,central_penetration
66108521-3af2-4be0-a17c-7a3c98402d21,7542,Morocco,Portugal,Medhi Amine El Mouttaqi Benatia,2,77,55,113.0,47.0,9.05,0.15676288,Off T,0,Open Play,Other,False,False,From Free Kick,91.0,65.0,Pass,2,1,1,22.0,28.4,11.0,cross,91.0,65.0,wide,False,0,10,2.04,0,0,1,10,1,5,120.0,43.0,0.0,2.74,wide_cross
e67bfb48-0acc-43ea-bbee-9900822a899e,7542,Morocco,Portugal,Nabil Dirar,2,80,20,86.0,54.0,33.62,0.006087828,Off T,0,Open Play,Right Foot,True,False,From Corner,119.0,2.0,Pass,5,0,0,-33.0,1.2,-6.6,,,,half_space,False,0,10,7.37,0,0,0,9,4,6,120.0,41.0,0.0,0.91,other
55b44e9b-4047-468a-9572-a3aee83196f5,7542,Portugal,Morocco,Bruno Miguel Borges Fernandes,2,81,44,97.0,52.0,23.72,0.03569857,Off T,0,Open Play,Right Foot,False,True,From Throw In,74.0,80.0,Pass,17,6,5,23.0,35.0,1.35,other,96.0,73.0,wide,False,0,8,0.91,1,1,1,5,1,2,119.0,40.0,0.91,0.0,other
89d4e216-e68c-45f0-8b3d-7d9f5ecbdec5,7542,Portugal,Morocco,Cristiano Ronaldo dos Santos Aveiro,2,84,19,102.0,31.0,18.4,0.101404436,Blocked,0,Free Kick,Right Foot,False,False,From Free Kick,102.0,31.0,Shot,0,0,0,0.0,0.0,,,,,central,False,0,10,5.56,0,0,0,10,3,4,119.0,41.0,0.91,0.91,set_piece
c3df1f3c-8151-4ad2-8f77-ba3fbc8e9c55,7542,Morocco,Portugal,Hakim Ziyech,2,89,43,112.0,50.0,11.71,0.07717339,Blocked,0,Open Play,Left Foot,False,False,Regular Play,82.0,78.0,Pass,39,13,12,30.0,40.9,0.77,,,,central,False,0,7,2.04,0,0,1,7,2,2,120.0,44.0,0.0,3.66,slow_possession
b27e3601-433d-407c-8d45-894282850797,7542,Morocco,Portugal,Medhi Amine El Mouttaqi Benatia,2,92,18,111.0,38.0,8.43,0.13053852,Off T,0,Open Play,Left Foot,False,False,From Free Kick,75.0,49.0,Pass,3,0,1,36.0,36.7,12.0,,,,central,False,0,10,2.04,0,0,2,10,4,3,120.0,41.0,0.0,0.91,other
bff9d917-7889-4c2d-a981-5252a57f57a9,7542,Portugal,Morocco,Bruno Miguel Borges Fernandes,2,94,43,90.0,21.0,32.47,0.007644402,Off T,0,Open Play,Right Foot,False,False,Regular Play,25.0,2.0,Duel,39,10,9,65.0,66.8,1.67,other,99.0,3.0,wide,False,0,10,3.88,0,0,0,2,1,0,119.0,38.0,0.91,1.83,slow_possession
301b839b-3293-495c-8701-db06f19c4ac2,8656,England,Croatia,Kieran Trippier,1,4,46,96.0,43.0,22.12,0.087601066,Goal,1,Free Kick,Right Foot,False,False,From Free Kick,96.0,43.0,Shot,0,0,0,0.0,0.0,,,,,central,False,0,10,10.97,0,0,0,10,4,6,120.0,41.0,0.0,0.91,set_piece
50cde018-2c98-4b17-bc59-14e19a032b64,8656,England,Croatia,Harry Maguire,1,13,41,111.0,37.0,8.67,0.06737803,Off T,0,Open Play,Head,False,True,From Corner,120.0,80.0,Pass,2,1,0,-9.0,30.5,-4.5,cutback,120.0,80.0,wide,False,0,10,1.29,0,2,3,10,3,5,120.0,41.0,0.0,0.91,cutback
a455825a-c4bf-4461-a86a-31d85ecd7d33,8656,Croatia,England,Ivan Perišić,1,18,18,94.0,20.0,29.99,0.009048959,Off T,0,Open Play,Right Foot,False,False,From Throw In,74.0,80.0,Pass,8,2,2,20.0,28.2,2.5,other,74.0,79.0,wide,False,0,9,5.56,0,0,0,5,2,2,118.0,38.0,1.83,1.83,other
f77e4866-1f80-420d-9dcc-5acccbe84d02,8656,Croatia,England,Ante Rebić,1,20,3,98.0,41.0,20.14,0.062660925,Blocked,0,Open Play,Left Foot,False,False,Regular Play,11.0,35.0,Pass,17,3,5,87.0,87.1,5.12,,,,central,False,0,7,2.74,0,0,2,2,1,0,,,,,other
58578b59-eb71-410c-8478-ca0f6f79add2,8656,Croatia,England,Ivan Perišić,1,22,22,87.0,26.0,32.78,0.0076604215,Off T,0,Open Play,Right Foot,False,True,From Free Kick,13.0,38.0,Pass,6,2,0,74.0,71.2,12.33,other,76.0,17.0,wide,False,0,9,1.83,0,1,2,1,1,0,117.0,40.0,2.74,0.0,fast_counter
7194a099-be34-4a8f-83bc-42f2b1975b47,8656,Croatia,England,Ante Rebić,1,31,2,101.0,50.0,19.63,0.052557826,Saved,0,Open Play,Left Foot,False,False,From Throw In,28.0,79.0,Pass,34,7,8,73.0,78.5,2.15,,,,central,False,0,10,2.89,0,0,1,8,1,3,119.0,40.0,0.91,0.0,other
bb862cf3-ae64-412d-8bc2-b5d1dc034427,8656,England,Croatia,Jesse Lingard,1,35,3,102.0,41.0,16.48,0.07025741,Off T,0,Open Play,Right Foot,False,False,Regular Play,69.0,76.0,Pass,28,6,4,33.0,44.4,1.18,cutback,106.0,28.0,half_space,False,0,8,4.57,0,0,0,7,2,3,118.0,41.0,1.83,0.91,cutback
527d5368-66d2-4442-a69e-8785d68f4495,8656,England,Croatia,Raheem Sterling,1,36,39,104.0,52.0,18.29,0.044552676,Blocked,0,Open Play,Left Foot,False,False,From Throw In,97.0,80.0,Pass,9,4,4,7.0,26.1,0.78,cutback,107.0,65.0,wide,False,0,9,0.91,2,2,2,9,2,2,119.0,43.0,0.91,2.74,cutback
0f0a40ef-2d6e-405b-98cf-ee4c3482a452,8656,Croatia,England,Šime Vrsaljko,1,42,33,88.0,51.0,30.94,0.014083298,Off T,0,Open Play,Right Foot,False,False,Regular Play,22.0,66.0,Pass,55,17,17,66.0,67.6,1.2,central_pass,79.0,28.0,half_space,False,0,8,3.3,0,0,0,2,2,0,118.0,40.0,1.83,0.0,central_penetration
b1c42b4a-ae0d-4ced-a190-bb9cff3fdf35,8656,England,Croatia,Jesse Lingard,2,55,18,96.0,45.0,22.42,0.07605162,Blocked,0,Open Play,Left Foot,False,False,From Free Kick,13.0,48.0,Pass,7,3,1,83.0,82.8,11.86,central_pass,98.0,50.0,central,False,0,7,3.88,0,0,0,3,1,1,115.0,40.0,4.57,0.0,fast_counter
97743d04-47f0-40d1-a037-6e598abd0d4c,8656,Croatia,England,Ivan Rakitić,2,60,2,97.0,34.0,21.74,0.030502638,Off T,0,Open Play,Left Foot,False,False,From Corner,120.0,2.0,Pass,72,5,7,-23.0,14.2,-0.32,,,,central,False,0,7,4.57,0,0,0,7,2,2,120.0,41.0,0.0,0.91,other
fc9169f3-2f77-4506-a816-c68d41a86dcf,8656,Croatia,England,Ivan Perišić,2,64,25,103.0,41.0,15.57,0.059572116,Blocked,0,Open Play,Right Foot,False,False,From Throw In,106.0,2.0,Pass,55,12,10,-3.0,23.5,-0.05,,,,central,False,0,8,3.66,0,0,0,8,4,4,120.0,41.0,0.0,0.91,slow_possession
89e0faf6-94c1-4fcf-b0b1-0e7031133aaa,8656,England,Croatia,Harry Kane,2,66,56,118.0,56.0,14.74,0.012158659,Off T,0,Open Play,Right Foot,False,True,From Free Kick,32.0,17.0,Pass,17,2,5,86.0,74.8,5.06,other,100.0,77.0,wide,False,0,8,1.83,0,1,1,5,0,0,118.0,44.0,1.83,3.66,other
1ee6a4f4-d2d5-4921-8e42-1ba549ea9ce6,8656,Croatia,England,Ivan Perišić,2,67,44,114.0,40.0,5.49,0.20912401,Goal,1,Open Play,Left Foot,True,False,From Throw In,86.0,79.0,Pass,24,8,6,28.0,45.7,1.17,cross,96.0,78.0,wide,False,0,8,0.91,1,1,1,8,2,1,120.0,42.0,0.0,1.83,wide_cross
f76b7b94-adb2-4835-b9be-1e4fb1f70953,8656,Croatia,England,Ivan Perišić,2,71,6,112.0,30.0,11.71,0.15445817,Post,0,Open Play,Left Foot,False,False,Regular Play,47.0,58.0,Pass,12,1,1,65.0,62.4,5.42,,,,central,False,0,7,1.83,0,1,1,7,1,1,120.0,39.0,0.0,0.91,fast_counter
c1cc8f58-b4c2-4e41-ab6b-fe90f2830dac,8656,Croatia,England,Ante Rebić,2,71,7,111.0,44.0,9.01,0.33236027,Saved,0,Open Play,Left Foot,True,False,Regular Play,47.0,58.0,Pass,13,1,1,64.0,65.3,4.92,,,,central,False,0,7,2.74,0,0,1,7,3,1,120.0,38.0,0.0,1.83,other
2e3482ec-5af5-48cb-a590-9dbbf9d37da4,8656,Croatia,England,Marcelo Brozović,2,72,52,98.0,48.0,21.41,0.030021574,Off T,0,Open Play,Right Foot,False,False,From Corner,119.0,80.0,Pass,7,1,1,-21.0,16.6,-3.0,,,,central,False,0,11,2.74,0,0,1,9,3,6,120.0,41.0,0.0,0.91,other
1ccff8f6-3b16-4eb7-9bcb-455ce6daf07e,8656,England,Croatia,Jesse Lingard,2,76,48,115.0,55.0,14.46,0.016519846,Wayward,0,Open Play,Right Foot,False,False,From Throw In,86.0,80.0,Pass,3,2,2,29.0,36.7,9.67,central_pass,93.0,54.0,half_space,False,0,8,3.77,0,0,0,6,1,2,119.0,44.0,0.91,3.66,central_penetration
190ea640-38e3-4990-b977-617721fedb86,8656,England,Croatia,Jordan Brian Henderson,2,77,35,95.0,45.0,23.31,0.03295447,Off T,0,Open Play,Right Foot,False,False,Regular Play,82.0,10.0,Pass,14,6,6,13.0,22.9,0.93,,,,central,False,0,9,2.74,0,0,1,4,2,4,118.0,40.0,1.83,0.0,other
ff937333-3779-420f-837c-f531f7eeb989,8656,Croatia,England,Mario Mandžukić,2,82,19,113.0,52.0,12.7,0.071416385,Saved,0,Open Play,Right Foot,False,False,Regular Play,37.0,52.0,Pass,17,3,3,76.0,70.0,4.47,central_pass,81.0,58.0,half_space,False,0,6,2.04,0,0,2,6,1,0,119.0,44.0,0.91,3.66,central_penetration
f1843713-f683-40af-8028-bab23503bb35,8656,Croatia,England,Ivan Perišić,2,83,0,113.0,24.0,15.97,0.034025826,Off T,0,Open Play,Right Foot,False,False,From Keeper,11.0,29.0,Goal Keeper,30,6,7,102.0,92.1,3.4,,,,half_space,False,0,5,2.04,0,0,1,5,0,1,119.0,29.0,0.91,10.06,other
d0ac9790-43ab-41ba-ba95-daeef4ff025b,8656,Croatia,England,Dejan Lovren,2,89,32,89.0,57.0,32.33,0.006736835,Off T,0,Open Play,Right Foot,False,False,Regular Play,60.0,75.0,Ball Recovery,68,24,26,29.0,34.1,0.43,central_pass,87.0,20.0,half_space,False,0,11,8.18,0,0,0,6,2,3,119.0,42.0,0.91,1.83,central_penetration
41c0a42f-96c7-402b-adbf-69335c994f3f,8656,England,Croatia,Harry Kane,2,91,23,113.0,33.0,9.05,0.054013368,Off T,0,Open Play,Head,False,False,From Free Kick,94.0,67.0,Pass,2,1,0,19.0,27.6,9.5,cross,94.0,67.0,wide,False,0,11,1.29,0,2,3,10,2,5,119.0,40.0,0.91,0.0,wide_cross
159a056f-fcfd-4026-a5e0-5f4898685262,8656,England,Croatia,Eric Dier,3,97,29,92.0,51.0,27.51,0.020738635,Blocked,0,Open Play,Right Foot,False,False,Regular Play,15.0,20.0,Ball Recovery,31,8,13,77.0,76.8,2.48,central_pass,99.0,44.0,central,False,0,9,4.92,0,0,0,7,4,3,116.0,43.0,3.66,2.74,central_penetration
a8c84250-5a2b-4af7-8699-1f2b3805ee75,8656,England,Croatia,John Stones,3,98,12,113.0,49.0,10.43,0.06443832,Blocked,0,Open Play,Head,False,False,From Corner,119.0,79.0,Pass,1,1,0,-6.0,27.6,-6.0,cross,119.0,79.0,wide,False,0,10,1.29,0,2,3,10,4,5,120.0,42.0,0.0,1.83,wide_cross
4dc3ea0d-86ba-4160-995e-d5a01ba95150,8656,Croatia,England,Andrej Kramarić,3,101,22,106.0,58.0,20.85,0.017686963,Blocked,0,Open Play,Left Foot,False,False,From Free Kick,94.0,79.0,Pass,11,3,3,12.0,24.1,1.09,central_pass,87.0,41.0,central,False,0,11,1.83,0,1,2,8,1,3,119.0,42.0,0.91,1.83,central_penetration
caed7e6a-b40b-429f-84c7-c43235a6e50d,8656,Croatia,England,Andrej Kramarić,3,105,42,101.0,34.0,18.22,0.07233582,Blocked,0,Open Play,Left Foot,False,False,Regular Play,28.0,53.0,Pass,12,3,2,73.0,73.0,6.08,cross,109.0,22.0,half_space,False,0,8,1.29,0,1,1,7,1,2,119.0,38.0,0.91,1.83,fast_counter
43dd92be-78ea-4a85-a6ab-55a898f5527f,8656,Croatia,England,Mario Mandžukić,3,106,26,114.0,39.0,5.56,0.4161531,Saved,0,Open Play,Right Foot,True,False,Regular Play,28.0,53.0,Pass,56,13,9,86.0,86.8,1.54,cross,100.0,14.0,wide,False,0,6,1.83,0,1,2,6,1,0,116.0,39.0,3.66,0.91,wide_cross
c6699633-df2c-4228-914e-3ac06a470764,8656,Croatia,England,Marcelo Brozović,4,107,2,111.0,27.0,14.46,0.061426584,Off T,0,Open Play,Left Foot,False,False,From Corner,119.0,2.0,Pass,2,1,0,-8.0,22.2,-4.0,cutback,119.0,2.0,wide,False,0,10,2.04,0,0,1,9,3,5,120.0,38.0,0.0,1.83,cutback
8023b6b6-2a67-4d2d-91ae-b69e4329e3b3,8656,Croatia,England,Mario Mandžukić,4,108,3,114.0,33.0,8.43,0.25109488,Goal,1,Open Play,Left Foot,False,False,From Throw In,78.0,2.0,Pass,22,6,5,36.0,47.4,1.64,central_pass,103.0,20.0,half_space,False,0,10,2.04,0,0,1,8,1,1,120.0,39.0,0.0,0.91,central_penetration
9e4b4fba-8410-4edb-83ba-e700b707f400,8656,Croatia,England,Ivan Perišić,4,113,40,107.0,32.0,13.96,0.11611599,Blocked,0,Open Play,Left Foot,False,False,Other,16.0,58.0,Referee Ball-Drop,50,13,15,91.0,90.3,1.82,cross,110.0,17.0,wide,False,0,8,1.83,0,1,2,6,1,2,119.0,39.0,0.91,0.91,wide_cross
4a897018-78e4-436f-9ee0-b41519a1967b,8656,Croatia,England,Marcelo Brozović,4,115,34,97.0,22.0,26.71,0.010755873,Saved,0,Open Play,Right Foot,False,False,From Corner,120.0,2.0,Pass,4,2,2,-23.0,8.8,-5.75,cutback,118.0,3.0,wide,False,0,7,3.66,0,0,0,5,1,2,119.0,40.0,0.91,0.0,cutback
b67b3860-86bf-430a-8232-b7e8124f2bbb,8656,Croatia,England,Andrej Kramarić,4,119,24,109.0,52.0,14.89,0.12152097,Off T,0,Open Play,Right Foot,False,False,Regular Play,37.0,61.0,Ball Recovery,17,3,6,72.0,69.3,4.24,other,78.0,79.0,wide,False,0,4,2.04,0,0,1,4,1,1,119.0,44.0,0.91,3.66,other
c21eb124-0b8d-4edf-9761-fbc53f783767,7548,Brazil,Costa Rica,Philippe Coutinho Correia,1,2,58,98.0,51.0,22.49,0.036142077,Off T,0,Open Play,Right Foot,False,False,Regular Play,54.0,25.0,Pass,57,15,18,44.0,43.1,0.77,,,,half_space,False,0,10,1.83,0,1,1,5,2,2,117.0,40.0,2.74,0.0,slow_possession
8d9b7b92-d851-4bcb-8db4-fdb51c41eb2e,7548,Costa Rica,Brazil,Cristian Gamboa Luna,1,6,12,88.0,59.0,34.03,0.007548474,Off T,0,Open Play,Right Foot,False,False,From Throw In,103.0,2.0,Pass,15,5,4,-15.0,4.4,-1.0,,,,half_space,False,0,11,2.04,0,0,1,5,1,3,120.0,41.0,0.0,0.91,other
0838b6c6-b0f6-45e9-8e23-ff9df30295c2,7548,Costa Rica,Brazil,Celso Borges Mora,1,12,24,107.0,48.0,13.96,0.09443319,Off T,0,Open Play,Right Foot,True,True,Regular Play,53.0,54.0,Pass,11,6,6,54.0,53.2,4.91,cross,117.0,64.0,wide,False,0,8,1.83,0,1,1,6,2,4,119.0,43.0,0.91,2.74,fast_counter
1fb09e71-683f-496a-8fa2-51f13b70169c,7548,Costa Rica,Brazil,Bryan Oviedo,1,14,23,82.0,29.0,36.17,0.006780131,Blocked,0,Open Play,Left Foot,False,False,From Throw In,87.0,1.0,Pass,26,11,10,-5.0,11.5,-0.19,central_pass,93.0,53.0,half_space,False,0,10,6.96,0,0,0,4,2,1,119.0,41.0,0.91,0.91,central_penetration
471e7722-dc06-4dad-a0c7-555933f7853b,7548,Brazil,Costa Rica,Thiago Emiliano da Silva,1,22,31,106.0,25.0,18.76,0.032397527,Off T,0,Open Play,Head,False,True,From Free Kick,82.0,61.0,Pass,2,1,0,24.0,22.9,12.0,central_pass,82.0,61.0,half_space,False,0,10,0.91,1,2,2,7,1,4,119.0,38.0,0.91,1.83,central_penetration
c8029148-def3-4eba-bad8-f55f87c21306,7548,Brazil,Costa Rica,Marcelo Vieira da Silva Júnior,1,25,41,99.0,22.0,25.29,0.016899822,Blocked,0,Open Play,Left Foot,True,False,Regular Play,52.0,12.0,Pass,9,2,3,47.0,45.9,5.22,,,,half_space,False,0,8,1.83,0,1,1,7,1,2,118.0,37.0,1.83,2.74,fast_counter
da43c26e-d5c9-461c-847b-8eb6f4f2bffb,7548,Brazil,Costa Rica,Marcelo Vieira da Silva Júnior,1,28,15,97.0,20.0,27.87,0.0112173855,Off T,0,Open Play,Left Foot,False,False,Regular Play,45.0,32.0,Ball Recovery,28,7,8,52.0,44.9,1.86,cutback,102.0,4.0,wide,False,0,10,1.83,0,1,1,7,1,4,117.0,36.0,2.74,3.66,cutback
22e30073-5646-452c-ada0-8b5384f8044f,7548,Brazil,Costa Rica,Philippe Coutinho Correia,1,29,18,92.0,23.0,29.95,0.008158741,Off T,0,Open Play,Right Foot,False,False,From Throw In,109.0,2.0,Pass,9,3,3,-17.0,6.8,-1.89,other,92.0,10.0,wide,False,0,10,2.74,0,0,1,4,2,1,117.0,37.0,2.74,2.74,other
bd5da78a-69e0-47cb-a544-871ef11eb2f0,7548,Brazil,Costa Rica,Willian Borges da Silva,1,33,19,100.0,52.0,21.33,0.041545574,Off T,0,Open Play,Left Foot,False,False,Regular Play,76.0,5.0,Pass,23,4,4,24.0,32.9,1.04,central_pass,87.0,27.0,half_space,False,0,11,2.74,0,0,1,9,2,4,117.0,40.0,2.74,0.0,central_penetration
c1cfcb01-0753-4e3a-95a2-33d08428291c,7548,Brazil,Costa Rica,Marcelo Vieira da Silva Júnior,1,40,44,96.0,23.0,26.89,0.0191676,Saved,0,Open Play,Right Foot,False,False,Regular Play,13.0,26.0,Ball Recovery,37,13,14,83.0,78.5,2.24,central_pass,74.0,39.0,central,False,0,10,3.3,0,0,0,7,2,4,118.0,38.0,1.83,1.83,central_penetration
0a108b12-a5e4-4287-be55-61f14c07ed8c,7548,Brazil,Costa Rica,Neymar da Silva Santos Junior,2,47,27,117.0,39.0,2.89,0.49476126,Blocked,0,Open Play,Right Foot,True,False,From Kick Off,61.0,41.0,Pass,147,37,37,56.0,55.8,0.38,central_pass,108.0,58.0,half_space,False,0,9,0.91,1,1,1,8,1,3,119.0,43.0,0.91,2.74,central_penetration
fc99ddc6-927c-4b64-a1eb-1599d5db30b2,7548,Brazil,Costa Rica,Gabriel Fernando de Jesus,2,48,51,112.0,40.0,7.32,0.19056164,Post,0,Open Play,Head,False,False,Regular Play,33.0,37.0,Pass,30,7,6,79.0,79.1,2.63,cross,101.0,69.0,wide,False,0,9,1.83,0,1,2,9,1,2,119.0,41.0,0.91,0.91,wide_cross
c0b08c3a-f4fd-42bc-ae18-1c0d9af6c540,7548,Brazil,Costa Rica,Philippe Coutinho Correia,2,48,58,105.0,41.0,13.75,0.07274404,Blocked,0,Open Play,Right Foot,True,False,Regular Play,33.0,37.0,Pass,37,8,9,72.0,72.0,1.95,cutback,112.0,49.0,central,False,0,9,2.59,0,0,2,9,3,4,120.0,42.0,0.0,1.83,cutback
0f3662fd-9091-4135-b5e5-ed4114c7f2f9,7548,Brazil,Costa Rica,Neymar da Silva Santos Junior,2,55,50,110.0,42.0,9.33,0.18450306,Saved,0,Open Play,Right Foot,True,False,Regular Play,93.0,77.0,Duel,5,1,1,17.0,35.6,3.4,cross,111.0,64.0,wide,False,0,6,4.09,0,0,0,6,2,3,119.0,43.0,0.91,2.74,high_turnover
199fe719-149b-4fdd-b7fa-02abe4120d95,7548,Brazil,Costa Rica,Philippe Coutinho Correia,2,57,14,103.0,48.0,17.18,0.056714255,Saved,0,Open Play,Right Foot,True,False,From Corner,120.0,80.0,Pass,45,8,9,-17.0,21.2,-0.38,central_pass,109.0,46.0,central,False,0,8,3.77,0,0,0,8,2,4,120.0,44.0,0.0,3.66,central_penetration
cf6a65c5-096b-4cda-8839-16c8fffaa17c,7548,Costa Rica,Brazil,Óscar Esau Duarte Gaitán,2,59,52,104.0,40.0,14.63,0.04993162,Wayward,0,Open Play,Right Foot,False,False,From Corner,119.0,79.0,Pass,10,0,2,-15.0,23.0,-1.5,,,,central,False,0,8,1.83,0,1,1,7,3,4,119.0,40.0,0.91,0.0,other
00da3013-47d1-4e82-8af4-ad05848b8a24,7548,Brazil,Costa Rica,Gabriel Fernando de Jesus,2,60,17,108.0,31.0,13.72,0.092250206,Blocked,0,Open Play,Right Foot,False,False,Regular Play,61.0,17.0,Ball Recovery,18,3,6,47.0,48.3,2.61,central_pass,92.0,39.0,central,False,0,8,2.04,0,0,2,8,3,3,120.0,39.0,0.0,0.91,central_penetration
2fd29126-c2ec-49c6-aa6d-9462c6960e11,7548,Brazil,Costa Rica,Neymar da Silva Santos Junior,2,62,56,100.0,24.0,23.42,0.030233286,Saved,0,Open Play,Left Foot,False,False,Regular Play,33.0,58.0,Pass,20,7,7,67.0,63.2,3.35,central_pass,85.0,40.0,central,False,0,10,2.74,0,0,1,8,2,2,120.0,41.0,0.0,0.91,central_penetration
72eeff7e-07af-4515-a51b-da06bed99764,7548,Brazil,Costa Rica,Thiago Emiliano da Silva,2,68,59,111.0,44.0,9.01,0.09530205,Wayward,0,Open Play,Head,False,False,From Corner,119.0,80.0,Pass,2,1,0,-8.0,30.2,-4.0,cutback,119.0,80.0,wide,False,0,9,1.29,0,1,1,9,1,3,120.0,43.0,0.0,2.74,cutback
32eeb435-1f6c-4bd7-b8d7-5c40ff97e39e,7548,Brazil,Costa Rica,Carlos Henrique Casimiro,2,69,47,112.0,41.0,7.37,0.102238975,Saved,0,Open Play,Head,False,False,From Corner,119.0,80.0,Pass,1,1,0,-7.0,32.0,-7.0,cutback,119.0,80.0,wide,False,0,9,1.83,0,1,2,9,2,4,120.0,42.0,0.0,1.83,cutback
81f97aca-f42f-4ebf-82bd-da212c83d49e,7548,Brazil,Costa Rica,Neymar da Silva Santos Junior,2,71,34,98.0,38.0,20.2,0.10716484,Off T,0,Open Play,Right Foot,False,False,Regular Play,17.0,76.0,Ball Recovery,16,4,6,81.0,87.0,5.06,,,,central,False,0,5,3.3,0,0,0,2,1,1,115.0,41.0,4.57,0.91,other
31be19b4-51e5-41a3-b247-a6ffa2154d71,7548,Brazil,Costa Rica,Neymar da Silva Santos Junior,2,75,7,108.0,27.0,16.18,0.03701403,Blocked,0,Open Play,Right Foot,False,False,Regular Play,25.0,35.0,Pass,15,4,5,83.0,77.4,5.53,central_pass,89.0,55.0,half_space,False,0,8,1.29,0,1,1,8,2,4,119.0,39.0,0.91,0.91,central_penetration
7fef9a34-bb00-429e-8e5a-92931bfbadc4,7548,Brazil,Costa Rica,Philippe Coutinho Correia,2,84,37,89.0,28.0,30.4,0.013194866,Saved,0,Open Play,Right Foot,False,False,Regular Play,15.0,15.0,Duel,45,9,10,74.0,74.7,1.64,other,98.0,12.0,wide,False,0,10,2.59,0,0,1,6,2,3,120.0,41.0,0.0,0.91,slow_possession
ba2050a7-4046-42f8-8b75-a456004568ce,7548,Brazil,Costa Rica,Carlos Henrique Casimiro,2,86,14,96.0,46.0,22.62,0.036078174,Saved,0,Open Play,Right Foot,False,False,Regular Play,57.0,68.0,Duel,24,5,6,39.0,44.2,1.62,cutback,104.0,57.0,half_space,False,0,10,2.74,0,0,1,8,2,4,119.0,43.0,0.91,2.74,cutback
be151105-0cd9-49ce-a824-daa499475ad4,7548,Brazil,Costa Rica,Philippe Coutinho Correia,2,90,23,113.0,38.0,6.66,0.4204949,Goal,1,Open Play,Right Foot,True,False,From Free Kick,25.0,74.0,Pass,16,5,4,88.0,93.6,5.5,,,,central,False,0,9,2.04,0,0,2,8,2,3,119.0,41.0,0.91,0.91,other
1eec7e81-11ac-4c69-a6be-a2e32fe67247,7548,Brazil,Costa Rica,Roberto Firmino Barbosa de Oliveira,2,93,42,112.0,32.0,10.35,0.15961349,Off T,0,Open Play,Right Foot,True,False,Regular Play,24.0,40.0,Ball Recovery,67,24,23,88.0,84.7,1.31,cross,119.0,28.0,half_space,False,0,9,1.83,0,1,1,8,2,3,119.0,39.0,0.91,0.91,wide_cross
45b545f0-5876-425a-ae72-8ea1179953ef,7548,Brazil,Costa Rica,Neymar da Silva Santos Junior,2,96,45,115.0,42.0,4.92,0.837965,Goal,1,Open Play,Left Foot,True,False,From Counter,59.0,46.0,Ball Recovery,7,2,2,56.0,55.9,8.0,cross,113.0,55.0,half_space,False,0,6,2.89,0,0,1,6,0,2,116.0,45.0,3.66,4.57,fast_counter
7229ded8-e356-4f3c-b882-c61057932641,7578,Uruguay,Egypt,Edinson Roberto Cavani Gómez,1,7,53,97.0,32.0,22.27,0.060392763,Saved,0,Open Play,Right Foot,False,False,Regular Play,56.0,71.0,Pass,86,26,21,41.0,46.8,0.48,central_pass,91.0,31.0,central,False,0,9,1.83,0,1,1,3,2,2,120.0,43.0,0.0,2.74,central_penetration
30374964-863a-4872-a292-b200c7c40c05,7578,Egypt,Uruguay,Mahmoud Ibrahim Hassan,1,11,0,108.0,51.0,14.89,0.10038112,Saved,0,Open Play,Right Foot,False,False,From Free Kick,77.0,73.0,Pass,37,10,10,31.0,37.9,0.84,,,,half_space,False,0,8,1.83,0,1,2,5,1,2,118.0,41.0,1.83,0.91,slow_possession
a5bdba7b-b198-4c29-a0ad-e0298d76aa2d,7578,Uruguay,Egypt,Luis Alberto Suárez Díaz,1,13,14,109.0,55.0,17.01,0.04369932,Off T,0,Open Play,Right Foot,True,False,From Throw In,57.0,2.0,Pass,38,14,9,52.0,55.0,1.37,other,109.0,72.0,wide,False,0,9,3.77,0,0,0,7,2,3,120.0,44.0,0.0,3.66,slow_possession
40806951-5f84-44d7-b646-d7720a3a56a5,7578,Uruguay,Egypt,Edinson Roberto Cavani Gómez,1,22,27,102.0,23.0,22.64,0.027233513,Blocked,0,Open Play,Left Foot,False,False,From Corner,120.0,1.0,Pass,19,2,7,-18.0,14.2,-0.95,,,,half_space,False,0,9,2.89,0,0,1,7,1,4,120.0,39.0,0.0,0.91,other
ea9ee5ca-5a01-4fe7-900d-a3eaf8466bab,7578,Uruguay,Egypt,José Martín Cáceres Silva,1,23,1,114.0,48.0,9.14,0.06760274,Wayward,0,Open Play,Head,False,False,From Corner,120.0,80.0,Pass,2,1,0,-6.0,30.0,-3.0,cutback,120.0,80.0,wide,False,0,11,0.91,1,1,4,10,1,5,120.0,43.0,0.0,2.74,cutback
cb68ae6f-45d5-4ebe-aece-119921897b38,7578,Uruguay,Egypt,Luis Alberto Suárez Díaz,1,23,2,116.0,35.0,5.86,0.52513975,Off T,0,Open Play,Right Foot,True,False,From Corner,120.0,80.0,Pass,3,1,0,-4.0,33.6,-1.33,,,,central,False,0,10,2.04,0,0,1,10,1,5,120.0,40.0,0.0,0.0,other
5d6da10d-61d0-4c5f-805c-e29a9d3b4e7d,7578,Egypt,Uruguay,Marwan Mohsen,1,25,46,100.0,51.0,20.87,0.056479577,Saved,0,Open Play,Right Foot,False,False,From Keeper,11.0,44.0,Goal Keeper,21,3,5,89.0,86.2,4.24,other,97.0,63.0,wide,False,0,8,1.83,0,1,1,5,1,1,118.0,40.0,1.83,0.0,other
09946bf3-841e-47cc-9a67-5ccefb36e0f4,7578,Uruguay,Egypt,Matías Vecino Falero,1,28,43,83.0,53.0,35.86,0.005622683,Off T,0,Open Play,Right Foot,False,False,Regular Play,32.0,26.0,Pass,32,6,8,51.0,49.9,1.59,other,65.0,77.0,wide,False,0,10,2.89,0,0,1,1,1,0,120.0,43.0,0.0,2.74,other
cca9f897-2d38-4060-adb7-4b42dc08afc8,7578,Uruguay,Egypt,Luis Alberto Suárez Díaz,1,31,31,88.0,38.0,29.32,0.027368054,Blocked,0,Free Kick,Right Foot,False,False,From Free Kick,88.0,38.0,Shot,0,0,0,0.0,0.0,,,,,central,False,0,11,8.23,0,0,0,5,4,4,120.0,42.0,0.0,1.83,set_piece
18e0e89a-9c36-4fa7-ae6b-b2d80a7ebf27,7578,Egypt,Uruguay,Abdalla Mahmoud El Said Bekhit,1,42,40,105.0,48.0,15.54,0.07929382,Wayward,0,Open Play,Right Foot,False,False,Regular Play,28.0,10.0,Pass,16,5,5,77.0,79.8,4.81,cross,93.0,65.0,wide,False,0,8,2.04,0,0,1,6,1,3,119.0,40.0,0.91,0.0,wide_cross
70b06043-1605-421f-81b5-fe8bd8d7cb9a,7578,Egypt,Uruguay,Tarek Hamed,1,45,54,88.0,37.0,29.39,0.019357108,Blocked,0,Open Play,Right Foot,False,False,Regular Play,64.0,20.0,Interception,11,1,2,24.0,27.3,2.18,,,,central,False,0,9,5.33,0,0,0,6,2,3,119.0,38.0,0.91,1.83,other
dfa65faf-6d64-4cfe-9652-1e1fc0eb7f35,7578,Uruguay,Egypt,Luis Alberto Suárez Díaz,2,45,51,114.0,48.0,9.14,0.20541766,Saved,0,Open Play,Right Foot,False,False,Regular Play,33.0,7.0,Pass,44,9,6,81.0,83.0,1.84,central_pass,87.0,40.0,central,False,0,6,2.59,0,0,2,5,1,0,116.0,46.0,3.66,5.49,central_penetration
9f4ba57c-9d9e-45da-9bb3-a04a39dafded,7578,Egypt,Uruguay,Mahmoud Ibrahim Hassan,2,55,15,92.0,19.0,32.0,0.009718898,Off T,0,Open Play,Right Foot,False,True,Regular Play,11.0,48.0,Ball Recovery,88,22,24,81.0,74.3,0.92,,,,half_space,False,0,8,1.83,0,1,1,3,1,0,120.0,41.0,0.0,0.91,slow_possession
a35387c9-09b9-49b8-acab-adcc08bf78ae,7578,Uruguay,Egypt,Carlos Andrés Sánchez Arcosa,2,67,31,94.0,50.0,25.47,0.031815737,Blocked,0,Open Play,Right Foot,False,False,Regular Play,4.0,30.0,Ball Recovery,32,9,10,90.0,88.6,2.81,central_pass,83.0,44.0,central,False,0,10,4.09,0,0,0,6,2,2,119.0,39.0,0.91,0.91,central_penetration
d6b0d0c7-7d1c-4fff-9abc-417708df2d89,7578,Uruguay,Egypt,Edinson Roberto Cavani Gómez,2,69,35,108.0,49.0,13.72,0.069045424,Blocked,0,Open Play,Left Foot,False,False,From Corner,120.0,80.0,Pass,4,1,1,-12.0,25.0,-3.0,cutback,120.0,80.0,wide,False,0,11,1.83,0,1,1,10,3,5,119.0,41.0,0.91,0.91,cutback
b56d949a-fd64-49c4-9575-73187c1c22bd,7578,Egypt,Uruguay,Ahmed Fathy Abdel Meneim Ibrahim,2,71,51,98.0,62.0,28.45,0.008270875,Saved,0,Open Play,Right Foot,True,False,Regular Play,33.0,56.0,Ball Recovery,16,3,3,65.0,57.3,4.06,,,,half_space,False,0,9,3.3,0,0,0,6,0,2,119.0,45.0,0.91,4.57,other
1bc9e0b3-4f76-41b7-8585-3234ec0c6a5d,7578,Egypt,Uruguay,Mohamed Naser Elsayed Elneny,2,80,52,105.0,52.0,17.57,0.06409918,Blocked,0,Open Play,Right Foot,False,False,Regular Play,94.0,57.0,Pass,13,2,2,11.0,11.9,0.85,,,,half_space,False,0,9,2.74,0,0,2,7,0,3,120.0,45.0,0.0,4.57,other
d74c6566-adb2-419f-b3a3-ec0459189c4a,7578,Uruguay,Egypt,Edinson Roberto Cavani Gómez,2,82,30,99.0,34.0,19.97,0.058034446,Saved,0,Open Play,Right Foot,True,False,Regular Play,31.0,24.0,Pass,33,12,7,68.0,68.6,2.06,cutback,106.0,32.0,central,False,0,9,2.74,0,0,1,7,1,1,119.0,38.0,0.91,1.83,cutback
6b3194d5-7d8a-4893-9bb0-b8e81a5cbcdb,7578,Uruguay,Egypt,José María Giménez de Vargas,2,82,50,112.0,44.0,8.18,0.07687706,Off T,0,Open Play,Head,False,True,From Corner,120.0,80.0,Pass,2,1,0,-8.0,31.1,-4.0,cutback,120.0,80.0,wide,False,0,11,0.91,1,1,4,10,3,6,119.0,40.0,0.91,0.0,cutback
792b2163-8bad-4e8e-bc0d-484094599149,7578,Uruguay,Egypt,José María Giménez de Vargas,2,84,16,112.0,36.0,8.18,0.0793723,Blocked,0,Open Play,Head,False,False,From Corner,120.0,1.0,Pass,2,1,0,-8.0,30.1,-4.0,cutback,120.0,1.0,wide,False,0,11,1.29,0,1,4,11,3,4,118.0,38.0,1.83,1.83,cutback
7ce0881a-cb33-4815-ab37-322365b528a1,7578,Uruguay,Egypt,Edinson Roberto Cavani Gómez,2,87,46,98.0,21.0,26.58,0.011360643,Post,0,Free Kick,Right Foot,False,False,From Free Kick,98.0,21.0,Shot,0,0,0,0.0,0.0,,,,,half_space,False,0,9,12.7,0,0,0,9,1,5,119.0,39.0,0.91,0.91,set_piece
fc34b8cb-e5e8-465c-9fbc-b36047ee6eaa,7578,Uruguay,Egypt,José Martín Cáceres Silva,2,87,48,110.0,38.0,9.33,0.5580403,Blocked,0,Open Play,Right Foot,False,False,From Free Kick,98.0,21.0,Shot,2,0,1,12.0,18.9,6.0,,,,central,False,0,11,2.04,0,0,2,11,1,4,119.0,43.0,0.91,2.74,other
5f47335e-db58-4ba9-8d52-a45401a2f762,7578,Uruguay,Egypt,José María Giménez de Vargas,2,88,59,113.0,37.0,6.96,0.0937962,Goal,1,Open Play,Head,False,True,From Free Kick,114.0,77.0,Pass,1,1,0,-1.0,29.9,-1.0,cross,114.0,77.0,wide,False,0,11,0.91,1,3,4,10,3,5,119.0,39.0,0.91,0.91,wide_cross
f0afbc9e-f532-4630-9369-9653900c0ffb,7578,Egypt,Uruguay,Mohamed Naser Elsayed Elneny,2,94,45,104.0,56.0,20.69,0.026887877,Blocked,0,Open Play,Right Foot,True,False,From Throw In,68.0,1.0,Pass,47,6,8,36.0,42.4,0.77,,,,half_space,False,0,9,6.47,0,0,0,7,1,3,119.0,45.0,0.91,4.57,other
751e2aa8-0bf5-463c-ab66-1b95df19fa32,7553,Mexico,South Korea,Edson Omar Álvarez Velázquez,1,7,8,112.0,41.0,7.37,0.108760424,Wayward,0,Open Play,Head,False,False,From Corner,119.0,79.0,Pass,2,1,0,-7.0,31.0,-3.5,cross,119.0,79.0,wide,False,0,11,1.29,0,2,4,10,2,4,120.0,41.0,0.0,0.91,wide_cross
10f94623-709c-44c8-9436-b7dad79f5475,7553,Mexico,South Korea,Javier Hernández Balcázar,1,11,34,107.0,45.0,12.74,0.05888787,Off T,0,Open Play,Head,False,False,From Free Kick,78.0,68.0,Pass,1,1,0,29.0,36.5,29.0,other,78.0,68.0,wide,False,0,11,1.29,0,2,2,8,1,3,119.0,41.0,0.91,0.91,other
2116e47d-4c49-4bd1-9eb2-521aec053c4a,7553,Mexico,South Korea,Carlos Joel Salcedo Hernández,1,16,21,111.0,49.0,11.64,0.055134527,Saved,0,Open Play,Head,False,True,From Corner,120.0,2.0,Pass,3,1,0,-9.0,25.3,-3.0,cutback,120.0,2.0,wide,False,0,11,0.91,1,1,2,11,3,5,120.0,42.0,0.0,1.83,cutback
60ffcef3-a1f4-49ec-86a4-d8bc43c8a7c2,7553,South Korea,Mexico,Heung-Min Son,1,21,12,109.0,51.0,14.22,0.08637872,Blocked,0,Open Play,Left Foot,False,False,From Counter,38.0,6.0,Ball Recovery,8,1,2,71.0,73.2,8.88,other,43.0,14.0,wide,False,0,4,2.59,0,0,1,3,3,0,118.0,42.0,1.83,1.83,fast_counter
ba937516-4fed-41bc-8f2d-b9585b809ce4,7553,South Korea,Mexico,Heung-Min Son,1,21,14,111.0,49.0,11.64,0.08545184,Blocked,0,Open Play,Right Foot,True,False,From Counter,38.0,6.0,Ball Recovery,10,1,2,73.0,76.0,7.3,,,,central,False,0,5,2.04,0,0,1,5,2,0,116.0,42.0,3.66,1.83,fast_counter
06046a0e-19f0-4644-8f8a-35ce198f13a0,7553,South Korea,Mexico,Heung-Min Son,1,21,18,98.0,49.0,21.74,0.043937247,Blocked,0,Open Play,Left Foot,False,False,From Counter,38.0,6.0,Ball Recovery,14,1,3,60.0,65.0,4.29,,,,central,False,0,7,4.57,0,0,0,6,2,1,119.0,40.0,0.91,0.0,fast_counter
c4aa9b03-5a06-45dc-918b-8cdf2822ebff,7553,South Korea,Mexico,Sung-Yeung Ki,1,22,15,109.0,44.0,10.7,0.06718748,Saved,0,Open Play,Head,False,True,From Corner,119.0,80.0,Pass,1,1,0,-10.0,28.3,-10.0,cutback,119.0,80.0,wide,False,0,8,0.91,1,2,4,7,2,4,119.0,42.0,0.91,1.83,cutback
1d615ad1-c47b-4321-89e6-f6d2945085f8,7553,Mexico,South Korea,Miguel Arturo Layún Prado,1,27,9,105.0,42.0,13.84,0.09150781,Saved,0,Open Play,Right Foot,True,False,Regular Play,99.0,11.0,Interception,14,4,4,6.0,20.7,0.43,cutback,106.0,23.0,half_space,False,0,10,2.89,0,0,1,10,2,4,119.0,41.0,0.91,0.91,cutback
7922cbcf-f73c-49cb-a7b3-996c155cdf07,7553,South Korea,Mexico,Heung-Min Son,1,30,50,87.0,41.0,30.19,0.026791243,Off T,0,Free Kick,Right Foot,False,False,From Free Kick,87.0,41.0,Shot,0,0,0,0.0,0.0,,,,,central,False,0,9,10.22,0,0,0,3,3,1,119.0,39.0,0.91,0.91,set_piece
fb7e5275-ae42-4489-a59c-3b1375c29057,7553,South Korea,Mexico,Heung-Min Son,1,38,34,118.0,30.0,9.33,0.031374734,Saved,0,Open Play,Right Foot,False,False,Regular Play,15.0,45.0,Pass,17,4,5,103.0,94.9,6.06,other,33.0,3.0,wide,False,0,4,0.91,1,1,2,4,0,1,118.0,31.0,1.83,8.23,other
1aa965e7-b130-47c3-9404-de66892f0942,7553,Mexico,South Korea,Hirving Rodrigo Lozano Bahena,1,42,31,108.0,26.0,16.86,0.07445391,Off T,0,Open Play,Right Foot,False,True,Regular Play,53.0,71.0,Pass,39,9,12,55.0,55.4,1.41,other,84.0,11.0,wide,False,0,8,1.83,0,1,1,8,1,2,118.0,39.0,1.83,0.91,slow_possession
b7302fc0-4329-43e4-bb91-ef7f1be97332,7553,South Korea,Mexico,Seon-Min Moon,1,44,18,94.0,48.0,24.87,0.018994939,Blocked,0,Open Play,Left Foot,False,False,From Throw In,79.0,1.0,Pass,27,12,12,15.0,29.4,0.56,central_pass,85.0,55.0,half_space,False,0,9,2.04,0,0,2,3,1,1,118.0,40.0,1.83,0.0,central_penetration
ae20c55a-fb9d-4e86-a1e7-7a87e8b708c7,7553,South Korea,Mexico,Heung-Min Son,1,44,21,99.0,32.0,20.55,0.0442519,Blocked,0,Open Play,Left Foot,False,False,From Throw In,79.0,1.0,Pass,30,12,15,20.0,34.1,0.67,,,,central,False,0,9,2.59,0,0,2,4,1,2,118.0,38.0,1.83,1.83,slow_possession
1d5cb09b-fad8-4e5c-a402-cb57ef0130c3,7553,Mexico,South Korea,Hirving Rodrigo Lozano Bahena,2,49,58,100.0,28.0,21.33,0.026885381,Off T,0,Open Play,Right Foot,False,True,From Throw In,57.0,79.0,Pass,7,3,2,43.0,50.8,6.14,central_pass,87.0,45.0,central,False,0,7,2.04,0,0,1,4,2,1,116.0,38.0,3.66,1.83,fast_counter
62ac8511-e2be-43f2-94cb-41f211a0c3cd,7553,Mexico,South Korea,Javier Hernández Balcázar,2,51,2,90.0,46.0,27.98,0.037323274,Off T,0,Open Play,Right Foot,False,False,From Throw In,32.0,1.0,Pass,17,5,4,58.0,65.7,3.41,,,,central,False,0,7,5.49,0,0,0,1,1,0,113.0,43.0,6.4,2.74,other
a78dc8e5-a70f-4b42-933a-e91a790aa41d,7553,South Korea,Mexico,Seon-Min Moon,2,51,47,110.0,47.0,11.16,0.1644079,Blocked,0,Open Play,Right Foot,False,False,Regular Play,32.0,52.0,Pass,24,6,6,78.0,76.6,3.25,central_pass,103.0,61.0,half_space,False,0,8,2.89,0,0,2,6,2,2,120.0,44.0,0.0,3.66,central_penetration
17640cef-4b85-431e-be88-0f28c425a499,7553,South Korea,Mexico,Jae-Sung Lee,2,52,39,105.0,68.0,29.05,0.005266859,Saved,0,Open Play,Left Foot,True,False,From Corner,120.0,80.0,Pass,3,2,1,-15.0,8.2,-5.0,cutback,115.0,78.0,wide,False,0,8,4.09,0,0,0,6,2,4,120.0,44.0,0.0,3.66,cutback
8f92c003-a9b3-499a-9781-320c0f3de864,7553,South Korea,Mexico,Sung-Yeung Ki,2,55,41,103.0,18.0,25.42,0.008576281,Saved,0,Open Play,Right Foot,True,False,From Keeper,5.0,41.0,Goal Keeper,37,11,12,98.0,87.2,2.65,,,,half_space,False,0,9,2.89,0,0,2,7,1,5,120.0,39.0,0.0,0.91,slow_possession
2d154520-a834-4317-8c23-bda81ba13174,7553,Mexico,South Korea,José Andrés Guardado Hernández,2,57,39,96.0,46.0,22.62,0.04806095,Blocked,0,Open Play,Right Foot,True,False,Regular Play,80.0,78.0,Dribble,8,3,4,16.0,30.4,2.0,cutback,106.0,47.0,central,False,0,10,1.83,0,1,1,5,1,2,117.0,40.0,2.74,0.0,cutback
e267bc21-92b9-4a7a-9350-0237e7d34283,7553,Mexico,South Korea,José Andrés Guardado Hernández,2,57,42,104.0,36.0,15.08,0.09060148,Saved,0,Open Play,Left Foot,False,True,Regular Play,80.0,78.0,Dribble,11,3,5,24.0,38.7,2.18,,,,central,False,0,10,1.29,0,1,1,6,1,2,117.0,39.0,2.74,0.91,other
1267515c-fa57-4d8c-9c1d-b26a55a0908e,7553,Mexico,South Korea,Hirving Rodrigo Lozano Bahena,2,59,50,100.0,39.0,18.31,0.19791076,Blocked,0,Open Play,Left Foot,False,True,From Counter,36.0,28.0,Ball Recovery,8,1,2,64.0,64.8,8.0,central_pass,49.0,27.0,half_space,False,0,5,2.04,0,0,1,2,1,0,109.0,40.0,10.06,0.0,fast_counter
efb589cc-1039-45a0-89c8-ac6a737d8b01,7553,South Korea,Mexico,Jae-Sung Lee,2,60,58,104.0,38.0,14.74,0.08345764,Blocked,0,Open Play,Left Foot,True,False,Regular Play,42.0,32.0,Pass,24,8,8,62.0,62.3,2.58,cutback,112.0,27.0,half_space,False,0,8,0.91,1,1,1,7,3,3,120.0,39.0,0.0,0.91,cutback
750e4e5e-29f6-4988-869c-6a829fcda175,7553,Mexico,South Korea,Carlos Alberto Vela Garrido,2,61,25,101.0,58.0,23.93,0.019312114,Off T,0,Open Play,Left Foot,False,True,Regular Play,46.0,45.0,Pass,10,3,3,55.0,48.0,5.5,central_pass,97.0,54.0,half_space,False,0,6,2.74,0,0,1,5,1,2,118.0,41.0,1.83,0.91,fast_counter
e7b2feb3-3b20-479e-9531-657e6493956e,7553,Mexico,South Korea,Javier Hernández Balcázar,2,65,24,111.0,32.0,11.01,0.25309914,Goal,1,Open Play,Right Foot,False,False,From Counter,39.0,5.0,Duel,10,2,6,72.0,76.2,7.2,central_pass,93.0,34.0,central,False,0,6,2.04,0,0,2,5,1,2,115.0,35.0,4.57,4.57,fast_counter
33fafc1c-b8ca-4266-80bd-3a05f1a4c6f8,7553,South Korea,Mexico,Hee-Chan Hwang,2,69,6,99.0,40.0,19.2,0.049417518,Saved,0,Open Play,Right Foot,False,False,From Corner,120.0,2.0,Pass,23,7,8,-21.0,17.0,-0.91,central_pass,100.0,28.0,half_space,False,0,8,2.74,0,0,1,7,2,6,120.0,40.0,0.0,0.0,central_penetration
2a203e80-d109-4ab8-948c-a482d6947698,7553,South Korea,Mexico,Sung-Yeung Ki,2,73,2,88.0,52.0,31.25,0.009588097,Blocked,0,Open Play,Right Foot,False,False,Regular Play,65.0,43.0,Pass,14,4,4,23.0,20.9,1.64,central_pass,99.0,31.0,central,False,0,9,3.77,0,0,0,5,3,2,120.0,41.0,0.0,0.91,central_penetration
617b3312-f416-4ff5-8fb9-ca24a40d8088,7553,South Korea,Mexico,Jae-Sung Lee,2,81,40,95.0,49.0,24.3,0.021833424,Blocked,0,Open Play,Left Foot,False,False,From Throw In,96.0,1.0,Pass,17,6,6,-1.0,19.2,-0.06,central_pass,87.0,29.0,half_space,False,0,10,2.89,0,0,1,6,2,2,120.0,42.0,0.0,1.83,central_penetration
777af96f-aeea-4c60-b446-39992b388b09,7553,South Korea,Mexico,Heung-Min Son,2,87,43,94.0,40.0,23.77,0.05194924,Off T,0,Open Play,Right Foot,False,False,Regular Play,57.0,19.0,Duel,7,2,3,37.0,40.4,5.29,central_pass,77.0,26.0,half_space,False,0,8,2.74,0,0,1,2,1,1,119.0,41.0,0.91,0.91,central_penetration
b138a872-87f1-4f71-aa37-9204adefb740,7553,Mexico,South Korea,Héctor Miguel Herrera López,2,91,34,96.0,47.0,22.86,0.03211408,Off T,0,Open Play,Right Foot,True,False,From Free Kick,104.0,67.0,Pass,2,0,0,-8.0,6.4,-4.0,,,,central,False,0,9,3.66,0,0,0,7,3,5,118.0,40.0,1.83,0.0,other
469e5933-3740-49b5-982a-fd7b8fb8a715,7553,South Korea,Mexico,Heung-Min Son,2,92,6,97.0,54.0,24.62,0.02292819,Goal,1,Open Play,Left Foot,False,False,Regular Play,24.0,24.0,Pass,19,5,5,73.0,70.4,3.84,other,104.0,63.0,wide,False,0,9,4.57,0,0,0,8,3,1,119.0,43.0,0.91,2.74,other
2018d08b-c1ea-4295-bdce-47b2f01e7d5d,7536,Belgium,Panama,Romelu Lukaku Menama,1,0,40,113.0,34.0,8.43,0.0747409,Off T,0,Open Play,Left Foot,True,True,Regular Play,86.0,47.0,Duel,8,4,4,27.0,25.5,3.38,cross,111.0,20.0,half_space,False,0,10,1.29,0,2,2,8,2,3,117.0,37.0,2.74,2.74,high_turnover
61e4a2d0-c48e-450c-97a0-af064d3ef5b5,7536,Panama,Belgium,Edgar Yoel Bárcenas Herrera,1,3,15,96.0,51.0,24.14,0.016566036,Wayward,0,Open Play,Left Foot,False,False,From Free Kick,108.0,73.0,Pass,3,0,1,-12.0,8.7,-4.0,,,,half_space,False,0,11,2.04,0,0,1,10,6,5,119.0,42.0,0.91,1.83,other
ed1d9438-a759-4f42-aba6-198f8a0ca465,7536,Belgium,Panama,Yannick Ferreira Carrasco,1,5,49,104.0,24.0,20.69,0.0327767,Saved,0,Open Play,Right Foot,True,False,Regular Play,42.0,56.0,Pass,27,13,10,62.0,57.0,2.3,central_pass,101.0,37.0,central,False,0,9,6.47,0,0,0,7,1,4,118.0,36.0,1.83,3.66,central_penetration
0dc2ff74-6d63-43fa-8e27-ebc6752a3f7c,7536,Belgium,Panama,Dries Mertens,1,6,20,104.0,54.0,19.44,0.06243627,Saved,0,Open Play,Right Foot,False,True,From Keeper,35.0,6.0,Pass,14,4,4,69.0,70.3,4.93,central_pass,99.0,36.0,central,False,0,8,2.04,0,0,1,6,1,3,119.0,41.0,0.91,0.91,central_penetration
0b05b515-4adf-48f8-aa95-fad9a3c7f519,7536,Belgium,Panama,Eden Hazard,1,11,1,118.0,30.0,9.33,0.02878628,Off T,0,Open Play,Left Foot,False,False,Regular Play,46.0,26.0,Ball Recovery,10,0,3,72.0,65.1,7.2,,,,central,False,0,5,2.04,0,0,1,4,0,1,119.0,32.0,0.91,7.32,fast_counter
6a9e292d-a62b-4d8d-9840-705b30e855f3,7536,Belgium,Panama,Dries Mertens,1,18,11,110.0,57.0,18.03,0.016349373,Off T,0,Open Play,Right Foot,True,False,From Corner,119.0,80.0,Pass,2,1,0,-9.0,20.3,-4.5,cutback,119.0,80.0,wide,False,0,9,3.77,0,0,0,9,2,4,118.0,42.0,1.83,1.83,cutback
e6d455f2-8230-4d7b-9a65-44794cac8273,7536,Belgium,Panama,Kevin De Bruyne,1,21,14,98.0,22.0,25.99,0.014519094,Off T,0,Open Play,Right Foot,False,True,From Corner,120.0,1.0,Pass,3,1,1,-22.0,10.6,-7.33,cutback,120.0,1.0,wide,False,0,9,4.66,0,0,0,9,1,5,118.0,38.0,1.83,1.83,cutback
ad8e493b-f818-40fa-9072-1eb78208f1e8,7536,Belgium,Panama,Eden Hazard,1,25,6,103.0,56.0,21.35,0.031556185,Off T,0,Open Play,Right Foot,False,True,From Corner,119.0,79.0,Pass,20,2,1,-16.0,15.7,-0.8,other,83.0,74.0,wide,False,0,8,1.83,0,1,1,6,2,1,117.0,42.0,2.74,1.83,other
bda6bdcd-3432-42d8-858a-47dff2a4e3c9,7536,Belgium,Panama,Eden Hazard,1,37,2,109.0,54.0,16.28,0.0654758,Saved,0,Open Play,Right Foot,False,True,Regular Play,63.0,62.0,Duel,26,7,8,46.0,43.3,1.77,other,82.0,65.0,wide,False,0,9,0.91,1,1,3,6,1,3,118.0,42.0,1.83,1.83,other
e33cbce0-8f36-40ee-8a7f-b19fbd5ae876,7536,Panama,Belgium,Román Aureliano Torres Morcillo,1,38,33,104.0,37.0,14.89,0.07518605,Wayward,0,Open Play,Right Foot,True,True,From Corner,120.0,80.0,Pass,5,2,0,-16.0,23.7,-3.2,cross,113.0,25.0,half_space,False,0,10,0.91,1,1,1,10,3,4,119.0,41.0,0.91,0.91,wide_cross
1b27cd08-9b66-4d8c-8135-ff6a06d66178,7536,Belgium,Panama,Dries Mertens,1,40,0,103.0,50.0,18.03,0.04146307,Off T,0,Open Play,Right Foot,True,False,From Free Kick,111.0,5.0,Pass,2,1,0,-8.0,16.4,-4.0,cross,111.0,5.0,wide,False,0,11,4.92,0,0,0,9,3,5,118.0,41.0,1.83,0.91,wide_cross
d9bc8f01-8546-4d81-ae8b-f1fd87efb444,7536,Panama,Belgium,Armando Enrique Cooper Whitaker,1,41,18,92.0,53.0,28.23,0.023121053,Off T,0,Open Play,Right Foot,False,False,From Free Kick,64.0,28.0,Pass,19,9,9,28.0,26.4,1.47,central_pass,88.0,42.0,central,False,0,10,9.41,0,0,0,2,1,0,117.0,42.0,2.74,1.83,central_penetration
ecf7c021-511a-4261-b937-58c4c55995e7,7536,Belgium,Panama,Dries Mertens,2,46,40,105.0,59.0,22.14,0.009998361,Goal,1,Open Play,Right Foot,True,False,From Throw In,78.0,80.0,Pass,18,5,5,27.0,33.8,1.5,,,,half_space,False,0,11,1.29,0,1,1,8,2,4,117.0,45.0,2.74,4.57,other
3ea9045b-eaba-4f86-9dae-c2f19968a860,7536,Belgium,Panama,Kevin De Bruyne,2,51,41,97.0,26.0,24.62,0.044222042,Off T,0,Free Kick,Right Foot,False,False,From Free Kick,97.0,26.0,Shot,0,0,0,0.0,0.0,,,,,half_space,False,0,10,5.78,0,0,0,10,2,6,119.0,42.0,0.91,1.83,set_piece
08db8723-9096-4b84-97e0-fe2118500745,7536,Panama,Belgium,Michael Amir Murillo Bermudez,2,53,58,111.0,49.0,11.64,0.34641263,Saved,0,Open Play,Right Foot,False,False,Regular Play,53.0,58.0,Pass,33,14,14,58.0,56.6,1.76,through_ball,81.0,40.0,central,False,0,6,2.04,0,0,1,4,1,1,114.0,45.0,5.49,4.57,central_penetration
1c1c86b7-80da-42c3-ac9e-db45b9c75c2b,7536,Panama,Belgium,Román Aureliano Torres Morcillo,2,54,41,111.0,38.0,8.43,0.09954064,Off T,0,Open Play,Head,False,True,From Corner,120.0,80.0,Pass,1,1,0,-9.0,30.8,-9.0,cutback,120.0,80.0,wide,False,0,10,1.29,0,1,1,9,2,4,118.0,40.0,1.83,0.0,cutback
998f1bee-289a-468a-8e08-d5284e64aa20,7536,Panama,Belgium,Edgar Yoel Bárcenas Herrera,2,57,39,99.0,33.0,20.24,0.055223983,Off T,0,Open Play,Right Foot,False,False,From Goal Kick,6.0,48.0,Pass,14,4,4,93.0,92.1,6.64,central_pass,83.0,41.0,central,False,0,9,3.3,0,0,0,3,1,0,117.0,38.0,2.74,1.83,central_penetration
4b6f43e3-d513-43fe-a6f8-5b1412956e5b,7536,Belgium,Panama,Kevin De Bruyne,2,64,54,94.0,37.0,23.93,0.06298261,Blocked,0,Free Kick,Right Foot,False,False,From Free Kick,94.0,37.0,Shot,0,0,0,0.0,0.0,,,,,central,False,0,11,7.32,0,0,0,11,4,5,119.0,42.0,0.91,1.83,set_piece
d0743e3b-7eed-4e1b-91a2-95fe9708a38e,7536,Belgium,Panama,Romelu Lukaku Menama,2,68,11,114.0,43.0,6.13,0.33809787,Goal,1,Open Play,Head,False,False,From Free Kick,84.0,3.0,Pass,40,11,11,30.0,44.9,0.75,central_pass,106.0,25.0,half_space,False,0,10,2.89,0,0,1,9,1,4,119.0,40.0,0.91,0.0,central_penetration
e0608b84-b7d1-4515-b22b-8bcb2f61dfba,7536,Belgium,Panama,Romelu Lukaku Menama,2,74,40,110.0,29.0,13.59,0.33248875,Goal,1,Open Play,Left Foot,False,False,From Throw In,17.0,1.0,Pass,14,3,4,93.0,95.3,6.64,through_ball,79.0,32.0,central,False,0,6,2.04,0,0,1,4,0,0,112.0,30.0,7.32,9.14,central_penetration
e3787ce9-26d9-4705-b27c-851fea62950f,7536,Belgium,Panama,Eden Hazard,2,82,23,95.0,29.0,24.98,0.05616185,Blocked,0,Free Kick,Right Foot,False,False,From Free Kick,95.0,29.0,Shot,0,0,0,0.0,0.0,,,,,half_space,False,0,11,8.28,0,0,0,10,3,5,119.0,41.0,0.91,0.91,set_piece
df3a6324-6d9b-4fab-aa1c-49b749b54a44,7536,Panama,Belgium,Fidel Escobar Mendieta,2,88,48,96.0,19.0,29.16,0.009304588,Saved,0,Free Kick,Right Foot,False,False,From Free Kick,96.0,19.0,Shot,0,0,0,0.0,0.0,,,,,half_space,False,0,11,9.41,0,0,0,10,3,6,117.0,38.0,2.74,1.83,set_piece
fe714670-c77d-4d2f-906d-152dd31e8924,7555,Poland,Colombia,Dawid Kownacki,1,1,0,104.0,21.0,22.71,0.009801016,Blocked,0,Open Play,Right Foot,False,False,From Free Kick,58.0,48.0,Pass,7,1,2,46.0,37.7,6.57,cutback,112.0,16.0,wide,False,0,8,2.59,0,0,1,7,2,3,120.0,40.0,0.0,0.0,fast_counter
5c56cf91-b29b-45d5-9310-280884748724,7555,Poland,Colombia,Robert Lewandowski,1,4,16,115.0,39.0,4.66,0.2728475,Wayward,0,Open Play,Head,False,True,Other,65.0,7.0,Referee Ball-Drop,39,11,9,50.0,59.0,1.28,cross,101.0,65.0,wide,False,0,7,0.91,1,1,2,7,1,2,120.0,42.0,0.0,1.83,wide_cross
74ee3bc9-8bdf-4a39-8fb9-21c7d9cfee66,7555,Colombia,Poland,Santiago Arias Naranjo,1,14,48,95.0,52.0,25.36,0.017330227,Blocked,0,Open Play,Right Foot,True,False,From Throw In,55.0,79.0,Pass,13,2,3,40.0,48.1,3.08,,,,half_space,False,0,9,1.83,0,1,2,5,2,2,118.0,40.0,1.83,0.0,other
03416599-ca9b-45b8-81bd-4616f51912a3,7555,Poland,Colombia,Piotr Zieliński,1,17,41,95.0,52.0,25.36,0.02723293,Blocked,0,Open Play,Left Foot,False,False,Regular Play,45.0,40.0,Pass,28,5,5,50.0,47.3,1.79,central_pass,92.0,61.0,half_space,False,0,8,1.29,0,1,1,5,1,0,120.0,42.0,0.0,1.83,central_penetration
fe042590-c0f1-4db9-bfa3-04e3c47a0ec3,7555,Colombia,Poland,Juan Guillermo Cuadrado Bello,1,34,8,82.0,30.0,35.93,0.006297056,Off T,0,Open Play,Right Foot,False,True,Regular Play,46.0,3.0,Ball Recovery,29,5,6,36.0,43.4,1.24,other,80.0,6.0,wide,False,0,10,3.77,0,0,0,1,2,0,118.0,39.0,1.83,0.91,other
4a4fe3bc-db6f-4d9e-b9de-e76c601aff33,7555,Colombia,Poland,Yerry Fernando Mina González,1,39,3,116.0,38.0,4.09,0.54294956,Goal,1,Open Play,Head,False,False,From Corner,119.0,78.0,Pass,7,4,2,-3.0,33.5,-0.43,cross,111.0,60.0,half_space,False,0,10,2.04,0,0,2,10,1,5,118.0,40.0,1.83,0.0,wide_cross
f0cac6a1-f2ff-413b-be9d-17167344b698,7555,Poland,Colombia,Bartosz Bereszyński,2,46,12,105.0,55.0,19.4,0.0516608,Off T,0,Open Play,Head,False,True,Regular Play,92.0,20.0,Duel,11,7,1,13.0,13.2,1.18,central_pass,79.0,40.0,central,False,0,8,0.91,1,1,1,5,1,1,118.0,41.0,1.83,0.91,central_penetration
1e6b1340-7317-4c73-b138-01e66f8e81b9,7555,Poland,Colombia,Robert Lewandowski,2,48,26,112.0,44.0,8.18,0.08806232,Off T,0,Open Play,Head,False,True,From Throw In,105.0,79.0,Pass,2,1,0,7.0,32.8,3.5,cross,105.0,79.0,wide,False,0,10,0.91,1,1,1,7,2,2,118.0,41.0,1.83,0.91,wide_cross
0eb5f621-afed-4d31-887e-aac229266906,7555,Colombia,Poland,Juan Fernando Quintero Paniagua,2,50,26,85.0,57.0,35.58,0.006554862,Off T,0,Open Play,Left Foot,False,False,Regular Play,45.0,27.0,Ball Recovery,32,8,9,40.0,37.2,1.25,other,96.0,67.0,wide,False,0,10,2.74,0,0,1,5,1,2,120.0,43.0,0.0,2.74,slow_possession
1a33675e-4513-4384-ae1f-0373b9afcfc6,7555,Colombia,Poland,Radamel Falcao García Zárate,2,50,59,102.0,51.0,19.29,0.05552095,Off T,0,Open Play,Right Foot,False,False,Regular Play,38.0,75.0,Ball Recovery,13,4,5,64.0,68.1,4.92,cutback,105.0,60.0,half_space,False,0,6,6.13,0,0,0,5,1,2,119.0,43.0,0.91,2.74,cutback
4912d92a-de8f-4615-b404-d273421a7ee3,7555,Colombia,Poland,James David Rodríguez Rubio,2,52,6,105.0,53.0,18.15,0.054039653,Blocked,0,Open Play,Left Foot,False,True,From Counter,39.0,54.0,Ball Recovery,13,2,3,66.0,62.4,5.08,other,100.0,68.0,wide,False,0,9,2.59,0,0,2,8,2,1,119.0,44.0,0.91,3.66,fast_counter
525e231a-76c3-48bc-a91a-baebcee99cdc,7555,Colombia,Poland,Juan Fernando Quintero Paniagua,2,55,33,98.0,35.0,20.63,0.0645288,Blocked,0,Open Play,Left Foot,False,False,Regular Play,34.0,44.0,Duel,11,2,3,64.0,63.5,5.82,central_pass,76.0,21.0,half_space,False,0,7,2.59,0,0,1,2,2,1,118.0,41.0,1.83,0.91,fast_counter
bf33427c-473e-4abc-9aa3-27c396470259,7555,Colombia,Poland,Juan Guillermo Cuadrado Bello,2,56,14,88.0,50.0,30.66,0.013328942,Off T,0,Open Play,Right Foot,False,True,From Corner,118.0,79.0,Pass,6,0,1,-30.0,5.5,-5.0,,,,central,False,0,11,2.04,0,0,2,7,3,3,119.0,43.0,0.91,2.74,other
0ab97294-7cac-4f86-85d1-60a2f9200077,7555,Poland,Colombia,Robert Lewandowski,2,57,48,110.0,29.0,13.59,0.20361854,Saved,0,Open Play,Left Foot,False,False,Regular Play,30.0,38.0,Pass,7,2,2,80.0,75.2,11.43,central_pass,39.0,38.0,central,False,0,6,2.59,0,0,2,3,1,0,112.0,31.0,7.32,8.23,fast_counter
650c3859-8362-44b2-ba30-21df68108e42,7555,Poland,Colombia,Robert Lewandowski,2,65,57,112.0,41.0,7.37,0.1499422,Blocked,0,Open Play,Head,False,True,From Throw In,104.0,79.0,Pass,2,1,0,8.0,34.1,4.0,cross,104.0,79.0,wide,False,0,10,0.91,1,1,2,8,1,3,119.0,40.0,0.91,0.0,wide_cross
5de35e34-e80a-4097-9585-77f43209deb4,7555,Colombia,Poland,Radamel Falcao García Zárate,2,69,2,108.0,47.0,12.7,0.31125227,Goal,1,Open Play,Right Foot,False,False,Regular Play,15.0,30.0,Pass,17,4,4,93.0,91.6,5.47,central_pass,81.0,50.0,central,False,0,6,2.74,0,0,1,4,1,0,115.0,43.0,4.57,2.74,central_penetration
005ac58c-a9fa-4172-8c11-de781ac5911b,7555,Poland,Colombia,Piotr Zieliński,2,73,5,94.0,50.0,25.47,0.021134824,Off T,0,Open Play,Right Foot,True,False,From Throw In,104.0,79.0,Pass,9,0,0,-10.0,14.3,-1.11,,,,central,False,0,11,3.77,0,0,0,3,3,1,119.0,41.0,0.91,0.91,other
1d349a88-9c1c-4a27-a65d-3d659d005e14,7555,Colombia,Poland,Juan Guillermo Cuadrado Bello,2,74,42,105.0,38.0,13.84,0.19299302,Goal,1,Open Play,Right Foot,False,False,From Counter,37.0,5.0,Ball Recovery,9,1,2,68.0,74.9,7.56,other,51.0,5.0,wide,False,0,4,1.29,0,1,1,3,1,0,116.0,40.0,3.66,0.0,fast_counter
d1aaa0f7-fe5e-4ec0-971b-9a5d6e29de7d,7555,Poland,Colombia,Łukasz Teodorczyk,2,80,8,109.0,34.0,11.46,0.06877008,Blocked,0,Open Play,Head,False,True,From Corner,119.0,79.0,Pass,2,1,0,-10.0,26.5,-5.0,cross,119.0,79.0,wide,False,0,11,0.91,1,1,2,11,2,4,119.0,39.0,0.91,0.91,wide_cross
a3a22b9c-a867-4f9f-998e-87566c922c99,7555,Poland,Colombia,Grzegorz Krychowiak,2,80,9,116.0,33.0,7.37,0.20201232,Blocked,0,Open Play,Right Foot,False,False,From Corner,119.0,79.0,Pass,3,1,1,-3.0,31.0,-1.0,,,,central,False,0,11,2.59,0,0,1,10,1,4,118.0,36.0,1.83,3.66,other
0ad57640-a093-4f6c-905f-efccccb9fd46,7555,Colombia,Poland,Andrés Mateus Uribe Villa,2,83,45,118.0,47.0,6.66,0.09850289,Blocked,0,Open Play,Left Foot,False,False,Regular Play,66.0,34.0,Pass,39,11,12,52.0,47.1,1.33,,,,central,False,0,5,2.04,0,0,2,4,1,2,119.0,45.0,0.91,4.57,slow_possession
7992e004-68bc-4d5a-bd6a-ccb490a1173e,7555,Colombia,Poland,James David Rodríguez Rubio,2,84,54,89.0,15.0,36.42,0.0061194333,Off T,0,Free Kick,Left Foot,False,False,From Free Kick,89.0,15.0,Shot,0,0,0,0.0,0.0,,,,,wide,False,0,11,8.67,0,0,0,2,2,1,118.0,41.0,1.83,0.91,set_piece
eeb83051-f244-4cb1-b6e5-a56585f7267c,7555,Poland,Colombia,Robert Lewandowski,2,87,52,91.0,33.0,27.28,0.019115308,Saved,0,Open Play,Right Foot,False,False,Regular Play,71.0,10.0,Pass,30,7,6,20.0,27.6,0.67,,,,central,False,0,9,3.77,0,0,0,4,2,2,119.0,40.0,0.91,0.0,other
c350ef49-d5c8-42e2-8f4c-5b5ee56b59f2,7555,Colombia,Poland,Jefferson Andrés Lerma Solís,2,89,1,92.0,50.0,27.19,0.017525094,Blocked,0,Open Play,Left Foot,False,False,Regular Play,3.0,74.0,Ball Recovery,28,3,7,89.0,92.1,3.18,,,,central,False,0,9,3.77,0,0,0,6,2,2,119.0,42.0,0.91,1.83,other
446736c1-3399-4e68-922b-a72c9406c85a,7576,Spain,Portugal,David Josué Jiménez Silva,1,9,6,106.0,38.0,12.93,0.17203248,Off T,0,Open Play,Right Foot,True,False,Regular Play,35.0,58.0,Pass,78,25,25,71.0,72.7,0.91,central_pass,105.0,40.0,central,False,0,9,2.89,0,0,1,6,1,2,118.0,40.0,1.83,0.0,central_penetration
182c3192-9e88-438e-9f1f-af0acccbd0c8,7576,Portugal,Spain,Gonçalo Manuel Ganchinho Guedes,1,15,59,96.0,53.0,24.96,0.023871757,Blocked,0,Open Play,Right Foot,False,True,From Counter,6.0,31.0,Ball Recovery,11,2,2,90.0,87.1,8.18,central_pass,27.0,23.0,half_space,False,0,7,3.3,0,0,0,2,2,0,119.0,42.0,0.91,1.83,fast_counter
0d407845-8317-4ba1-bdb3-a84c86100b38,7576,Portugal,Spain,Cristiano Ronaldo dos Santos Aveiro,1,17,53,99.0,63.0,28.48,0.008962571,Blocked,0,Free Kick,Right Foot,False,False,From Free Kick,99.0,63.0,Shot,0,0,0,0.0,0.0,,,,,wide,False,0,11,10.35,0,0,0,11,2,5,119.0,42.0,0.91,1.83,set_piece
f03a7389-5667-4149-b407-f8fe352036e4,7576,Spain,Portugal,David Josué Jiménez Silva,1,20,44,113.0,31.0,10.43,0.077663854,Blocked,0,Open Play,Left Foot,False,False,From Throw In,103.0,1.0,Pass,16,8,9,10.0,31.1,0.62,cross,116.0,25.0,half_space,False,0,9,2.59,0,0,1,9,4,3,119.0,37.0,0.91,2.74,wide_cross
8fce6eef-d38c-4c4c-8a2b-b89cdc028239,7576,Spain,Portugal,Diego da Silva Costa,1,23,2,105.0,45.0,14.46,0.07830886,Goal,1,Open Play,Right Foot,False,False,Regular Play,18.0,56.0,Pass,15,1,6,87.0,87.4,5.8,,,,central,False,0,6,2.59,0,0,2,5,1,0,118.0,40.0,1.83,0.0,other
03cf5a8e-52ce-401f-bcc6-83b2e5fb7507,7576,Spain,Portugal,Francisco Román Alarcón Suárez,1,25,17,103.0,20.0,24.0,0.0092897555,Post,0,Open Play,Right Foot,True,False,Regular Play,43.0,64.0,Pass,57,19,19,60.0,54.4,1.05,,,,half_space,False,0,9,5.33,0,0,0,7,2,3,118.0,37.0,1.83,2.74,slow_possession
6d61e461-e6e1-4f7c-92a9-7f0c0d1a6fe1,7576,Spain,Portugal,David Josué Jiménez Silva,1,28,26,100.0,54.0,22.32,0.05749292,Blocked,0,Free Kick,Left Foot,False,False,From Free Kick,100.0,54.0,Shot,0,0,0,0.0,0.0,,,,,half_space,False,0,11,7.37,0,0,0,11,5,4,118.0,40.0,1.83,0.0,set_piece
816b4bb1-49f9-4b12-8dce-279dd85ff71f,7576,Spain,Portugal,Andrés Iniesta Luján,1,34,15,110.0,29.0,13.59,0.073567346,Off T,0,Open Play,Left Foot,True,True,Regular Play,51.0,23.0,Pass,89,33,26,59.0,56.2,0.66,cross,114.0,15.0,wide,False,0,9,3.3,0,0,0,8,1,2,119.0,38.0,0.91,1.83,wide_cross
4dee6dd7-fb56-4537-a921-746fb4a27c13,7576,Spain,Portugal,Sergio Busquets i Burgos,1,38,24,111.0,40.0,8.23,0.10047825,Off T,0,Open Play,Head,False,False,From Corner,120.0,2.0,Pass,1,1,0,-9.0,29.0,-9.0,cutback,120.0,2.0,wide,False,0,10,1.29,0,1,1,9,1,4,119.0,40.0,0.91,0.0,cutback
785842fa-74ec-46a4-92bd-f54cce3f9812,7576,Spain,Portugal,Francisco Román Alarcón Suárez,1,41,48,101.0,55.0,22.14,0.02509576,Saved,0,Open Play,Left Foot,False,True,From Free Kick,79.0,40.0,Pass,15,6,5,22.0,16.8,1.47,other,86.0,77.0,wide,False,0,8,2.04,0,0,1,5,1,0,119.0,42.0,0.91,1.83,other
1893722d-765f-4b50-ab8d-0ba51d91f9c3,7576,Portugal,Spain,Cristiano Ronaldo dos Santos Aveiro,1,43,36,101.0,36.0,17.75,0.08400426,Goal,1,Open Play,Left Foot,True,False,From Keeper,8.0,40.0,Goal Keeper,54,11,11,93.0,92.6,1.72,,,,central,False,0,6,1.29,0,1,1,5,2,1,119.0,41.0,0.91,0.91,slow_possession
31c5e38b-d193-4fbb-9a63-3402a39c2ceb,7576,Portugal,Spain,Bruno Miguel Borges Fernandes,2,48,53,87.0,35.0,30.52,0.02081828,Off T,0,Open Play,Right Foot,False,False,Regular Play,104.0,36.0,Pressure,6,0,1,-17.0,-16.9,-2.83,,,,central,False,0,10,5.78,0,0,0,2,1,0,118.0,40.0,1.83,0.0,other
33d021d0-3a86-4992-b044-45a88e40096a,7576,Spain,Portugal,Diego da Silva Costa,2,54,2,118.0,41.0,2.04,0.79165405,Goal,1,Open Play,Right Foot,True,False,From Free Kick,89.0,38.0,Pass,4,4,2,29.0,28.8,7.25,central_pass,117.0,51.0,half_space,False,0,9,0.91,1,1,2,9,0,4,119.0,43.0,0.91,2.74,central_penetration
00ab8d4e-925c-454c-a038-8dbc4bacea0b,7576,Spain,Portugal,José Ignacio Fernández Iglesias,2,57,21,99.0,52.0,22.12,0.035519395,Goal,1,Open Play,Right Foot,True,False,Regular Play,65.0,29.0,Ball Recovery,29,9,12,34.0,31.9,1.17,,,,half_space,False,0,10,7.37,0,0,0,8,1,4,120.0,42.0,0.0,1.83,slow_possession
5e2cd40c-3210-4c6f-9975-64ec077f266b,7576,Spain,Portugal,Diego da Silva Costa,2,70,8,110.0,35.0,10.22,0.17698126,Off T,0,Open Play,Left Foot,True,True,Regular Play,56.0,55.0,Pass,42,15,13,54.0,54.6,1.29,cross,113.0,19.0,half_space,False,0,8,2.74,0,0,1,8,2,3,120.0,39.0,0.0,0.91,wide_cross
07e3eb0b-6fa6-4aae-b408-5307021b3912,7576,Portugal,Spain,Kléper Laveran Lima Ferreira,2,71,14,116.0,34.0,6.59,0.14278555,Wayward,0,Open Play,Head,False,True,From Corner,119.0,79.0,Pass,8,4,3,-3.0,31.8,-0.38,central_pass,101.0,61.0,half_space,False,0,11,1.29,0,2,2,11,1,5,119.0,38.0,0.91,1.83,central_penetration
4f17de95-e764-4e3a-a8f6-970def16d333,7576,Portugal,Spain,Ricardo Andrade Quaresma Bernardo,2,75,25,107.0,64.0,24.96,0.007522316,Off T,0,Open Play,Right Foot,False,False,From Throw In,108.0,80.0,Pass,2,1,1,-1.0,14.5,-0.5,other,108.0,80.0,wide,False,0,11,1.29,0,1,1,7,1,3,119.0,42.0,0.91,1.83,other
17669aec-e3dc-4478-a795-c5ff89fa28ae,7576,Spain,Portugal,Iago Aspas Juncal,2,81,55,100.0,48.0,19.7,0.06286274,Saved,0,Open Play,Left Foot,False,True,From Free Kick,16.0,28.0,Pass,124,55,51,84.0,83.1,0.68,central_pass,84.0,47.0,central,False,0,6,1.29,0,1,1,3,1,0,120.0,43.0,0.0,2.74,central_penetration
526c3ca4-4c66-4849-bd52-3b0e21b8823c,7576,Portugal,Spain,Cristiano Ronaldo dos Santos Aveiro,2,87,2,96.0,44.0,22.25,0.08682875,Goal,1,Free Kick,Right Foot,False,False,From Free Kick,96.0,44.0,Shot,0,0,0,0.0,0.0,,,,,central,False,0,11,8.23,0,0,0,11,6,6,118.0,39.0,1.83,0.91,set_piece
3202025b-1fc8-46da-961a-0aee4b8b6692,7576,Portugal,Spain,Ricardo Andrade Quaresma Bernardo,2,91,15,108.0,31.0,13.72,0.087241955,Blocked,0,Open Play,Right Foot,False,False,From Corner,119.0,2.0,Pass,34,6,11,-11.0,23.0,-0.32,central_pass,68.0,46.0,central,False,0,9,2.04,0,0,2,7,3,2,118.0,37.0,1.83,2.74,central_penetration
72f0e79c-2020-467b-b405-436eb05e0aa7,7576,Portugal,Spain,Cristiano Ronaldo dos Santos Aveiro,2,91,41,113.0,44.0,7.37,0.18906035,Off T,0,Open Play,Head,False,False,From Corner,119.0,2.0,Pass,60,10,15,-6.0,30.0,-0.1,cross,96.0,11.0,wide,False,0,9,1.29,0,2,2,6,1,2,119.0,39.0,0.91,0.91,wide_cross
7b26ff2e-ded0-4b96-970b-c1fa8860d208,7565,Brazil,Serbia,Philippe Coutinho Correia,1,1,37,104.0,37.0,14.89,0.08790639,Blocked,0,Open Play,Right Foot,False,True,Regular Play,65.0,78.0,Ball Recovery,12,2,5,39.0,50.6,3.25,cutback,104.0,48.0,central,False,0,9,1.83,0,1,2,8,2,2,118.0,42.0,1.83,1.83,cutback
ae9e9897-dfa6-4150-90a0-a9a0c2b73c73,7565,Brazil,Serbia,Gabriel Fernando de Jesus,1,3,12,114.0,28.0,12.27,0.09553115,Saved,0,Open Play,Right Foot,False,False,Regular Play,50.0,4.0,Pass,7,3,2,64.0,65.3,9.14,central_pass,73.0,23.0,half_space,False,0,7,2.04,0,0,1,4,1,3,115.0,30.0,4.57,9.14,fast_counter
7a706e44-36df-4335-aad6-28e19ae32b64,7565,Serbia,Brazil,Filip Kostić,1,13,44,96.0,46.0,22.62,0.03160092,Blocked,0,Open Play,Left Foot,True,False,Regular Play,94.0,67.0,Ball Recovery,4,2,3,2.0,12.7,0.5,,,,central,False,0,10,1.83,0,1,1,5,1,1,119.0,40.0,0.91,0.0,high_turnover
30e29ec9-4d31-4880-b57a-8de6411e6d1e,7565,Serbia,Brazil,Aleksandar Mitrović,1,14,11,108.0,43.0,11.31,0.071207,Wayward,0,Open Play,Head,False,True,From Corner,119.0,3.0,Pass,2,1,0,-11.0,24.6,-5.5,cross,119.0,3.0,wide,False,0,11,0.91,1,2,2,11,2,5,119.0,40.0,0.91,0.0,wide_cross
b4a2c917-3b8f-4939-883c-f1e00f581816,7565,Brazil,Serbia,Neymar da Silva Santos Junior,1,24,21,117.0,30.0,9.55,0.055385347,Saved,0,Open Play,Left Foot,False,False,From Throw In,65.0,2.0,Pass,32,11,14,52.0,56.4,1.62,,,,central,False,0,8,0.91,1,2,2,8,1,4,119.0,38.0,0.91,1.83,slow_possession
98c1b10d-e634-47b4-9648-2a4fe8efdb69,7565,Brazil,Serbia,Gabriel Fernando de Jesus,1,28,42,114.0,29.0,11.46,0.15078197,Blocked,0,Open Play,Right Foot,False,False,Regular Play,50.0,31.0,Pass,20,5,7,64.0,58.0,3.2,other,53.0,8.0,wide,False,0,5,2.74,0,0,1,5,1,2,118.0,38.0,1.83,1.83,other
50cf3470-cab5-4caa-a9e7-b99955a4ea36,7565,Serbia,Brazil,Aleksandar Mitrović,1,33,10,110.0,42.0,9.33,0.10374196,Off T,0,Open Play,Left Foot,True,False,Regular Play,48.0,27.0,Pass,18,6,4,62.0,63.0,3.44,cross,119.0,23.0,half_space,False,0,8,2.04,0,0,2,8,2,2,119.0,38.0,0.91,1.83,wide_cross
2ae2ff4c-e084-4410-b4e9-91554d9fba3a,7565,Brazil,Serbia,José Paulo Bezzera Maciel Júnior,1,34,58,106.0,39.0,12.83,0.31224898,Goal,1,Open Play,Right Foot,False,False,Regular Play,53.0,29.0,Pass,10,2,2,53.0,53.9,5.3,central_pass,67.0,29.0,half_space,False,0,6,2.74,0,0,2,4,1,0,109.0,39.0,10.06,0.91,fast_counter
1cb530ad-06d1-454d-b107-bf964acfabe3,7565,Serbia,Brazil,Dušan Tadić,1,39,34,95.0,45.0,23.31,0.032582965,Off T,0,Open Play,Left Foot,True,False,From Corner,119.0,3.0,Pass,4,0,0,-24.0,11.5,-6.0,,,,central,False,0,11,3.88,0,0,0,10,2,5,119.0,39.0,0.91,0.91,other
b5b7ceb8-c4d9-44ef-876c-03d7068f8946,7565,Brazil,Serbia,Neymar da Silva Santos Junior,1,45,52,101.0,18.0,26.58,0.010284821,Off T,0,Open Play,Right Foot,False,False,From Throw In,103.0,2.0,Pass,15,4,4,-2.0,12.6,-0.13,other,102.0,12.0,wide,False,0,10,3.77,0,0,0,5,1,2,120.0,41.0,0.0,0.91,other
e53d65e9-4bd8-4b0e-8239-34d23a8bcdd7,7565,Serbia,Brazil,Sergej Milinković-Savić,2,54,6,96.0,50.0,23.77,0.031538606,Blocked,0,Open Play,Right Foot,False,False,Regular Play,55.0,37.0,Ball Recovery,79,20,21,41.0,39.1,0.52,central_pass,81.0,45.0,central,False,0,11,2.04,0,0,1,2,2,2,120.0,43.0,0.0,2.74,central_penetration
2350a18c-0e0c-4e7e-95b8-11d83fe9bda8,7565,Brazil,Serbia,Neymar da Silva Santos Junior,2,56,19,111.0,28.0,13.72,0.12364933,Saved,0,Open Play,Left Foot,False,False,Regular Play,30.0,74.0,Ball Recovery,10,3,3,81.0,81.2,8.1,central_pass,65.0,61.0,half_space,False,0,5,0.91,1,1,1,3,1,0,117.0,37.0,2.74,2.74,fast_counter
7870bbf2-ecb3-4802-b151-103319ff3d8d,7565,Serbia,Brazil,Aleksandar Mitrović,2,60,19,112.0,41.0,7.37,0.28301764,Blocked,0,Open Play,Head,False,False,Regular Play,25.0,16.0,Pass,27,8,7,87.0,89.9,3.22,,,,central,False,0,8,2.89,0,0,1,6,1,2,115.0,43.0,4.57,2.74,slow_possession
fe52ae5c-149d-468f-8b77-b5f9135281c1,7565,Serbia,Brazil,Sergej Milinković-Savić,2,62,28,104.0,28.0,18.29,0.05241559,Off T,0,Open Play,Right Foot,False,True,Regular Play,29.0,64.0,Duel,94,20,23,75.0,74.1,0.8,central_pass,111.0,27.0,half_space,False,0,9,1.83,0,1,1,8,2,3,119.0,41.0,0.91,0.91,central_penetration
f84b8ca2-4a6a-471a-a766-55d9b66546be,7565,Serbia,Brazil,Aleksandar Mitrović,2,64,30,113.0,37.0,6.96,0.12310901,Saved,0,Open Play,Head,False,False,Regular Play,63.0,78.0,Pass,17,6,7,50.0,60.9,2.94,cross,111.0,77.0,wide,False,0,6,0.91,1,1,2,6,2,3,119.0,41.0,0.91,0.91,wide_cross
41184baf-7141-41d4-8bee-205a30817d27,7565,Brazil,Serbia,Thiago Emiliano da Silva,2,67,18,116.0,36.0,5.17,0.17739391,Goal,1,Open Play,Head,False,True,From Corner,119.0,2.0,Pass,1,1,0,-3.0,32.4,-3.0,cross,119.0,2.0,wide,False,0,10,0.91,1,1,4,8,1,3,119.0,38.0,0.91,1.83,wide_cross
93034865-7e42-4e60-bc68-10d5db4c70a1,7565,Brazil,Serbia,Philippe Coutinho Correia,2,69,39,101.0,43.0,17.59,0.052411966,Blocked,0,Open Play,Right Foot,False,False,Regular Play,21.0,23.0,Pass,20,3,4,80.0,81.2,4.0,cutback,107.0,18.0,half_space,False,0,8,1.83,0,1,1,6,3,3,117.0,39.0,2.74,0.91,cutback
092d0ebf-b8eb-473c-8946-cd8a9ced3f95,7565,Brazil,Serbia,Filipe Luís Kasmirski,2,70,30,95.0,40.0,22.86,0.03148136,Saved,0,Open Play,Left Foot,False,False,From Corner,119.0,79.0,Pass,4,0,1,-24.0,14.0,-6.0,,,,central,False,0,10,0.91,1,1,1,7,4,4,119.0,39.0,0.91,0.91,other
23de9043-0e55-48fa-9e0a-05db621cbe28,7565,Brazil,Serbia,Neymar da Silva Santos Junior,2,72,12,104.0,30.0,17.25,0.059994984,Blocked,0,Open Play,Right Foot,False,False,Regular Play,28.0,68.0,Duel,23,5,6,76.0,77.3,3.3,cutback,108.0,22.0,half_space,False,0,9,2.89,0,0,2,7,1,4,117.0,38.0,2.74,1.83,cutback
835c91cc-2e21-47c9-87d9-50c87307f893,7565,Brazil,Serbia,Carlos Henrique Casimiro,2,77,47,80.0,43.0,36.68,0.006776994,Off T,0,Open Play,Right Foot,False,False,Regular Play,23.0,19.0,Ball Recovery,136,43,42,57.0,59.1,0.42,central_pass,89.0,56.0,half_space,False,0,10,5.78,0,0,0,2,2,0,118.0,40.0,1.83,0.0,central_penetration
632b0cee-7594-41c1-8f94-b685fe552063,7565,Serbia,Brazil,Nemanja Matić,2,78,49,109.0,40.0,10.06,0.12900412,Off T,0,Open Play,Left Foot,False,True,Regular Play,26.0,27.0,Pass,39,10,11,83.0,83.9,2.13,cross,103.0,73.0,wide,False,0,8,2.04,0,0,2,7,1,3,120.0,42.0,0.0,1.83,wide_cross
86f90539-f656-47e3-943a-24d7ce16205f,7565,Brazil,Serbia,Neymar da Silva Santos Junior,2,82,5,106.0,43.0,13.09,0.0904818,Off T,0,Open Play,Right Foot,True,False,Regular Play,74.0,41.0,Pass,29,10,9,32.0,31.7,1.1,,,,central,False,0,6,4.09,0,0,0,5,3,2,119.0,42.0,0.91,1.83,slow_possession
ba274d01-56fd-4334-9eba-1b88d8fcaafb,7565,Serbia,Brazil,Aleksandar Mitrović,2,86,52,106.0,43.0,13.09,0.081434235,Blocked,0,Open Play,Right Foot,True,False,Regular Play,47.0,25.0,Pass,46,11,15,59.0,60.2,1.28,cutback,110.0,52.0,half_space,False,0,10,1.83,0,1,1,9,3,2,120.0,44.0,0.0,3.66,cutback
a819cf77-ce22-447d-88a1-bac5b95bf098,7565,Brazil,Serbia,Neymar da Silva Santos Junior,2,88,1,108.0,30.0,14.28,0.07397224,Blocked,0,Open Play,Right Foot,False,False,Regular Play,13.0,66.0,Duel,44,19,15,95.0,94.5,2.16,cross,89.0,71.0,wide,False,0,7,2.04,0,0,1,4,3,1,119.0,38.0,0.91,1.83,wide_cross
eb2073f2-6aca-4f51-9cbc-80f4342911b0,7565,Serbia,Brazil,Andrija Živković,2,91,14,99.0,59.0,25.9,0.008667415,Off T,0,Open Play,Left Foot,False,False,Regular Play,17.0,37.0,Ball Recovery,17,2,5,82.0,74.7,4.82,central_pass,74.0,32.0,central,False,0,8,2.89,0,0,1,6,1,2,120.0,44.0,0.0,3.66,central_penetration
f501c64a-fd04-408c-8c1f-2b0c4e2e13b3,7565,Brazil,Serbia,Neymar da Silva Santos Junior,2,92,39,114.0,52.0,12.27,0.09150794,Saved,0,Open Play,Right Foot,False,False,Regular Play,53.0,78.0,Pass,58,25,22,61.0,63.6,1.05,central_pass,103.0,29.0,half_space,False,0,4,0.91,1,1,1,4,1,1,114.0,51.0,5.49,10.06,central_penetration
861579f5-807a-4d3e-b3e9-a18a621eb7b1,7551,Germany,Sweden,Julian Draxler,1,2,0,113.0,42.0,6.66,0.2657264,Blocked,0,Open Play,Right Foot,False,False,Regular Play,84.0,76.0,Pass,40,13,13,29.0,43.6,0.72,cross,118.0,52.0,half_space,False,0,10,3.77,0,0,0,9,2,4,118.0,42.0,1.83,1.83,wide_cross
fd8caa11-8663-478c-935a-40122194295f,7551,Germany,Sweden,Jonas Hector,1,2,47,104.0,40.0,14.63,0.061157048,Blocked,0,Open Play,Left Foot,True,False,Regular Play,110.0,5.0,Pass,32,13,11,-6.0,20.4,-0.19,cutback,107.0,36.0,central,False,0,8,1.83,0,1,1,5,3,3,118.0,39.0,1.83,0.91,cutback
415c6b3b-0b4b-4ffb-9bd1-121b4574c4e5,7551,Sweden,Germany,Marcus Berg,1,11,57,106.0,40.0,12.8,0.36402932,Saved,0,Open Play,Right Foot,False,False,Regular Play,61.0,47.0,Duel,6,1,1,45.0,45.4,7.5,through_ball,50.0,47.0,central,False,0,4,1.29,0,1,2,3,1,0,110.0,40.0,9.14,0.0,fast_counter
b1d75e12-60be-4487-ac44-9abc005f0f49,7551,Germany,Sweden,Jérôme Boateng,1,15,48,97.0,53.0,24.16,0.025292808,Blocked,0,Open Play,Left Foot,False,False,Regular Play,27.0,38.0,Pass,45,13,14,70.0,66.6,1.56,cutback,107.0,65.0,wide,False,0,9,2.89,0,0,1,8,3,5,117.0,41.0,2.74,0.91,cutback
5ed43a5e-bc8f-46b1-a822-c02afd0efec9,7551,Sweden,Germany,Marcus Berg,1,17,25,105.0,43.0,13.99,0.08216722,Blocked,0,Open Play,Right Foot,True,False,From Free Kick,58.0,23.0,Pass,5,2,0,47.0,49.0,9.4,cross,110.0,60.0,half_space,False,0,8,2.04,0,0,1,7,1,2,120.0,43.0,0.0,2.74,fast_counter
4928402b-6b9c-4282-b11c-e601b0269e91,7551,Germany,Sweden,Sebastian Rudy,1,18,19,92.0,42.0,25.67,0.027065128,Blocked,0,Open Play,Right Foot,False,True,Regular Play,33.0,15.0,Ball Recovery,26,4,8,59.0,62.4,2.27,,,,central,False,0,10,1.29,0,1,1,6,1,6,117.0,39.0,2.74,0.91,other
aa916efb-e894-46e3-b5eb-83e186f54a1f,7551,Sweden,Germany,Ola Toivonen,1,31,44,112.0,48.0,10.35,0.10376687,Goal,1,Open Play,Right Foot,False,False,Regular Play,68.0,45.0,Interception,7,2,3,44.0,40.9,6.29,cross,86.0,67.0,wide,False,0,4,2.04,0,0,1,4,1,0,118.0,43.0,1.83,2.74,fast_counter
10cb655a-a1d7-4005-9e3e-fddc775b013a,7551,Germany,Sweden,İlkay Gündoğan,1,38,47,94.0,28.0,26.18,0.021909917,Saved,0,Open Play,Right Foot,False,False,From Throw In,51.0,79.0,Pass,37,8,8,43.0,50.6,1.16,cutback,104.0,11.0,wide,False,0,9,4.66,0,0,0,5,2,4,118.0,40.0,1.83,0.0,cutback
ce01b4a2-eeab-4688-b8cf-aa4479e89326,7551,Germany,Sweden,Jérôme Boateng,1,44,39,96.0,62.0,29.77,0.008810984,Off T,0,Open Play,Left Foot,False,False,Regular Play,38.0,26.0,Pass,41,12,12,58.0,50.6,1.41,cutback,113.0,75.0,wide,False,0,11,2.04,0,0,1,7,0,3,117.0,39.0,2.74,0.91,cutback
02920a80-39ab-4ff1-915a-dea3348d9d17,7551,Sweden,Germany,Marcus Berg,1,46,51,107.0,47.0,13.5,0.113480166,Saved,0,Open Play,Head,False,False,From Free Kick,85.0,76.0,Pass,1,1,0,22.0,35.4,22.0,cross,85.0,76.0,wide,False,0,11,1.29,0,1,1,7,1,1,119.0,42.0,0.91,1.83,wide_cross
7eb17961-75ec-44f5-9b28-f1aeefe91bb9,7551,Germany,Sweden,Marco Reus,2,47,28,112.0,40.0,7.32,0.16725664,Goal,1,Open Play,Left Foot,True,False,From Throw In,99.0,79.0,Pass,13,4,4,13.0,36.3,1.0,,,,central,False,0,10,0.91,1,1,1,9,2,4,119.0,39.0,0.91,0.91,other
93a244bd-e313-4195-b3e5-143000c3c346,7551,Germany,Sweden,Toni Kroos,2,48,25,101.0,29.0,20.08,0.03777922,Blocked,0,Open Play,Right Foot,False,False,From Counter,77.0,35.0,Ball Recovery,5,0,1,24.0,21.3,4.8,,,,half_space,False,0,8,1.29,0,1,2,7,3,4,118.0,39.0,1.83,0.91,fast_counter
29d809b8-6b19-4fc9-ab56-f0d1a0bbb58e,7551,Germany,Sweden,Thomas Müller,2,50,10,111.0,54.0,15.22,0.052033167,Off T,0,Open Play,Head,False,False,From Free Kick,100.0,69.0,Pass,1,1,0,11.0,18.6,11.0,other,100.0,69.0,wide,False,0,11,3.88,0,0,0,11,1,5,119.0,43.0,0.91,2.74,other
fe1e0a3c-9e93-4bed-8617-9d5210f0a669,7551,Germany,Sweden,Jonas Hector,2,55,57,112.0,30.0,11.71,0.12256524,Saved,0,Open Play,Left Foot,False,False,Regular Play,89.0,63.0,Dispossessed,36,8,9,23.0,25.8,0.64,cross,114.0,17.0,wide,False,0,9,0.91,1,1,3,8,1,3,119.0,39.0,0.91,0.91,wide_cross
99e62650-5941-4d0b-853a-e71ef5fc527b,7551,Germany,Sweden,Toni Kroos,2,62,47,105.0,29.0,17.01,0.0749021,Blocked,0,Open Play,Left Foot,False,False,Regular Play,35.0,3.0,Pass,63,14,16,70.0,74.1,1.11,cutback,111.0,17.0,wide,False,0,9,2.04,0,0,1,8,2,6,119.0,39.0,0.91,0.91,cutback
3b7eec32-6165-4bf8-b80f-fa73747b87e6,7551,Germany,Sweden,Toni Kroos,2,64,21,93.0,38.0,24.76,0.02860656,Blocked,0,Open Play,Right Foot,False,False,Regular Play,35.0,3.0,Pass,157,37,40,58.0,65.6,0.37,central_pass,102.0,37.0,central,False,0,10,2.74,0,0,1,6,3,5,119.0,40.0,0.91,0.0,central_penetration
f4ed7a41-186d-40ee-a593-5b2dd2bd17f8,7551,Germany,Sweden,Marco Reus,2,72,15,106.0,22.0,20.85,0.017588291,Blocked,0,Open Play,Right Foot,True,False,From Free Kick,85.0,40.0,Pass,15,2,2,21.0,12.2,1.4,,,,half_space,False,0,8,3.88,0,0,0,8,3,4,119.0,39.0,0.91,0.91,other
cd19d580-9970-491c-9684-6c6387deb9cf,7551,Germany,Sweden,Toni Kroos,2,72,43,105.0,26.0,18.76,0.040610082,Wayward,0,Open Play,Right Foot,True,False,From Throw In,108.0,2.0,Pass,15,5,6,-3.0,19.3,-0.2,central_pass,94.0,33.0,central,False,0,11,2.04,0,0,1,7,2,4,118.0,39.0,1.83,0.91,central_penetration
ce68d4ec-2315-4b1e-b2d1-32ac56133d8d,7551,Sweden,Germany,Emil Peter Forsberg,2,75,8,98.0,20.0,27.19,0.009230858,Saved,0,Open Play,Left Foot,True,False,From Corner,119.0,80.0,Pass,4,0,0,-21.0,10.3,-5.25,,,,half_space,False,0,11,5.56,0,0,0,10,2,5,119.0,38.0,0.91,1.83,other
4dca9c6c-aca2-4753-a67a-c226c8043b00,7551,Germany,Sweden,Timo Werner,2,80,15,109.0,49.0,13.0,0.13043028,Off T,0,Open Play,Right Foot,True,False,Regular Play,45.0,49.0,Pass,28,10,9,64.0,61.3,2.29,cross,110.0,73.0,wide,False,0,9,3.66,0,0,0,7,1,3,119.0,43.0,0.91,2.74,wide_cross
ad316415-84cd-418b-b840-b273335ec325,7551,Sweden,Germany,Andreas Granqvist,2,82,30,110.0,45.0,10.22,0.12888776,Saved,0,Open Play,Head,False,True,From Free Kick,88.0,69.0,Pass,8,1,1,22.0,32.0,2.75,cross,93.0,16.0,wide,False,0,8,0.91,1,1,1,6,1,5,119.0,41.0,0.91,0.91,wide_cross
936839ea-acfe-4630-9680-99cde5bb7cf8,7551,Germany,Sweden,Mario Gómez García,2,87,15,111.0,40.0,8.23,0.16166209,Saved,0,Open Play,Head,False,False,Regular Play,85.0,70.0,Pass,54,15,16,26.0,37.1,0.48,cross,104.0,15.0,wide,False,0,10,0.91,1,1,2,9,1,3,119.0,41.0,0.91,0.91,wide_cross
e420c67a-a66b-4d85-99e0-db1b1919d6e6,7551,Germany,Sweden,Julian Brandt,2,91,22,101.0,46.0,18.22,0.064983755,Post,0,Open Play,Left Foot,False,False,From Corner,118.0,3.0,Pass,7,4,4,-17.0,17.1,-2.43,central_pass,100.0,28.0,half_space,False,0,9,4.57,0,0,0,8,2,7,119.0,43.0,0.91,2.74,central_penetration
17a67c5d-91ae-48db-b8ca-bcbeb86eecd3,7551,Sweden,Germany,John Guidetti,2,93,42,107.0,59.0,21.05,0.013604501,Saved,0,Open Play,Right Foot,True,True,Regular Play,90.0,78.0,Pass,3,1,0,17.0,25.4,5.67,other,90.0,78.0,wide,False,0,5,2.04,0,0,1,2,1,0,119.0,42.0,0.91,1.83,other
989f9092-ef98-4bf0-9407-e2ebfc1b1c96,7551,Germany,Sweden,Toni Kroos,2,94,42,111.0,20.0,20.05,0.009705122,Goal,1,Open Play,Right Foot,False,False,From Free Kick,113.0,16.0,Pass,1,2,1,-2.0,3.1,-2.0,central_pass,110.0,19.0,half_space,False,0,11,4.57,0,0,0,11,2,6,120.0,39.0,0.0,0.91,central_penetration
f604d74e-2b62-4586-9b2a-846353c5f5ea,7537,England,Tunisia,Jesse Lingard,1,2,12,113.0,39.0,6.47,0.19693047,Saved,0,Open Play,Right Foot,False,False,From Throw In,103.0,1.0,Pass,29,9,7,10.0,35.5,0.34,cutback,117.0,51.0,half_space,False,0,8,2.04,0,0,2,6,2,3,120.0,42.0,0.0,1.83,cutback
30049598-fa18-4812-bd1e-d065ea3f3833,7537,England,Tunisia,Harry Maguire,1,2,50,108.0,41.0,11.01,0.078440964,Off T,0,Open Play,Head,False,False,From Corner,119.0,80.0,Pass,1,1,0,-11.0,28.0,-11.0,cutback,119.0,80.0,wide,False,0,11,2.04,0,0,1,10,2,5,120.0,41.0,0.0,0.91,cutback
1a561231-4338-4b07-8e17-c46409f5aecd,7537,England,Tunisia,Harry Kane,1,10,0,97.0,36.0,21.35,0.045925878,Blocked,0,Open Play,Right Foot,False,False,From Free Kick,43.0,15.0,Pass,44,16,13,54.0,57.6,1.23,central_pass,86.0,48.0,central,False,0,9,1.83,0,1,2,4,2,1,120.0,40.0,0.0,0.0,central_penetration
3b0486f2-1975-46b7-a0ec-2156a2c0822d,7537,England,Tunisia,John Stones,1,10,36,112.0,47.0,9.72,0.098931395,Saved,0,Open Play,Head,False,False,From Corner,120.0,2.0,Pass,2,1,0,-8.0,27.4,-4.0,cutback,120.0,2.0,wide,False,0,10,1.83,0,1,2,10,2,6,120.0,42.0,0.0,1.83,cutback
ad0efe3b-9753-4070-9c0f-059debe4203f,7537,England,Tunisia,Harry Kane,1,10,37,116.0,46.0,6.59,0.19627495,Goal,1,Open Play,Right Foot,False,False,From Corner,120.0,2.0,Pass,3,1,1,-4.0,30.8,-1.33,,,,central,False,0,10,2.59,0,0,1,10,2,6,120.0,44.0,0.0,3.66,other
d5668b0c-4494-41ac-9647-a402dc5f9097,7537,England,Tunisia,Jordan Brian Henderson,1,17,26,94.0,48.0,24.87,0.024635071,Saved,0,Open Play,Right Foot,True,False,Regular Play,55.0,24.0,Duel,43,12,14,39.0,39.7,0.91,,,,central,False,0,10,3.88,0,0,0,8,1,5,120.0,41.0,0.0,0.91,slow_possession
f0efdbd3-bde1-4170-9a5d-78a51d43a24c,7537,Tunisia,England,Naïm Sliti,1,22,54,91.0,21.0,31.7,0.006881288,Off T,0,Open Play,Right Foot,False,False,From Corner,120.0,79.0,Pass,10,1,3,-29.0,4.3,-2.9,cutback,120.0,79.0,wide,False,0,9,2.59,0,0,1,3,1,2,119.0,38.0,0.91,1.83,cutback
93411c62-b4cf-45de-86c7-06976d4f8913,7537,England,Tunisia,Jesse Lingard,1,23,35,116.0,50.0,9.85,0.0688049,Off T,0,Open Play,Right Foot,False,False,From Goal Kick,7.0,43.0,Pass,18,4,4,109.0,102.3,6.06,central_pass,99.0,18.0,half_space,False,0,10,3.66,0,0,0,8,1,4,120.0,44.0,0.0,3.66,central_penetration
887a49d1-2efb-4da0-986c-1ac10e6fcb8d,7537,Tunisia,England,Ferjani Sassi,1,26,14,98.0,46.0,20.85,0.05048326,Blocked,0,Open Play,Right Foot,False,False,Regular Play,102.0,41.0,Duel,7,2,4,-4.0,-4.8,-0.57,,,,central,False,0,9,1.83,0,1,1,5,1,1,119.0,38.0,0.91,1.83,high_turnover
c00c1fcb-10cd-4591-930d-081a79fee5b5,7537,Tunisia,England,Fakhreddine Ben Youssef,1,27,5,108.0,36.0,11.57,0.06507511,Wayward,0,Open Play,Head,False,False,From Corner,119.0,2.0,Pass,20,5,5,-11.0,25.4,-0.55,cross,92.0,3.0,wide,False,0,8,0.91,1,1,1,5,2,1,119.0,38.0,0.91,1.83,wide_cross
94399ca3-62d7-4acf-8b3c-efb78734d9f8,7537,England,Tunisia,Harry Maguire,1,30,12,111.0,58.0,18.4,0.010569053,Saved,0,Open Play,Head,False,False,From Free Kick,86.0,17.0,Pass,2,1,0,25.0,20.9,12.5,cross,86.0,17.0,wide,False,0,10,0.91,1,1,1,8,1,4,119.0,44.0,0.91,3.66,wide_cross
d8075dd8-c0e9-4ffb-8383-b6d20f16a24d,7537,England,Tunisia,Bamidele Alli,1,38,44,118.0,47.0,6.66,0.108573206,Blocked,0,Open Play,Head,False,False,From Free Kick,114.0,5.0,Pass,4,2,0,4.0,28.2,1.0,central_pass,117.0,52.0,half_space,False,0,9,1.29,0,1,3,9,2,5,119.0,46.0,0.91,5.49,central_penetration
d10affac-2323-48e5-ae2b-a3106872dd98,7537,England,Tunisia,Raheem Sterling,1,38,46,117.0,37.0,3.88,0.40336105,Wayward,0,Open Play,Right Foot,True,False,From Free Kick,114.0,5.0,Pass,6,2,0,3.0,31.3,0.5,,,,central,False,0,8,1.83,0,1,2,8,4,6,120.0,44.0,0.0,3.66,other
d39ac2c6-8e89-4e89-9a9c-96f8a4d73fbd,7537,England,Tunisia,John Stones,1,38,47,114.0,39.0,5.56,0.43713534,Wayward,0,Open Play,Left Foot,True,False,From Free Kick,114.0,5.0,Pass,7,2,0,0.0,29.4,0.0,,,,central,False,0,10,2.04,0,0,1,10,4,6,120.0,42.0,0.0,1.83,other
1b54afee-b8ae-4237-a1a3-23bbfd6f0101,7537,England,Tunisia,Jesse Lingard,1,42,31,106.0,41.0,12.83,0.13074626,Blocked,0,Open Play,Left Foot,True,False,From Free Kick,83.0,13.0,Pass,5,3,0,23.0,31.8,4.6,cutback,111.0,51.0,half_space,False,0,10,2.89,0,0,1,8,3,5,118.0,41.0,1.83,0.91,cutback
1e842a8e-5059-4d7e-8f70-c74fa66b05c3,7537,England,Tunisia,Jesse Lingard,1,43,58,108.0,54.0,16.86,0.2161229,Post,0,Open Play,Right Foot,True,False,Regular Play,63.0,41.0,Pass,22,6,5,45.0,38.6,2.05,other,77.0,79.0,wide,False,0,7,4.09,0,0,0,4,0,1,112.0,52.0,7.32,10.97,other
8e6003f9-f016-47c4-8518-fdf643bcb983,7537,England,Tunisia,Bamidele Alli,2,50,53,112.0,40.0,7.32,0.087220274,Saved,0,Open Play,Head,False,True,From Corner,120.0,79.0,Pass,2,1,0,-8.0,31.0,-4.0,cutback,120.0,79.0,wide,False,0,11,0.91,1,2,3,10,4,6,118.0,38.0,1.83,1.83,cutback
ea22bc7d-7456-41a1-a996-d580a1eded0e,7537,England,Tunisia,John Stones,2,60,34,106.0,40.0,12.8,0.052625064,Wayward,0,Open Play,Head,False,False,From Corner,120.0,80.0,Pass,2,1,0,-14.0,26.0,-7.0,cutback,120.0,80.0,wide,False,0,11,1.29,0,2,2,10,3,6,118.0,38.0,1.83,1.83,cutback
a0ed8698-4025-4fff-a590-e227844557a0,7537,England,Tunisia,Kieran Trippier,2,68,39,93.0,27.0,27.4,0.0375056,Off T,0,Free Kick,Right Foot,False,False,From Free Kick,93.0,27.0,Shot,0,0,0,0.0,0.0,,,,,half_space,False,0,10,7.37,0,0,0,8,4,5,118.0,40.0,1.83,0.0,set_piece
5b56c04a-b710-4708-a557-c3e54b64a80e,7537,Tunisia,England,Wahbi Khazri,2,71,4,106.0,60.0,22.32,0.008759379,Blocked,0,Open Play,Right Foot,False,False,From Goal Kick,6.0,48.0,Pass,35,10,10,100.0,89.9,2.86,through_ball,56.0,62.0,half_space,False,0,6,2.89,0,0,2,5,1,0,120.0,44.0,0.0,3.66,central_penetration
fedc59a9-6c92-42bd-91a4-00f15d50e4a5,7537,Tunisia,England,Naïm Sliti,2,71,19,93.0,43.0,24.84,0.030954175,Off T,0,Open Play,Left Foot,False,False,From Goal Kick,6.0,48.0,Pass,50,15,16,87.0,87.1,1.74,other,93.0,69.0,wide,False,0,8,2.04,0,0,1,1,3,1,119.0,40.0,0.91,0.0,slow_possession
a54dd8b6-99bb-435a-93fd-1615f2314c44,7537,England,Tunisia,Ashley Young,2,78,40,96.0,34.0,22.62,0.07838383,Off T,0,Free Kick,Right Foot,False,False,From Free Kick,96.0,34.0,Shot,0,0,0,0.0,0.0,,,,,central,False,0,10,10.97,0,0,0,10,6,7,119.0,40.0,0.91,0.0,set_piece
f1572a30-4c7f-4f67-8b2e-c7bf2ed61ab0,7537,England,Tunisia,Harry Kane,2,90,31,116.0,36.0,5.17,0.35426354,Goal,1,Open Play,Head,False,False,From Corner,119.0,79.0,Pass,2,2,0,-3.0,33.4,-1.5,central_pass,112.0,39.0,central,False,0,11,2.74,0,0,1,11,2,6,119.0,38.0,0.91,1.83,central_penetration
83a0e00d-2651-4052-9163-dbbb09354e61,7580,France,Argentina,Antoine Griezmann,1,8,24,95.0,50.0,24.62,0.06554038,Post,0,Free Kick,Left Foot,False,False,From Free Kick,95.0,50.0,Shot,0,0,0,0.0,0.0,,,,,central,False,0,11,9.14,0,0,0,10,3,4,119.0,38.0,0.91,1.83,set_piece
8f661740-eb70-4989-8b6c-b99a9d09a3ca,7580,France,Argentina,Paul Pogba,1,20,33,102.0,33.0,17.66,0.09104843,Off T,0,Free Kick,Right Foot,False,False,From Free Kick,102.0,33.0,Shot,0,0,0,0.0,0.0,,,,,central,False,0,11,8.28,0,0,0,11,6,5,119.0,42.0,0.91,1.83,set_piece
75e25733-3d16-413e-a2b5-9d495200c31b,7580,Argentina,France,Éver Maximiliano David Banega,1,21,21,96.0,27.0,24.96,0.027343327,Blocked,0,Open Play,Right Foot,False,False,Regular Play,17.0,62.0,Pass,32,6,7,79.0,78.0,2.47,,,,half_space,False,0,9,3.3,0,0,0,4,1,2,120.0,41.0,0.0,0.91,other
6946589d-e2b8-40b1-9578-006515f30c36,7580,Argentina,France,Ángel Fabián Di María Hernández,1,40,43,90.0,38.0,27.49,0.023531355,Goal,1,Open Play,Left Foot,False,False,From Throw In,107.0,2.0,Pass,9,5,5,-17.0,10.1,-1.89,other,95.0,15.0,wide,False,0,11,7.54,0,0,0,6,3,3,120.0,42.0,0.0,1.83,other
f7c159c6-e150-439b-aa35-c5ea1c5cfdac,7580,Argentina,France,Lionel Andrés Messi Cuccittini,2,47,35,104.0,56.0,20.69,0.026417136,Blocked,0,Open Play,Left Foot,False,False,From Free Kick,115.0,14.0,Pass,5,0,1,-11.0,3.8,-2.2,,,,half_space,False,0,11,0.91,1,1,1,10,1,6,119.0,40.0,0.91,0.0,other
a78385d6-7f28-489c-8620-25f044b5d67d,7580,Argentina,France,Gabriel Iván Mercado,2,47,35,111.0,42.0,8.43,0.28001544,Goal,1,Open Play,Left Foot,False,False,From Free Kick,115.0,14.0,Pass,5,0,1,-4.0,17.3,-0.8,,,,central,False,0,11,2.74,0,0,2,10,1,6,119.0,40.0,0.91,0.0,other
a80be453-a5ab-4fef-b4a7-714ae901f058,7580,France,Argentina,Antoine Griezmann,2,55,12,116.0,45.0,5.86,0.17972884,Off T,0,Open Play,Right Foot,False,False,From Goal Kick,6.0,41.0,Pass,35,8,9,110.0,107.6,3.14,,,,central,False,0,3,0.91,1,2,2,3,1,1,115.0,45.0,4.57,4.57,slow_possession
7d0b37dd-2167-4ff9-81c4-708ea2f2abed,7580,France,Argentina,Benjamin Pavard,2,56,48,100.0,56.0,23.42,0.024150338,Goal,1,Open Play,Right Foot,True,False,Regular Play,11.0,29.0,Ball Recovery,54,14,15,89.0,83.9,1.65,cross,116.0,15.0,wide,False,0,10,1.29,0,1,1,6,2,3,119.0,43.0,0.91,2.74,wide_cross
8548e49b-97bd-4c01-a739-0f5e2e019565,7580,France,Argentina,Blaise Matuidi,2,63,6,108.0,35.0,11.89,0.07552241,Blocked,0,Open Play,Left Foot,False,False,Regular Play,23.0,27.0,Pass,33,9,9,85.0,84.9,2.58,cross,110.0,5.0,wide,False,0,7,3.66,0,0,0,7,3,4,119.0,39.0,0.91,0.91,wide_cross
6d6f995c-0579-465f-b1c8-11b056ffcfc1,7580,France,Argentina,Kylian Mbappé Lottin,2,63,8,112.0,30.0,11.71,0.117784284,Goal,1,Open Play,Left Foot,False,False,Regular Play,23.0,27.0,Pass,35,9,12,89.0,85.1,2.54,,,,central,False,0,7,0.91,1,1,1,7,1,2,120.0,38.0,0.0,1.83,slow_possession
fb29d8a2-c059-49b2-9825-78c7d99da44d,7580,Argentina,France,Lionel Andrés Messi Cuccittini,2,65,57,95.0,24.0,27.14,0.030227054,Blocked,0,Free Kick,Left Foot,False,False,From Free Kick,95.0,24.0,Shot,0,0,0,0.0,0.0,,,,,half_space,False,0,11,8.28,0,0,0,11,1,7,119.0,38.0,0.91,1.83,set_piece
2aa8452a-cf38-4d3a-a432-0c2b59b384c4,7580,Argentina,France,Lionel Andrés Messi Cuccittini,2,65,58,96.0,22.0,27.43,0.008551168,Blocked,0,Open Play,Left Foot,True,False,From Free Kick,95.0,24.0,Shot,1,0,0,1.0,-0.3,1.0,,,,half_space,False,0,11,3.66,0,0,0,10,2,7,119.0,38.0,0.91,1.83,other
63b6b995-db42-4c6c-8137-e6f767e91586,7580,France,Argentina,Kylian Mbappé Lottin,2,67,49,107.0,51.0,15.57,0.22098207,Goal,1,Open Play,Right Foot,False,False,Regular Play,14.0,17.0,Pass,14,6,6,93.0,91.4,6.64,central_pass,90.0,47.0,central,False,0,4,2.74,0,0,1,3,1,0,114.0,47.0,5.49,6.4,central_penetration
67922a7c-c622-4c37-a4c4-7cd371d757ca,7580,France,Argentina,Olivier Giroud,2,69,56,108.0,27.0,16.18,0.07977028,Off T,0,Open Play,Left Foot,False,True,Regular Play,11.0,15.0,Ball Recovery,18,5,6,97.0,94.1,5.39,central_pass,89.0,57.0,half_space,False,0,4,1.83,0,1,1,4,1,0,119.0,38.0,0.91,1.83,central_penetration
c23cb7f3-bcaa-4729-b44d-95cac895114a,7580,Argentina,France,Nicolás Hernán Otamendi,2,72,39,114.0,36.0,6.59,0.19252568,Wayward,0,Open Play,Right Foot,True,False,From Free Kick,119.0,12.0,Pass,1,1,0,-5.0,20.8,-5.0,cross,119.0,12.0,wide,False,0,10,0.91,1,1,3,10,5,6,119.0,38.0,0.91,1.83,wide_cross
48a23572-aad0-4b57-9a61-1ee885231d07,7580,Argentina,France,Lionel Andrés Messi Cuccittini,2,84,18,107.0,49.0,14.46,0.17476669,Saved,0,Open Play,Right Foot,False,False,From Free Kick,69.0,38.0,Pass,43,9,12,38.0,35.2,0.88,central_pass,74.0,36.0,central,False,0,6,2.04,0,0,1,6,1,2,118.0,41.0,1.83,0.91,central_penetration
fb9a3d5c-da94-458a-88d8-2c8a3bf7c8c3,7580,Argentina,France,Sergio Leonel Agüero del Castillo,2,85,27,106.0,48.0,14.74,0.15172864,Blocked,0,Open Play,Right Foot,False,True,Regular Play,28.0,44.0,Pass,13,4,4,78.0,76.0,6.0,central_pass,79.0,44.0,central,False,0,7,0.91,1,1,1,4,1,0,118.0,42.0,1.83,1.83,central_penetration
c694f021-499c-4e9f-8c4f-de733d9cd796,7580,Argentina,France,Ángel Fabián Di María Hernández,2,89,3,114.0,55.0,14.77,0.017985687,Blocked,0,Open Play,Left Foot,False,False,Regular Play,67.0,25.0,Pass,22,4,6,47.0,38.9,2.14,central_pass,70.0,54.0,half_space,False,0,9,1.29,0,1,1,9,2,5,118.0,43.0,1.83,2.74,central_penetration
f11b2d1c-0a5c-4608-b73c-12ef8186cd39,7580,Argentina,France,Sergio Leonel Agüero del Castillo,2,92,2,112.0,37.0,7.81,0.19387953,Goal,1,Open Play,Head,False,False,Regular Play,53.0,62.0,Pass,10,4,3,59.0,62.0,5.9,central_pass,85.0,56.0,half_space,False,0,9,2.04,0,0,2,5,1,2,119.0,38.0,0.91,1.83,fast_counter
efaeb904-1d28-4d95-b02a-3dbebd3dd932,7580,Argentina,France,Ángel Fabián Di María Hernández,2,94,54,113.0,38.0,6.66,0.31958774,Wayward,0,Open Play,Right Foot,True,False,From Goal Kick,3.0,38.0,Pass,17,5,4,110.0,109.7,6.47,cross,109.0,20.0,half_space,False,0,9,2.59,0,0,1,9,1,6,119.0,38.0,0.91,1.83,wide_cross
d6d8cd8d-7ed0-4660-8600-f77408684e61,7581,Denmark,Croatia,Mathias Jørgensen Jatta,1,0,57,115.0,34.0,7.14,0.12611686,Goal,1,Open Play,Left Foot,False,False,From Throw In,105.0,80.0,Pass,4,2,2,10.0,34.9,2.5,central_pass,114.0,38.0,central,False,0,11,1.29,0,1,3,11,3,6,120.0,38.0,0.0,1.83,central_penetration
5917875b-fb11-407e-9b48-35e1568521d7,7581,Croatia,Denmark,Mario Mandžukić,1,3,39,112.0,36.0,8.18,0.26349646,Goal,1,Open Play,Right Foot,True,False,From Throw In,57.0,79.0,Pass,30,7,6,55.0,65.2,1.83,,,,central,False,0,10,2.89,0,0,1,8,2,3,119.0,38.0,0.91,1.83,other
8d26b429-b7aa-4204-a93f-292984391a62,7581,Croatia,Denmark,Ivan Perišić,1,11,34,101.0,55.0,22.14,0.06305066,Blocked,0,Free Kick,Left Foot,False,False,From Free Kick,101.0,55.0,Shot,0,0,0,0.0,0.0,,,,,half_space,False,0,11,9.01,0,0,0,10,4,4,119.0,39.0,0.91,0.91,set_piece
c3b34e4f-919f-4c94-98a2-fd7fcf6fd715,7581,Croatia,Denmark,Ivan Perišić,1,18,55,103.0,24.0,21.35,0.030144284,Blocked,0,Open Play,Right Foot,False,False,From Throw In,42.0,80.0,Pass,12,3,2,61.0,64.3,5.08,central_pass,63.0,51.0,half_space,False,0,9,1.83,0,1,2,7,1,2,118.0,38.0,1.83,1.83,fast_counter
cbaeba14-00e5-47ff-b45a-408685cc14d9,7581,Denmark,Croatia,Christian Dannemann Eriksen,1,22,6,96.0,37.0,22.12,0.037469286,Blocked,0,Open Play,Right Foot,False,False,Regular Play,96.0,37.0,Shot,0,0,0,0.0,0.0,,,,,central,False,0,6,2.74,0,0,1,2,2,2,116.0,41.0,3.66,0.91,other
205e6345-79ee-46e3-83bf-fdf8657ed81a,7581,Denmark,Croatia,Martin Braithwaite Christensen,1,26,31,111.0,50.0,12.3,0.13162047,Saved,0,Open Play,Right Foot,True,True,Regular Play,12.0,24.0,Ball Recovery,38,13,14,99.0,95.7,2.61,central_pass,93.0,54.0,half_space,False,0,8,0.91,1,1,1,5,1,2,116.0,45.0,3.66,4.57,central_penetration
b93b519e-9b36-4b01-8e44-f2ee69cc4966,7581,Croatia,Denmark,Ivan Rakitić,1,28,19,94.0,32.0,24.87,0.038346656,Saved,0,Open Play,Right Foot,False,False,Regular Play,73.0,28.0,Pass,4,1,1,21.0,21.3,5.25,central_pass,73.0,28.0,half_space,False,0,8,2.89,0,0,1,3,1,1,117.0,38.0,2.74,1.83,central_penetration
8adcca99-5066-4880-bb89-99dfdcac591d,7581,Croatia,Denmark,Ivan Perišić,1,28,28,110.0,32.0,11.71,0.16490108,Wayward,0,Open Play,Left Foot,True,False,From Counter,73.0,28.0,Pass,13,2,4,37.0,35.7,2.85,central_pass,118.0,32.0,central,False,0,10,6.96,0,0,0,8,2,3,117.0,37.0,2.74,2.74,fast_counter
1003be4f-a590-4bc9-a018-da2d9c92dc3c,7581,Croatia,Denmark,Ivan Perišić,1,28,30,111.0,34.0,9.89,0.120503984,Off T,0,Open Play,Right Foot,True,False,From Counter,73.0,28.0,Pass,15,2,4,38.0,37.7,2.53,,,,central,False,0,10,2.59,0,0,2,9,4,3,114.0,35.0,5.49,4.57,fast_counter
a661f914-8271-41c5-9257-5f18440fbde8,7581,Croatia,Denmark,Ante Rebić,1,31,54,97.0,30.0,22.93,0.030320106,Blocked,0,Open Play,Right Foot,False,False,From Keeper,4.0,38.0,Goal Keeper,32,5,9,93.0,90.9,2.91,,,,central,False,0,11,1.83,0,1,2,7,2,2,118.0,38.0,1.83,1.83,other
ed258fa2-2a2b-4323-947e-030f15944db2,7581,Denmark,Croatia,Christian Dannemann Eriksen,1,33,57,96.0,57.0,26.89,0.016978217,Off T,0,Open Play,Left Foot,True,False,From Free Kick,14.0,50.0,Pass,6,2,0,82.0,77.1,13.67,central_pass,95.0,55.0,half_space,False,0,10,2.04,0,0,1,5,2,2,118.0,44.0,1.83,3.66,fast_counter
b1f5b21e-edf9-46b2-afa7-30f8c0e09cc3,7581,Croatia,Denmark,Dejan Lovren,1,38,8,115.0,39.0,4.66,0.18463199,Off T,0,Open Play,Head,False,True,From Free Kick,103.0,9.0,Pass,1,1,0,12.0,30.3,12.0,cross,103.0,9.0,wide,False,0,11,0.91,2,2,4,10,1,4,119.0,40.0,0.91,0.0,wide_cross
c6b67ba3-8ec0-4a85-91d1-af5b75bdd1d0,7581,Croatia,Denmark,Ivan Rakitić,1,43,58,104.0,31.0,16.79,0.07601792,Saved,0,Open Play,Left Foot,True,False,From Throw In,45.0,80.0,Pass,43,13,12,59.0,66.6,1.37,cross,100.0,3.0,wide,False,0,9,4.92,0,0,0,6,2,3,118.0,38.0,1.83,1.83,wide_cross
4140a7f4-f65e-43ef-99b9-9afcd801cd20,7581,Croatia,Denmark,Ivan Perišić,2,45,35,98.0,62.0,28.45,0.011261932,Off T,0,Open Play,Right Foot,True,True,From Throw In,74.0,80.0,Pass,2,1,0,24.0,29.8,12.0,other,74.0,80.0,wide,False,0,10,2.74,0,0,1,2,1,0,119.0,41.0,0.91,0.91,other
dc3fa567-459b-4861-8063-8516a2f391d6,7581,Denmark,Croatia,Martin Braithwaite Christensen,2,55,34,115.0,52.0,11.89,0.0686043,Off T,0,Open Play,Right Foot,False,False,Regular Play,62.0,73.0,Ball Recovery,14,2,4,53.0,53.7,3.79,,,,half_space,False,0,8,2.59,0,0,1,8,1,2,119.0,43.0,0.91,2.74,other
fd76e708-ffe4-4311-b47f-6cc2da8ddc5b,7581,Croatia,Denmark,Ivan Perišić,2,63,34,108.0,21.0,20.55,0.012094772,Blocked,0,Open Play,Right Foot,False,False,Regular Play,48.0,51.0,Pass,11,2,2,60.0,50.4,5.45,central_pass,74.0,39.0,central,False,0,9,2.59,0,0,1,9,2,3,119.0,39.0,0.91,0.91,fast_counter
79648acb-6ef2-458c-aa96-33b9da7b5803,7581,Croatia,Denmark,Ante Rebić,2,64,24,102.0,26.0,20.85,0.030008089,Blocked,0,Open Play,Right Foot,True,False,From Corner,120.0,2.0,Pass,13,3,3,-18.0,15.2,-1.38,,,,half_space,False,0,10,3.3,0,0,0,9,3,6,119.0,39.0,0.91,0.91,other
4ab2c9ca-d7d7-4629-98a4-6a272c3bf558,7581,Denmark,Croatia,Nicolai Jørgensen,2,71,39,107.0,50.0,15.0,0.070741735,Saved,0,Open Play,Right Foot,False,False,Regular Play,70.0,4.0,Ball Recovery,32,8,11,37.0,45.2,1.16,cutback,108.0,57.0,half_space,False,0,8,2.59,0,0,1,7,1,3,118.0,41.0,1.83,0.91,cutback
2093a142-52f3-4aa1-8314-cbd869198924,7581,Denmark,Croatia,Christian Dannemann Eriksen,2,73,34,101.0,30.0,19.63,0.04147935,Off T,0,Open Play,Right Foot,False,False,Regular Play,30.0,14.0,Pass,14,3,4,71.0,72.2,5.07,central_pass,99.0,30.0,central,False,0,7,2.74,0,0,2,6,2,2,118.0,39.0,1.83,0.91,central_penetration
654f5f3c-8a83-4d7a-b40e-72612212e5cd,7581,Croatia,Denmark,Luka Modrić,2,76,32,96.0,51.0,24.14,0.027416315,Off T,0,Open Play,Right Foot,True,False,From Throw In,33.0,79.0,Pass,36,9,10,63.0,68.9,1.75,,,,half_space,False,0,9,4.57,0,0,0,7,3,3,119.0,42.0,0.91,1.83,slow_possession
28f16999-0aad-4b48-8c42-cb08c80adc88,7581,Croatia,Denmark,Ante Rebić,2,77,20,97.0,58.0,26.71,0.012468111,Saved,0,Open Play,Left Foot,False,False,Regular Play,39.0,33.0,Ball Recovery,12,2,3,58.0,52.1,4.83,other,55.0,76.0,wide,False,0,8,4.57,0,0,0,5,1,2,118.0,43.0,1.83,2.74,fast_counter
d2d7e745-f2b2-4774-8284-976228415caa,7581,Croatia,Denmark,Ivan Perišić,2,83,40,113.0,31.0,10.43,0.11325187,Off T,0,Open Play,Head,False,False,From Free Kick,72.0,24.0,Pass,7,3,2,41.0,39.2,5.86,cross,105.0,3.0,wide,False,0,11,1.83,0,1,1,9,1,4,119.0,39.0,0.91,0.91,fast_counter
5820e40c-66dd-4b14-abaf-373bf0f27335,7581,Croatia,Denmark,Josip Pivarić,2,85,43,98.0,30.0,22.1,0.038121704,Blocked,0,Open Play,Left Foot,True,False,From Throw In,101.0,1.0,Pass,22,5,7,-3.0,19.2,-0.14,,,,central,False,0,9,0.91,1,1,1,8,2,4,118.0,41.0,1.83,0.91,other
8104cddc-aee7-428e-a1b3-00f6be2857b7,7581,Denmark,Croatia,Lasse Schöne,2,86,58,97.0,50.0,22.93,0.036073588,Off T,0,Open Play,Right Foot,False,False,Regular Play,2.0,40.0,Ball Recovery,34,4,5,95.0,92.9,2.79,,,,central,False,0,10,2.89,0,0,1,6,2,3,118.0,40.0,1.83,0.0,other
708f13e3-a51f-4bc1-8891-37e8edb4a4ba,7581,Croatia,Denmark,Ivan Rakitić,2,91,16,88.0,40.0,29.26,0.020794695,Off T,0,Open Play,Right Foot,False,False,Regular Play,39.0,19.0,Pass,64,15,17,49.0,51.7,0.77,,,,central,False,0,10,2.04,0,0,1,6,2,1,118.0,42.0,1.83,1.83,slow_possession
89afcd4d-b8bb-4264-9532-6b6a0eb3a0a7,7581,Denmark,Croatia,Martin Braithwaite Christensen,2,92,33,100.0,50.0,20.45,0.039959002,Off T,0,Open Play,Right Foot,False,False,From Corner,119.0,1.0,Pass,3,0,1,-19.0,16.7,-6.33,,,,central,False,0,11,3.77,0,0,0,11,2,5,117.0,38.0,2.74,1.83,other
9f1e0ff9-a769-491e-b1c3-53551181f9e0,7581,Denmark,Croatia,Thomas Delaney,3,91,5,78.0,47.0,38.93,0.005800442,Blocked,0,Open Play,Left Foot,False,False,From Kick Off,61.0,40.0,Pass,65,17,16,17.0,16.4,0.26,other,85.0,66.0,wide,False,0,11,4.92,0,0,0,3,1,0,120.0,43.0,0.0,2.74,slow_possession
738f7186-4f9c-4a5b-b008-7540040b1a70,7581,Denmark,Croatia,Lasse Schöne,3,92,15,95.0,45.0,23.31,0.029309789,Blocked,0,Open Play,Right Foot,False,False,From Throw In,105.0,80.0,Pass,4,0,1,-10.0,17.2,-2.5,,,,central,False,0,11,7.54,0,0,0,10,4,6,120.0,41.0,0.0,0.91,other
51cb459f-70a8-42d9-861a-bf7c0fca2fdc,7581,Denmark,Croatia,Lasse Schöne,3,98,26,95.0,47.0,23.74,0.027793115,Off T,0,Open Play,Right Foot,False,False,From Throw In,93.0,80.0,Pass,17,6,7,2.0,22.3,0.12,cutback,102.0,57.0,half_space,False,0,9,1.29,0,1,1,4,2,1,117.0,43.0,2.74,2.74,cutback
f9c4183d-04e0-4348-8b16-447d71adb8e4,7581,Croatia,Denmark,Mateo Kovačić,4,105,36,98.0,30.0,22.1,0.04311312,Blocked,0,Open Play,Right Foot,False,True,Regular Play,50.0,48.0,Pass,15,4,7,48.0,46.3,3.2,cutback,107.0,12.0,wide,False,0,10,2.89,0,0,1,7,2,3,119.0,40.0,0.91,0.0,cutback
a2156a1a-f0c9-440f-bdba-0a2f68e3fd98,7581,Denmark,Croatia,Pione Sisto Ifolo Emirmija,4,107,2,106.0,20.0,22.32,0.010282481,Off T,0,Open Play,Right Foot,False,False,From Throw In,73.0,80.0,Pass,53,18,19,33.0,37.3,0.62,through_ball,68.0,28.0,half_space,False,0,9,2.89,0,0,1,6,1,2,118.0,38.0,1.83,1.83,central_penetration
84953253-1815-446b-b012-d0911f392529,7581,Denmark,Croatia,Nicolai Jørgensen,4,112,17,112.0,27.0,13.96,0.05426612,Off T,0,Open Play,Right Foot,False,False,From Throw In,101.0,80.0,Pass,5,2,1,11.0,29.0,2.2,central_pass,106.0,42.0,central,False,0,11,2.59,0,0,2,10,1,4,119.0,37.0,0.91,2.74,central_penetration
2f2abe83-3f41-4d9b-af98-d2c8200ab91d,7581,Croatia,Denmark,Luka Modrić,4,118,35,97.0,33.0,21.98,0.072142854,Saved,0,Open Play,Right Foot,False,True,From Free Kick,46.0,49.0,Pass,104,25,24,51.0,50.5,0.49,central_pass,73.0,45.0,central,False,0,11,2.74,0,0,1,1,1,0,117.0,40.0,2.74,0.0,central_penetration
4a5bc4d9-4f0a-458b-96a0-db40df13a99f,7581,Croatia,Denmark,Andrej Kramarić,4,119,31,98.0,28.0,22.91,0.034648996,Off T,0,Open Play,Right Foot,False,False,Regular Play,25.0,25.0,Pass,33,8,13,73.0,71.1,2.21,central_pass,97.0,30.0,central,False,0,11,2.74,0,0,1,7,1,2,119.0,41.0,0.91,0.91,central_penetration
631bebfc-78b3-4432-b3b9-e36a076697aa,7549,Iceland,Nigeria,Gylfi Þór Sigurðsson,1,2,13,92.0,40.0,25.6,0.054394327,Saved,0,Free Kick,Right Foot,False,False,From Free Kick,92.0,40.0,Shot,0,0,0,0.0,0.0,,,,,central,False,0,11,9.05,0,0,0,10,4,4,120.0,42.0,0.0,1.83,set_piece
03550160-5441-44a7-ac2f-6ff0aab2815a,7549,Iceland,Nigeria,Gylfi Þór Sigurðsson,1,4,57,99.0,39.0,19.22,0.10112726,Saved,0,Open Play,Right Foot,False,True,Regular Play,65.0,56.0,Pass,6,3,2,34.0,36.3,5.67,central_pass,93.0,58.0,half_space,False,0,7,2.59,0,0,1,5,1,2,118.0,42.0,1.83,1.83,central_penetration
4debdd86-c36e-4aab-9a7b-87f5288eaf83,7549,Nigeria,Iceland,Kenneth Josiah Omeruo,1,7,15,104.0,39.0,14.66,0.04417076,Wayward,0,Open Play,Head,False,True,From Throw In,108.0,2.0,Pass,2,1,0,-4.0,23.8,-2.0,cross,108.0,2.0,wide,False,0,10,1.29,0,2,2,9,3,2,118.0,38.0,1.83,1.83,wide_cross
aa492454-40a1-4f1e-adf4-e06e9095d6cd,7549,Iceland,Nigeria,Birkir Bjarnason,1,20,16,114.0,27.0,13.09,0.06373091,Blocked,0,Open Play,Left Foot,True,False,From Throw In,110.0,80.0,Pass,9,0,1,4.0,26.9,0.44,,,,half_space,False,0,8,1.29,0,1,1,7,1,4,120.0,42.0,0.0,1.83,other
2b21626e-0009-4ff2-8227-b0a633229e3e,7549,Iceland,Nigeria,Birkir Bjarnason,1,33,22,109.0,24.0,17.75,0.029692495,Off T,0,Open Play,Right Foot,True,False,From Throw In,87.0,79.0,Pass,27,6,9,22.0,31.7,0.81,central_pass,107.0,33.0,central,False,0,8,2.59,0,0,1,6,1,2,118.0,39.0,1.83,0.91,central_penetration
9d134619-f467-4e5c-b160-fe7c9308ed30,7549,Iceland,Nigeria,Alfreð Finnbogason,1,44,31,113.0,40.0,6.4,0.19456063,Off T,0,Open Play,Other,True,False,From Free Kick,88.0,73.0,Pass,1,1,0,25.0,39.0,25.0,cross,88.0,73.0,wide,False,0,10,1.29,0,2,3,10,1,4,120.0,41.0,0.0,0.91,wide_cross
b45f43f0-e0f6-4ac8-af81-0c0d24d3fef2,7549,Iceland,Nigeria,Jón Daði Böðvarsson,1,46,15,113.0,51.0,11.92,0.045343757,Off T,0,Open Play,Head,False,False,From Corner,118.0,1.0,Pass,3,1,0,-5.0,26.0,-1.67,cross,118.0,1.0,wide,False,0,11,2.04,0,0,1,11,4,5,119.0,42.0,0.91,1.83,wide_cross
8708f11b-b9f3-4dc0-bde1-39b5ce64e371,7549,Nigeria,Iceland,Oghenekaro Etebo,2,45,15,96.0,47.0,22.86,0.03887468,Saved,0,Open Play,Right Foot,True,False,From Kick Off,68.0,50.0,Pressure,12,0,0,28.0,28.0,2.33,,,,central,False,0,7,2.04,0,0,1,1,1,0,117.0,43.0,2.74,2.74,other
0c5402af-843d-4080-aa76-b5f07f048f5d,7549,Nigeria,Iceland,Ahmed Musa,2,48,24,112.0,46.0,9.14,0.13957413,Goal,1,Open Play,Right Foot,False,False,Regular Play,43.0,40.0,Pass,11,3,3,69.0,67.0,6.27,cross,98.0,65.0,wide,False,0,8,1.83,0,1,1,6,1,1,117.0,43.0,2.74,2.74,fast_counter
e33df2c2-d3cb-4385-a6e2-5d374edfb61b,7549,Nigeria,Iceland,Onyinye Wilfred Ndidi,2,56,33,84.0,26.0,35.32,0.005955098,Saved,0,Open Play,Right Foot,False,False,From Throw In,32.0,1.0,Pass,45,13,14,52.0,57.6,1.16,other,95.0,13.0,wide,False,0,10,6.47,0,0,0,5,2,0,119.0,41.0,0.91,0.91,slow_possession
4c52ec59-80b6-44a9-b1b5-ac9b9c047f15,7549,Nigeria,Iceland,Victor Moses,2,65,11,106.0,61.0,23.08,0.008576407,Off T,0,Open Play,Right Foot,False,False,Regular Play,27.0,51.0,Pass,23,6,6,79.0,68.4,3.43,central_pass,93.0,39.0,central,False,0,10,2.04,0,0,1,9,2,3,118.0,43.0,1.83,2.74,central_penetration
d23e9dee-2dc7-40be-9a20-efd9327febc4,7549,Iceland,Nigeria,Rúrik Gíslason,2,67,7,99.0,28.0,22.12,0.043580372,Off T,0,Open Play,Right Foot,False,True,Regular Play,56.0,4.0,Pass,11,5,4,43.0,49.2,3.91,other,76.0,4.0,wide,False,0,7,2.59,0,0,3,1,1,0,117.0,40.0,2.74,0.0,fast_counter
f21766b6-4c18-4224-803a-c0299b663b67,7549,Nigeria,Iceland,Victor Moses,2,67,55,101.0,55.0,22.14,0.030264711,Blocked,0,Open Play,Left Foot,False,False,From Goal Kick,6.0,37.0,Pass,19,3,4,95.0,89.8,5.0,,,,half_space,False,0,9,2.74,0,0,1,5,2,3,118.0,42.0,1.83,1.83,other
9f1126a2-4269-45e5-9921-b74255ef93b2,7549,Nigeria,Iceland,Oghenekaro Etebo,2,68,26,95.0,38.0,22.93,0.049115922,Blocked,0,Open Play,Right Foot,False,False,From Goal Kick,6.0,37.0,Pass,50,11,10,89.0,89.0,1.78,central_pass,48.0,37.0,central,False,0,6,4.92,0,0,0,2,1,2,118.0,41.0,1.83,0.91,central_penetration
7cf263e8-0e2b-4215-8e6b-48c07eb46a88,7549,Nigeria,Iceland,William Troost-Ekong,2,69,44,107.0,48.0,13.96,0.09659774,Off T,0,Open Play,Head,False,False,From Corner,120.0,1.0,Pass,12,2,2,-13.0,23.7,-1.08,cross,103.0,67.0,wide,False,0,10,3.3,0,0,0,6,2,3,119.0,41.0,0.91,0.91,wide_cross
91265012-0a96-42b9-b537-493190665070,7549,Nigeria,Iceland,Leon Aderemi Balogun,2,71,29,112.0,43.0,7.81,0.07888537,Off T,0,Open Play,Head,False,False,From Corner,119.0,79.0,Pass,1,1,0,-7.0,30.5,-7.0,cross,119.0,79.0,wide,False,0,11,2.74,0,0,2,11,4,4,119.0,41.0,0.91,0.91,wide_cross
d0959566-bb51-4aa6-96fe-85badefecddd,7549,Nigeria,Iceland,Kelechi Promise Iheanacho,2,73,26,98.0,54.0,23.84,0.025410693,Blocked,0,Open Play,Left Foot,False,False,Regular Play,57.0,33.0,Ball Recovery,32,15,12,41.0,37.3,1.28,cutback,102.0,71.0,wide,False,0,10,2.89,0,0,1,6,2,3,119.0,41.0,0.91,0.91,cutback
1a5c726e-ac92-43fd-8be6-fa3cd8663589,7549,Nigeria,Iceland,Ahmed Musa,2,73,38,101.0,27.0,21.05,0.043000102,Post,0,Open Play,Right Foot,False,False,Regular Play,57.0,33.0,Ball Recovery,44,17,15,44.0,40.4,1.0,cutback,115.0,19.0,half_space,False,0,9,4.66,0,0,0,8,2,4,118.0,40.0,1.83,0.0,cutback
7de9999c-87f0-4f28-8a88-4b6d1930f36f,7549,Nigeria,Iceland,Victor Moses,2,73,42,104.0,50.0,17.25,0.0531975,Off T,0,Open Play,Right Foot,False,False,Regular Play,57.0,33.0,Ball Recovery,48,17,16,47.0,44.5,0.98,,,,central,False,0,10,2.74,0,0,1,8,2,2,118.0,43.0,1.83,2.74,slow_possession
6bd71689-2b7e-4846-85de-51c481801d5d,7549,Nigeria,Iceland,Ahmed Musa,2,74,17,113.0,41.0,6.47,0.5295454,Goal,1,Open Play,Right Foot,False,False,From Counter,35.0,18.0,Ball Recovery,9,1,6,78.0,80.7,8.67,other,33.0,12.0,wide,False,0,5,3.77,0,0,0,5,2,1,111.0,37.0,8.23,2.74,fast_counter
6670f381-02b5-4e19-9e1e-f0456338f376,7549,Nigeria,Iceland,William Troost-Ekong,2,78,41,92.0,39.0,25.62,0.027320247,Blocked,0,Open Play,Left Foot,False,False,From Corner,120.0,2.0,Pass,22,7,6,-28.0,10.0,-1.27,central_pass,95.0,44.0,central,False,0,10,4.57,0,0,0,3,2,0,119.0,41.0,0.91,0.91,central_penetration
ffca280e-9a8e-4a5e-a361-d0f9f714dbde,7549,Nigeria,Iceland,Kelechi Promise Iheanacho,2,83,35,98.0,48.0,21.41,0.046937406,Off T,0,Open Play,Left Foot,False,False,Regular Play,45.0,21.0,Duel,14,3,6,53.0,54.0,3.79,central_pass,95.0,36.0,central,False,0,9,3.77,0,0,0,7,1,2,119.0,41.0,0.91,0.91,central_penetration
61d5c627-b382-40d7-827b-46400b17b52f,7549,Iceland,Nigeria,Alfreð Finnbogason,2,87,15,112.0,27.0,13.96,0.15761892,Saved,0,Open Play,Left Foot,True,False,From Throw In,74.0,79.0,Pass,21,7,5,38.0,45.0,1.81,central_pass,101.0,40.0,central,False,0,9,2.89,0,0,1,7,0,2,116.0,38.0,3.66,1.83,central_penetration
93cab19c-1614-4caa-95a3-33a357978d8c,7549,Nigeria,Iceland,Onyinye Wilfred Ndidi,2,88,22,91.0,42.0,26.58,0.033122007,Blocked,0,Open Play,Right Foot,False,False,From Free Kick,61.0,47.0,Pass,27,9,8,30.0,30.3,1.11,other,64.0,12.0,wide,False,0,10,3.3,0,0,0,1,2,0,118.0,41.0,1.83,0.91,slow_possession
4926cd76-b29b-44cf-9db3-f398fdb0d080,7549,Iceland,Nigeria,Sverrir Ingi Ingason,2,89,14,107.0,41.0,11.92,0.078613296,Off T,0,Open Play,Head,False,False,Regular Play,106.0,78.0,Pass,1,1,0,1.0,27.5,1.0,cross,106.0,78.0,wide,False,0,9,2.04,0,0,2,7,2,4,118.0,41.0,1.83,0.91,wide_cross
072d4ff4-158d-4fcf-b5a6-07d18c310d52,7549,Nigeria,Iceland,Alex Iwobi,2,96,8,103.0,39.0,15.57,0.061611153,Blocked,0,Open Play,Left Foot,False,False,Regular Play,16.0,17.0,Ball Recovery,17,1,3,87.0,89.5,5.12,cutback,108.0,53.0,half_space,False,0,6,1.83,0,1,1,5,2,3,118.0,41.0,1.83,0.91,cutback
c10ec17b-2c83-4cef-990b-cc12eebb4e05,7529,Nigeria,Croatia,Alex Iwobi,1,12,36,89.0,40.0,28.35,0.018994473,Blocked,0,Open Play,Right Foot,False,False,From Free Kick,81.0,79.0,Pass,5,0,1,8.0,24.2,1.6,,,,central,False,0,11,2.59,0,0,1,5,3,3,119.0,41.0,0.91,0.91,other
26f4fd38-06a6-4921-b5fc-352822e4069c,7529,Croatia,Nigeria,Ivan Perišić,1,13,20,99.0,46.0,19.97,0.06695514,Off T,0,Open Play,Right Foot,True,False,Regular Play,26.0,24.0,Ball Recovery,16,6,7,73.0,73.5,4.56,cutback,104.0,48.0,central,False,0,8,4.66,0,0,0,5,2,3,118.0,40.0,1.83,0.0,cutback
fb3171b8-da0b-46be-9882-88bf6afdb13f,7529,Croatia,Nigeria,Andrej Kramarić,1,15,22,86.0,35.0,31.42,0.019367732,Off T,0,Open Play,Right Foot,False,False,From Free Kick,56.0,19.0,Pass,31,9,9,30.0,33.0,0.97,central_pass,79.0,44.0,central,False,0,8,4.57,0,0,0,1,2,0,118.0,39.0,1.83,0.91,central_penetration
faa5402a-5780-46c0-920c-d61b129139f5,7529,Nigeria,Croatia,Odion Jude Ighalo,1,20,58,109.0,59.0,20.08,0.011507075,Blocked,0,Open Play,Right Foot,False,False,Regular Play,45.0,70.0,Pass,57,12,9,64.0,58.8,1.12,other,71.0,75.0,wide,False,0,7,1.83,0,1,2,7,2,1,119.0,43.0,0.91,2.74,slow_possession
75287230-d6bf-4042-a28f-f0fdc04c1102,7529,Nigeria,Croatia,Oghenekaro Etebo,1,21,40,93.0,41.0,24.71,0.022628231,Off T,0,Open Play,Right Foot,False,False,From Corner,120.0,79.0,Pass,16,1,3,-27.0,12.0,-1.69,,,,central,False,0,11,4.66,0,0,0,8,3,3,119.0,41.0,0.91,0.91,other
ea2ecbb8-a499-42ab-a85d-2f93cb807d16,7529,Croatia,Nigeria,Ante Rebić,1,31,17,101.0,23.0,23.31,0.028548675,Blocked,0,Open Play,Right Foot,True,False,Regular Play,28.0,40.0,Pass,30,9,11,73.0,66.5,2.43,central_pass,108.0,36.0,central,False,0,8,4.92,0,0,0,6,1,2,118.0,38.0,1.83,1.83,central_penetration
be3746ba-f26d-4385-b99c-36dd9c844784,7529,Croatia,Nigeria,Mario Mandžukić,1,31,51,113.0,41.0,6.47,0.3240008,Blocked,0,Open Play,Head,False,False,From Corner,120.0,80.0,Pass,2,2,0,-7.0,32.9,-3.5,central_pass,113.0,48.0,central,False,0,10,2.59,0,0,1,10,1,5,119.0,40.0,0.91,0.0,central_penetration
1f0017e1-c609-4274-b4fd-1b5919ed1b18,7529,Nigeria,Croatia,Odion Jude Ighalo,1,33,14,106.0,33.0,14.31,0.16620727,Blocked,0,Open Play,Left Foot,False,False,From Counter,79.0,42.0,Pass,4,2,2,27.0,25.4,6.75,central_pass,89.0,33.0,central,False,0,7,1.83,0,1,1,5,1,1,116.0,39.0,3.66,0.91,fast_counter
4459aaf0-be50-4438-9546-68105d1ffd55,7529,Croatia,Nigeria,Andrej Kramarić,1,38,53,107.0,37.0,12.2,0.11621209,Off T,0,Open Play,Head,False,False,From Throw In,111.0,80.0,Pass,43,12,14,-4.0,27.7,-0.09,cross,88.0,12.0,wide,False,0,8,2.89,0,0,1,5,1,2,117.0,39.0,2.74,0.91,wide_cross
bf058dc6-a310-4247-a154-86f563016188,7529,Croatia,Nigeria,Šime Vrsaljko,1,41,56,104.0,59.0,22.71,0.011776743,Off T,0,Open Play,Right Foot,True,False,From Throw In,111.0,80.0,Pass,226,33,32,-7.0,16.2,-0.03,central_pass,100.0,44.0,central,False,0,7,0.91,1,1,1,7,1,2,119.0,40.0,0.91,0.0,central_penetration
dc7ec157-fb01-4084-bfce-7d2f528ee54e,7529,Nigeria,Croatia,Alex Iwobi,1,45,3,104.0,31.0,16.79,0.06691181,Blocked,0,Open Play,Right Foot,True,False,From Free Kick,103.0,76.0,Pass,4,0,0,1.0,21.5,0.25,,,,central,False,0,10,2.89,0,0,1,10,3,5,119.0,41.0,0.91,0.91,other
c541b4d3-a78a-41cf-8e0f-7258fc1e823f,7529,Nigeria,Croatia,Victor Moses,1,45,44,91.0,47.0,27.28,0.022370031,Off T,0,Open Play,Right Foot,False,False,From Free Kick,103.0,76.0,Pass,45,5,6,-12.0,10.0,-0.27,central_pass,80.0,34.0,central,False,0,11,1.29,0,2,2,1,2,0,119.0,41.0,0.91,0.91,central_penetration
8f152b64-9376-4b78-86d6-41b22f2e99a5,7529,Nigeria,Croatia,Victor Moses,2,48,31,108.0,57.0,19.03,0.03658591,Off T,0,Open Play,Left Foot,False,False,From Free Kick,44.0,67.0,Pass,48,11,15,64.0,59.8,1.33,central_pass,69.0,31.0,central,False,0,9,2.89,0,0,1,7,1,2,118.0,40.0,1.83,0.0,central_penetration
e6c43ec9-4a06-455b-a479-62f9b9135356,7529,Croatia,Nigeria,Ivan Rakitić,2,49,46,88.0,41.0,29.28,0.018438444,Off T,0,Open Play,Right Foot,False,False,From Free Kick,46.0,16.0,Pass,22,4,5,42.0,45.8,1.91,,,,central,False,0,10,2.74,0,0,2,5,1,3,120.0,41.0,0.0,0.91,other
ef3ec629-7800-495b-b9c9-d18cc4d856b1,7529,Nigeria,Croatia,Alex Iwobi,2,51,7,112.0,21.0,18.85,0.011302559,Blocked,0,Open Play,Right Foot,False,False,From Free Kick,81.0,43.0,Pass,11,2,2,31.0,18.5,2.82,central_pass,107.0,27.0,half_space,False,0,11,2.59,0,0,1,10,1,5,118.0,38.0,1.83,1.83,central_penetration
8b33c5dd-6f2a-4a03-a52e-1105e5e74621,7529,Nigeria,Croatia,Odion Jude Ighalo,2,58,49,108.0,34.0,12.27,0.13110706,Saved,0,Open Play,Head,False,False,Regular Play,62.0,53.0,Pass,16,6,5,46.0,46.0,2.88,cross,90.0,9.0,wide,False,0,10,2.59,0,0,1,7,1,3,118.0,38.0,1.83,1.83,wide_cross
6cecde41-626b-4183-a054-4e0569a1b686,7529,Croatia,Nigeria,Mario Mandžukić,2,62,43,112.0,44.0,8.18,0.10399987,Off T,0,Open Play,Head,False,False,From Corner,120.0,79.0,Pass,1,1,0,-8.0,30.1,-8.0,cutback,120.0,79.0,wide,False,0,11,0.91,1,1,1,11,2,4,120.0,42.0,0.0,1.83,cutback
bd7e188a-4e81-4601-a75e-e7105fba4b4c,7529,Croatia,Nigeria,Dejan Lovren,2,73,27,108.0,46.0,12.27,0.07854937,Blocked,0,Open Play,Head,False,False,From Corner,120.0,80.0,Pass,3,2,0,-12.0,26.6,-4.0,cutback,109.0,31.0,central,False,0,11,1.29,0,1,2,10,4,4,119.0,41.0,0.91,0.91,cutback
9afea0c0-7eed-43ff-a5da-d4f85c419971,7529,Nigeria,Croatia,Kelechi Promise Iheanacho,2,76,26,108.0,52.0,15.52,0.052039362,Off T,0,Open Play,Left Foot,False,False,Regular Play,10.0,54.0,Pass,47,14,14,98.0,93.9,2.09,other,103.0,65.0,wide,False,0,10,0.91,1,1,3,7,2,2,118.0,42.0,1.83,1.83,slow_possession
10274bc8-73b2-4eb5-a18c-c70c98d32aea,7529,Nigeria,Croatia,Leon Aderemi Balogun,2,81,40,106.0,40.0,12.8,0.11239032,Saved,0,Open Play,Head,False,False,From Throw In,107.0,1.0,Pass,10,3,2,-1.0,27.1,-0.1,central_pass,77.0,23.0,half_space,False,0,9,2.04,0,0,1,5,1,2,118.0,40.0,1.83,0.0,central_penetration
8c971541-be80-4355-90c9-b2954c1e47d3,7529,Nigeria,Croatia,Oghenekaro Etebo,2,86,14,86.0,29.0,32.68,0.0064550717,Off T,0,Open Play,Right Foot,False,False,From Throw In,69.0,79.0,Pass,19,6,6,17.0,28.5,0.89,other,98.0,13.0,wide,False,0,10,3.77,0,0,0,1,2,0,118.0,40.0,1.83,0.0,other
2af4e9d9-3dc7-4e21-b9dd-8e08bafd4c28,7529,Nigeria,Croatia,Victor Moses,2,86,54,108.0,49.0,13.72,0.103822425,Blocked,0,Open Play,Right Foot,False,False,Regular Play,112.0,15.0,Dribble,5,2,4,-4.0,11.2,-0.8,central_pass,109.0,37.0,central,False,0,10,1.83,0,1,1,9,1,4,117.0,42.0,2.74,1.83,central_penetration
3647dbf8-a830-4530-9104-c1ac66c75521,7529,Croatia,Nigeria,Mateo Kovačić,2,91,44,111.0,52.0,13.72,0.14311777,Saved,0,Open Play,Right Foot,False,False,From Throw In,86.0,80.0,Pass,6,2,2,25.0,37.5,4.17,other,107.0,71.0,wide,False,0,7,1.83,0,1,1,5,1,1,117.0,45.0,2.74,4.57,other
7b20bc4c-d5d4-4efb-9e45-478dd6ca1657,7562,Australia,Peru,Mile Jedinak,1,4,17,97.0,53.0,24.16,0.027759347,Off T,0,Open Play,Right Foot,True,False,From Free Kick,55.0,76.0,Pass,51,11,13,42.0,47.9,0.82,,,,half_space,False,0,10,5.78,0,0,0,9,1,5,118.0,41.0,1.83,0.91,slow_possession
f147d49c-41af-416f-b5cc-8aa93acc189f,7562,Australia,Peru,Tom Rogić,1,11,27,95.0,46.0,23.51,0.037056766,Blocked,0,Open Play,Left Foot,False,True,From Throw In,88.0,80.0,Pass,10,3,4,7.0,25.5,0.7,cutback,103.0,53.0,half_space,False,0,9,3.77,0,0,0,6,3,1,116.0,40.0,3.66,0.0,cutback
e1a7ea9b-012e-4a64-9f2b-009519da5c71,7562,Peru,Australia,André Martín Carrillo Díaz,1,17,14,104.0,53.0,18.85,0.03970575,Goal,1,Open Play,Right Foot,True,True,Regular Play,65.0,75.0,Duel,22,3,4,39.0,44.6,1.77,cutback,107.0,22.0,half_space,False,0,8,4.09,0,0,0,7,2,2,119.0,43.0,0.91,2.74,cutback
5cde8221-69e0-4cc6-ba50-ad6fb046a342,7562,Australia,Peru,Mathew Leckie,1,20,0,112.0,42.0,7.54,0.118186094,Wayward,0,Open Play,Head,False,False,From Throw In,83.0,80.0,Pass,47,14,11,29.0,46.2,0.62,cross,106.0,14.0,wide,False,0,9,2.59,0,0,3,8,2,2,119.0,40.0,0.91,0.0,wide_cross
e587014a-caab-49f4-b290-9aecc74c79af,7562,Peru,Australia,José Paolo Guerrero Gonzáles,1,24,7,109.0,37.0,10.43,0.13641801,Saved,0,Open Play,Head,False,False,From Free Kick,84.0,28.0,Pass,1,1,0,25.0,26.5,25.0,central_pass,84.0,28.0,half_space,False,0,11,0.91,1,1,1,9,1,4,119.0,41.0,0.91,0.91,central_penetration
1bedf066-e86f-47c8-b86f-1472ce0158e7,7562,Australia,Peru,Tom Rogić,1,26,49,105.0,40.0,13.72,0.24210833,Saved,0,Open Play,Left Foot,False,False,From Throw In,57.0,80.0,Pass,56,18,21,48.0,59.6,0.86,central_pass,90.0,55.0,half_space,False,0,10,1.29,0,1,2,5,1,3,113.0,40.0,6.4,0.0,central_penetration
3c3d8e25-be0a-4b0c-b02f-88be5e44c885,7562,Peru,Australia,Víctor Yoshimar Yotún Flores,1,32,51,83.0,33.0,34.43,0.0056918976,Off T,0,Open Play,Left Foot,False,False,Regular Play,18.0,66.0,Duel,44,9,9,65.0,67.6,1.48,central_pass,67.0,51.0,half_space,False,0,11,3.88,0,0,0,1,3,0,119.0,41.0,0.91,0.91,central_penetration
3d219d60-df58-4e62-822e-a73b1f0fb6df,7562,Australia,Peru,Trent Sainsbury,1,34,44,116.0,43.0,4.57,0.15594603,Off T,0,Open Play,Head,False,True,From Corner,119.0,1.0,Pass,2,1,0,-3.0,34.0,-1.5,cross,119.0,1.0,wide,False,0,11,1.29,0,2,4,11,2,5,119.0,41.0,0.91,0.91,wide_cross
a3d1a6e6-2630-4d50-9f4e-2eefd1f47cf0,7562,Australia,Peru,Trent Sainsbury,1,39,41,115.0,34.0,7.14,0.11028426,Off T,0,Open Play,Head,False,False,From Free Kick,108.0,66.0,Pass,1,1,0,7.0,20.8,7.0,cross,108.0,66.0,wide,False,0,11,1.29,0,1,2,11,2,4,119.0,40.0,0.91,0.0,wide_cross
a6572160-adde-4276-88a5-eac32cbc7097,7562,Peru,Australia,José Paolo Guerrero Gonzáles,2,49,9,111.0,36.0,9.01,0.15455943,Goal,1,Open Play,Left Foot,True,False,Regular Play,52.0,30.0,Ball Recovery,31,10,9,59.0,58.9,1.9,,,,central,False,0,8,2.04,0,0,1,8,2,3,118.0,37.0,1.83,2.74,slow_possession
a6becee2-763d-444e-bef3-f6afebb86028,7562,Australia,Peru,Mile Jedinak,2,51,24,113.0,50.0,11.16,0.07718142,Saved,0,Open Play,Head,False,False,From Corner,120.0,1.0,Pass,2,1,0,-7.0,26.8,-3.5,cutback,120.0,1.0,wide,False,0,11,3.66,0,0,0,11,2,6,120.0,43.0,0.0,2.74,cutback
d235f3a2-c605-4fc7-bab4-38a3958691d1,7562,Australia,Peru,Aaron Mooy,2,54,47,96.0,61.0,29.16,0.009029534,Blocked,0,Free Kick,Right Foot,False,False,From Free Kick,96.0,61.0,Shot,0,0,0,0.0,0.0,,,,,half_space,False,0,11,10.66,0,0,0,11,2,6,119.0,41.0,0.91,0.91,set_piece
391f430a-4e2f-40ad-95df-98012a3d4447,7562,Australia,Peru,Trent Sainsbury,2,55,27,113.0,52.0,12.7,0.04171371,Wayward,0,Open Play,Head,False,False,From Corner,120.0,80.0,Pass,2,1,0,-7.0,26.1,-3.5,cutback,120.0,80.0,wide,False,0,11,2.04,0,0,2,11,2,4,120.0,42.0,0.0,1.83,cutback
6c8d820a-f3e1-4cd2-844e-97fb1011793f,7562,Australia,Peru,Mile Jedinak,2,58,2,116.0,39.0,3.77,0.25410923,Wayward,0,Open Play,Head,False,True,From Throw In,108.0,2.0,Pass,2,1,0,8.0,35.7,4.0,cross,108.0,2.0,wide,False,0,10,0.91,2,2,3,10,1,4,120.0,42.0,0.0,1.83,wide_cross
36a51659-11a6-44b3-9d4e-b67dd015a807,7562,Australia,Peru,Tim Cahill,2,58,55,111.0,51.0,13.0,0.058087178,Wayward,0,Open Play,Head,False,False,From Corner,120.0,80.0,Pass,1,1,0,-9.0,25.8,-9.0,cutback,120.0,80.0,wide,False,0,11,3.77,0,0,0,10,2,5,119.0,43.0,0.91,2.74,cutback
3fe2b147-0ba8-4c1a-a8b2-1372a3b8dc1d,7562,Australia,Peru,Aziz Eraltay Behich,2,58,57,107.0,32.0,13.96,0.11772655,Off T,0,Open Play,Left Foot,True,False,From Corner,120.0,80.0,Pass,3,2,0,-13.0,24.7,-4.33,cutback,111.0,31.0,central,False,0,11,2.89,0,0,1,9,2,5,119.0,41.0,0.91,0.91,cutback
80a24198-6e18-4277-92ff-b733855f264e,7562,Australia,Peru,Tim Cahill,2,59,24,110.0,35.0,10.22,0.18379883,Blocked,0,Open Play,Right Foot,False,False,From Corner,119.0,80.0,Pass,5,0,1,-9.0,28.8,-1.8,,,,central,False,0,11,2.74,0,0,1,11,2,6,120.0,41.0,0.0,0.91,other
c0b04c4d-27a7-4c5f-8bdb-3773a0d9064b,7562,Australia,Peru,Mathew Leckie,2,65,30,112.0,50.0,11.71,0.073874444,Blocked,0,Open Play,Right Foot,True,False,From Free Kick,103.0,78.0,Pass,1,1,0,9.0,28.8,9.0,cross,103.0,78.0,wide,False,0,11,2.04,0,0,1,10,2,6,120.0,42.0,0.0,1.83,wide_cross
5d77e573-b34a-4f17-87cf-e0bdafc7b659,7562,Australia,Peru,Daniel Arzani,2,66,34,96.0,31.0,23.44,0.059451457,Off T,0,Open Play,Right Foot,False,True,From Counter,90.0,17.0,Pressure,3,0,1,6.0,12.2,2.0,,,,central,False,0,8,2.59,0,0,1,1,1,0,117.0,41.0,2.74,0.91,fast_counter
738c74ea-7fc7-4072-956b-6892878e8a9b,7562,Australia,Peru,Mile Jedinak,2,82,54,93.0,36.0,24.96,0.062956445,Off T,0,Free Kick,Right Foot,False,False,From Free Kick,93.0,36.0,Shot,0,0,0,0.0,0.0,,,,,central,False,0,11,9.14,0,0,0,10,3,5,119.0,42.0,0.91,1.83,set_piece
8cdd1008-c53e-438e-ac87-325c1b6712e0,7571,Senegal,Colombia,M'Baye Babacar Niang,1,0,10,96.0,26.0,25.41,0.025465408,Off T,0,Open Play,Right Foot,True,False,From Kick Off,60.0,40.0,Pass,10,2,0,36.0,32.2,3.6,,,,half_space,False,0,10,2.59,0,0,1,1,1,0,120.0,41.0,0.0,0.91,other
f3b3328f-c09c-452c-89a0-a30602ad8044,7571,Colombia,Senegal,Juan Fernando Quintero Paniagua,1,11,55,96.0,53.0,24.96,0.048187166,Saved,0,Free Kick,Left Foot,False,False,From Free Kick,96.0,53.0,Shot,0,0,0,0.0,0.0,,,,,half_space,False,0,11,7.54,0,0,0,11,4,3,118.0,40.0,1.83,0.0,set_piece
4cad82d6-77db-412d-a231-b0a49eea5a6e,7571,Senegal,Colombia,Keita Baldé Diao,1,26,32,107.0,23.0,19.57,0.033191733,Saved,0,Open Play,Right Foot,False,False,Regular Play,85.0,5.0,Pass,24,8,8,22.0,28.1,0.92,,,,half_space,False,0,7,5.78,0,0,0,7,1,4,119.0,39.0,0.91,0.91,slow_possession
a434fc79-7d5f-4127-97c3-a73362e1285a,7571,Senegal,Colombia,Ismaïla Sarr,1,27,7,104.0,59.0,22.71,0.011666485,Saved,0,Open Play,Left Foot,False,False,Regular Play,84.0,10.0,Dribble,7,1,5,20.0,22.0,2.86,other,79.0,12.0,wide,False,0,9,1.83,0,1,1,6,1,1,119.0,43.0,0.91,2.74,other
a057973f-1c29-4225-961a-d7f5989f0d6a,7571,Senegal,Colombia,Salif Sané,1,36,57,90.0,41.0,27.45,0.020333083,Off T,0,Open Play,Right Foot,False,False,From Free Kick,89.0,30.0,Pass,1,1,1,1.0,2.6,1.0,central_pass,89.0,30.0,central,False,0,11,3.3,0,0,0,5,3,5,119.0,41.0,0.91,0.91,central_penetration
4201d814-95fc-422b-a10a-4e80dcbe1293,7571,Senegal,Colombia,Sadio Mané,2,63,4,95.0,51.0,24.98,0.047152,Off T,0,Free Kick,Right Foot,False,False,From Free Kick,95.0,51.0,Shot,0,0,0,0.0,0.0,,,,,half_space,False,0,11,8.67,0,0,0,10,4,4,119.0,40.0,0.91,0.0,set_piece
66704be5-860a-4edf-b317-75c9fbd87db7,7571,Colombia,Senegal,Luis Fernando Muriel Fruto,2,64,46,105.0,49.0,16.0,0.06531282,Blocked,0,Open Play,Left Foot,True,False,From Free Kick,90.0,79.0,Pass,3,0,0,15.0,31.7,5.0,,,,central,False,0,9,2.04,0,0,1,9,2,4,119.0,41.0,0.91,0.91,other
fdf528b5-6dc5-44f2-817f-c1dfaee89a23,7571,Colombia,Senegal,Radamel Falcao García Zárate,2,65,26,114.0,43.0,6.13,0.11338981,Off T,0,Open Play,Head,False,False,From Corner,119.0,79.0,Pass,1,1,0,-5.0,32.3,-5.0,cross,119.0,79.0,wide,False,0,11,1.83,0,1,2,11,3,4,119.0,41.0,0.91,0.91,wide_cross
b4fe8f49-4d3a-4ea4-8464-ba3da90ef16b,7571,Colombia,Senegal,Yerry Fernando Mina González,2,73,29,114.0,47.0,8.43,0.057972074,Goal,1,Open Play,Head,False,False,From Corner,119.0,79.0,Pass,1,1,0,-5.0,29.8,-5.0,cross,119.0,79.0,wide,False,0,11,1.29,0,1,3,10,3,4,119.0,41.0,0.91,0.91,wide_cross
77fa0e94-3150-403e-b740-9dd8cb7a41ba,7571,Senegal,Colombia,M'Baye Babacar Niang,2,76,3,113.0,52.0,12.7,0.11951581,Saved,0,Open Play,Right Foot,False,True,Regular Play,70.0,67.0,Ball Recovery,13,3,6,43.0,42.9,3.31,other,96.0,63.0,wide,False,0,8,2.04,0,0,1,7,1,2,118.0,43.0,1.83,2.74,other
84f6d447-6c05-4c10-8099-4ad0ac3f0772,7571,Senegal,Colombia,Ismaïla Sarr,2,78,49,108.0,51.0,14.89,0.103540555,Off T,0,Open Play,Right Foot,True,False,Regular Play,37.0,28.0,Pass,17,4,4,71.0,67.6,4.18,cross,105.0,19.0,half_space,False,0,6,1.83,0,1,1,6,1,3,118.0,42.0,1.83,1.83,wide_cross
91266c2f-ecd8-4f1e-9938-a4d88be6e1c6,7568,Switzerland,Costa Rica,Mario Gavranović,1,3,22,111.0,49.0,11.64,0.10680521,Blocked,0,Open Play,Right Foot,True,False,From Throw In,70.0,79.0,Pass,28,9,9,41.0,50.7,1.46,cross,116.0,59.0,half_space,False,0,8,3.3,0,0,0,8,2,4,119.0,44.0,0.91,3.66,wide_cross
a1d27eb6-ce96-4376-b9df-39b6bee67b3e,7568,Costa Rica,Switzerland,Joel Nathaniel Campbell Samuels,1,5,4,99.0,54.0,23.08,0.026525779,Saved,0,Open Play,Left Foot,False,False,Regular Play,66.0,40.0,Interception,19,2,8,33.0,28.8,1.74,,,,half_space,False,0,8,1.29,0,1,1,3,1,0,118.0,41.0,1.83,0.91,other
f98e5b5e-7d3f-42d6-abd7-5934a0fe6056,7568,Costa Rica,Switzerland,Celso Borges Mora,1,5,13,111.0,40.0,8.23,0.17932418,Saved,0,Open Play,Head,False,False,Regular Play,66.0,40.0,Interception,28,4,9,45.0,45.0,1.61,cross,101.0,10.0,wide,False,0,8,3.77,0,0,0,5,1,2,119.0,40.0,0.91,0.0,wide_cross
2460202f-512b-4296-9b85-8ac8411aa657,7568,Costa Rica,Switzerland,Cristian Gamboa Luna,1,5,30,98.0,50.0,22.1,0.033930067,Saved,0,Open Play,Left Foot,False,False,Regular Play,116.0,5.0,Pass,8,1,2,-18.0,11.1,-2.25,,,,central,False,0,9,1.29,0,1,1,7,3,3,118.0,41.0,1.83,0.91,other
e8f36333-1586-4a31-b16a-203bfab01328,7568,Costa Rica,Switzerland,Daniel Colindres Solera,1,6,46,98.0,31.0,21.74,0.036320034,Off T,0,Open Play,Left Foot,False,True,Regular Play,34.0,35.0,Ball Recovery,23,9,10,64.0,62.4,2.78,central_pass,95.0,47.0,central,False,0,8,2.04,0,0,1,5,3,2,118.0,38.0,1.83,1.83,central_penetration
8226d1bf-756e-45ac-85bc-d48328f97edf,7568,Costa Rica,Switzerland,Daniel Colindres Solera,1,9,25,103.0,18.0,25.42,0.009091367,Post,0,Open Play,Right Foot,False,False,Regular Play,64.0,38.0,Pressure,9,0,2,39.0,28.2,4.33,,,,half_space,False,0,7,1.83,0,1,1,3,1,0,116.0,37.0,3.66,2.74,other
754af2a5-0a2c-42ab-a4f3-83148ed3884f,7568,Switzerland,Costa Rica,Mario Gavranović,1,16,23,97.0,37.0,21.21,0.046386905,Off T,0,Open Play,Right Foot,False,False,Regular Play,29.0,79.0,Ball Recovery,34,8,10,68.0,75.8,2.0,,,,central,False,0,8,2.04,0,0,2,3,2,2,119.0,41.0,0.91,0.91,slow_possession
fbf25d36-6227-47a2-a031-94545173aad7,7568,Costa Rica,Switzerland,Bryan Oviedo,1,18,46,104.0,18.0,24.87,0.00674315,Saved,0,Open Play,Left Foot,False,False,Regular Play,24.0,15.0,Pass,10,3,3,80.0,72.0,8.0,central_pass,88.0,30.0,central,False,0,8,4.57,0,0,0,4,2,0,118.0,36.0,1.83,3.66,fast_counter
be30f1c9-fd74-45c6-a225-e51b911f8b59,7568,Costa Rica,Switzerland,Daniel Colindres Solera,1,23,22,109.0,29.0,14.22,0.07558924,Blocked,0,Open Play,Right Foot,False,True,From Counter,65.0,7.0,Interception,7,2,3,44.0,48.6,6.29,central_pass,91.0,21.0,half_space,False,0,6,0.91,1,1,2,5,1,2,117.0,36.0,2.74,3.66,fast_counter
d9dab509-bd6e-45aa-b975-d55e8dbc6fa2,7568,Switzerland,Costa Rica,Blerim Džemaili,1,30,24,113.0,43.0,6.96,0.40283072,Goal,1,Open Play,Right Foot,True,False,Regular Play,71.0,74.0,Pass,11,5,3,42.0,52.0,3.82,cutback,115.0,35.0,central,False,0,8,2.74,0,0,1,7,2,3,120.0,38.0,0.0,1.83,fast_counter
ce2e5da0-097d-49de-b281-c904aa673b3c,7568,Switzerland,Costa Rica,Blerim Džemaili,1,32,31,105.0,42.0,13.84,0.11053042,Blocked,0,Open Play,Right Foot,True,False,From Free Kick,33.0,16.0,Pass,23,6,6,72.0,75.1,3.13,,,,central,False,0,8,3.66,0,0,0,7,2,2,118.0,42.0,1.83,1.83,other
e9f44510-04cf-4012-a635-c010d1c7f019,7568,Switzerland,Costa Rica,Stephan Lichtsteiner,1,38,13,91.0,51.0,28.36,0.018734163,Blocked,0,Open Play,Left Foot,False,False,Regular Play,51.0,77.0,Ball Recovery,9,0,2,40.0,47.3,4.44,,,,half_space,False,0,8,2.74,0,0,1,2,1,1,120.0,41.0,0.0,0.91,fast_counter
e182a6f6-f0ce-4b12-84f7-9bec2e3097e1,7568,Switzerland,Costa Rica,Blerim Džemaili,1,39,3,114.0,49.0,9.89,0.06606949,Wayward,0,Open Play,Head,False,True,From Corner,119.0,79.0,Pass,1,1,0,-5.0,28.2,-5.0,cross,119.0,79.0,wide,False,0,10,0.0,1,1,1,9,3,4,120.0,44.0,0.0,3.66,wide_cross
2024a11f-4b4a-4bc9-8a66-595f5ff0f136,7568,Switzerland,Costa Rica,Valon Behrami,1,45,31,87.0,40.0,30.18,0.019102212,Wayward,0,Open Play,Left Foot,False,False,From Corner,119.0,1.0,Pass,6,0,1,-32.0,6.0,-5.33,,,,central,False,0,11,1.83,0,1,1,4,3,4,120.0,42.0,0.0,1.83,other
5d3a90d2-9e97-4e82-bbb7-b817eaadbc15,7568,Costa Rica,Switzerland,Joel Nathaniel Campbell Samuels,2,47,37,108.0,36.0,11.57,0.14703198,Off T,0,Open Play,Left Foot,True,False,From Corner,120.0,2.0,Pass,10,1,0,-12.0,25.4,-1.2,cross,107.0,66.0,wide,False,0,10,3.77,0,0,0,7,2,3,119.0,42.0,0.91,1.83,wide_cross
0c7d58d6-f582-4d02-8f96-f0ebc4c4db5f,7568,Switzerland,Costa Rica,Ricardo Iván Rodríguez Araya,2,48,36,91.0,21.0,31.7,0.0070291637,Off T,0,Open Play,Left Foot,False,False,From Goal Kick,6.0,41.0,Pass,28,6,9,85.0,79.3,3.04,central_pass,90.0,59.0,half_space,False,0,10,4.92,0,0,0,6,1,3,118.0,38.0,1.83,1.83,central_penetration
1b4b8271-e325-48a3-b5aa-85d51833d98d,7568,Switzerland,Costa Rica,Breel-Donald Embolo,2,51,22,111.0,39.0,8.28,0.06456128,Wayward,0,Open Play,Head,False,True,From Corner,119.0,1.0,Pass,2,1,0,-8.0,30.0,-4.0,cross,119.0,1.0,wide,False,0,10,0.91,2,3,3,8,2,4,119.0,40.0,0.91,0.0,wide_cross
255da85d-191a-4796-a6b2-b5a25935608e,7568,Switzerland,Costa Rica,Breel-Donald Embolo,2,51,56,119.0,53.0,11.92,0.016501574,Saved,0,Open Play,Right Foot,False,False,From Corner,119.0,1.0,Pass,36,6,6,0.0,26.0,0.0,other,83.0,75.0,wide,False,0,8,4.57,0,0,0,7,0,2,119.0,45.0,0.91,4.57,other
a62f76e3-9f7f-409e-be98-b8645dcbfbd7,7568,Costa Rica,Switzerland,David Alberto Guzmán Pérez,2,53,38,97.0,28.0,23.72,0.026267286,Blocked,0,Open Play,Right Foot,False,False,From Throw In,38.0,80.0,Pass,44,8,10,59.0,65.3,1.34,,,,half_space,False,0,9,4.09,0,0,0,5,3,2,119.0,40.0,0.91,0.0,slow_possession
621d8468-ec72-49e5-93c7-bace2f88720b,7568,Costa Rica,Switzerland,Bryan Oviedo,2,53,51,109.0,29.0,14.22,0.07032609,Off T,0,Open Play,Left Foot,False,False,From Throw In,38.0,80.0,Pass,57,11,12,71.0,75.7,1.25,central_pass,114.0,29.0,half_space,False,0,8,3.66,0,0,0,7,2,3,119.0,39.0,0.91,0.91,central_penetration
a7359592-5d3e-420d-97b1-936b70f8038d,7568,Costa Rica,Switzerland,Kendall Jamaal Waston Manley,2,55,25,115.0,42.0,4.92,0.13123357,Goal,1,Open Play,Head,False,False,From Corner,119.0,79.0,Pass,1,1,0,-4.0,33.6,-4.0,cross,119.0,79.0,wide,False,0,10,0.91,1,3,4,9,3,4,120.0,41.0,0.0,0.91,wide_cross
45272da1-2f56-43d5-b905-7976978c6ca7,7568,Costa Rica,Switzerland,Celso Borges Mora,2,63,30,87.0,31.0,31.28,0.013605404,Off T,0,Open Play,Right Foot,False,False,Regular Play,85.0,21.0,Pass,2,1,1,2.0,5.6,1.0,central_pass,85.0,21.0,half_space,False,0,9,6.4,0,0,0,3,2,0,119.0,41.0,0.91,0.91,central_penetration
2736ccf6-c897-414f-957d-7d748240c6c2,7568,Switzerland,Costa Rica,Josip Drmic,2,70,47,96.0,32.0,23.13,0.02795779,Blocked,0,Open Play,Left Foot,False,False,Regular Play,64.0,52.0,Pass,9,2,4,32.0,32.0,3.56,central_pass,79.0,39.0,central,False,0,9,2.89,0,0,1,3,3,2,119.0,40.0,0.91,0.0,central_penetration
a37b3d39-7ec3-43da-9716-0ddc0f523286,7568,Switzerland,Costa Rica,Josip Drmic,2,77,14,112.0,41.0,7.37,0.2170768,Post,0,Open Play,Head,False,False,Regular Play,53.0,10.0,Interception,110,32,29,59.0,65.3,0.54,cross,115.0,64.0,wide,False,0,9,0.0,1,1,2,8,2,2,118.0,41.0,1.83,0.91,wide_cross
875bd484-f359-42b9-8e0a-73d24e1ec34c,7568,Costa Rica,Switzerland,Celso Borges Mora,2,78,14,104.0,57.0,21.35,0.036724538,Saved,0,Open Play,Right Foot,False,False,Regular Play,54.0,29.0,Ball Recovery,17,1,8,50.0,43.6,2.94,central_pass,95.0,45.0,central,False,0,7,6.59,0,0,0,7,1,4,118.0,44.0,1.83,3.66,central_penetration
728f3a2c-20ac-4e32-9f25-fe02dfb664b4,7568,Switzerland,Costa Rica,Josip Drmic,2,87,0,106.0,34.0,13.93,0.116093524,Goal,1,Open Play,Right Foot,True,False,From Throw In,49.0,1.0,Pass,26,9,8,57.0,65.8,2.19,cross,101.0,73.0,wide,False,0,9,2.89,0,0,1,6,1,1,118.0,40.0,1.83,0.0,wide_cross
abe22e6b-c7ec-477f-8176-3e7ad831a054,7530,France,Australia,Kylian Mbappé Lottin,1,1,31,114.0,56.0,15.63,0.011586021,Saved,0,Open Play,Left Foot,False,True,From Throw In,36.0,80.0,Pass,76,20,21,78.0,75.9,1.03,other,77.0,78.0,wide,False,0,6,0.91,2,2,2,5,1,2,119.0,45.0,0.91,4.57,slow_possession
cfa53c5f-5323-4612-b2f8-d46c3261a8ed,7530,France,Australia,Paul Pogba,1,4,11,94.0,28.0,26.18,0.050655685,Saved,0,Free Kick,Right Foot,False,False,From Free Kick,94.0,28.0,Shot,0,0,0,0.0,0.0,,,,,half_space,False,0,11,10.06,0,0,0,11,1,6,120.0,43.0,0.0,2.74,set_piece
169e82bc-b619-43b1-8514-27e4e651b7c3,7530,France,Australia,Antoine Griezmann,1,5,37,95.0,43.0,23.02,0.054453943,Saved,0,Open Play,Right Foot,True,True,Regular Play,35.0,35.0,Duel,15,2,2,60.0,60.0,4.0,central_pass,95.0,30.0,central,False,0,9,2.04,0,0,2,5,1,2,120.0,43.0,0.0,2.74,central_penetration
b2507e24-17e5-43e5-a975-4c69a9e95a7d,7530,France,Australia,Antoine Griezmann,1,7,47,109.0,31.0,13.0,0.33887884,Blocked,0,Open Play,Head,False,False,From Free Kick,97.0,15.0,Pass,1,1,0,12.0,19.8,12.0,cross,97.0,15.0,wide,False,0,11,2.89,0,0,1,11,1,5,120.0,43.0,0.0,2.74,wide_cross
69c34801-4e16-4d97-9855-e8aa18c45d41,7530,Australia,France,Mathew Leckie,1,11,50,110.0,34.0,10.66,0.06711661,Off T,0,Open Play,Head,False,True,From Free Kick,96.0,8.0,Pass,1,1,0,14.0,28.3,14.0,cross,96.0,8.0,wide,False,0,10,0.91,1,1,3,8,1,4,119.0,38.0,0.91,1.83,wide_cross
1d6dd831-9def-4d85-87ca-ba68a72aebd6,7530,Australia,France,Mathew Leckie,1,16,43,105.0,32.0,15.54,0.072877616,Saved,0,Open Play,Head,False,False,From Free Kick,90.0,2.0,Pass,2,1,0,15.0,31.4,7.5,cross,90.0,2.0,wide,False,0,10,2.04,0,0,2,8,1,4,119.0,38.0,0.91,1.83,wide_cross
25c65b16-e1ed-41bc-8afe-2d74ed8e536d,7530,France,Australia,Lucas Hernández Pi,1,32,34,109.0,26.0,16.28,0.064092785,Blocked,0,Open Play,Left Foot,False,False,Regular Play,52.0,14.0,Duel,36,11,14,57.0,55.0,1.58,central_pass,98.0,37.0,central,False,0,8,4.57,0,0,0,8,2,3,120.0,39.0,0.0,0.91,central_penetration
c34fb5b2-7c60-41ba-bad5-7db240151d0a,7530,Australia,France,Aziz Eraltay Behich,1,44,52,101.0,21.0,24.57,0.012084869,Off T,0,Open Play,Right Foot,True,False,From Keeper,8.0,40.0,Goal Keeper,51,6,7,93.0,85.1,1.82,,,,half_space,False,0,10,3.66,0,0,0,7,1,4,119.0,37.0,0.91,2.74,other
63ca7f45-80bc-41a9-9459-af368e35b984,7530,France,Australia,Antoine Griezmann,2,58,24,104.0,37.0,14.89,0.09026888,Blocked,0,Open Play,Left Foot,True,False,Regular Play,48.0,39.0,Pass,8,3,4,56.0,55.7,7.0,cutback,113.0,27.0,half_space,False,0,8,4.66,0,0,0,7,3,4,119.0,39.0,0.91,0.91,fast_counter
02c94365-18ab-47e1-8588-5149d6fabce7,7530,France,Australia,Antoine Griezmann,2,58,26,104.0,43.0,14.89,0.06915687,Off T,0,Open Play,Right Foot,False,True,Regular Play,48.0,39.0,Pass,10,3,5,56.0,55.7,5.6,,,,central,False,0,8,2.04,0,0,1,8,3,4,118.0,40.0,1.83,0.0,fast_counter
1951b20e-f389-40ba-a1e8-70d04cc01a85,7530,France,Australia,Samuel Yves Umtiti,2,68,26,86.0,30.0,32.41,0.007040045,Blocked,0,Open Play,Left Foot,False,False,Regular Play,97.0,9.0,Pass,25,7,8,-11.0,3.2,-0.44,,,,central,False,0,11,4.57,0,0,0,3,2,1,119.0,39.0,0.91,0.91,other
b8af79ee-3c2f-48e4-bda9-64439caa5171,7530,France,Australia,Benjamin Pavard,2,71,56,95.0,42.0,22.93,0.030792372,Off T,0,Open Play,Right Foot,True,False,From Corner,119.0,1.0,Pass,3,0,0,-24.0,13.9,-8.0,,,,central,False,0,11,5.49,0,0,0,10,5,6,119.0,40.0,0.91,0.0,other
21f1d3a4-7203-4d6a-bc90-2a9e865ff466,7530,France,Australia,Lucas Hernández Pi,2,83,31,100.0,31.0,20.05,0.05179903,Off T,0,Open Play,Right Foot,True,False,From Corner,120.0,80.0,Pass,4,1,0,-20.0,18.1,-5.0,,,,central,False,0,11,2.04,0,0,1,10,5,6,112.0,38.0,7.32,1.83,other
2933445d-f0b8-4ddb-89a6-6febe9d646e5,7530,France,Australia,Nabil Fekir,2,87,30,100.0,63.0,27.87,0.009332593,Blocked,0,Free Kick,Left Foot,False,False,From Free Kick,100.0,63.0,Shot,0,0,0,0.0,0.0,,,,,wide,False,0,11,10.35,0,0,0,11,3,4,119.0,39.0,0.91,0.91,set_piece
39364bc1-947c-407c-a5e6-9767ff762f10,7530,Australia,France,Josh Risdon,2,93,56,97.0,47.0,21.98,0.044451967,Blocked,0,Open Play,Left Foot,True,False,From Throw In,113.0,2.0,Pass,6,1,1,-16.0,14.6,-2.67,central_pass,99.0,33.0,central,False,0,10,6.4,0,0,0,7,1,5,119.0,41.0,0.91,0.91,central_penetration
0983dd7b-bb58-441a-b646-0c098829724c,7558,Uruguay,Russia,Matías Vecino Falero,1,1,4,87.0,30.0,31.53,0.012783561,Off T,0,Open Play,Right Foot,False,False,From Goal Kick,6.0,36.0,Pass,46,11,12,81.0,79.6,1.76,,,,central,False,0,10,3.3,0,0,0,1,2,0,118.0,40.0,1.83,0.0,slow_possession
143a05fe-97e2-4f67-b296-d075f82a029c,7558,Uruguay,Russia,Luis Alberto Suárez Díaz,1,9,28,101.0,36.0,17.75,0.12156405,Goal,1,Free Kick,Right Foot,False,False,From Free Kick,101.0,36.0,Shot,0,0,0,0.0,0.0,,,,,central,False,0,11,5.78,0,0,0,10,7,5,118.0,41.0,1.83,0.91,set_piece
1d645894-9456-49bc-a5fc-c59dbd395c50,7558,Russia,Uruguay,Denis Cheryshev,1,11,51,103.0,32.0,17.18,0.08638874,Saved,0,Open Play,Right Foot,True,True,From Free Kick,110.0,77.0,Pass,18,3,1,-7.0,19.5,-0.39,central_pass,102.0,23.0,half_space,False,0,7,2.04,0,0,3,4,1,0,117.0,40.0,2.74,0.0,central_penetration
401c4861-0d07-4aba-8d87-6f3fbea8458f,7558,Uruguay,Russia,Diego Sebastián Laxalt Suárez,1,22,40,96.0,24.0,26.38,0.018971423,Blocked,0,Open Play,Left Foot,False,False,From Corner,120.0,80.0,Pass,4,0,1,-24.0,11.2,-6.0,,,,half_space,False,0,11,4.57,0,0,0,9,3,6,119.0,39.0,0.91,0.91,other
49f0bba5-386e-4512-a3a7-aec87f1144aa,7558,Uruguay,Russia,Rodrigo Bentancur Colmán,1,27,45,111.0,45.0,9.41,0.4325817,Saved,0,Open Play,Right Foot,False,False,Regular Play,85.0,32.0,Pass,4,2,2,26.0,25.6,6.5,central_pass,95.0,51.0,half_space,False,0,5,2.74,0,0,1,4,1,1,117.0,40.0,2.74,0.0,central_penetration
f6e36ebd-1f7d-40e1-b81f-1938c73045d1,7558,Uruguay,Russia,Edinson Roberto Cavani Gómez,2,46,47,94.0,45.0,24.21,0.06387195,Blocked,0,Free Kick,Right Foot,False,False,From Free Kick,94.0,45.0,Shot,0,0,0,0.0,0.0,,,,,central,False,0,10,9.55,0,0,0,10,4,4,120.0,41.0,0.0,0.91,set_piece
aa0d50ac-7170-420b-975d-fc55651ec705,7558,Uruguay,Russia,Rodrigo Bentancur Colmán,2,58,19,111.0,57.0,17.59,0.012746202,Blocked,0,Open Play,Left Foot,False,False,Regular Play,68.0,4.0,Pass,121,33,35,43.0,44.0,0.36,central_pass,111.0,56.0,half_space,False,0,9,3.3,0,0,0,9,0,3,120.0,45.0,0.0,4.57,central_penetration
59d0bec7-81c4-4cff-a8db-7398344f60bb,7558,Uruguay,Russia,Diego Roberto Godín Leal,2,67,50,59.0,32.0,56.26,0.0029846318,Off T,0,Open Play,Right Foot,True,False,From Free Kick,21.0,22.0,Pass,13,2,3,38.0,39.1,2.92,,,,central,False,0,10,4.09,0,0,0,1,2,0,119.0,42.0,0.91,1.83,other
a4a3d2da-ba6b-4497-b9ed-53e7e756d489,7558,Uruguay,Russia,Edinson Roberto Cavani Gómez,2,68,32,105.0,33.0,15.14,0.11581932,Off T,0,Open Play,Right Foot,False,False,From Counter,34.0,21.0,Pass,9,1,1,71.0,71.5,7.89,central_pass,34.0,21.0,half_space,False,0,7,1.83,0,1,2,6,1,2,120.0,41.0,0.0,0.91,fast_counter
04b5e10a-640f-45e8-937f-ef8e128b6045,7558,Russia,Uruguay,Roman Zobnin,2,69,47,96.0,55.0,25.88,0.022801261,Blocked,0,Open Play,Right Foot,False,True,Regular Play,66.0,47.0,Duel,19,9,7,30.0,26.1,1.58,other,88.0,76.0,wide,False,0,9,2.89,0,0,1,5,1,1,118.0,41.0,1.83,0.91,other
97bd6b17-500b-456d-aa22-571aedb53196,7558,Russia,Uruguay,Artem Dzyuba,2,73,8,105.0,52.0,17.57,0.07099453,Off T,0,Open Play,Left Foot,False,True,Regular Play,82.0,52.0,Interception,5,1,2,23.0,20.6,4.6,central_pass,95.0,48.0,central,False,0,6,1.83,0,1,1,6,1,3,117.0,41.0,2.74,0.91,high_turnover
09a2b1f1-3bad-4ef6-a080-99b94d046579,7558,Uruguay,Russia,Cristian Gabriel Rodríguez Barrotti,2,81,54,94.0,25.0,27.45,0.024995795,Saved,0,Open Play,Left Foot,False,False,From Goal Kick,7.0,37.0,Pass,30,7,7,87.0,83.0,2.9,central_pass,73.0,62.0,half_space,False,0,8,3.66,0,0,0,4,1,0,120.0,41.0,0.0,0.91,central_penetration
4057ecdd-bfe2-490d-992e-3a2311ff9d0f,7558,Uruguay,Russia,José Martín Cáceres Silva,2,83,23,116.0,42.0,4.09,0.25120863,Wayward,0,Open Play,Head,False,False,From Corner,120.0,2.0,Pass,1,1,0,-4.0,33.5,-4.0,cutback,120.0,2.0,wide,False,0,9,0.91,1,1,3,9,1,5,120.0,41.0,0.0,0.91,cutback
e95a09c3-7227-4fac-8a77-998ec76c5236,7558,Uruguay,Russia,Edinson Roberto Cavani Gómez,2,85,25,107.0,47.0,13.5,0.09139254,Blocked,0,Open Play,Left Foot,False,False,Regular Play,110.0,11.0,Pass,11,1,6,-3.0,15.9,-0.27,central_pass,87.0,55.0,half_space,False,0,8,2.04,0,0,1,7,2,4,120.0,42.0,0.0,1.83,central_penetration
c70b94d4-bfe4-40c0-b82b-97af46c65d2f,7558,Uruguay,Russia,Cristian Gabriel Rodríguez Barrotti,2,89,18,101.0,22.0,23.93,0.024050621,Saved,0,Open Play,Left Foot,False,True,Regular Play,38.0,26.0,Pass,15,3,3,63.0,57.0,4.2,central_pass,65.0,46.0,central,False,0,8,3.77,0,0,0,8,2,2,119.0,40.0,0.91,0.0,central_penetration
b42301a4-58d7-43b0-a19c-c6b302b3b6f2,7558,Uruguay,Russia,Diego Roberto Godín Leal,2,89,47,114.0,39.0,5.56,0.20552692,Saved,0,Open Play,Head,False,True,From Corner,120.0,80.0,Pass,2,1,0,-6.0,33.9,-3.0,cutback,120.0,80.0,wide,False,0,10,1.29,0,1,3,10,1,4,120.0,41.0,0.0,0.91,cutback
f8b3650a-96aa-4ab3-b893-dc08d4f552d1,7558,Uruguay,Russia,Edinson Roberto Cavani Gómez,2,89,48,119.0,39.0,1.29,0.7079995,Goal,1,Open Play,Left Foot,True,True,From Corner,120.0,80.0,Pass,3,1,0,-1.0,38.6,-0.33,,,,central,False,0,9,0.91,2,2,2,9,1,4,120.0,39.0,0.0,0.91,other
6dbd4274-5cc8-45cf-8e47-6ba21af68549,7558,Uruguay,Russia,Giorgian Daniel De Arrascaeta Benedetti,2,94,15,113.0,44.0,7.37,0.37006214,Wayward,0,Open Play,Left Foot,True,False,From Keeper,5.0,35.0,Goal Keeper,15,4,4,108.0,107.0,7.2,cross,117.0,61.0,half_space,False,0,8,3.77,0,0,0,8,1,2,119.0,42.0,0.91,1.83,wide_cross
39684268-ca52-45ac-8193-5d0ea9481d72,7558,Uruguay,Russia,Lucas Torreira Di Pascua,2,94,28,91.0,31.0,27.77,0.026021946,Blocked,0,Open Play,Right Foot,False,False,From Keeper,5.0,35.0,Goal Keeper,28,6,7,86.0,84.7,3.07,central_pass,100.0,25.0,half_space,False,0,9,8.43,0,0,0,7,2,3,120.0,42.0,0.0,1.83,central_penetration
47de3c3c-8b3a-4233-8381-f837dbf18896,7583,Mexico,Brazil,Hirving Rodrigo Lozano Bahena,1,1,42,111.0,52.0,13.72,0.05415287,Blocked,0,Open Play,Right Foot,True,False,Regular Play,58.0,60.0,Ball Recovery,18,2,5,53.0,50.1,2.94,,,,half_space,False,0,8,3.3,0,0,0,8,2,3,119.0,44.0,0.91,3.66,other
f03d1384-962f-42ea-be90-dd41047788d0,7583,Brazil,Mexico,Neymar da Silva Santos Junior,1,4,47,96.0,43.0,22.12,0.05178059,Saved,0,Open Play,Right Foot,False,False,Regular Play,79.0,48.0,Pass,4,1,0,17.0,17.6,4.25,,,,central,False,0,8,4.92,0,0,0,2,1,1,117.0,40.0,2.74,0.0,other
244a5675-53a5-42e0-bc7e-3f1f93ebb16b,7583,Mexico,Brazil,Carlos Joel Salcedo Hernández,1,8,37,107.0,43.0,12.2,0.054524276,Wayward,0,Open Play,Head,False,True,From Corner,119.0,1.0,Pass,2,1,0,-12.0,25.7,-6.0,cross,119.0,1.0,wide,False,0,10,0.91,2,3,3,10,4,4,119.0,41.0,0.91,0.91,wide_cross
59c45599-ca14-4c3d-8d76-6455c60fe0b9,7583,Mexico,Brazil,Hirving Rodrigo Lozano Bahena,1,17,26,111.0,58.0,18.4,0.013404567,Blocked,0,Open Play,Left Foot,False,False,Regular Play,42.0,14.0,Pass,13,4,2,69.0,62.1,5.31,central_pass,88.0,23.0,half_space,False,0,7,2.04,0,0,2,5,1,2,119.0,44.0,0.91,3.66,central_penetration
f4d6e96d-f8c1-4686-b25d-55579b5ff9d9,7583,Mexico,Brazil,Héctor Miguel Herrera López,1,21,16,105.0,41.0,13.75,0.07629375,Blocked,0,Open Play,Left Foot,False,False,Regular Play,22.0,61.0,Duel,53,13,18,83.0,85.2,1.57,cutback,104.0,21.0,half_space,False,0,9,1.83,0,1,3,8,2,2,119.0,41.0,0.91,0.91,cutback
7f118e72-5569-4a41-b099-bb0c180c6749,7583,Brazil,Mexico,Neymar da Silva Santos Junior,1,24,26,116.0,30.0,9.85,0.08700961,Saved,0,Open Play,Right Foot,False,False,From Goal Kick,6.0,39.0,Pass,31,4,6,110.0,103.2,3.55,central_pass,63.0,22.0,half_space,False,0,8,2.04,0,0,1,8,1,4,118.0,34.0,1.83,5.49,central_penetration
cf5287d9-65f5-4bdc-b8dc-aeef1dc021d0,7583,Brazil,Mexico,Gabriel Fernando de Jesus,1,25,51,112.0,48.0,10.35,0.1092268,Blocked,0,Open Play,Left Foot,True,True,From Free Kick,93.0,4.0,Pass,5,1,1,19.0,33.7,3.8,,,,central,False,0,7,2.04,0,0,1,7,2,4,118.0,43.0,1.83,2.74,other
e56ded09-3109-4f56-83f6-bcbd42f59f72,7583,Brazil,Mexico,Philippe Coutinho Correia,1,26,8,102.0,30.0,18.83,0.047103178,Off T,0,Open Play,Right Foot,True,False,From Free Kick,93.0,4.0,Pass,22,4,3,9.0,24.4,0.41,cross,113.0,19.0,half_space,False,0,9,4.66,0,0,0,8,4,6,118.0,38.0,1.83,1.83,wide_cross
e5c746b1-a2d0-4f5f-8c1d-3032afd68f91,7583,Mexico,Brazil,Carlos Alberto Vela Garrido,1,29,3,101.0,26.0,21.58,0.052823946,Off T,0,Open Play,Left Foot,False,True,Regular Play,24.0,49.0,Ball Recovery,45,10,11,77.0,72.8,1.71,central_pass,87.0,41.0,central,False,0,8,2.74,0,0,1,5,1,1,119.0,39.0,0.91,0.91,central_penetration
4765ddde-3383-4644-a973-71b76cdee0ef,7583,Brazil,Mexico,Gabriel Fernando de Jesus,1,32,24,111.0,30.0,12.3,0.09010969,Saved,0,Open Play,Left Foot,False,False,Regular Play,76.0,48.0,Pass,26,7,9,35.0,31.3,1.35,cutback,106.0,27.0,half_space,False,0,8,1.83,0,1,1,7,2,4,118.0,36.0,1.83,3.66,cutback
f7839b7f-48f7-489e-894e-8ae29099b534,7583,Brazil,Mexico,Philippe Coutinho Correia,1,32,26,115.0,32.0,8.63,0.23268503,Wayward,0,Open Play,Left Foot,True,False,Regular Play,76.0,48.0,Pass,28,7,9,39.0,35.3,1.39,,,,central,False,0,8,2.04,0,0,3,7,1,4,118.0,36.0,1.83,3.66,other
110e679b-d81b-47a5-bac6-088cb04395c6,7583,Brazil,Mexico,Philippe Coutinho Correia,1,33,45,100.0,31.0,20.05,0.051265694,Blocked,0,Open Play,Left Foot,False,False,From Throw In,79.0,2.0,Pass,48,10,12,21.0,34.0,0.44,central_pass,91.0,26.0,half_space,False,0,9,2.04,0,0,3,3,1,0,118.0,39.0,1.83,0.91,central_penetration
5e7b2723-9639-42aa-a106-4094e4980f94,7583,Brazil,Mexico,Philippe Coutinho Correia,1,37,36,93.0,31.0,26.02,0.030468581,Blocked,0,Open Play,Right Foot,False,False,Regular Play,52.0,57.0,Pass,12,2,2,41.0,41.6,3.42,central_pass,66.0,48.0,central,False,0,7,4.66,0,0,0,5,1,1,118.0,40.0,1.83,0.0,fast_counter
bb640744-cb0e-4372-b00c-27fd57ce7e3f,7583,Brazil,Mexico,Neymar da Silva Santos Junior,1,39,6,90.0,27.0,29.9,0.017940922,Off T,0,Free Kick,Right Foot,False,False,From Free Kick,90.0,27.0,Shot,0,0,0,0.0,0.0,,,,,half_space,False,0,9,9.19,0,0,0,5,3,5,119.0,40.0,0.91,0.0,set_piece
dab49c81-927a-4011-9326-b73d144d0bf2,7583,Brazil,Mexico,Gabriel Fernando de Jesus,2,46,11,102.0,48.0,18.01,0.039249714,Blocked,0,Open Play,Right Foot,False,True,Regular Play,47.0,47.0,Ball Recovery,18,4,5,55.0,53.6,3.06,cross,97.0,17.0,wide,False,0,8,2.04,0,0,2,7,2,3,120.0,43.0,0.0,2.74,wide_cross
0020ff8a-7628-496a-b7c6-7aaa366fbca2,7583,Brazil,Mexico,Philippe Coutinho Correia,2,47,39,107.0,31.0,14.46,0.116319254,Saved,0,Open Play,Right Foot,False,False,From Corner,120.0,2.0,Pass,5,1,1,-13.0,22.2,-2.6,cutback,120.0,2.0,wide,False,0,9,2.74,0,0,2,8,1,3,119.0,40.0,0.91,0.0,cutback
2ac42d4b-3970-423f-a7a1-f68937f082bd,7583,Mexico,Brazil,Jesús Daniel Gallardo Vasconcelos,2,49,33,95.0,33.0,23.74,0.03874606,Off T,0,Open Play,Left Foot,False,False,Regular Play,24.0,47.0,Ball Recovery,14,3,3,71.0,70.3,5.07,other,18.0,70.0,wide,False,0,6,5.33,0,0,0,1,1,0,117.0,39.0,2.74,0.91,other
012c64da-e066-46fc-ad7e-57b7349b5f31,7583,Brazil,Mexico,Neymar da Silva Santos Junior,2,50,18,119.0,43.0,2.89,0.9257403,Goal,1,Open Play,Right Foot,True,False,Regular Play,36.0,79.0,Pass,20,6,7,83.0,89.4,4.15,central_pass,114.0,28.0,half_space,False,0,8,3.3,0,0,0,7,0,5,118.0,37.0,1.83,2.74,central_penetration
cefa4792-7dce-4fc4-9122-f3848999aa5b,7583,Mexico,Brazil,José Andrés Guardado Hernández,2,51,48,92.0,33.0,26.39,0.037245482,Blocked,0,Open Play,Left Foot,False,False,Regular Play,47.0,35.0,Pass,19,6,5,45.0,44.3,2.37,central_pass,59.0,55.0,half_space,False,0,6,4.57,0,0,0,2,1,0,116.0,39.0,3.66,0.91,central_penetration
917d12d9-c694-4a0f-b217-b971870f1eba,7583,Mexico,Brazil,Miguel Arturo Layún Prado,2,53,2,97.0,54.0,24.62,0.024707977,Blocked,0,Open Play,Right Foot,False,True,From Corner,119.0,2.0,Pass,4,0,1,-22.0,11.1,-5.5,,,,half_space,False,0,11,3.66,0,0,0,9,2,4,117.0,42.0,2.74,1.83,other
d168156c-971f-4819-95f2-def3acc76759,7583,Brazil,Mexico,Neymar da Silva Santos Junior,2,55,33,99.0,54.0,23.08,0.033213302,Off T,0,Open Play,Right Foot,False,False,From Free Kick,89.0,68.0,Pass,16,3,4,10.0,16.5,0.62,cutback,102.0,65.0,wide,False,0,8,3.3,0,0,0,6,2,4,118.0,42.0,1.83,1.83,cutback
819ee548-9859-416a-95fa-d62d55ab76ed,7583,Brazil,Mexico,José Paulo Bezzera Maciel Júnior,2,58,41,107.0,43.0,12.2,0.12308221,Saved,0,Open Play,Right Foot,True,False,Regular Play,32.0,33.0,Ball Recovery,66,13,19,75.0,74.9,1.14,cross,113.0,63.0,wide,False,0,7,5.33,0,0,0,7,1,4,118.0,42.0,1.83,1.83,wide_cross
2fd51163-d2f0-4a6a-b5ef-c63912b11808,7583,Mexico,Brazil,Hirving Rodrigo Lozano Bahena,2,60,41,91.0,41.0,26.53,0.03328007,Blocked,0,Open Play,Right Foot,False,False,Regular Play,36.0,40.0,Duel,8,1,1,55.0,55.0,6.88,central_pass,55.0,40.0,central,False,0,6,5.56,0,0,0,1,1,0,116.0,40.0,3.66,0.0,fast_counter
aa47194d-d256-419a-8a4f-c7c5257c1191,7583,Mexico,Brazil,Carlos Alberto Vela Garrido,2,60,43,100.0,56.0,23.42,0.038836006,Saved,0,Open Play,Left Foot,False,False,From Counter,36.0,40.0,Duel,10,1,2,64.0,58.4,6.4,,,,half_space,False,0,6,3.66,0,0,0,3,1,1,117.0,41.0,2.74,0.91,fast_counter
751f4681-7d82-4517-b140-4b6410f16674,7583,Brazil,Mexico,Willian Borges da Silva,2,62,59,106.0,54.0,18.1,0.026730016,Saved,0,Open Play,Right Foot,False,True,Regular Play,34.0,26.0,Pass,24,5,5,72.0,67.3,3.0,other,79.0,16.0,wide,False,0,8,1.29,0,1,1,6,2,3,117.0,43.0,2.74,2.74,other
2426ecf2-c814-459f-bcac-0329077e0924,7583,Brazil,Mexico,Neymar da Silva Santos Junior,2,67,37,104.0,40.0,14.63,0.10312629,Off T,0,Open Play,Left Foot,False,False,Regular Play,33.0,57.0,Pass,14,5,7,71.0,72.6,5.07,central_pass,103.0,28.0,half_space,False,0,7,2.89,0,0,1,6,2,2,118.0,41.0,1.83,0.91,central_penetration
8229c1e3-2160-424a-b146-4250834b7cb4,7583,Mexico,Brazil,José Andrés Guardado Hernández,2,69,13,93.0,41.0,24.71,0.030940883,Blocked,0,Open Play,Left Foot,True,False,From Goal Kick,6.0,38.0,Pass,54,15,13,87.0,87.0,1.61,,,,central,False,0,11,6.47,0,0,0,7,4,5,117.0,40.0,2.74,0.0,slow_possession
30215994-9175-437a-acbe-00533f107147,7583,Brazil,Mexico,Willian Borges da Silva,2,74,46,97.0,55.0,25.11,0.025631027,Saved,0,Open Play,Left Foot,False,False,Regular Play,116.0,5.0,Dribble,17,4,8,-19.0,7.8,-1.12,central_pass,88.0,40.0,central,False,0,8,2.74,0,0,1,4,2,3,117.0,43.0,2.74,2.74,central_penetration
0b03e4ab-6029-421a-a0ad-4b08023d533b,7583,Mexico,Brazil,Hugo Ayala Castro,2,86,6,109.0,29.0,14.22,0.04604762,Wayward,0,Open Play,Right Foot,True,False,From Corner,120.0,1.0,Pass,3,0,0,-11.0,23.4,-3.67,,,,half_space,False,0,11,2.59,0,0,1,10,3,4,118.0,39.0,1.83,0.91,other
33187f8d-ec90-49f2-8724-8c1ec7329d7d,7583,Brazil,Mexico,Neymar da Silva Santos Junior,2,87,54,112.0,33.0,9.72,0.28769356,Saved,0,Open Play,Right Foot,False,True,From Counter,52.0,37.0,Interception,8,1,2,60.0,57.4,7.5,through_ball,67.0,20.0,half_space,False,0,6,2.04,0,0,1,4,1,1,117.0,37.0,2.74,2.74,fast_counter
d8c52850-e0eb-4f29-87a6-7392fd7945d7,7583,Brazil,Mexico,Roberto Firmino Barbosa de Oliveira,2,87,55,119.0,43.0,2.89,0.9220455,Goal,1,Open Play,Right Foot,True,False,From Counter,52.0,37.0,Interception,9,1,2,67.0,64.9,7.44,,,,central,False,0,6,2.59,0,0,1,6,0,2,115.0,37.0,4.57,2.74,fast_counter
66c78237-0530-45eb-89a7-e6c066c40a8b,7583,Mexico,Brazil,Hirving Rodrigo Lozano Bahena,2,91,30,111.0,59.0,19.22,0.013872243,Off T,0,Open Play,Right Foot,False,False,Regular Play,111.0,59.0,Shot,0,0,0,0.0,0.0,,,,,half_space,False,0,6,2.59,0,0,1,4,1,0,118.0,42.0,1.83,1.83,other
e4cd0dac-64f1-4c2b-b335-1d5afd6981bf,7583,Mexico,Brazil,Raúl Alonso Jiménez Rodríguez,2,94,46,105.0,52.0,17.57,0.06792407,Blocked,0,Open Play,Right Foot,False,False,From Counter,39.0,72.0,Pass,12,3,3,66.0,67.9,5.5,cross,108.0,65.0,wide,False,0,9,2.04,0,0,1,8,1,1,117.0,42.0,2.74,1.83,fast_counter
1e420eaf-ce8e-45c7-9600-69137a03c1df,7547,Denmark,Australia,Thomas Delaney,1,1,41,114.0,38.0,5.78,0.19775419,Off T,0,Open Play,Head,False,True,From Corner,119.0,2.0,Pass,4,2,1,-5.0,31.7,-1.25,cross,108.0,9.0,wide,False,0,9,1.29,0,1,2,9,2,4,119.0,40.0,0.91,0.0,wide_cross
b787a01c-fc4f-4fea-8776-5a5c8202fa73,7547,Australia,Denmark,Tom Rogić,1,4,12,101.0,53.0,21.05,0.024034739,Blocked,0,Open Play,Left Foot,False,True,Regular Play,11.0,69.0,Pass,15,3,5,90.0,89.8,6.0,cutback,102.0,60.0,half_space,False,0,8,2.04,0,0,2,6,2,1,119.0,41.0,0.91,0.91,cutback
094c22e9-b3c2-4058-b880-c4a79831ab47,7547,Australia,Denmark,Mathew Leckie,1,4,48,113.0,42.0,6.66,0.13728113,Off T,0,Open Play,Head,False,False,From Corner,119.0,80.0,Pass,2,1,0,-6.0,32.7,-3.0,cutback,119.0,80.0,wide,False,0,9,2.04,0,0,3,9,3,5,120.0,42.0,0.0,1.83,cutback
0db5a3b0-d3e2-4597-ab7e-8aa5ba9c9235,7547,Denmark,Australia,Christian Dannemann Eriksen,1,6,7,104.0,39.0,14.66,0.1393918,Goal,1,Open Play,Left Foot,True,False,From Throw In,99.0,2.0,Pass,8,3,2,5.0,27.4,0.62,cutback,105.0,32.0,central,False,0,7,2.89,0,0,1,5,1,1,118.0,38.0,1.83,1.83,cutback
a69038bb-35d1-4919-abdd-cb51e6538b3c,7547,Denmark,Australia,Pione Sisto Ifolo Emirmija,1,21,22,88.0,38.0,29.32,0.026401442,Saved,0,Open Play,Left Foot,False,False,Regular Play,84.0,57.0,Ball Recovery,3,1,2,4.0,7.7,1.33,central_pass,81.0,54.0,half_space,False,0,9,4.09,0,0,0,1,1,0,118.0,40.0,1.83,0.0,high_turnover
0bf9b858-6629-494b-ae4d-2b730fa2fb2f,7547,Australia,Denmark,Tom Rogić,1,22,26,93.0,33.0,25.51,0.029915893,Off T,0,Open Play,Left Foot,False,False,From Free Kick,84.0,44.0,Pass,12,1,2,9.0,8.3,0.75,,,,central,False,0,10,2.04,0,0,1,3,2,1,120.0,41.0,0.0,0.91,other
f0a1bf7d-480c-4701-8bc5-c437d75153b6,7547,Denmark,Australia,Nicolai Jørgensen,1,23,37,113.0,42.0,6.66,0.22533564,Off T,0,Open Play,Head,False,False,From Goal Kick,6.0,38.0,Pass,31,11,12,107.0,106.7,3.45,cross,105.0,76.0,wide,False,0,7,1.29,0,1,2,6,1,3,118.0,40.0,1.83,0.0,wide_cross
964ba75c-308b-43c7-a5ad-2512e379dde0,7547,Australia,Denmark,Robbie Kruse,1,29,54,111.0,44.0,9.01,0.09697945,Blocked,0,Open Play,Right Foot,False,False,Regular Play,49.0,20.0,Pass,66,20,17,62.0,63.9,0.94,cutback,111.0,62.0,half_space,False,0,9,0.91,1,2,2,8,3,3,119.0,42.0,0.91,1.83,cutback
40daeeb8-df4f-4ba7-b8d2-a6f61695895f,7547,Australia,Denmark,Aaron Mooy,1,29,56,92.0,40.0,25.6,0.02370917,Blocked,0,Open Play,Left Foot,False,False,Regular Play,49.0,20.0,Pass,68,20,18,43.0,45.8,0.63,,,,central,False,0,10,9.19,0,0,0,9,4,4,120.0,41.0,0.0,0.91,slow_possession
42ae7b14-25b6-447f-8d6d-532765b7276d,7547,Australia,Denmark,Mathew Leckie,1,35,15,110.0,41.0,9.19,0.06497701,Blocked,0,Open Play,Head,False,True,From Corner,119.0,79.0,Pass,2,1,0,-9.0,29.0,-4.5,cross,119.0,79.0,wide,False,0,11,1.29,0,1,3,11,3,5,120.0,42.0,0.0,1.83,wide_cross
c7b12a69-ccc6-4d99-b830-24d0d5e9bd32,7547,Denmark,Australia,Jens Stryger Larsen,1,42,5,108.0,32.0,13.19,0.085312515,Saved,0,Open Play,Head,False,True,From Throw In,103.0,79.0,Pass,5,4,3,5.0,28.1,1.0,cross,101.0,70.0,wide,False,0,10,0.91,1,1,1,7,1,3,119.0,38.0,0.91,1.83,wide_cross
955ea045-158a-405d-aa67-8628822f6c85,7547,Denmark,Australia,Pione Sisto Ifolo Emirmija,2,50,46,107.0,40.0,11.89,0.09409239,Blocked,0,Open Play,Right Foot,True,False,Regular Play,48.0,53.0,Pass,23,8,7,59.0,60.2,2.57,central_pass,105.0,43.0,central,False,0,7,1.83,0,1,2,7,2,3,119.0,43.0,0.91,2.74,central_penetration
034c3613-793f-4599-bcbf-84520fdca90e,7547,Australia,Denmark,Aaron Mooy,2,70,16,94.0,26.0,27.0,0.021356815,Off T,0,Open Play,Right Foot,False,True,Regular Play,16.0,56.0,Ball Recovery,58,11,10,78.0,75.7,1.34,cutback,105.0,13.0,wide,False,0,10,2.04,0,0,1,6,2,3,118.0,40.0,1.83,0.0,cutback
1d53caf7-d478-4c60-8b31-7059c3656b70,7547,Australia,Denmark,Tom Rogić,2,71,27,94.0,47.0,24.62,0.03067614,Saved,0,Open Play,Left Foot,False,True,From Counter,42.0,34.0,Pass,10,1,1,52.0,51.3,5.2,central_pass,42.0,34.0,central,False,0,8,1.83,0,1,1,5,2,2,118.0,40.0,1.83,0.0,fast_counter
c9155827-e78a-4988-a691-d75d9bbb8f74,7547,Denmark,Australia,Pione Sisto Ifolo Emirmija,2,71,49,96.0,27.0,24.96,0.024973137,Off T,0,Open Play,Right Foot,False,True,Regular Play,105.0,19.0,Dribble,4,1,3,-9.0,-1.5,-2.25,cutback,105.0,18.0,half_space,False,0,7,3.88,0,0,0,4,1,1,120.0,40.0,0.0,0.0,cutback
41d77bc6-090b-469e-b887-c2aca3854b7f,7547,Australia,Denmark,Mathew Leckie,2,75,11,104.0,59.0,22.71,0.008275843,Saved,0,Open Play,Left Foot,False,True,Regular Play,31.0,52.0,Pass,19,3,3,73.0,65.0,3.84,central_pass,93.0,60.0,half_space,False,0,10,1.29,0,1,2,8,2,2,118.0,41.0,1.83,0.91,central_penetration
696dfceb-3a36-4b24-a08e-563f93a3b12e,7547,Australia,Denmark,Mathew Leckie,2,78,46,108.0,42.0,11.12,0.10484656,Wayward,0,Open Play,Other,False,False,Regular Play,24.0,53.0,Pass,32,8,8,84.0,84.7,2.62,cross,98.0,14.0,wide,False,0,10,1.29,0,1,1,6,1,2,118.0,39.0,1.83,0.91,wide_cross
afca732f-53cb-4fe5-960d-811bc08d3c99,7547,Denmark,Australia,Andreas Evald Cornelius,2,82,14,106.0,34.0,13.93,0.14601058,Saved,0,Open Play,Other,False,True,From Throw In,37.0,80.0,Pass,43,14,11,69.0,76.9,1.6,central_pass,65.0,53.0,half_space,False,0,8,1.29,0,1,1,4,1,1,120.0,41.0,0.0,0.91,central_penetration
e2c0001f-9c7a-43a1-b553-92deed66b573,7547,Australia,Denmark,Daniel Arzani,2,87,44,114.0,24.0,15.63,0.011980171,Saved,0,Open Play,Right Foot,False,False,Regular Play,66.0,9.0,Dribble,8,1,3,48.0,45.2,6.0,central_pass,97.0,21.0,half_space,False,0,7,1.83,0,1,1,7,1,3,119.0,35.0,0.91,4.57,fast_counter
86008fc1-6faa-4504-8e3e-51ae3c2d1dda,7547,Australia,Denmark,Mathew Leckie,2,87,53,107.0,37.0,12.2,0.07465897,Saved,0,Open Play,Left Foot,True,False,Regular Play,66.0,9.0,Dribble,17,2,4,41.0,48.9,2.41,cross,111.0,4.0,wide,False,0,9,2.89,0,0,1,7,1,2,119.0,38.0,0.91,1.83,wide_cross
e88861ed-3374-47f9-9465-54c9f606644a,7547,Denmark,Australia,Christian Dannemann Eriksen,2,89,45,97.0,47.0,21.98,0.033656128,Off T,0,Open Play,Right Foot,True,False,Regular Play,41.0,55.0,Pass,85,10,9,56.0,56.4,0.66,,,,central,False,0,8,2.04,0,0,1,5,2,2,118.0,43.0,1.83,2.74,slow_possession
84a95159-eedd-406f-b4d2-924b05f61be1,7547,Denmark,Australia,Martin Braithwaite Christensen,2,91,52,105.0,29.0,17.01,0.041516952,Saved,0,Open Play,Left Foot,False,True,From Corner,120.0,80.0,Pass,3,1,1,-15.0,21.4,-5.0,cutback,120.0,80.0,wide,False,0,10,2.04,0,0,1,10,5,4,120.0,40.0,0.0,0.0,cutback
e42d3f49-4889-481a-9f53-5acbf12b12b4,7535,Serbia,Costa Rica,Aleksandar Mitrović,1,0,58,112.0,42.0,7.54,0.07133871,Blocked,0,Open Play,Head,False,False,From Corner,120.0,80.0,Pass,1,1,0,-8.0,31.8,-8.0,cutback,120.0,80.0,wide,False,0,8,0.91,2,2,2,8,3,4,119.0,41.0,0.91,0.91,cutback
e22b3546-b998-4898-b259-14cd8fb7adac,7535,Costa Rica,Serbia,Marcos Danilo Ureña Porras,1,1,39,119.0,52.0,11.01,0.016208809,Saved,0,Open Play,Right Foot,False,False,Regular Play,84.0,2.0,Pass,13,6,4,35.0,40.3,2.69,central_pass,85.0,50.0,central,False,0,6,1.83,0,1,2,6,0,1,119.0,49.0,0.91,8.23,central_penetration
7c4cb40b-2e00-4103-b053-904722372205,7535,Costa Rica,Serbia,Giancarlo González Castro,1,2,24,112.0,45.0,8.63,0.12289206,Saved,0,Open Play,Head,False,False,From Corner,120.0,80.0,Pass,17,3,3,-8.0,30.6,-0.47,cross,104.0,14.0,wide,False,0,9,1.83,0,1,2,6,1,2,120.0,42.0,0.0,1.83,wide_cross
6704af0b-d130-437c-bb45-202f5ed7d47a,7535,Serbia,Costa Rica,Aleksandar Kolarov,1,6,47,93.0,20.0,30.72,0.007944309,Off T,0,Open Play,Left Foot,False,False,Regular Play,10.0,48.0,Ball Recovery,36,8,10,83.0,76.7,2.31,central_pass,84.0,42.0,central,False,0,9,3.66,0,0,0,4,1,0,118.0,38.0,1.83,1.83,central_penetration
e4aa3189-f51d-4ad8-a322-4d33a5197eb6,7535,Costa Rica,Serbia,Giancarlo González Castro,1,11,18,116.0,48.0,8.18,0.08181386,Off T,0,Open Play,Head,False,False,From Corner,120.0,1.0,Pass,5,3,1,-4.0,30.1,-0.8,cross,111.0,8.0,wide,False,0,10,3.3,0,0,0,10,2,5,118.0,45.0,1.83,4.57,wide_cross
d76a908e-6b71-4bc6-87f2-83c390282e77,7535,Serbia,Costa Rica,Aleksandar Mitrović,1,12,37,104.0,53.0,18.85,0.07326472,Blocked,0,Open Play,Right Foot,False,False,From Throw In,65.0,80.0,Pass,8,1,2,39.0,47.4,4.88,other,99.0,75.0,wide,False,0,8,2.89,0,0,1,5,1,1,116.0,42.0,3.66,1.83,other
1d49e33c-8fac-4115-8424-35b942a98c40,7535,Serbia,Costa Rica,Aleksandar Mitrović,1,15,38,116.0,32.0,8.18,0.08929103,Wayward,0,Open Play,Head,False,False,Regular Play,70.0,73.0,Pass,13,5,5,46.0,51.0,3.54,cross,109.0,71.0,wide,False,0,7,1.29,0,1,2,6,2,1,119.0,38.0,0.91,1.83,wide_cross
7762f5f9-2dcc-49ae-937b-6aefb6225242,7535,Costa Rica,Serbia,Marcos Danilo Ureña Porras,1,38,22,96.0,42.0,22.02,0.050922204,Off T,0,Open Play,Left Foot,False,False,From Throw In,82.0,2.0,Pass,38,8,9,14.0,29.7,0.37,central_pass,93.0,62.0,half_space,False,0,9,2.04,0,0,1,4,2,1,119.0,41.0,0.91,0.91,central_penetration
c8be9382-f678-44cc-8093-df50cb0a4180,7535,Costa Rica,Serbia,Francisco Javier Calvo Quesada,1,41,37,101.0,29.0,20.08,0.056129273,Off T,0,Open Play,Right Foot,False,False,From Throw In,50.0,2.0,Pass,59,21,17,51.0,57.7,0.86,other,98.0,4.0,wide,False,0,10,3.88,0,0,0,7,1,2,120.0,40.0,0.0,0.0,slow_possession
9720f81b-fc00-44f7-90a3-49a7fac3253a,7535,Serbia,Costa Rica,Aleksandar Mitrović,2,49,49,109.0,39.0,10.1,0.37645623,Saved,0,Open Play,Right Foot,False,False,Regular Play,49.0,5.0,Interception,74,16,18,60.0,68.1,0.81,central_pass,82.0,41.0,central,False,0,7,0.0,1,1,2,4,2,0,114.0,40.0,5.49,0.0,central_penetration
77964b67-7753-4181-b400-f213fd5aed5f,7535,Serbia,Costa Rica,Aleksandar Mitrović,2,53,55,114.0,41.0,5.56,0.18045738,Off T,0,Open Play,Head,False,False,From Corner,120.0,80.0,Pass,2,1,0,-6.0,33.9,-3.0,cutback,120.0,80.0,wide,False,0,8,0.0,1,1,2,8,2,4,120.0,42.0,0.0,1.83,cutback
bc62b30e-b1df-4aea-9272-a90778304b14,7535,Serbia,Costa Rica,Aleksandar Kolarov,2,55,59,94.0,59.0,29.45,0.009479726,Goal,1,Free Kick,Left Foot,False,False,From Free Kick,94.0,59.0,Shot,0,0,0,0.0,0.0,,,,,half_space,False,0,10,7.54,0,0,0,9,2,5,119.0,41.0,0.91,0.91,set_piece
c0d599af-1d3a-43a2-ae3d-361ca21441cb,7535,Serbia,Costa Rica,Sergej Milinković-Savić,2,65,42,109.0,45.0,11.05,0.14211334,Off T,0,Open Play,Head,False,False,From Throw In,95.0,80.0,Pass,5,3,2,14.0,35.1,2.8,cross,99.0,76.0,wide,False,0,8,1.83,0,1,1,6,1,1,120.0,43.0,0.0,2.74,wide_cross
e1faf8c1-ac43-4455-a939-8ba0eed4e87d,7535,Serbia,Costa Rica,Sergej Milinković-Savić,2,74,59,94.0,37.0,23.93,0.040321272,Off T,0,Open Play,Right Foot,False,False,Regular Play,64.0,24.0,Ball Recovery,13,4,5,30.0,32.1,2.31,central_pass,87.0,41.0,central,False,0,8,2.89,0,0,1,3,2,0,119.0,41.0,0.91,0.91,central_penetration
7f0ffb52-d807-4576-bcf0-a2ee17ff0cf7,7535,Serbia,Costa Rica,Filip Kostić,2,75,45,118.0,42.0,2.59,0.89477885,Wayward,0,Open Play,Right Foot,True,False,Regular Play,61.0,44.0,Pass,12,5,3,57.0,56.3,4.75,,,,central,False,0,7,2.74,0,0,1,7,0,3,118.0,45.0,1.83,4.57,fast_counter
ca2e48e6-f6f0-42d1-ac6a-19d4db15cb15,7535,Serbia,Costa Rica,Nemanja Matić,2,76,12,100.0,36.0,18.65,0.07834383,Blocked,0,Open Play,Left Foot,False,False,Regular Play,80.0,42.0,Pass,19,6,7,20.0,19.7,1.05,central_pass,88.0,42.0,central,False,0,9,2.04,0,0,1,6,2,2,119.0,40.0,0.91,0.0,central_penetration
504c9a84-bf64-42e9-8a3f-77d3f54db9ea,7535,Costa Rica,Serbia,Joel Nathaniel Campbell Samuels,2,78,26,102.0,57.0,22.64,0.02729148,Blocked,0,Open Play,Left Foot,False,False,Regular Play,34.0,7.0,Pass,63,18,19,68.0,67.4,1.08,cutback,106.0,79.0,wide,False,0,10,2.04,0,0,3,7,1,3,117.0,41.0,2.74,0.91,cutback
d0f6f7ec-e5d0-4315-8568-53d78c36d50f,7535,Costa Rica,Serbia,Celso Borges Mora,2,78,32,100.0,43.0,18.49,0.068592064,Blocked,0,Open Play,Right Foot,False,False,Regular Play,34.0,7.0,Pass,69,18,22,66.0,71.9,0.96,,,,central,False,0,10,1.83,0,1,2,5,2,4,116.0,40.0,3.66,0.0,slow_possession
5fffe9bf-6179-4fc6-80d5-e3be448ab661,7535,Serbia,Costa Rica,Filip Kostić,2,89,47,101.0,30.0,19.63,0.028779607,Off T,0,Open Play,Left Foot,False,True,From Throw In,75.0,79.0,Pass,8,2,4,26.0,38.1,3.25,central_pass,94.0,55.0,half_space,False,0,7,1.29,0,1,2,7,1,4,119.0,39.0,0.91,0.91,central_penetration
476053e9-f660-4480-87bb-2193619f1090,7535,Costa Rica,Serbia,Cristian Gamboa Luna,2,90,42,79.0,33.0,38.03,0.0066172387,Saved,0,Open Play,Right Foot,False,False,From Free Kick,78.0,54.0,Pass,5,0,1,1.0,2.7,0.2,,,,central,False,0,11,8.23,0,0,0,3,2,4,119.0,40.0,0.91,0.0,other
f349a5a9-8416-46dc-a3b9-926fe7ee2dd8,7535,Costa Rica,Serbia,Óscar Esau Duarte Gaitán,2,92,18,112.0,31.0,11.01,0.059850305,Blocked,0,Open Play,Head,False,False,From Corner,120.0,80.0,Pass,2,1,0,-8.0,28.0,-4.0,cutback,120.0,80.0,wide,False,0,10,2.59,0,0,1,9,2,6,119.0,39.0,0.91,0.91,cutback
e66ef073-e09e-4dc0-a08f-2e2170920065,7535,Costa Rica,Serbia,Bryan Ruiz González,2,94,39,106.0,42.0,12.93,0.10570443,Blocked,0,Open Play,Left Foot,False,False,Regular Play,54.0,73.0,Foul Won,123,2,2,52.0,59.6,0.42,cutback,109.0,29.0,half_space,False,0,9,0.91,1,1,1,7,1,4,119.0,39.0,0.91,0.91,cutback
a772ff3f-dfc4-48ed-9e71-a2cf8fc6bbb2,8649,Uruguay,France,Cristhian Ricardo Stuani Curbelo,1,4,53,112.0,56.0,16.36,0.013982514,Wayward,0,Open Play,Right Foot,False,False,From Free Kick,77.0,77.0,Pass,31,8,8,35.0,38.8,1.13,central_pass,95.0,52.0,half_space,False,0,8,0.91,1,1,1,5,1,2,119.0,44.0,0.91,3.66,central_penetration
1154abaf-1d91-4aa2-8ece-b705baf50a1e,8649,France,Uruguay,Lucas Hernández Pi,1,6,1,91.0,22.0,31.21,0.0074050077,Wayward,0,Open Play,Left Foot,False,True,Regular Play,33.0,57.0,Pass,18,4,8,58.0,54.5,3.22,,,,half_space,False,0,9,5.17,0,0,0,5,2,1,118.0,40.0,1.83,0.0,other
9234bd4c-7613-4c25-95fa-b67b0e37751d,8649,France,Uruguay,Raphaël Varane,1,10,13,112.0,48.0,10.35,0.052411623,Off T,0,Open Play,Head,False,True,From Free Kick,92.0,12.0,Pass,2,1,0,20.0,28.3,10.0,cross,92.0,12.0,wide,False,0,11,1.29,0,2,2,10,2,5,118.0,42.0,1.83,1.83,wide_cross
69e2df21-5658-405e-baf6-648293809d07,8649,France,Uruguay,N'Golo Kanté,1,11,41,96.0,45.0,22.42,0.035039734,Blocked,0,Open Play,Right Foot,False,True,From Free Kick,71.0,78.0,Pass,24,5,6,25.0,37.5,1.04,,,,central,False,0,9,1.83,0,1,3,5,2,1,118.0,42.0,1.83,1.83,other
ce4057cc-8cd6-459a-bdcc-1a743872152e,8649,Uruguay,France,José María Giménez de Vargas,1,13,22,109.0,32.0,12.44,0.07621632,Saved,0,Open Play,Head,False,False,From Corner,119.0,79.0,Pass,2,1,0,-10.0,25.4,-5.0,cross,119.0,79.0,wide,False,0,11,0.0,1,1,3,10,2,5,119.0,40.0,0.91,0.0,wide_cross
a4f039f4-1c3f-4c7c-8615-80b46753adda,8649,France,Uruguay,Kylian Mbappé Lottin,1,14,49,115.0,48.0,8.63,0.15214236,Off T,0,Open Play,Head,False,False,Regular Play,3.0,39.0,Ball Recovery,33,8,9,112.0,107.6,3.39,central_pass,109.0,34.0,central,False,0,9,4.57,0,0,0,9,2,3,118.0,44.0,1.83,3.66,central_penetration
e373cf4b-ff48-4cd0-87d7-957189df85a3,8649,France,Uruguay,Paul Pogba,1,18,6,84.0,45.0,33.23,0.006310853,Off T,0,Open Play,Right Foot,False,True,From Throw In,99.0,80.0,Pass,29,10,10,-15.0,8.8,-0.52,central_pass,90.0,24.0,half_space,False,0,10,2.74,0,0,1,3,1,0,118.0,41.0,1.83,0.91,central_penetration
8bba660e-f2c8-45ec-a4e3-1ec84539d233,8649,Uruguay,France,Matías Vecino Falero,1,34,59,108.0,50.0,14.28,0.16249157,Saved,0,Open Play,Right Foot,False,False,Regular Play,88.0,78.0,Ball Recovery,21,6,7,20.0,34.1,0.95,central_pass,94.0,52.0,half_space,False,0,8,0.91,1,1,1,6,1,1,118.0,41.0,1.83,0.91,central_penetration
1c11c033-4598-4ef9-a7e2-797bfb0eac43,8649,France,Uruguay,Raphaël Varane,1,39,29,109.0,44.0,10.7,0.13011009,Goal,1,Open Play,Head,False,False,From Free Kick,95.0,61.0,Pass,1,1,0,14.0,20.9,14.0,central_pass,95.0,61.0,half_space,False,0,11,2.04,0,0,2,9,2,5,119.0,40.0,0.91,0.0,central_penetration
0e9fdbf8-3466-43fb-8c45-3357b964102f,8649,Uruguay,France,Nahitan Michel Nández Acosta,1,41,41,89.0,30.0,29.78,0.015601887,Saved,0,Open Play,Left Foot,False,False,From Corner,119.0,80.0,Pass,4,0,1,-30.0,7.4,-7.5,,,,central,False,0,11,1.83,0,1,1,9,2,6,119.0,39.0,0.91,0.91,other
77923fc7-b72f-4dd5-bccf-761beadfcc15,8649,Uruguay,France,José Martín Cáceres Silva,1,43,5,108.0,38.0,11.12,0.07886938,Saved,0,Open Play,Head,False,True,From Free Kick,82.0,61.0,Pass,1,1,0,26.0,31.3,26.0,central_pass,82.0,61.0,half_space,False,0,10,0.0,1,2,4,8,2,5,119.0,39.0,0.91,0.91,central_penetration
c593db5f-e8f8-4906-8384-d580ad3846e9,8649,Uruguay,France,Diego Roberto Godín Leal,1,43,7,118.0,34.0,5.78,0.20940804,Off T,0,Open Play,Left Foot,False,False,From Free Kick,82.0,61.0,Pass,3,1,1,36.0,37.1,12.0,,,,central,False,0,8,1.29,0,1,4,8,1,5,119.0,37.0,0.91,2.74,other
cce24112-fea1-43de-a93a-575b38444ee3,8649,France,Uruguay,Benjamin Pavard,2,52,28,86.0,51.0,32.68,0.006393214,Off T,0,Open Play,Right Foot,True,True,From Corner,119.0,2.0,Pass,4,0,0,-33.0,2.3,-8.25,,,,half_space,False,0,11,3.77,0,0,0,10,3,5,117.0,40.0,2.74,0.0,other
d835b103-fc7d-49b2-af3f-3675e4e0a5e2,8649,Uruguay,France,Rodrigo Bentancur Colmán,2,55,9,101.0,54.0,21.58,0.030082064,Off T,0,Open Play,Left Foot,False,False,Regular Play,48.0,53.0,Ball Recovery,21,5,7,53.0,49.6,2.52,,,,half_space,False,0,8,2.74,0,0,1,6,2,4,119.0,43.0,0.91,2.74,other
ad83374b-577e-4115-b67b-be83da29a794,8649,Uruguay,France,José Martín Cáceres Silva,2,58,3,104.0,62.0,24.87,0.007943283,Off T,0,Open Play,Right Foot,False,False,From Throw In,109.0,80.0,Pass,12,1,2,-5.0,14.3,-0.42,,,,half_space,False,0,11,4.92,0,0,0,11,1,5,119.0,43.0,0.91,2.74,other
8ff0b062-fcae-4716-83aa-49bb2cd331aa,8649,France,Uruguay,Antoine Griezmann,2,60,46,97.0,21.0,27.28,0.009682582,Goal,1,Open Play,Left Foot,False,False,Regular Play,53.0,61.0,Duel,9,2,3,44.0,40.4,4.89,central_pass,95.0,30.0,central,False,0,8,2.04,0,0,1,5,1,1,117.0,37.0,2.74,2.74,fast_counter
b010d1a4-081b-4b8c-aaed-983178192653,8649,Uruguay,France,Cristian Gabriel Rodríguez Barrotti,2,63,15,96.0,34.0,22.62,0.032165024,Blocked,0,Open Play,Left Foot,False,True,From Corner,119.0,80.0,Pass,4,0,1,-23.0,15.3,-5.75,,,,central,False,0,10,1.83,0,1,1,9,4,6,119.0,41.0,0.91,0.91,other
3e072384-50a9-4446-8ef1-6172c388c91e,8649,Uruguay,France,Cristian Gabriel Rodríguez Barrotti,2,63,17,99.0,35.0,19.74,0.066435196,Off T,0,Open Play,Left Foot,True,False,From Corner,119.0,80.0,Pass,6,0,1,-20.0,18.4,-3.33,,,,central,False,0,10,0.91,1,1,1,7,2,5,120.0,42.0,0.0,1.83,other
4d51029d-d53e-4524-a90b-08e1897abec8,8649,France,Uruguay,Corentin Tolisso,2,72,17,99.0,32.0,20.55,0.06060878,Off T,0,Open Play,Right Foot,False,False,Regular Play,33.0,27.0,Pass,54,17,17,66.0,65.5,1.22,central_pass,83.0,50.0,central,False,0,10,4.57,0,0,0,5,1,3,117.0,39.0,2.74,0.91,central_penetration
45c70d8d-6d52-4986-9c74-302307ed23bb,8649,France,Uruguay,Olivier Giroud,2,75,31,102.0,52.0,19.78,0.046135314,Off T,0,Open Play,Left Foot,True,False,Regular Play,20.0,50.0,Pass,74,25,30,82.0,78.9,1.11,,,,half_space,False,0,9,2.04,0,0,1,6,4,3,117.0,40.0,2.74,0.0,slow_possession
521e99de-5f55-4aee-b8ae-163839d7f268,8649,France,Uruguay,Antoine Griezmann,2,88,37,90.0,44.0,27.67,0.0325434,Off T,0,Free Kick,Left Foot,False,False,From Free Kick,90.0,44.0,Shot,0,0,0,0.0,0.0,,,,,central,False,0,11,7.32,0,0,0,1,4,0,119.0,40.0,0.91,0.0,set_piece
0ef27014-a826-45ef-81e3-71857c9bbc12,8658,Croatia,France,Domagoj Vida,1,20,51,112.0,49.0,11.01,0.12795697,Off T,0,Open Play,Head,False,False,From Free Kick,102.0,74.0,Pass,1,1,0,10.0,26.4,10.0,other,102.0,74.0,wide,False,0,11,2.59,0,0,3,10,1,4,120.0,42.0,0.0,1.83,other
1814c94d-845d-43a6-be00-ccd67bcb403b,8658,Croatia,France,Ivan Rakitić,1,23,34,108.0,29.0,14.89,0.06950906,Off T,0,Open Play,Left Foot,False,False,From Free Kick,85.0,8.0,Pass,18,2,2,23.0,31.1,1.28,cross,106.0,66.0,wide,False,0,5,4.57,0,0,0,5,1,1,120.0,40.0,0.0,0.0,wide_cross
d3dd1458-33f9-4810-aaf5-3bca48c7897d,8658,Croatia,France,Ivan Perišić,1,27,53,105.0,32.0,15.54,0.08394905,Goal,1,Open Play,Left Foot,False,False,From Free Kick,84.0,40.0,Pass,8,5,4,21.0,19.0,2.62,central_pass,108.0,40.0,central,False,0,10,2.74,0,0,2,9,2,3,120.0,40.0,0.0,0.0,central_penetration
a49c24e3-0049-453e-9263-611e3add58af,8658,Croatia,France,Ante Rebić,1,39,25,108.0,41.0,11.01,0.10217809,Wayward,0,Open Play,Left Foot,False,False,Regular Play,50.0,75.0,Pass,20,7,5,58.0,66.2,2.9,cross,110.0,7.0,wide,False,0,6,2.89,0,0,1,5,1,2,120.0,41.0,0.0,0.91,wide_cross
6eacb342-7b56-4445-9196-7ffd1077593f,8658,Croatia,France,Ivan Perišić,1,42,47,117.0,34.0,6.13,0.11224287,Blocked,0,Open Play,Head,False,True,From Free Kick,81.0,74.0,Pass,3,1,0,36.0,45.0,12.0,other,81.0,74.0,wide,False,0,8,0.91,1,1,3,8,1,4,120.0,39.0,0.0,0.91,other
b0bf20c4-f909-4385-80f3-86fbcb43d7dc,8658,Croatia,France,Dejan Lovren,1,42,50,113.0,26.0,14.31,0.046404753,Blocked,0,Open Play,Right Foot,True,False,From Free Kick,81.0,74.0,Pass,6,1,0,32.0,36.1,5.33,,,,half_space,False,0,8,3.66,0,0,0,8,1,5,119.0,39.0,0.91,0.91,other
6a35cfba-3fb3-4bfa-9dd5-505dbd987f3d,8658,Croatia,France,Domagoj Vida,1,45,17,115.0,40.0,4.57,0.14083989,Off T,0,Open Play,Head,False,False,From Corner,119.0,2.0,Pass,2,1,0,-4.0,33.0,-2.0,cross,119.0,2.0,wide,False,0,10,0.91,1,3,4,10,2,5,120.0,41.0,0.0,0.91,wide_cross
57a6526e-9652-4195-8151-674c888e04d3,8658,France,Croatia,Antoine Griezmann,2,46,10,95.0,45.0,23.31,0.03339769,Saved,0,Open Play,Left Foot,True,False,From Keeper,6.0,41.0,Goal Keeper,22,6,6,89.0,88.5,4.05,cutback,102.0,56.0,half_space,False,0,7,2.74,0,0,1,4,2,2,120.0,41.0,0.0,0.91,cutback
41bdee9c-1f32-4ec1-b260-b77dcbe586c0,8658,Croatia,France,Ante Rebić,2,47,2,108.0,26.0,16.86,0.07285214,Saved,0,Open Play,Left Foot,False,False,Regular Play,25.0,44.0,Pass,45,16,13,83.0,76.6,1.84,central_pass,85.0,22.0,half_space,False,0,6,3.88,0,0,0,3,1,0,118.0,37.0,1.83,2.74,central_penetration
3f0068a5-59cd-4f1e-8182-601cd8d08434,8658,Croatia,France,Dejan Lovren,2,47,32,110.0,33.0,11.16,0.055352274,Wayward,0,Open Play,Head,False,True,From Corner,119.0,79.0,Pass,2,1,0,-9.0,26.8,-4.5,cross,119.0,79.0,wide,False,0,10,0.91,1,1,2,10,3,5,119.0,39.0,0.91,0.91,wide_cross
561e8179-91f3-4bd1-b55f-9edad6d0feea,8658,Croatia,France,Šime Vrsaljko,2,49,34,91.0,48.0,27.51,0.017269997,Off T,0,Open Play,Right Foot,False,False,From Corner,119.0,80.0,Pass,3,0,1,-28.0,9.9,-9.33,,,,central,False,0,11,3.88,0,0,0,9,3,6,119.0,41.0,0.91,0.91,other
aa64cb60-6e81-4def-8972-1d013adf5091,8658,France,Croatia,Kylian Mbappé Lottin,2,51,35,115.0,55.0,14.46,0.01856424,Saved,0,Open Play,Right Foot,False,False,Regular Play,46.0,40.0,Pass,9,2,4,69.0,58.2,7.67,central_pass,47.0,53.0,half_space,False,0,4,3.3,0,0,0,4,0,1,117.0,52.0,2.74,10.97,fast_counter
22024b1a-a3c4-49e9-a004-dbd45e451b31,8658,France,Croatia,Paul Pogba,2,58,32,99.0,41.0,19.22,0.052249614,Blocked,0,Open Play,Right Foot,True,False,From Throw In,14.0,2.0,Pass,21,7,2,85.0,91.6,4.05,cutback,106.0,44.0,central,False,0,8,2.74,0,0,1,8,4,4,120.0,41.0,0.0,0.91,cutback
8b8479e0-b82d-47d4-bc24-f80ff589dbe6,8658,France,Croatia,Paul Pogba,2,58,33,102.0,39.0,16.48,0.08626537,Goal,1,Open Play,Left Foot,True,False,From Throw In,14.0,2.0,Pass,22,7,2,88.0,94.6,4.0,,,,central,False,0,8,2.89,0,0,1,7,1,4,120.0,41.0,0.0,0.91,other
8801eb6a-4e81-46c2-bba7-937c24784821,8658,France,Croatia,Olivier Giroud,2,60,46,112.0,29.0,12.44,0.06951273,Wayward,0,Open Play,Left Foot,True,False,Regular Play,42.0,75.0,Interception,24,6,9,70.0,71.9,2.92,,,,half_space,False,0,5,2.74,0,0,1,5,1,2,120.0,40.0,0.0,0.0,other
c75f59a1-19dd-4e33-837e-58be983171f8,8658,Croatia,France,Ante Rebić,2,63,52,96.0,29.0,24.14,0.034007873,Blocked,0,Open Play,Right Foot,False,False,Regular Play,59.0,9.0,Pass,96,22,22,37.0,42.0,0.39,other,98.0,4.0,wide,False,0,9,2.74,0,0,1,4,2,1,118.0,38.0,1.83,1.83,slow_possession
8b3b883a-7cca-4677-bfde-e4f9c3ce8aac,8658,France,Croatia,Kylian Mbappé Lottin,2,64,36,94.0,40.0,23.77,0.04485787,Goal,1,Open Play,Right Foot,False,False,Regular Play,65.0,26.0,Ball Recovery,30,10,11,29.0,30.8,0.97,other,93.0,14.0,wide,False,0,7,3.77,0,0,0,3,1,1,119.0,41.0,0.91,0.91,slow_possession
7906899a-fd84-4697-af0d-dc9903b4f5e0,8658,Croatia,France,Mario Mandžukić,2,68,8,114.0,43.0,6.13,0.5631902,Goal,1,Open Play,Right Foot,True,False,Regular Play,114.0,44.0,Duel,1,0,0,0.0,0.5,0.0,,,,central,False,0,4,1.29,0,1,1,1,1,0,115.0,42.0,4.57,1.83,high_turnover
731384e2-aff0-4d92-9a42-6736e2f4b2d4,8658,Croatia,France,Šime Vrsaljko,2,75,1,78.0,40.0,38.4,0.0050148317,Off T,0,Open Play,Right Foot,False,False,Regular Play,75.0,21.0,Pass,9,3,3,3.0,6.8,0.33,central_pass,81.0,25.0,half_space,False,0,11,5.33,0,0,0,4,3,0,119.0,40.0,0.91,0.0,central_penetration
eb933287-d21d-464b-bb14-be48abca6bbe,8658,Croatia,France,Ivan Rakitić,2,77,13,101.0,30.0,19.63,0.042465996,Blocked,0,Open Play,Left Foot,False,True,From Throw In,23.0,79.0,Pass,63,17,17,78.0,83.1,1.24,cutback,111.0,22.0,half_space,False,0,10,1.83,0,1,1,8,3,3,118.0,39.0,1.83,0.91,cutback
a6231197-e455-4a30-b456-959e01ee8ba9,8658,France,Croatia,Nabil Fekir,2,86,25,98.0,61.0,27.81,0.009616094,Saved,0,Open Play,Left Foot,False,True,From Free Kick,82.0,77.0,Pass,6,0,1,16.0,22.6,2.67,,,,half_space,False,0,9,2.59,0,0,1,5,2,0,120.0,42.0,0.0,1.83,other
72a2061d-4a25-4b0f-8511-02251b27be33,8658,Croatia,France,Ivan Rakitić,2,88,9,90.0,24.0,31.09,0.007053695,Off T,0,Open Play,Right Foot,False,False,Regular Play,14.0,28.0,Ball Recovery,41,13,14,76.0,72.7,1.85,central_pass,100.0,18.0,half_space,False,0,11,3.77,0,0,0,6,2,3,118.0,40.0,1.83,0.0,central_penetration
2eb2b5b8-f1c9-4bb5-8b19-92000ee84be5,7582,Russia,Spain,Yuri Zhirkov,1,4,28,91.0,21.0,31.7,0.006913921,Blocked,0,Open Play,Left Foot,False,True,From Corner,119.0,79.0,Pass,5,0,1,-28.0,4.3,-5.6,,,,half_space,False,0,11,2.89,0,0,1,6,1,4,117.0,39.0,2.74,0.91,other
e528f37e-ff0d-4dcf-8eb2-83bf16adb1b2,7582,Russia,Spain,Roman Zobnin,1,13,26,96.0,52.0,24.54,0.023523824,Off T,0,Open Play,Right Foot,False,True,From Throw In,110.0,80.0,Pass,5,4,3,-14.0,14.4,-2.8,cutback,103.0,72.0,wide,False,0,11,1.29,0,1,1,7,2,3,117.0,41.0,2.74,0.91,cutback
5ae17c99-7b35-4ba5-9b02-5b2c25de618e,7582,Russia,Spain,Aleksandr Golovin,1,35,30,104.0,31.0,16.79,0.13442212,Off T,0,Open Play,Right Foot,False,True,Regular Play,40.0,2.0,Pass,17,4,6,64.0,70.2,3.76,central_pass,103.0,43.0,central,False,0,9,4.57,0,0,0,7,2,4,118.0,41.0,1.83,0.91,central_penetration
9b136171-2c4a-422e-b2d6-465bf99459be,7582,Russia,Spain,Artem Dzyuba,1,39,14,110.0,33.0,11.16,0.062742114,Blocked,0,Open Play,Head,False,False,From Corner,119.0,79.0,Pass,2,1,0,-9.0,26.8,-4.5,cross,119.0,79.0,wide,False,0,11,2.74,0,0,2,11,2,4,117.0,39.0,2.74,0.91,wide_cross
3e87fd4f-e319-4775-903f-f07e40b1b79a,7582,Spain,Russia,Francisco Román Alarcón Suárez,1,44,35,100.0,27.0,21.81,0.03204402,Blocked,0,Open Play,Right Foot,False,False,From Throw In,90.0,1.0,Pass,15,5,5,10.0,25.3,0.67,central_pass,96.0,43.0,central,False,0,10,3.77,0,0,0,10,2,5,119.0,39.0,0.91,0.91,central_penetration
3f6db730-c4e1-44b6-ad10-7ef6d3f858e7,7582,Spain,Russia,Diego da Silva Costa,1,45,13,117.0,51.0,10.43,0.0372205,Saved,0,Open Play,Right Foot,True,False,Regular Play,93.0,62.0,Pass,2,1,0,24.0,23.4,12.0,central_pass,93.0,62.0,half_space,False,0,8,2.74,0,0,1,8,0,2,117.0,48.0,2.74,7.32,central_penetration
fc22ddc3-4438-4b0b-a1d0-bbca2f836b22,7582,Spain,Russia,Diego da Silva Costa,1,45,46,113.0,47.0,9.05,0.05935931,Saved,0,Open Play,Head,False,False,From Throw In,105.0,1.0,Pass,23,7,5,8.0,31.9,0.35,central_pass,104.0,18.0,half_space,False,0,11,1.29,0,1,2,10,3,4,119.0,42.0,0.91,1.83,central_penetration
e99987a7-2b13-4909-a508-64a8be17b9c1,7582,Spain,Russia,Marco Asensio Willemsen,2,46,40,111.0,47.0,10.43,0.10353613,Wayward,0,Open Play,Right Foot,False,False,From Throw In,29.0,1.0,Pass,56,18,22,82.0,87.6,1.46,cross,103.0,66.0,wide,False,0,10,2.04,0,0,1,9,2,3,118.0,40.0,1.83,0.0,wide_cross
4f266d21-3652-41d3-a2bb-7116031dbaa0,7582,Spain,Russia,Jordi Alba Ramos,2,46,44,110.0,34.0,10.66,0.100053154,Saved,0,Open Play,Other,True,False,From Throw In,29.0,1.0,Pass,60,19,22,81.0,87.3,1.35,cross,116.0,56.0,half_space,False,0,10,3.77,0,0,0,10,2,3,118.0,38.0,1.83,1.83,wide_cross
b67b7454-b9ca-4448-83cc-f8efc863a6e4,7582,Spain,Russia,Diego da Silva Costa,2,50,18,109.0,34.0,11.46,0.05231667,Off T,0,Open Play,Head,False,True,From Free Kick,85.0,68.0,Pass,2,1,0,24.0,32.3,12.0,cross,85.0,68.0,wide,False,0,10,1.29,0,2,3,9,1,4,118.0,38.0,1.83,1.83,wide_cross
78eae56a-55ef-45b8-a182-abdbf891967e,7582,Spain,Russia,Sergio Busquets i Burgos,2,52,43,97.0,33.0,21.98,0.02997144,Wayward,0,Open Play,Left Foot,True,False,From Throw In,80.0,1.0,Pass,18,5,4,17.0,31.8,0.94,,,,central,False,0,11,5.56,0,0,0,9,3,5,118.0,39.0,1.83,0.91,other
a418b98f-0aea-40fb-9b8a-e42645842e11,7582,Spain,Russia,David Josué Jiménez Silva,2,59,48,111.0,46.0,9.89,0.16787043,Off T,0,Open Play,Head,False,False,From Corner,119.0,2.0,Pass,87,27,24,-8.0,27.2,-0.09,cross,95.0,65.0,wide,False,0,10,2.89,0,0,1,5,1,2,118.0,40.0,1.83,0.0,wide_cross
de3ed32d-76be-458b-ae9c-c5b9d9bb0051,7582,Spain,Russia,Sergio Busquets i Burgos,2,81,42,109.0,41.0,10.1,0.065492,Blocked,0,Open Play,Right Foot,True,False,From Corner,120.0,2.0,Pass,2,1,0,-11.0,27.0,-5.5,cutback,120.0,2.0,wide,False,0,11,3.3,0,0,0,9,3,4,118.0,40.0,1.83,0.0,cutback
c9e0db85-3ea1-4940-bc94-567e03ee4d53,7582,Spain,Russia,Andrés Iniesta Luján,2,84,16,99.0,34.0,19.97,0.042886272,Saved,0,Open Play,Right Foot,True,False,Regular Play,65.0,13.0,Pass,12,6,4,34.0,39.4,2.83,cutback,108.0,29.0,half_space,False,0,10,2.59,0,0,1,8,3,2,118.0,39.0,1.83,0.91,cutback
8639d30d-6893-40a1-9566-77c162f0ac27,7582,Spain,Russia,Iago Aspas Juncal,2,84,19,115.0,26.0,13.59,0.023757927,Saved,0,Open Play,Left Foot,True,False,Regular Play,65.0,13.0,Pass,15,6,4,50.0,46.4,3.33,,,,half_space,False,0,7,4.57,0,0,0,6,1,1,118.0,36.0,1.83,3.66,other
d03abfe3-9b61-48c4-8054-5ada23ce9092,7582,Spain,Russia,Gerard Piqué Bernabéu,2,88,51,112.0,35.0,8.63,0.06795463,Off T,0,Open Play,Head,False,True,From Corner,119.0,80.0,Pass,2,1,0,-7.0,30.6,-3.5,cutback,119.0,80.0,wide,False,0,11,0.91,1,1,3,10,3,5,118.0,40.0,1.83,0.0,cutback
d1ddb169-c08f-4151-897f-0c42f3dd6326,7582,Spain,Russia,Sergio Ramos García,2,89,39,112.0,42.0,7.54,0.072778836,Off T,0,Open Play,Head,False,True,From Corner,119.0,1.0,Pass,2,1,0,-7.0,30.8,-3.5,cross,119.0,1.0,wide,False,0,11,0.91,2,2,3,11,2,4,118.0,40.0,1.83,0.0,wide_cross
a990e293-76ee-49a4-89e4-9a14aee135bc,7582,Russia,Spain,Fyodor Smolov,2,92,18,104.0,24.0,20.69,0.03283686,Blocked,0,Open Play,Right Foot,False,False,Regular Play,37.0,61.0,Pass,32,5,5,67.0,63.0,2.09,central_pass,103.0,25.0,half_space,False,0,9,2.74,0,0,1,8,1,3,118.0,40.0,1.83,0.0,central_penetration
3865a1f0-e82d-490b-9e9f-9c4a1e0c699e,7582,Russia,Spain,Denis Cheryshev,2,92,18,112.0,39.0,7.37,0.22104914,Off T,0,Open Play,Head,False,False,Regular Play,37.0,61.0,Pass,32,5,5,75.0,77.6,2.34,,,,central,False,0,9,1.29,0,1,1,8,1,3,118.0,40.0,1.83,0.0,other
89665fdf-d70a-457e-a6cd-461a3157504f,7582,Spain,Russia,Jordi Alba Ramos,3,92,14,95.0,26.0,26.2,0.025320211,Blocked,0,Open Play,Left Foot,False,False,From Throw In,104.0,1.0,Pass,45,16,15,-9.0,13.5,-0.2,central_pass,87.0,43.0,central,False,0,10,3.66,0,0,0,6,2,2,118.0,39.0,1.83,0.91,central_penetration
b7e6fa5a-d15f-442e-a635-7250a94f0a07,7582,Spain,Russia,Jorge Resurrección Merodio,3,96,4,84.0,40.0,32.92,0.011966425,Off T,0,Open Play,Right Foot,False,False,Regular Play,68.0,30.0,Ball Recovery,68,22,24,16.0,17.0,0.24,other,82.0,14.0,wide,False,0,9,5.56,0,0,0,2,1,0,118.0,40.0,1.83,0.0,slow_possession
c8d147db-a7db-4f2c-a079-197370b163ed,7582,Spain,Russia,Marco Asensio Willemsen,3,99,34,97.0,32.0,22.27,0.05032709,Saved,0,Open Play,Left Foot,False,False,From Goal Kick,5.0,39.0,Pass,34,7,7,92.0,90.7,2.71,central_pass,90.0,36.0,central,False,0,11,2.74,0,0,1,5,2,0,118.0,41.0,1.83,0.91,central_penetration
6075d024-95b2-4f4c-8f7a-03b2a97d874a,7582,Spain,Russia,Iago Aspas Juncal,3,101,36,106.0,27.0,17.47,0.03584248,Blocked,0,Open Play,Left Foot,False,False,From Counter,44.0,53.0,Duel,8,1,1,62.0,58.0,7.75,central_pass,47.0,49.0,central,False,0,8,1.29,0,1,1,4,2,0,117.0,36.0,2.74,3.66,fast_counter
00d5fc21-c9a9-44fc-a0b3-9872eb2bb59e,7582,Spain,Russia,Gerard Piqué Bernabéu,3,105,26,108.0,40.0,10.97,0.074555546,Saved,0,Open Play,Head,False,False,From Free Kick,88.0,22.0,Pass,1,1,0,20.0,24.7,20.0,central_pass,88.0,22.0,half_space,False,0,11,1.83,0,1,3,8,2,4,117.0,39.0,2.74,0.91,central_penetration
34b24664-c951-4d3e-a677-7d1b6814567a,7582,Spain,Russia,Andrés Iniesta Luján,4,106,34,99.0,33.0,20.24,0.06631583,Blocked,0,Open Play,Left Foot,False,False,Regular Play,20.0,14.0,Duel,79,23,22,79.0,81.2,1.0,other,100.0,12.0,wide,False,0,10,2.89,0,0,1,8,1,3,119.0,40.0,0.91,0.0,slow_possession
7320a994-6ce1-46f5-a09d-f98aa49fd315,7582,Spain,Russia,Rodrigo Moreno Machado,4,108,21,114.0,54.0,13.93,0.039532,Saved,0,Open Play,Right Foot,False,True,Regular Play,20.0,14.0,Duel,186,36,38,94.0,88.1,0.51,central_pass,31.0,60.0,half_space,False,0,6,2.74,0,0,1,6,1,1,118.0,42.0,1.83,1.83,central_penetration
38214f5a-f2df-4092-b5e2-e0d153f5f5a2,7582,Spain,Russia,Daniel Carvajal Ramos,4,108,23,108.0,42.0,11.12,0.08271377,Blocked,0,Open Play,Left Foot,True,False,Regular Play,20.0,14.0,Duel,188,36,38,88.0,91.2,0.47,,,,central,False,0,7,2.04,0,0,1,7,4,3,119.0,41.0,0.91,0.91,slow_possession
fb98bfa9-c3f6-4263-a53b-79cd3f2d60cf,7582,Spain,Russia,Rodrigo Moreno Machado,4,108,48,101.0,44.0,17.75,0.10102061,Off T,0,Open Play,Left Foot,True,False,Regular Play,20.0,14.0,Duel,213,41,43,81.0,83.9,0.38,central_pass,79.0,45.0,central,False,0,10,2.59,0,0,1,3,1,0,118.0,41.0,1.83,0.91,central_penetration
f0c4e437-aea2-4b24-bba8-317d26c5e2f9,7582,Spain,Russia,Gerard Piqué Bernabéu,4,111,42,108.0,59.0,20.55,0.013007193,Blocked,0,Open Play,Left Foot,False,True,From Free Kick,86.0,20.0,Pass,10,1,2,22.0,17.0,2.2,,,,half_space,False,0,11,2.74,0,0,1,11,2,6,119.0,42.0,0.91,1.83,other
ca51472f-ebec-4d79-9677-f8458eb07c0f,7582,Russia,Spain,Aleksandr Erokhin,4,116,51,113.0,45.0,7.87,0.14143883,Blocked,0,Open Play,Head,False,True,From Corner,119.0,79.0,Pass,2,1,0,-6.0,30.4,-3.0,cross,119.0,79.0,wide,False,0,10,0.91,1,2,3,10,1,6,118.0,40.0,1.83,0.0,wide_cross
262c6072-1ed3-49ac-953c-8f3352f9700d,7582,Spain,Russia,Rodrigo Moreno Machado,4,120,12,99.0,35.0,19.74,0.08526068,Saved,0,Open Play,Left Foot,False,False,Regular Play,41.0,44.0,Pass,17,5,4,58.0,57.5,3.41,central_pass,93.0,29.0,half_space,False,0,10,4.66,0,0,0,6,1,0,117.0,40.0,2.74,0.0,central_penetration
61432396-1124-4957-ab1c-4516af2292b7,7552,Belgium,Tunisia,Thomas Meunier,1,2,21,100.0,51.0,20.87,0.042935207,Saved,0,Open Play,Left Foot,False,False,From Throw In,101.0,80.0,Pass,11,4,4,-1.0,21.5,-0.09,other,100.0,72.0,wide,False,0,10,2.89,0,0,1,5,2,2,119.0,41.0,0.91,0.91,other
a79f96ac-6d0c-4ba6-b483-caff83c2bc39,7552,Belgium,Tunisia,Axel Witsel,1,11,41,109.0,24.0,17.75,0.04323456,Blocked,0,Open Play,Right Foot,False,False,From Throw In,107.0,1.0,Pass,6,3,3,2.0,21.7,0.33,other,108.0,15.0,wide,False,0,9,3.3,0,0,0,7,1,2,119.0,37.0,0.91,2.74,other
fe55b870-b197-4dad-a7ca-54e9c1ba72a7,7552,Belgium,Tunisia,Eden Hazard,1,12,2,110.0,44.0,9.85,0.23471555,Saved,0,Open Play,Right Foot,True,False,Regular Play,52.0,48.0,Interception,9,2,4,58.0,57.7,6.44,cross,112.0,66.0,wide,False,0,8,3.3,0,0,0,8,1,1,119.0,40.0,0.91,0.0,fast_counter
5d54d405-55e6-4b67-8783-ef3a734869a7,7552,Belgium,Tunisia,Yannick Ferreira Carrasco,1,14,27,101.0,21.0,24.57,0.009488142,Saved,0,Open Play,Right Foot,False,True,Regular Play,12.0,45.0,Pass,17,3,4,89.0,81.2,5.24,central_pass,64.0,35.0,central,False,0,7,2.59,0,0,1,5,2,1,118.0,39.0,1.83,0.91,central_penetration
28bc365e-7329-49ed-bef6-f4b9a9833515,7552,Belgium,Tunisia,Romelu Lukaku Menama,1,15,19,104.0,33.0,15.97,0.13771419,Goal,1,Open Play,Left Foot,False,False,From Counter,57.0,63.0,Ball Recovery,6,1,2,47.0,49.6,7.83,through_ball,81.0,54.0,half_space,False,0,5,3.88,0,0,0,2,1,0,115.0,37.0,4.57,2.74,fast_counter
69c00761-edc3-46b6-b05d-a2968d67b322,7552,Tunisia,Belgium,Dylan Daniel Mahmoud Bronn,1,17,7,112.0,41.0,7.37,0.15909006,Goal,1,Open Play,Head,False,False,From Free Kick,94.0,13.0,Pass,1,1,0,18.0,29.4,18.0,cross,94.0,13.0,wide,False,0,9,1.29,0,2,2,7,1,4,119.0,42.0,0.91,1.83,wide_cross
2f46bffb-94b2-403b-ac69-815628517afc,7552,Belgium,Tunisia,Yannick Ferreira Carrasco,1,18,47,107.0,33.0,13.5,0.09656626,Saved,0,Open Play,Right Foot,True,False,Regular Play,32.0,42.0,Pass,20,7,6,75.0,73.3,3.75,cross,111.0,76.0,wide,False,0,8,3.3,0,0,0,6,2,3,119.0,39.0,0.91,0.91,wide_cross
14146743-6cfb-4299-9e4a-1001afa58bdf,7552,Belgium,Tunisia,Toby Alderweireld,1,20,47,102.0,56.0,22.02,0.042542275,Off T,0,Open Play,Right Foot,False,False,From Free Kick,23.0,13.0,Pass,36,7,7,79.0,76.6,2.19,,,,half_space,False,0,8,3.66,0,0,0,4,1,3,119.0,40.0,0.91,0.0,other
7229d71c-f95c-4dde-8583-5dc685e7aa7c,7552,Belgium,Tunisia,Axel Witsel,1,27,42,100.0,34.0,19.09,0.070710085,Blocked,0,Open Play,Left Foot,True,False,Regular Play,99.0,16.0,Ball Recovery,3,2,2,1.0,11.0,0.33,cutback,108.0,34.0,central,False,0,6,5.17,0,0,0,6,2,1,119.0,39.0,0.91,0.91,high_turnover
39954d47-1bd6-44ca-a921-44aac7cef4ee,7552,Tunisia,Belgium,Wahbi Khazri,1,29,11,106.0,69.0,29.45,0.0056386488,Off T,0,Open Play,Right Foot,False,True,Regular Play,53.0,9.0,Pass,11,3,2,53.0,41.6,4.82,other,84.0,76.0,wide,False,0,8,2.04,0,0,2,2,2,0,118.0,45.0,1.83,4.57,fast_counter
83ed095e-7fd9-4823-bd62-2644ee0c4b55,7552,Tunisia,Belgium,Ferjani Sassi,1,30,19,101.0,45.0,17.97,0.06670337,Off T,0,Open Play,Left Foot,False,False,From Throw In,28.0,1.0,Pass,22,7,8,73.0,80.3,3.32,,,,central,False,0,8,3.77,0,0,0,8,3,3,118.0,43.0,1.83,2.74,other
ad1ee325-2e6f-453a-9e9e-b75cd4129f77,7552,Tunisia,Belgium,Wahbi Khazri,1,32,1,88.0,26.0,31.94,0.009165923,Saved,0,Open Play,Right Foot,False,False,Regular Play,81.0,67.0,Duel,13,3,4,7.0,12.5,0.54,central_pass,85.0,50.0,central,False,0,9,4.92,0,0,0,5,2,2,117.0,42.0,2.74,1.83,central_penetration
a37a2801-e744-4942-895f-0ebedaf28623,7552,Tunisia,Belgium,Fakhreddine Ben Youssef,1,38,24,96.0,37.0,22.12,0.04770442,Off T,0,Open Play,Right Foot,False,False,Regular Play,8.0,45.0,Ball Recovery,22,5,5,88.0,87.9,4.0,cross,110.0,72.0,wide,False,0,9,3.77,0,0,0,5,1,2,119.0,42.0,0.91,1.83,wide_cross
04f18a33-a560-4803-a8ae-e86dddb861f4,7552,Tunisia,Belgium,Saîf-Eddine Khaoui,1,41,51,117.0,27.0,12.2,0.011201895,Blocked,0,Open Play,Left Foot,False,False,From Throw In,90.0,1.0,Pass,8,3,3,27.0,35.9,3.38,other,92.0,4.0,wide,False,0,6,1.83,0,1,1,4,1,1,119.0,36.0,0.91,3.66,other
1d99aa9d-301c-45ba-b1b0-748530b1ae26,7552,Belgium,Tunisia,Romelu Lukaku Menama,1,47,57,112.0,45.0,8.63,0.39485714,Goal,1,Open Play,Right Foot,True,False,Regular Play,56.0,53.0,Pass,29,8,8,56.0,55.9,1.93,through_ball,99.0,47.0,central,False,0,7,3.3,0,0,0,4,1,1,115.0,43.0,4.57,2.74,central_penetration
b7a06c7f-6208-4f78-817a-082ef8efd4bb,7552,Belgium,Tunisia,Toby Alderweireld,2,46,53,115.0,48.0,8.63,0.07915054,Off T,0,Open Play,Right Foot,True,False,From Corner,120.0,80.0,Pass,7,3,2,-5.0,30.6,-0.71,cross,115.0,74.0,wide,False,0,9,1.29,0,1,3,8,3,4,120.0,43.0,0.0,2.74,wide_cross
64e0c535-66c0-4abc-9061-2c1a7a972ad5,7552,Tunisia,Belgium,Wahbi Khazri,2,49,0,113.0,44.0,7.37,0.20639732,Wayward,0,Open Play,Right Foot,False,False,Regular Play,67.0,64.0,Pass,19,6,4,46.0,50.1,2.42,cross,102.0,14.0,wide,False,0,4,3.77,0,0,0,4,1,2,118.0,40.0,1.83,0.0,wide_cross
ca0e9c68-a7eb-4c79-9aa2-2f1ef40b7da3,7552,Tunisia,Belgium,Anice Badri,2,49,57,99.0,24.0,24.14,0.025972955,Saved,0,Open Play,Left Foot,False,False,Regular Play,31.0,23.0,Ball Recovery,20,7,7,68.0,64.2,3.4,central_pass,74.0,18.0,half_space,False,0,6,3.88,0,0,0,3,1,0,116.0,37.0,3.66,2.74,central_penetration
973a3161-7c6e-4e30-8367-e191baab42db,7552,Belgium,Tunisia,Eden Hazard,2,50,36,109.0,38.0,10.22,0.9790341,Goal,1,Open Play,Left Foot,False,False,Regular Play,53.0,49.0,Pass,10,6,5,56.0,56.4,5.6,through_ball,55.0,58.0,half_space,False,0,3,2.89,0,0,1,3,0,0,103.0,36.0,15.54,3.66,fast_counter
04734876-5fe4-4a91-9e40-5f97bc724a4b,7552,Tunisia,Belgium,Fakhreddine Ben Youssef,2,53,26,112.0,37.0,7.81,0.10399019,Wayward,0,Open Play,Head,False,True,From Throw In,112.0,80.0,Pass,21,7,5,0.0,32.2,0.0,cross,91.0,7.0,wide,False,0,7,1.29,0,1,1,6,1,1,117.0,39.0,2.74,0.91,wide_cross
e91163b7-1299-4632-9566-3eeb3c8d886f,7552,Tunisia,Belgium,Ferjani Sassi,2,55,24,94.0,55.0,27.45,0.022166368,Off T,0,Open Play,Right Foot,False,True,Regular Play,90.0,75.0,Pass,3,1,1,4.0,16.1,1.33,other,90.0,75.0,wide,False,0,9,1.83,0,1,2,2,2,1,116.0,42.0,3.66,1.83,other
45903e8e-1897-4ac6-afa6-b46978fd7f4e,7552,Tunisia,Belgium,Anice Badri,2,60,32,109.0,42.0,10.22,0.07002908,Wayward,0,Open Play,Right Foot,True,False,From Free Kick,74.0,4.0,Pass,42,12,9,35.0,47.2,0.83,cross,99.0,70.0,wide,False,0,6,0.91,1,1,1,5,2,1,118.0,41.0,1.83,0.91,wide_cross
0c9e4cf9-08c3-4013-ba7a-73cb7171b1b7,7552,Belgium,Tunisia,Yannick Ferreira Carrasco,2,60,57,102.0,29.0,19.29,0.09572776,Off T,0,Open Play,Right Foot,False,False,Regular Play,13.0,24.0,Pass,23,6,5,89.0,87.1,3.87,central_pass,100.0,39.0,central,False,0,6,5.49,0,0,0,4,1,2,119.0,41.0,0.91,0.91,central_penetration
b4b30de6-b949-4575-98e5-36e9d53a06ed,7552,Belgium,Tunisia,Eden Hazard,2,63,45,97.0,30.0,22.93,0.043140188,Off T,0,Open Play,Right Foot,False,False,Regular Play,94.0,33.0,Pass,7,3,3,3.0,1.8,0.43,other,88.0,12.0,wide,False,0,8,4.09,0,0,0,5,2,1,118.0,42.0,1.83,1.83,other
ad92f42b-a7b9-45c7-97c7-1b7eb4502c30,7552,Tunisia,Belgium,Wahbi Khazri,2,65,11,101.0,16.0,27.99,0.0072267335,Blocked,0,Open Play,Right Foot,False,False,From Corner,120.0,1.0,Pass,4,2,2,-19.0,8.4,-4.75,cutback,117.0,4.0,wide,False,0,10,2.89,0,0,1,10,2,2,118.0,39.0,1.83,0.91,cutback
5504d98b-a5b0-411f-b759-da6ca6b83857,7552,Tunisia,Belgium,Naïm Sliti,2,65,21,101.0,45.0,17.97,0.07565807,Blocked,0,Open Play,Right Foot,False,False,From Corner,120.0,1.0,Pass,14,6,4,-19.0,19.4,-1.36,central_pass,105.0,41.0,central,False,0,8,3.77,0,0,0,6,2,4,118.0,40.0,1.83,0.0,central_penetration
e279472c-94a4-44a4-94fd-69ed8e5477cf,7552,Tunisia,Belgium,Anice Badri,2,66,4,100.0,30.0,20.45,0.07457654,Saved,0,Open Play,Left Foot,False,False,Regular Play,51.0,65.0,Pass,25,11,12,49.0,51.0,1.96,central_pass,90.0,37.0,central,False,0,9,2.89,0,0,1,5,1,1,116.0,38.0,3.66,1.83,central_penetration
9a5c17c2-f93e-4ed6-9be9-31ca41330d25,7552,Tunisia,Belgium,Saîf-Eddine Khaoui,2,69,23,93.0,41.0,24.71,0.023171796,Wayward,0,Open Play,Left Foot,True,False,From Free Kick,100.0,11.0,Pass,3,0,0,-7.0,8.2,-2.33,,,,central,False,0,10,7.32,0,0,0,8,5,5,118.0,39.0,1.83,0.91,other
b2a788fe-3a6b-4f8d-abd2-16e3470ab566,7552,Belgium,Tunisia,Michy Batshuayi Tunga,2,75,22,114.0,29.0,11.46,0.46811458,Blocked,0,Open Play,Left Foot,False,False,Regular Play,49.0,24.0,Pass,32,15,16,65.0,60.3,2.03,through_ball,87.0,51.0,half_space,False,0,4,3.88,0,0,0,4,0,1,109.0,35.0,10.06,4.57,central_penetration
cbd12c8b-916c-408a-ac83-b2a1e4bd5765,7552,Belgium,Tunisia,Yannick Ferreira Carrasco,2,78,58,104.0,23.0,21.35,0.03480479,Saved,0,Open Play,Right Foot,False,False,From Free Kick,46.0,8.0,Pass,29,9,9,58.0,57.3,2.0,central_pass,87.0,32.0,central,False,0,7,4.57,0,0,0,6,2,3,119.0,41.0,0.91,0.91,central_penetration
ef00f250-6112-4f6d-a145-2ea1fb3b50d4,7552,Belgium,Tunisia,Michy Batshuayi Tunga,2,79,0,114.0,39.0,5.56,0.61046416,Post,0,Open Play,Left Foot,True,False,From Free Kick,46.0,8.0,Pass,31,9,9,68.0,74.5,2.19,,,,central,False,0,7,4.09,0,0,0,7,1,3,118.0,41.0,1.83,0.91,slow_possession
ad7e3b62-1149-4140-96af-be53eb719b2f,7552,Belgium,Tunisia,Thomas Meunier,2,79,6,108.0,58.0,19.78,0.012196873,Off T,0,Open Play,Right Foot,False,False,From Free Kick,46.0,8.0,Pass,37,9,10,62.0,59.0,1.68,,,,half_space,False,0,8,4.09,0,0,0,7,1,4,119.0,42.0,0.91,1.83,slow_possession
55c8bd5a-0f6e-4232-9588-090529738b6d,7552,Belgium,Tunisia,Michy Batshuayi Tunga,2,80,31,113.0,39.0,6.47,0.2990258,Saved,0,Open Play,Left Foot,True,False,Regular Play,85.0,39.0,Duel,32,8,8,28.0,27.9,0.88,cross,119.0,27.0,half_space,False,0,9,1.29,0,1,1,7,2,3,120.0,42.0,0.0,1.83,wide_cross
150100c3-8396-4baf-9e80-ecc1894f697f,7552,Belgium,Tunisia,Michy Batshuayi Tunga,2,80,35,113.0,54.0,14.31,0.050583683,Blocked,0,Open Play,Left Foot,False,False,Regular Play,85.0,39.0,Duel,36,8,9,28.0,19.4,0.78,,,,half_space,False,0,8,4.09,0,0,0,8,1,3,120.0,43.0,0.0,2.74,slow_possession
d6d4c19b-2989-4bff-ace5-a1e50b3038ee,7552,Belgium,Tunisia,Axel Witsel,2,81,20,94.0,56.0,27.92,0.015557862,Off T,0,Open Play,Right Foot,False,False,From Corner,120.0,1.0,Pass,14,0,2,-26.0,8.5,-1.86,,,,half_space,False,0,8,4.92,0,0,0,5,2,3,119.0,41.0,0.91,0.91,other
3daf9619-45c4-4c66-ab1d-d9af137b8fc2,7552,Belgium,Tunisia,Michy Batshuayi Tunga,2,89,16,113.0,35.0,7.87,0.4673073,Goal,1,Open Play,Left Foot,True,False,From Throw In,81.0,1.0,Pass,19,5,4,32.0,46.6,1.68,cross,93.0,63.0,wide,False,0,3,4.09,0,0,0,3,1,1,120.0,42.0,0.0,1.83,wide_cross
838fbf15-0da8-48df-87c1-fd25432f7beb,7552,Tunisia,Belgium,Wahbi Khazri,2,90,30,63.0,42.0,52.15,0.0044252533,Off T,0,Open Play,Right Foot,False,False,From Kick Off,60.0,40.0,Pass,2,1,1,3.0,3.0,1.5,central_pass,60.0,40.0,central,False,0,11,6.59,0,0,0,1,2,0,118.0,40.0,1.83,0.0,central_penetration
be79b20a-0c78-49ad-874f-6aa7c371e2e1,7552,Belgium,Tunisia,Michy Batshuayi Tunga,2,91,14,103.0,37.0,15.78,0.32505116,Off T,0,Open Play,Left Foot,False,False,From Free Kick,31.0,55.0,Pass,8,2,4,72.0,73.0,9.0,central_pass,41.0,40.0,central,False,0,4,3.66,0,0,0,3,1,2,115.0,41.0,4.57,0.91,fast_counter
4c8bf31c-a1d3-473a-b4f7-4222b886d15a,7552,Tunisia,Belgium,Wahbi Khazri,2,92,24,111.0,44.0,9.01,0.27505946,Goal,1,Open Play,Right Foot,True,False,Regular Play,50.0,29.0,Pass,11,4,2,61.0,61.0,5.55,cross,119.0,57.0,half_space,False,0,9,3.3,0,0,0,8,2,2,118.0,42.0,1.83,1.83,fast_counter
3e0c5a8e-9c11-40e6-92fb-dad5cffa5130,7532,Peru,Denmark,Luis Jan Piers Advíncula Castrillón,1,4,52,87.0,57.0,33.94,0.0069104647,Off T,0,Open Play,Right Foot,True,True,From Free Kick,29.0,42.0,Pass,12,4,3,58.0,53.9,4.83,central_pass,87.0,40.0,central,False,0,10,2.89,0,0,1,3,2,0,118.0,40.0,1.83,0.0,fast_counter
6e6f1221-8258-4bc9-a22d-90a2a2a84f98,7532,Peru,Denmark,Víctor Yoshimar Yotún Flores,1,7,11,84.0,24.0,36.02,0.005467236,Saved,0,Open Play,Left Foot,False,False,Regular Play,58.0,60.0,Ball Recovery,40,7,9,26.0,25.8,0.65,central_pass,83.0,18.0,half_space,False,0,10,2.89,0,0,1,1,2,0,118.0,40.0,1.83,0.0,central_penetration
315613cb-bb28-496f-ad23-8d31d924a7ce,7532,Peru,Denmark,Édison Michael Flores Peralta,1,10,49,87.0,41.0,30.19,0.022084096,Off T,0,Open Play,Left Foot,False,True,From Throw In,81.0,80.0,Pass,5,3,3,6.0,22.9,1.2,central_pass,81.0,52.0,half_space,False,0,10,1.83,0,1,1,1,2,0,118.0,39.0,1.83,0.91,central_penetration
a9c7bb5d-0d7f-494e-8cbb-abe1cef0257f,7532,Peru,Denmark,André Martín Carrillo Díaz,1,12,6,103.0,58.0,22.64,0.02998372,Saved,0,Open Play,Left Foot,False,True,From Throw In,42.0,1.0,Pass,24,3,6,61.0,62.4,2.54,,,,half_space,False,0,10,3.77,0,0,0,7,1,2,118.0,40.0,1.83,0.0,other
4780e70d-299f-408a-8a9a-41c13a363157,7532,Peru,Denmark,Renato Fabrizio Tapia Cortijo,1,13,35,86.0,43.0,31.21,0.016538767,Blocked,0,Open Play,Right Foot,True,False,Regular Play,19.0,40.0,Ball Recovery,29,8,10,67.0,66.9,2.31,central_pass,95.0,33.0,central,False,0,10,6.4,0,0,0,2,3,1,118.0,40.0,1.83,0.0,central_penetration
6e810e75-e9f8-44e8-b089-b50f20623f43,7532,Peru,Denmark,Alberto Junior Rodríguez Valdelomar,1,14,11,107.0,37.0,12.2,0.059586205,Wayward,0,Open Play,Head,False,True,From Corner,119.0,2.0,Pass,2,1,0,-12.0,24.7,-6.0,cross,119.0,2.0,wide,False,0,11,0.91,1,1,2,11,5,5,118.0,38.0,1.83,1.83,wide_cross
e107d3c1-cfa3-4f36-99c9-5cb868eb4e67,7532,Denmark,Peru,Pione Sisto Ifolo Emirmija,1,19,37,113.0,26.0,14.31,0.055096734,Blocked,0,Open Play,Left Foot,False,False,Regular Play,39.0,33.0,Pass,21,8,8,74.0,65.6,3.52,cutback,103.0,4.0,wide,False,0,9,3.3,0,0,0,9,1,3,119.0,39.0,0.91,0.91,cutback
b824d79d-cb46-4841-b0ec-5e9112b7fd62,7532,Denmark,Peru,Thomas Delaney,1,26,22,88.0,36.0,29.49,0.037667256,Off T,0,Open Play,Left Foot,False,True,Regular Play,37.0,35.0,Interception,15,5,5,51.0,50.9,3.4,central_pass,74.0,55.0,half_space,False,0,6,1.29,0,1,1,1,1,0,116.0,41.0,3.66,0.91,central_penetration
caabe349-18b5-4321-b8a8-efce92594723,7532,Peru,Denmark,Jefferson Agustín Farfán Guadalupe,1,28,21,108.0,51.0,14.89,0.10626122,Blocked,0,Open Play,Right Foot,False,False,From Throw In,45.0,79.0,Pass,17,7,4,63.0,68.3,3.71,central_pass,84.0,60.0,half_space,False,0,5,1.29,0,1,1,3,1,0,118.0,41.0,1.83,0.91,central_penetration
7bda8f5f-b0aa-423a-bfed-098b983bbe7a,7532,Denmark,Peru,Christian Dannemann Eriksen,1,38,46,100.0,52.0,21.33,0.07605611,Blocked,0,Free Kick,Right Foot,False,False,From Free Kick,100.0,52.0,Shot,0,0,0,0.0,0.0,,,,,half_space,False,0,11,7.37,0,0,0,11,2,5,120.0,40.0,0.0,0.0,set_piece
bcc5fc8c-07b6-4b48-96b1-f12251cc9091,7532,Denmark,Peru,Lasse Schöne,1,38,48,94.0,43.0,23.93,0.024234127,Saved,0,Open Play,Right Foot,True,False,From Free Kick,100.0,52.0,Shot,2,0,0,-6.0,-2.8,-3.0,,,,central,False,0,11,3.66,0,0,0,10,4,5,120.0,41.0,0.0,0.91,other
88098824-f35e-415e-a7c6-5d22a1586b07,7532,Denmark,Peru,Thomas Delaney,1,40,45,102.0,24.0,22.02,0.032256115,Off T,0,Open Play,Left Foot,True,False,From Throw In,79.0,80.0,Pass,54,11,9,23.0,33.2,0.43,cutback,112.0,24.0,half_space,False,0,9,5.78,0,0,0,8,2,3,119.0,41.0,0.91,0.91,cutback
e16aaffb-add5-40dd-a66b-a7e8e145be22,7532,Denmark,Peru,Yussuf Yurary Poulsen,1,46,59,115.0,45.0,6.47,0.09912568,Off T,0,Open Play,Head,False,True,From Corner,119.0,79.0,Pass,2,1,0,-4.0,31.9,-2.0,cross,119.0,79.0,wide,False,0,11,0.91,1,4,4,11,2,4,120.0,43.0,0.0,2.74,wide_cross
e076c54f-08dc-4c68-88c7-938bfefe5ff5,7532,Peru,Denmark,Jefferson Agustín Farfán Guadalupe,2,49,55,110.0,60.0,20.45,0.0068373373,Blocked,0,Open Play,Right Foot,False,False,From Counter,31.0,33.0,Pass,8,2,2,79.0,66.9,9.88,central_pass,56.0,40.0,central,False,0,5,2.04,0,0,1,2,2,0,118.0,45.0,1.83,4.57,fast_counter
08667168-4809-4abc-adc7-e6b5528d6aa0,7532,Denmark,Peru,Jens Stryger Larsen,2,50,28,90.0,36.0,27.67,0.019323658,Off T,0,Open Play,Right Foot,False,True,Regular Play,13.0,28.0,Pass,31,8,9,77.0,77.4,2.48,,,,central,False,0,10,0.91,1,1,1,6,3,3,119.0,40.0,0.91,0.0,slow_possession
cd82fa0e-8b82-4e30-b720-258e59f0a6e1,7532,Denmark,Peru,Christian Dannemann Eriksen,2,52,54,103.0,59.0,23.31,0.009715938,Off T,0,Open Play,Left Foot,True,False,From Free Kick,106.0,65.0,Pass,3,0,0,-3.0,3.2,-1.0,,,,half_space,False,0,11,2.59,0,0,1,11,2,5,119.0,40.0,0.91,0.0,other
060beb7c-7693-42a1-9d1a-8065b61a6419,7532,Peru,Denmark,Édison Michael Flores Peralta,2,56,2,114.0,50.0,10.66,0.077727586,Off T,0,Open Play,Left Foot,False,False,Regular Play,52.0,10.0,Pass,65,23,23,62.0,62.7,0.95,,,,central,False,0,9,4.57,0,0,0,8,3,4,117.0,45.0,2.74,4.57,slow_possession
2309e051-9829-41b1-a332-6941a08a7199,7532,Denmark,Peru,Yussuf Yurary Poulsen,2,58,32,108.0,28.0,15.52,0.24699534,Goal,1,Open Play,Left Foot,False,False,Regular Play,26.0,27.0,Pass,19,7,7,82.0,77.9,4.32,central_pass,85.0,25.0,half_space,False,0,4,3.77,0,0,0,4,1,1,112.0,31.0,7.32,8.23,central_penetration
cf205ac6-1870-4fcc-a6f2-87304b153d9a,7532,Peru,Denmark,Édison Michael Flores Peralta,2,60,7,108.0,29.0,14.89,0.12293178,Saved,0,Open Play,Left Foot,False,False,Regular Play,44.0,35.0,Pass,25,8,5,64.0,59.9,2.56,central_pass,97.0,36.0,central,False,0,5,1.83,0,1,1,5,1,3,117.0,38.0,2.74,1.83,central_penetration
570ea479-9069-4fad-9562-48e983db278f,7532,Peru,Denmark,José Paolo Guerrero Gonzáles,2,63,37,113.0,41.0,6.47,0.17922288,Saved,0,Open Play,Head,False,False,From Throw In,93.0,80.0,Pass,23,8,7,20.0,41.2,0.87,central_pass,104.0,57.0,half_space,False,0,9,1.29,0,2,2,9,2,5,120.0,43.0,0.0,2.74,central_penetration
36e077dd-f4bb-4c17-8bac-0798ca2da37a,7532,Peru,Denmark,Alberto Junior Rodríguez Valdelomar,2,68,19,113.0,50.0,11.16,0.072114944,Off T,0,Open Play,Head,False,True,From Free Kick,84.0,42.0,Pass,14,4,3,29.0,23.8,2.07,central_pass,96.0,18.0,half_space,False,0,10,0.0,1,1,1,9,2,5,120.0,44.0,0.0,3.66,central_penetration
0a7f6494-514f-4bfe-a27f-5681185ea7e1,7532,Peru,Denmark,Luis Jan Piers Advíncula Castrillón,2,72,6,109.0,59.0,20.08,0.010184116,Saved,0,Open Play,Left Foot,False,False,From Free Kick,60.0,5.0,Pass,47,11,12,49.0,47.5,1.04,central_pass,98.0,61.0,half_space,False,0,9,3.3,0,0,0,9,2,4,119.0,45.0,0.91,4.57,central_penetration
8393fb79-a904-4a79-8235-94a522495215,7532,Peru,Denmark,José Paolo Guerrero Gonzáles,2,78,28,112.0,40.0,7.32,0.13312599,Off T,0,Open Play,Right Foot,False,False,Regular Play,34.0,5.0,Duel,23,3,7,78.0,84.8,3.39,central_pass,109.0,28.0,half_space,False,0,9,0.91,1,1,2,9,2,3,119.0,41.0,0.91,0.91,central_penetration
d59a3d52-e048-4f21-93df-74b35a31e552,7532,Denmark,Peru,Nicolai Jørgensen,2,81,45,104.0,49.0,16.79,0.11509085,Blocked,0,Open Play,Left Foot,True,False,From Throw In,71.0,80.0,Pass,10,0,1,33.0,44.9,3.3,,,,central,False,0,8,3.77,0,0,0,5,2,2,115.0,42.0,4.57,1.83,other
b585debf-6b91-4ded-9764-61ea956240dc,7532,Peru,Denmark,Jefferson Agustín Farfán Guadalupe,2,83,20,108.0,43.0,11.31,0.1773644,Saved,0,Open Play,Right Foot,True,False,Regular Play,5.0,65.0,Pass,34,9,10,103.0,105.3,3.03,cross,115.0,57.0,half_space,False,0,8,6.47,0,0,0,7,2,3,120.0,44.0,0.0,3.66,wide_cross
b595cd9d-3ce2-4bac-bbb9-e8bb2681bb43,7532,Denmark,Peru,Christian Dannemann Eriksen,2,85,25,105.0,32.0,15.54,0.40600583,Saved,0,Open Play,Left Foot,False,False,From Goal Kick,6.0,41.0,Pass,8,2,2,99.0,97.0,12.38,central_pass,91.0,41.0,central,False,0,8,2.89,0,0,1,4,1,0,112.0,37.0,7.32,2.74,fast_counter
c3580921-20e7-4296-8dab-1d1f6d841f3d,7532,Peru,Denmark,José Paolo Guerrero Gonzáles,2,94,2,112.0,41.0,7.37,0.11653745,Wayward,0,Open Play,Head,False,True,From Throw In,112.0,1.0,Pass,4,3,1,0.0,31.7,0.0,cross,110.0,3.0,wide,False,0,11,1.83,0,2,3,9,2,5,119.0,41.0,0.91,0.91,wide_cross
52b5945c-37e1-487e-8a5b-317647751190,7560,Morocco,Spain,Khalid Boutaïb,1,13,23,107.0,45.0,12.74,0.42943794,Goal,1,Open Play,Left Foot,False,False,From Throw In,94.0,13.0,Pressure,38,0,3,13.0,23.6,0.34,,,,central,False,0,3,4.09,0,0,0,2,1,0,111.0,43.0,8.23,2.74,other
ee3e2860-5f81-4a92-9c27-00165c98c4d6,7560,Spain,Morocco,Andrés Iniesta Luján,1,17,12,97.0,27.0,24.16,0.03164082,Off T,0,Open Play,Left Foot,False,False,Regular Play,66.0,54.0,Ball Recovery,8,3,4,31.0,29.4,3.88,central_pass,88.0,40.0,central,False,0,9,0.91,1,1,1,4,1,2,117.0,40.0,2.74,0.0,central_penetration
186cf41b-72ee-48e6-8796-8390cda352ec,7560,Spain,Morocco,Francisco Román Alarcón Suárez,1,18,50,114.0,38.0,5.78,0.3899508,Goal,1,Open Play,Right Foot,False,False,From Throw In,92.0,80.0,Pass,17,8,9,22.0,42.5,1.29,cutback,117.0,30.0,central,False,0,8,2.89,0,0,2,8,1,4,117.0,39.0,2.74,0.91,cutback
b5af73f3-4420-4599-88e8-394df8674f78,7560,Spain,Morocco,Gerard Piqué Bernabéu,1,22,59,112.0,45.0,8.63,0.060181323,Saved,0,Open Play,Head,False,True,From Corner,120.0,2.0,Pass,2,1,0,-8.0,28.6,-4.0,cutback,120.0,2.0,wide,False,0,11,1.29,0,1,2,8,2,4,119.0,40.0,0.91,0.0,cutback
469c206e-8b0a-453c-8512-02222e36d982,7560,Spain,Morocco,Andrés Iniesta Luján,1,23,41,102.0,34.0,17.35,0.11654905,Blocked,0,Open Play,Right Foot,False,False,Regular Play,19.0,2.0,Pass,16,4,3,83.0,88.9,5.19,central_pass,28.0,45.0,central,False,0,8,4.09,0,0,0,5,2,3,117.0,40.0,2.74,0.0,central_penetration
44de59e9-290b-42ca-9cee-928fc3b887ce,7560,Morocco,Spain,Khalid Boutaïb,1,24,12,114.0,34.0,7.76,0.2923044,Saved,0,Open Play,Left Foot,False,False,From Throw In,55.0,1.0,Pass,6,1,1,59.0,67.3,9.83,other,55.0,1.0,wide,False,0,4,2.04,0,0,1,4,1,0,117.0,36.0,2.74,3.66,fast_counter
34550d25-7653-41a0-b674-5204f05f5bd9,7560,Spain,Morocco,Diego da Silva Costa,1,26,8,106.0,31.0,15.22,0.15321249,Wayward,0,Open Play,Left Foot,True,False,Regular Play,64.0,52.0,Pass,19,3,5,42.0,40.6,2.21,cross,109.0,21.0,half_space,False,0,8,6.59,0,0,0,5,1,2,117.0,39.0,2.74,0.91,wide_cross
153af6e8-7fe4-4378-aa47-be0885954086,7560,Spain,Morocco,Sergio Busquets i Burgos,1,36,24,112.0,38.0,7.54,0.092447676,Off T,0,Open Play,Head,False,False,From Corner,119.0,2.0,Pass,1,1,0,-7.0,29.8,-7.0,cross,119.0,2.0,wide,False,0,10,2.74,0,0,3,7,2,4,118.0,40.0,1.83,0.0,wide_cross
499a4ba5-e92d-489a-916a-ea95a52ef2cb,7560,Morocco,Spain,Hakim Ziyech,1,42,36,94.0,30.0,25.47,0.035891,Off T,0,Open Play,Left Foot,False,False,Regular Play,33.0,61.0,Pass,52,18,18,61.0,61.6,1.17,other,97.0,8.0,wide,False,0,10,1.83,0,1,1,3,1,2,119.0,41.0,0.91,0.91,slow_possession
816728a2-2d00-4207-9eff-e49327040292,7560,Spain,Morocco,Diego da Silva Costa,1,46,41,116.0,37.0,4.57,0.47844365,Wayward,0,Open Play,Right Foot,False,False,Regular Play,66.0,28.0,Duel,14,3,5,50.0,50.3,3.57,cross,116.0,21.0,half_space,False,0,9,2.59,0,0,2,8,1,5,118.0,39.0,1.83,0.91,wide_cross
d712d5e4-6bcb-4813-9bce-f4673244f15e,7560,Morocco,Spain,Mbark Boussoufa,2,46,13,117.0,50.0,9.55,0.0452215,Off T,0,Open Play,Head,False,True,From Goal Kick,7.0,40.0,Pass,34,6,5,110.0,102.6,3.24,cross,92.0,10.0,wide,False,0,8,0.91,1,1,1,6,1,3,119.0,43.0,0.91,2.74,wide_cross
25dcab99-d334-4bc8-9f3b-832e6147c0e7,7560,Spain,Morocco,Francisco Román Alarcón Suárez,2,51,55,99.0,43.0,19.4,0.05123204,Wayward,0,Open Play,Right Foot,False,False,Regular Play,65.0,78.0,Pass,9,3,3,34.0,45.6,3.78,cutback,102.0,51.0,half_space,False,0,6,1.29,0,1,1,5,3,3,119.0,42.0,0.91,1.83,cutback
94405ca0-d568-4602-98bc-3db60d1f18cd,7560,Morocco,Spain,Nordin Amrabat,2,54,33,97.0,60.0,27.87,0.010095489,Post,0,Open Play,Right Foot,False,False,From Keeper,6.0,40.0,Goal Keeper,28,5,6,91.0,83.5,3.25,central_pass,84.0,55.0,half_space,False,0,9,4.09,0,0,0,5,2,1,118.0,41.0,1.83,0.91,central_penetration
e2486881-aa07-41e5-832b-f0d03b5c14af,7560,Spain,Morocco,Gerard Piqué Bernabéu,2,55,34,87.0,53.0,32.43,0.005666844,Off T,0,Open Play,Right Foot,False,True,Regular Play,9.0,32.0,Ball Recovery,58,21,16,78.0,75.8,1.34,other,79.0,11.0,wide,False,0,10,2.89,0,0,1,2,3,0,117.0,42.0,2.74,1.83,slow_possession
b2cd884a-6a68-4f4b-8697-fc05f2ccf8b1,7560,Morocco,Spain,Nabil Dirar,2,56,58,110.0,52.0,14.28,0.10190532,Wayward,0,Open Play,Right Foot,True,False,Regular Play,32.0,16.0,Interception,20,4,9,78.0,75.6,3.9,cutback,119.0,69.0,wide,False,0,8,1.83,0,1,4,8,1,3,118.0,42.0,1.83,1.83,cutback
79b1e0ca-2fd1-4611-8c4e-a4d3061c81f9,7560,Spain,Morocco,Thiago Alcântara do Nascimento,2,58,12,106.0,51.0,16.28,0.08270539,Wayward,0,Open Play,Left Foot,True,False,Regular Play,38.0,28.0,Pass,41,12,10,68.0,65.1,1.66,cross,112.0,60.0,half_space,False,0,9,4.09,0,0,0,6,2,2,118.0,43.0,1.83,2.74,wide_cross
386dbc2f-b1aa-4bc7-beb1-febe30b2c596,7560,Spain,Morocco,Francisco Román Alarcón Suárez,2,61,11,115.0,37.0,5.33,0.17241496,Blocked,0,Open Play,Head,False,True,From Throw In,116.0,80.0,Pass,49,13,14,-1.0,34.4,-0.02,cross,104.0,64.0,wide,False,0,9,1.29,0,1,2,8,2,5,119.0,40.0,0.91,0.0,wide_cross
3ec14ee2-fd69-400d-801f-3e663205b177,7560,Spain,Morocco,Gerard Piqué Bernabéu,2,62,25,111.0,40.0,8.23,0.07709874,Off T,0,Open Play,Head,False,True,From Corner,120.0,80.0,Pass,2,1,0,-9.0,31.0,-4.5,cutback,120.0,80.0,wide,False,0,11,0.91,1,2,3,8,2,4,119.0,41.0,0.91,0.91,cutback
91f84efe-72be-4fee-bb3d-822aaa3e52b3,7560,Spain,Morocco,David Josué Jiménez Silva,2,66,9,110.0,52.0,14.28,0.124626815,Wayward,0,Open Play,Left Foot,False,False,Regular Play,53.0,6.0,Pass,52,21,18,57.0,59.5,1.1,central_pass,104.0,56.0,half_space,False,0,10,1.83,0,1,2,9,1,3,119.0,42.0,0.91,1.83,central_penetration
7298a85a-46ad-4cf6-b014-abc3f6c2f5ed,7560,Spain,Morocco,Thiago Alcântara do Nascimento,2,68,14,101.0,31.0,19.22,0.04259523,Off T,0,Open Play,Right Foot,True,False,From Free Kick,74.0,16.0,Pass,33,13,10,27.0,30.9,0.82,cutback,106.0,25.0,half_space,False,0,10,1.29,0,1,2,6,2,2,118.0,40.0,1.83,0.0,cutback
a2ae5792-3c67-49bb-a6b7-02afecaef2e7,7560,Spain,Morocco,Sergio Ramos García,2,77,53,88.0,27.0,31.58,0.006282342,Off T,0,Open Play,Right Foot,False,False,Regular Play,92.0,62.0,Pass,33,11,10,-4.0,1.1,-0.12,other,89.0,8.0,wide,False,0,11,3.77,0,0,0,5,3,2,119.0,41.0,0.91,0.91,slow_possession
22e4f746-bc90-4997-86c8-fed9540c7071,7560,Morocco,Spain,Hakim Ziyech,2,79,53,112.0,50.0,11.71,0.09008012,Blocked,0,Open Play,Left Foot,True,False,From Throw In,83.0,80.0,Pass,9,6,5,29.0,41.7,3.22,cross,117.0,70.0,wide,False,0,10,2.59,0,0,1,7,2,1,118.0,42.0,1.83,1.83,wide_cross
eeed9ec2-1862-4f4b-a4d5-9d75a26ae6f2,7560,Morocco,Spain,Youssef En-Nesyri,2,80,34,110.0,40.0,9.14,0.066824906,Goal,1,Open Play,Head,False,True,From Corner,119.0,80.0,Pass,2,1,0,-9.0,30.0,-4.5,cutback,119.0,80.0,wide,False,0,11,0.91,1,1,2,11,2,4,119.0,40.0,0.91,0.0,cutback
cd69f7f2-0b08-47ec-9c5b-1551bfbadac4,7560,Spain,Morocco,Rodrigo Moreno Machado,2,85,0,113.0,41.0,6.47,0.113147,Wayward,0,Open Play,Head,False,False,From Free Kick,97.0,69.0,Pass,1,1,0,16.0,29.9,16.0,cross,97.0,69.0,wide,False,0,10,0.91,1,1,3,7,2,5,120.0,41.0,0.0,0.91,wide_cross
1b85a350-8b8b-442b-b713-558b61fb84d6,7560,Spain,Morocco,Marco Asensio Willemsen,2,86,28,114.0,34.0,7.76,0.1921803,Off T,0,Open Play,Head,False,False,From Throw In,58.0,80.0,Pass,32,9,6,56.0,65.3,1.75,cross,119.0,21.0,half_space,False,0,11,0.91,1,1,1,9,1,3,119.0,39.0,0.91,0.91,wide_cross
c1268f18-3a1c-48c0-b3c8-54acbf8a5a09,7560,Spain,Morocco,Iago Aspas Juncal,2,90,8,116.0,44.0,5.17,0.41411763,Goal,1,Open Play,Right Foot,True,False,From Corner,119.0,79.0,Pass,3,2,0,-3.0,33.4,-1.0,cross,110.0,63.0,wide,False,0,11,2.89,0,0,2,11,1,7,119.0,43.0,0.91,2.74,wide_cross
7fd36a1f-7d03-4810-8e9f-0987194a3543,7533,Switzerland,Brazil,Blerim Džemaili,1,2,54,109.0,44.0,10.7,0.13300222,Off T,0,Open Play,Right Foot,False,False,Regular Play,39.0,77.0,Ball Recovery,15,6,5,70.0,77.3,4.67,central_pass,100.0,62.0,half_space,False,0,9,2.89,0,0,1,6,1,2,118.0,42.0,1.83,1.83,central_penetration
f31b579e-0ada-436f-a9ef-7baf74481af9,7533,Brazil,Switzerland,José Paulo Bezzera Maciel Júnior,1,10,55,115.0,36.0,5.86,0.5253904,Off T,0,Open Play,Left Foot,True,False,From Goal Kick,6.0,41.0,Pass,69,23,25,109.0,107.6,1.58,,,,central,False,0,8,2.59,0,0,1,8,1,4,117.0,38.0,2.74,1.83,slow_possession
765d47f4-5c26-41aa-a02a-5bdf6740ad6b,7533,Brazil,Switzerland,Neymar da Silva Santos Junior,1,15,17,91.0,35.0,26.91,0.04032603,Blocked,0,Free Kick,Right Foot,False,False,From Free Kick,91.0,35.0,Shot,0,0,0,0.0,0.0,,,,,central,False,0,10,9.19,0,0,0,3,3,0,118.0,40.0,1.83,0.0,set_piece
02add02f-363f-42e5-b204-a6c1b6290701,7533,Brazil,Switzerland,Philippe Coutinho Correia,1,19,5,99.0,21.0,25.9,0.010917373,Goal,1,Open Play,Right Foot,False,True,Regular Play,7.0,65.0,Pass,30,9,10,92.0,87.4,3.07,,,,half_space,False,0,10,4.57,0,0,0,9,3,3,118.0,40.0,1.83,0.0,slow_possession
e3d5fb2b-025f-46a2-aa38-dbb2f83241f9,7533,Switzerland,Brazil,Stephan Lichtsteiner,1,27,50,115.0,57.0,16.2,0.008365875,Wayward,0,Open Play,Head,False,True,Regular Play,39.0,19.0,Ball Recovery,31,10,12,76.0,66.0,2.45,cross,98.0,6.0,wide,False,0,9,0.91,1,1,1,6,1,3,119.0,43.0,0.91,2.74,wide_cross
f01f102f-bd2f-4b2f-8764-41971c973961,7533,Brazil,Switzerland,Gabriel Fernando de Jesus,1,32,29,116.0,44.0,5.17,0.17634274,Wayward,0,Open Play,Head,False,False,From Corner,119.0,1.0,Pass,2,1,0,-3.0,33.4,-1.5,cross,119.0,1.0,wide,False,0,10,0.91,1,1,3,9,1,4,117.0,42.0,2.74,1.83,wide_cross
c8b63187-bdd1-4aab-b36c-d5a51fdf372f,7533,Switzerland,Brazil,Steven Zuber,1,39,15,105.0,26.0,18.76,0.06642043,Blocked,0,Open Play,Right Foot,False,False,From Throw In,48.0,80.0,Pass,29,9,11,57.0,61.8,1.97,central_pass,97.0,22.0,half_space,False,0,9,2.04,0,0,1,5,1,1,119.0,39.0,0.91,0.91,central_penetration
20e2f586-432c-4e46-aa87-d04ba79a927a,7533,Brazil,Switzerland,Thiago Emiliano da Silva,1,46,7,116.0,32.0,8.18,0.08788804,Off T,0,Open Play,Head,False,False,From Corner,119.0,2.0,Pass,1,1,0,-3.0,29.1,-3.0,cross,119.0,2.0,wide,False,0,10,0.91,1,1,4,9,2,4,119.0,38.0,0.91,1.83,wide_cross
4416928d-a24c-465e-90c5-4df389fae5bf,7533,Switzerland,Brazil,Blerim Džemaili,2,45,29,88.0,23.0,33.13,0.0074377093,Off T,0,Open Play,Right Foot,True,True,From Kick Off,61.0,40.0,Pass,29,8,7,27.0,22.8,0.93,other,90.0,16.0,wide,False,0,10,5.49,0,0,0,2,2,1,118.0,38.0,1.83,1.83,slow_possession
aa5163b7-e615-4d9c-9004-b0577e61c1ab,7533,Switzerland,Brazil,Steven Zuber,2,49,29,116.0,41.0,3.77,0.16874993,Goal,1,Open Play,Head,False,False,From Corner,119.0,80.0,Pass,2,1,0,-3.0,35.9,-1.5,cutback,119.0,80.0,wide,False,0,11,0.91,1,2,4,11,1,4,119.0,40.0,0.91,0.0,cutback
d0c0be8a-113a-4e19-9b5d-457ef660f34f,7533,Brazil,Switzerland,Philippe Coutinho Correia,2,56,50,97.0,33.0,21.98,0.03833949,Blocked,0,Open Play,Right Foot,True,False,From Keeper,5.0,41.0,Goal Keeper,38,12,13,92.0,91.0,2.42,,,,central,False,0,9,9.41,0,0,0,8,3,4,119.0,42.0,0.91,1.83,slow_possession
b49d26ff-c491-4d95-9562-77007ca23901,7533,Brazil,Switzerland,Philippe Coutinho Correia,2,56,52,104.0,36.0,15.08,0.07456492,Blocked,0,Open Play,Right Foot,True,False,From Keeper,5.0,41.0,Goal Keeper,40,12,13,99.0,98.5,2.48,,,,central,False,0,8,2.04,0,0,1,8,5,4,119.0,41.0,0.91,0.91,slow_possession
fd74ce2c-6275-451a-8536-cd024742ce0d,7533,Brazil,Switzerland,Neymar da Silva Santos Junior,2,56,59,116.0,30.0,9.85,0.07011941,Blocked,0,Open Play,Right Foot,False,False,From Keeper,5.0,41.0,Goal Keeper,47,14,18,111.0,104.2,2.36,central_pass,102.0,24.0,half_space,False,0,10,1.29,0,1,2,9,1,5,119.0,38.0,0.91,1.83,central_penetration
2b9ca654-dc60-4c20-b19d-b6c387f8fcb4,7533,Brazil,Switzerland,Thiago Emiliano da Silva,2,58,14,110.0,43.0,9.55,0.10740602,Wayward,0,Open Play,Head,False,True,From Corner,120.0,79.0,Pass,11,3,3,-10.0,28.6,-0.91,central_pass,103.0,60.0,half_space,False,0,8,1.29,0,1,1,7,1,3,119.0,41.0,0.91,0.91,central_penetration
17ac41ec-642e-4d64-8721-c4c98f756532,7533,Brazil,Switzerland,Carlos Henrique Casimiro,2,58,56,89.0,36.0,28.58,0.027605115,Off T,0,Open Play,Right Foot,False,False,Regular Play,80.0,21.0,Pass,6,2,4,9.0,13.0,1.5,central_pass,74.0,18.0,half_space,False,0,11,3.3,0,0,0,1,1,0,119.0,41.0,0.91,0.91,central_penetration
3681b8fa-528d-4d38-92ef-09a168377544,7533,Brazil,Switzerland,Fernando Luiz Roza,2,65,39,94.0,41.0,23.79,0.026265554,Blocked,0,Open Play,Right Foot,False,False,From Free Kick,99.0,18.0,Pass,12,1,3,-5.0,4.4,-0.42,,,,central,False,0,10,3.77,0,0,0,7,1,6,119.0,41.0,0.91,0.91,other
f5d69990-07f3-484b-8bab-bf4a968b2797,7533,Brazil,Switzerland,Willian Borges da Silva,2,66,0,101.0,51.0,20.08,0.032883782,Blocked,0,Open Play,Right Foot,True,True,From Corner,120.0,2.0,Pass,7,0,0,-19.0,16.0,-2.71,,,,half_space,False,0,11,2.89,0,0,1,9,4,6,120.0,44.0,0.0,3.66,other
30303f80-e9ca-4d62-8826-fdebd44a657b,7533,Brazil,Switzerland,Willian Borges da Silva,2,66,11,100.0,57.0,24.0,0.024012115,Off T,0,Open Play,Left Foot,False,True,From Corner,120.0,2.0,Pass,18,1,2,-20.0,11.8,-1.11,cutback,119.0,76.0,wide,False,0,11,2.04,0,0,2,7,2,4,118.0,41.0,1.83,0.91,cutback
ad7b81d3-dde5-42ea-836a-7346df1fb603,7533,Brazil,Switzerland,Philippe Coutinho Correia,2,69,1,108.0,32.0,13.19,0.090432055,Off T,0,Open Play,Right Foot,False,False,Regular Play,66.0,28.0,Pass,70,15,17,42.0,40.9,0.6,central_pass,92.0,51.0,half_space,False,0,7,1.83,0,1,1,6,1,2,118.0,39.0,1.83,0.91,central_penetration
6c516987-83b4-4503-b4e4-e1d99dfe378c,7533,Switzerland,Brazil,Blerim Džemaili,2,72,6,100.0,42.0,18.38,0.058959655,Saved,0,Open Play,Left Foot,False,True,Regular Play,104.0,63.0,Pass,2,1,1,-4.0,7.9,-2.0,cutback,104.0,63.0,wide,False,0,8,1.29,0,2,3,5,1,1,119.0,38.0,0.91,1.83,cutback
cf2fa8e8-27a1-4cd6-bb7d-ba8134e8d0f8,7533,Brazil,Switzerland,Fernando Luiz Roza,2,76,1,92.0,52.0,27.86,0.022279786,Off T,0,Open Play,Right Foot,False,True,Regular Play,76.0,44.0,Pass,11,3,3,16.0,13.7,1.45,central_pass,84.0,33.0,central,False,0,11,3.88,0,0,0,6,3,3,120.0,43.0,0.0,2.74,central_penetration
393084d9-9259-4f37-ab56-ba31626554b3,7533,Brazil,Switzerland,Neymar da Silva Santos Junior,2,77,2,96.0,21.0,27.99,0.009771554,Saved,0,Open Play,Right Foot,False,False,Regular Play,43.0,13.0,Pass,28,5,7,53.0,51.0,1.89,other,97.0,5.0,wide,False,0,9,2.89,0,0,1,5,2,2,120.0,40.0,0.0,0.0,other
f24e14f3-73b3-42cc-803e-7ffc67908582,7533,Brazil,Switzerland,Roberto Firmino Barbosa de Oliveira,2,81,9,114.0,54.0,13.93,0.02486829,Off T,0,Open Play,Right Foot,False,True,Regular Play,55.0,31.0,Pass,9,3,3,59.0,50.4,6.56,,,,half_space,False,0,6,2.89,0,0,1,5,2,1,120.0,44.0,0.0,3.66,fast_counter
4715b40e-134f-4d1c-897d-141010d5a66e,7533,Brazil,Switzerland,Neymar da Silva Santos Junior,2,87,18,109.0,38.0,10.22,0.14345361,Saved,0,Open Play,Head,False,False,From Free Kick,81.0,27.0,Pass,38,5,4,28.0,29.9,0.74,cross,108.0,71.0,wide,False,0,10,0.91,1,1,1,6,1,3,120.0,41.0,0.0,0.91,wide_cross
db096ab4-45ea-48db-8c20-8746d4c72dea,7533,Switzerland,Brazil,Xherdan Shaqiri,2,88,26,99.0,51.0,21.68,0.029170832,Off T,0,Open Play,Left Foot,False,False,From Free Kick,40.0,62.0,Pressure,33,1,4,59.0,59.3,1.79,,,,half_space,False,0,8,2.04,0,0,1,1,2,1,119.0,40.0,0.91,0.0,other
ed6f9798-6604-4c90-a321-7dd06819ac4b,7533,Brazil,Switzerland,Roberto Firmino Barbosa de Oliveira,2,89,40,112.0,40.0,7.32,0.1586349,Saved,0,Open Play,Head,False,False,From Free Kick,91.0,7.0,Pass,2,1,0,21.0,35.9,10.5,cross,91.0,7.0,wide,False,0,11,1.29,0,1,2,8,1,5,118.0,40.0,1.83,0.0,wide_cross
b144f469-70f5-44f3-9bc5-dd27db369d2a,7533,Brazil,Switzerland,João Miranda de Souza Filho,2,90,40,105.0,40.0,13.72,0.05075771,Off T,0,Open Play,Right Foot,False,True,From Corner,120.0,1.0,Pass,5,1,2,-15.0,24.0,-3.0,,,,central,False,0,11,1.83,0,1,1,10,5,4,118.0,41.0,1.83,0.91,other
ab3468b4-5b81-49fa-93e2-50f8ccfe5407,7533,Brazil,Switzerland,Renato Soares de Oliveira Augusto,2,95,30,115.0,32.0,8.63,0.1243309,Blocked,0,Open Play,Left Foot,True,False,From Free Kick,92.0,23.0,Pass,3,0,0,23.0,23.3,7.67,,,,central,False,0,10,3.3,0,0,0,10,2,7,118.0,38.0,1.83,1.83,other
34877be1-bc6e-4aee-8a37-c63415bf518b,7564,Nigeria,Argentina,Oghenekaro Etebo,1,6,2,98.0,38.0,20.2,0.06383541,Blocked,0,Open Play,Right Foot,False,False,From Throw In,68.0,1.0,Pass,8,3,6,30.0,42.9,3.75,other,69.0,2.0,wide,False,0,5,2.04,0,0,1,3,1,1,118.0,40.0,1.83,0.0,other
a50ebd60-1c43-42c4-9d5c-18f3e2ec35e0,7564,Argentina,Nigeria,Nicolás Alejandro Tagliafico,1,7,7,105.0,28.0,17.57,0.103297286,Off T,0,Open Play,Left Foot,False,True,From Free Kick,80.0,67.0,Pass,29,13,12,25.0,29.1,0.86,central_pass,84.0,44.0,central,False,0,9,2.04,0,0,2,5,1,0,118.0,39.0,1.83,0.91,central_penetration
129d105f-4f7b-49d3-b120-dd1a5a7ce8b0,7564,Nigeria,Argentina,Ahmed Musa,1,8,22,97.0,24.0,25.62,0.023638628,Off T,0,Open Play,Right Foot,False,False,From Throw In,114.0,1.0,Pass,5,1,2,-17.0,11.4,-3.4,central_pass,98.0,21.0,half_space,False,0,11,2.04,0,0,1,5,1,2,118.0,40.0,1.83,0.0,central_penetration
c7b79eb5-1dcc-41e6-9f34-21f92d0493b8,7564,Argentina,Nigeria,Lionel Andrés Messi Cuccittini,1,13,52,112.0,50.0,11.71,0.20670193,Goal,1,Open Play,Right Foot,False,True,Regular Play,39.0,25.0,Interception,11,2,3,73.0,69.6,6.64,central_pass,61.0,27.0,half_space,False,0,5,2.04,0,0,1,4,1,0,118.0,43.0,1.83,2.74,fast_counter
2a7dfc31-b293-4d6d-bf0a-936e2ef20d59,7564,Argentina,Nigeria,Gonzalo Gerardo Higuaín,1,26,39,112.0,52.0,13.19,0.13524082,Saved,0,Open Play,Right Foot,True,False,From Throw In,38.0,1.0,Pass,30,8,7,74.0,76.4,2.47,other,85.0,74.0,wide,False,0,8,2.89,0,0,1,4,0,0,115.0,50.0,4.57,9.14,slow_possession
7eb04940-a08e-4e7a-b474-28b89a4e7055,7564,Argentina,Nigeria,Lionel Andrés Messi Cuccittini,1,33,14,100.0,29.0,20.87,0.091842376,Post,0,Free Kick,Left Foot,False,False,From Free Kick,100.0,29.0,Shot,0,0,0,0.0,0.0,,,,,half_space,False,0,11,8.67,0,0,0,11,4,4,119.0,41.0,0.91,0.91,set_piece
557ee656-00e9-4380-94a7-2e29ba2ec1d7,7564,Argentina,Nigeria,Ángel Fabián Di María Hernández,1,38,8,111.0,26.0,15.22,0.069989234,Blocked,0,Open Play,Left Foot,False,True,Regular Play,70.0,4.0,Pass,28,7,8,41.0,45.0,1.46,central_pass,100.0,40.0,central,False,0,8,2.74,0,0,1,7,1,3,119.0,38.0,0.91,1.83,central_penetration
f089eba5-02bd-4d53-ba2d-9df163fd4695,7564,Nigeria,Argentina,Oghenekaro Etebo,1,40,59,93.0,49.0,26.02,0.023919689,Wayward,0,Open Play,Right Foot,False,False,From Throw In,113.0,80.0,Pass,5,0,1,-20.0,12.1,-4.0,,,,central,False,0,10,3.3,0,0,0,6,2,2,118.0,40.0,1.83,0.0,other
f529664b-b1f1-4bf7-a88b-436a35f7c38a,7564,Nigeria,Argentina,Leon Aderemi Balogun,1,47,5,103.0,48.0,17.18,0.09839518,Saved,0,Open Play,Head,False,False,From Free Kick,89.0,3.0,Pass,10,2,2,14.0,29.5,1.4,cross,86.0,66.0,wide,False,0,11,1.83,0,1,1,7,1,3,116.0,40.0,3.66,0.0,wide_cross
c496d818-3a72-482b-afb5-e7f13eea5510,7564,Nigeria,Argentina,Onyinye Wilfred Ndidi,2,70,45,93.0,40.0,24.69,0.0398082,Off T,0,Open Play,Right Foot,True,True,Regular Play,27.0,25.0,Pass,21,8,8,66.0,67.2,3.14,central_pass,97.0,33.0,central,False,0,7,4.57,0,0,0,3,1,1,119.0,41.0,0.91,0.91,central_penetration
eaf4dfce-7226-4270-b623-0d269cbe92bc,7564,Nigeria,Argentina,Odion Jude Ighalo,2,74,51,108.0,47.0,12.7,0.13220388,Off T,0,Open Play,Right Foot,True,False,From Counter,35.0,7.0,Interception,10,1,2,73.0,77.3,7.3,,,,central,False,0,6,3.66,0,0,0,4,1,0,119.0,43.0,0.91,2.74,fast_counter
e644768e-a98e-421a-a5bf-742c1689e51b,7564,Argentina,Nigeria,Nicolás Alejandro Tagliafico,2,78,56,105.0,23.0,20.73,0.028244063,Wayward,0,Open Play,Left Foot,True,True,Regular Play,55.0,22.0,Pass,81,24,22,50.0,44.8,0.62,central_pass,106.0,35.0,central,False,0,11,3.88,0,0,0,9,2,5,118.0,38.0,1.83,1.83,central_penetration
07f9df83-8cd1-46ca-bc3e-d54004454b0d,7564,Argentina,Nigeria,Gonzalo Gerardo Higuaín,2,79,56,108.0,36.0,11.57,0.12803131,Off T,0,Open Play,Left Foot,True,False,Regular Play,66.0,56.0,Duel,11,4,3,42.0,43.7,3.82,cross,112.0,13.0,wide,False,0,9,2.59,0,0,1,9,1,4,118.0,38.0,1.83,1.83,fast_counter
a1df8152-d56b-4c63-858c-49d629070eca,7564,Nigeria,Argentina,Odion Jude Ighalo,2,82,45,116.0,29.0,10.7,0.09381688,Saved,0,Open Play,Right Foot,False,False,From Free Kick,24.0,13.0,Pass,14,3,6,92.0,88.0,6.57,other,94.0,7.0,wide,False,0,7,2.59,0,0,1,5,1,2,118.0,33.0,1.83,6.4,other
394c46aa-bf91-4844-b0b7-8dcc8718bf94,7564,Nigeria,Argentina,Oghenekaro Etebo,2,83,59,94.0,53.0,26.58,0.046227314,Off T,0,Free Kick,Right Foot,False,False,From Free Kick,94.0,53.0,Shot,0,0,0,0.0,0.0,,,,,half_space,False,0,9,6.47,0,0,0,8,1,4,119.0,41.0,0.91,0.91,set_piece
902a1e7f-d4aa-4ca9-af5d-1b9f60544760,7564,Argentina,Nigeria,Faustino Marcos Alberto Rojo,2,85,48,107.0,37.0,12.2,0.08721284,Goal,1,Open Play,Right Foot,True,False,Regular Play,47.0,42.0,Pass,90,20,21,60.0,59.7,0.67,cross,111.0,76.0,wide,False,0,10,2.89,0,0,1,6,2,2,119.0,40.0,0.91,0.0,wide_cross
488dbfa7-0e54-4b8a-a28d-ab2bc3acfc12,7579,Portugal,Uruguay,Bernardo Mota Veiga de Carvalho e Silva,1,1,45,115.0,50.0,10.22,0.05975101,Off T,0,Open Play,Head,False,False,From Free Kick,35.0,66.0,Pass,25,8,10,80.0,77.7,3.2,cross,117.0,12.0,wide,False,0,7,2.04,0,0,1,7,1,2,119.0,44.0,0.91,3.66,wide_cross
cf36886a-d388-4029-b6bb-241748d9def8,7579,Portugal,Uruguay,Cristiano Ronaldo dos Santos Aveiro,1,5,9,97.0,50.0,22.93,0.030363295,Saved,0,Open Play,Right Foot,True,False,Regular Play,35.0,27.0,Pass,36,9,7,62.0,60.9,1.72,central_pass,98.0,58.0,half_space,False,0,9,3.3,0,0,0,6,2,2,118.0,43.0,1.83,2.74,central_penetration
875fa01d-ae49-4380-9600-99d56dccb96d,7579,Uruguay,Portugal,Edinson Roberto Cavani Gómez,1,6,39,114.0,46.0,7.76,0.17684262,Goal,1,Open Play,Head,False,False,Regular Play,13.0,32.0,Pass,21,6,4,101.0,98.8,4.81,central_pass,100.0,18.0,half_space,False,0,6,2.74,0,0,1,5,1,2,119.0,41.0,0.91,0.91,central_penetration
cba96aad-d891-44d2-9921-880a03cac9e2,7579,Portugal,Uruguay,José Miguel da Rocha Fonte,1,10,11,115.0,34.0,7.14,0.13387658,Off T,0,Open Play,Head,False,True,From Corner,119.0,79.0,Pass,5,3,1,-4.0,31.2,-0.8,cross,104.0,74.0,wide,False,0,9,0.91,1,1,1,9,1,4,120.0,40.0,0.0,0.0,wide_cross
3661f6e9-197c-4509-8e5a-873ef5dc6a44,7579,Portugal,Uruguay,Cristiano Ronaldo dos Santos Aveiro,1,11,57,95.0,20.0,29.28,0.008421112,Blocked,0,Open Play,Right Foot,False,False,Regular Play,13.0,36.0,Ball Recovery,67,18,16,82.0,75.1,1.22,other,85.0,13.0,wide,False,0,9,3.77,0,0,0,4,2,3,119.0,41.0,0.91,0.91,slow_possession
3b0eef9b-9d8b-4c4c-8216-841e32f24955,7579,Uruguay,Portugal,Luis Alberto Suárez Díaz,1,13,24,110.0,57.0,18.03,0.013191463,Blocked,0,Open Play,Right Foot,False,True,From Counter,78.0,54.0,Interception,6,1,2,32.0,24.5,5.33,central_pass,77.0,55.0,half_space,False,0,7,2.59,0,0,2,6,1,0,119.0,43.0,0.91,2.74,fast_counter
d240f917-92e3-4190-8100-0eb01bc82b58,7579,Portugal,Uruguay,Gonçalo Manuel Ganchinho Guedes,1,15,14,97.0,47.0,21.98,0.036250863,Blocked,0,Open Play,Left Foot,False,False,Regular Play,43.0,27.0,Duel,23,3,6,54.0,54.0,2.35,central_pass,100.0,58.0,half_space,False,0,9,2.04,0,0,1,6,2,3,120.0,42.0,0.0,1.83,central_penetration
eaa366bc-4077-4196-8e07-5194c766d503,7579,Portugal,Uruguay,William Silva de Carvalho,1,15,55,92.0,38.0,25.67,0.024766764,Blocked,0,Open Play,Right Foot,False,False,Regular Play,43.0,27.0,Duel,64,9,15,49.0,50.0,0.77,,,,central,False,0,10,2.89,0,0,1,4,2,1,120.0,42.0,0.0,1.83,slow_possession
3020c65c-b201-4fee-b975-1785cd6e1493,7579,Uruguay,Portugal,Luis Alberto Suárez Díaz,1,21,33,91.0,41.0,26.53,0.043902274,Saved,0,Free Kick,Right Foot,False,False,From Free Kick,91.0,41.0,Shot,0,0,0,0.0,0.0,,,,,central,False,0,11,9.14,0,0,0,4,3,4,119.0,39.0,0.91,0.91,set_piece
b594c991-72a5-4f9d-afc2-bb4d2381acf9,7579,Uruguay,Portugal,Luis Alberto Suárez Díaz,1,21,44,101.0,62.0,26.58,0.00845468,Off T,0,Open Play,Right Foot,True,False,From Free Kick,91.0,41.0,Shot,11,0,3,10.0,-0.1,0.91,,,,half_space,False,0,10,5.78,0,0,0,9,1,5,119.0,42.0,0.91,1.83,other
f902d769-8549-4951-b8d8-ce2c762f8355,7579,Portugal,Uruguay,Cristiano Ronaldo dos Santos Aveiro,1,31,34,95.0,33.0,23.74,0.0663582,Blocked,0,Free Kick,Right Foot,False,False,From Free Kick,95.0,33.0,Shot,0,0,0,0.0,0.0,,,,,central,False,0,11,9.14,0,0,0,11,4,6,120.0,42.0,0.0,1.83,set_piece
6a6cb45a-5aa2-4ed1-99a5-acae97a6eee7,7579,Uruguay,Portugal,Matías Vecino Falero,1,34,28,111.0,37.0,8.67,0.15864636,Wayward,0,Open Play,Head,False,True,Regular Play,71.0,23.0,Dribble,30,7,12,40.0,42.4,1.33,cross,102.0,67.0,wide,False,0,9,0.91,1,1,1,6,1,2,119.0,40.0,0.91,0.0,wide_cross
3cb04c55-ea5b-4e29-b317-3c9e08dfbe10,7579,Portugal,Uruguay,Gonçalo Manuel Ganchinho Guedes,1,37,44,110.0,46.0,10.66,0.059729163,Wayward,0,Open Play,Head,False,True,Regular Play,27.0,28.0,Pass,45,13,11,83.0,82.1,1.84,cross,108.0,70.0,wide,False,0,10,1.29,0,1,2,9,2,3,120.0,43.0,0.0,2.74,wide_cross
cdfc2f63-da19-4841-a290-2e5b56a75fed,7579,Uruguay,Portugal,Edinson Roberto Cavani Gómez,1,46,43,113.0,25.0,15.14,0.014627576,Off T,0,Open Play,Right Foot,False,False,From Throw In,106.0,80.0,Pass,15,1,1,7.0,25.8,0.47,central_pass,67.0,40.0,central,False,0,8,2.04,0,0,2,5,2,1,119.0,36.0,0.91,3.66,central_penetration
c2154229-1285-40f5-a9b1-0f1bfc284496,7579,Portugal,Uruguay,Raphaël Adelino José Guerreiro,2,51,4,96.0,27.0,24.96,0.020954607,Off T,0,Open Play,Left Foot,False,False,From Corner,119.0,78.0,Pass,7,1,5,-23.0,10.7,-3.29,,,,half_space,False,0,11,1.29,0,1,1,5,2,3,119.0,37.0,0.91,2.74,other
286e2b0b-3154-4b44-9f24-bb37d2395f46,7579,Portugal,Uruguay,Adrien Sebastian Perruchet Silva,2,53,53,100.0,44.0,18.65,0.06765104,Blocked,0,Open Play,Right Foot,True,False,Regular Play,72.0,58.0,Pass,59,19,15,28.0,30.9,0.47,central_pass,107.0,44.0,central,False,0,9,4.92,0,0,0,8,3,4,119.0,40.0,0.91,0.0,central_penetration
6dcf2cb6-a3bd-44cc-aa00-a0fd5ab1e064,7579,Portugal,Uruguay,Kléper Laveran Lima Ferreira,2,54,13,112.0,43.0,7.81,0.15867314,Goal,1,Open Play,Head,False,False,Regular Play,116.0,8.0,Pass,1,1,0,-4.0,23.7,-4.0,cross,116.0,8.0,wide,False,0,11,0.91,1,1,2,9,1,4,119.0,39.0,0.91,0.91,wide_cross
817cf570-72e5-4b33-9860-cf5ce6736f53,7579,Portugal,Uruguay,Gonçalo Manuel Ganchinho Guedes,2,59,29,96.0,26.0,25.41,0.018775055,Blocked,0,Open Play,Right Foot,False,False,From Throw In,88.0,79.0,Pass,75,22,23,8.0,22.7,0.11,central_pass,91.0,38.0,central,False,0,9,3.3,0,0,0,5,2,2,119.0,38.0,0.91,1.83,central_penetration
a319de1c-b443-4ca0-939a-5ecf0c9c633c,7579,Uruguay,Portugal,Edinson Roberto Cavani Gómez,2,61,8,103.0,26.0,20.14,0.060342968,Goal,1,Open Play,Right Foot,True,False,From Keeper,7.0,43.0,Goal Keeper,33,4,5,96.0,91.0,2.91,central_pass,95.0,46.0,central,False,0,5,6.66,0,0,0,5,1,1,120.0,39.0,0.0,0.91,central_penetration
7ba28705-ba97-4120-9681-d53c009a7941,7579,Portugal,Uruguay,Bernardo Mota Veiga de Carvalho e Silva,2,69,16,103.0,40.0,15.54,0.10598899,Off T,0,Open Play,Right Foot,False,False,Regular Play,90.0,70.0,Pass,19,2,9,13.0,25.4,0.68,,,,central,False,0,9,1.83,0,1,2,8,2,3,107.0,37.0,11.89,2.74,other
f818673a-c083-4020-b197-3de1eb892d08,7579,Portugal,Uruguay,Cristiano Ronaldo dos Santos Aveiro,2,72,3,96.0,24.0,26.38,0.015912395,Blocked,0,Open Play,Right Foot,False,False,From Throw In,111.0,79.0,Pass,10,5,4,-15.0,11.2,-1.5,central_pass,89.0,38.0,central,False,0,9,2.59,0,0,2,6,1,3,119.0,37.0,0.91,2.74,central_penetration
2683df8a-4d4d-42c3-b918-c0467f51df84,7579,Portugal,Uruguay,Raphaël Adelino José Guerreiro,2,76,30,100.0,23.0,24.0,0.019748691,Off T,0,Open Play,Left Foot,True,False,From Corner,118.0,78.0,Pass,3,0,0,-18.0,11.8,-6.0,,,,half_space,False,0,11,9.72,0,0,0,11,4,5,119.0,37.0,0.91,2.74,other
0fe5fafd-aeed-409d-b2e9-4c00aaa8364d,7579,Portugal,Uruguay,Cristiano Ronaldo dos Santos Aveiro,2,77,58,87.0,30.0,31.53,0.011308506,Blocked,0,Open Play,Right Foot,False,False,From Throw In,101.0,2.0,Pass,24,4,5,-14.0,8.0,-0.58,central_pass,86.0,24.0,half_space,False,0,10,2.74,0,0,1,4,1,1,119.0,38.0,0.91,1.83,central_penetration
a2b7e582-a819-41e8-9a2c-63b9d57077f1,7579,Portugal,Uruguay,Manuel Henrique Tavares Fernandes,2,84,57,93.0,52.0,27.02,0.025566515,Saved,0,Open Play,Right Foot,False,False,From Free Kick,55.0,55.0,Pass,12,3,3,38.0,37.2,3.17,other,88.0,77.0,wide,False,0,10,3.77,0,0,0,5,2,2,116.0,41.0,3.66,0.91,other
94f0e38c-482a-41c7-ada0-161bfaf679b3,7579,Portugal,Uruguay,Manuel Henrique Tavares Fernandes,2,86,18,90.0,19.0,33.49,0.0060694856,Off T,0,Open Play,Right Foot,False,False,Regular Play,54.0,44.0,Pass,52,10,12,36.0,29.5,0.69,central_pass,83.0,34.0,central,False,0,10,3.66,0,0,0,5,2,2,118.0,39.0,1.83,0.91,central_penetration
507dc3a0-36a8-433b-bec7-09462b11612c,7579,Portugal,Uruguay,Cristiano Ronaldo dos Santos Aveiro,2,90,1,91.0,22.0,31.21,0.0066069625,Off T,0,Open Play,Right Foot,False,False,From Goal Kick,6.0,43.0,Pass,21,5,5,85.0,79.9,4.05,other,89.0,10.0,wide,False,0,10,2.04,0,0,1,5,1,4,118.0,38.0,1.83,1.83,other
9e4f88ab-c6e8-4f3e-8172-f9a7a2c63779,7579,Portugal,Uruguay,Ricardo Andrade Quaresma Bernardo,2,94,17,110.0,54.0,15.73,0.04317439,Saved,0,Open Play,Right Foot,False,False,Regular Play,44.0,71.0,Pass,23,7,9,66.0,64.9,2.87,cross,109.0,15.0,wide,False,0,10,2.59,0,0,1,10,2,6,118.0,42.0,1.83,1.83,wide_cross
12211ad7-26da-49f7-affd-e25537739ae4,7579,Portugal,Uruguay,Rui Pedro dos Santos Patrício,2,94,47,109.0,39.0,10.1,0.075629964,Wayward,0,Open Play,Head,False,True,From Corner,119.0,78.0,Pass,1,1,0,-10.0,27.0,-10.0,cross,119.0,78.0,wide,False,0,11,0.91,1,1,2,11,2,6,119.0,39.0,0.91,0.91,wide_cross
345cc5e4-0416-4e42-8b29-cc59b953ae55,7577,Morocco,Iran,Amine Harit,1,1,10,103.0,30.0,18.03,0.06519894,Off T,0,Open Play,Right Foot,True,False,From Free Kick,37.0,47.0,Pass,26,4,4,66.0,63.6,2.54,,,,central,False,0,10,4.57,0,0,0,7,2,2,118.0,38.0,1.83,1.83,other
ce663e4c-9c76-4bf9-8358-d2049d97529a,7577,Morocco,Iran,Younès Belhanda,1,3,57,115.0,52.0,11.89,0.08541261,Off T,0,Open Play,Head,False,False,From Throw In,98.0,80.0,Pass,28,11,15,17.0,32.7,0.61,other,114.0,66.0,wide,False,0,10,1.29,0,1,2,10,0,4,119.0,37.0,0.91,2.74,slow_possession
6c3c182c-01c9-40ec-bc85-63155536b8c2,7577,Morocco,Iran,Ayoub El Kaabi,1,7,45,102.0,42.0,16.56,0.09036858,Off T,0,Open Play,Left Foot,False,False,From Throw In,109.0,80.0,Pass,47,13,12,-7.0,23.4,-0.15,,,,central,False,0,7,1.83,0,1,1,6,3,1,116.0,38.0,3.66,1.83,slow_possession
971a182d-9743-4eaf-9837-f6deebf245ad,7577,Morocco,Iran,Hakim Ziyech,1,18,13,111.0,27.0,14.46,0.058583494,Blocked,0,Open Play,Left Foot,False,True,From Free Kick,79.0,47.0,Pass,3,2,1,32.0,25.8,10.67,cutback,115.0,24.0,half_space,False,0,9,6.13,0,0,0,8,2,5,119.0,37.0,0.91,2.74,cutback
7125ed85-6b73-40ff-93d3-f42fafd0e423,7577,Morocco,Iran,Younès Belhanda,1,18,16,113.0,46.0,8.43,0.23379569,Blocked,0,Open Play,Left Foot,False,False,From Free Kick,79.0,47.0,Pass,6,2,2,34.0,32.4,5.67,,,,central,False,0,9,4.57,0,0,0,9,2,5,119.0,40.0,0.91,0.0,other
59eca513-3513-41ee-aff1-31a2cf01c09c,7577,Morocco,Iran,Medhi Amine El Mouttaqi Benatia,1,18,17,110.0,44.0,9.85,0.086651765,Saved,0,Open Play,Left Foot,False,False,From Free Kick,79.0,47.0,Pass,7,2,3,31.0,30.8,4.43,,,,central,False,0,8,2.74,0,0,1,8,4,5,118.0,42.0,1.83,1.83,other
d61c01b0-767e-419b-9bea-de70cee319cc,7577,Iran,Morocco,Sardar Azmoun,1,24,19,113.0,34.0,8.43,0.20666395,Wayward,0,Open Play,Right Foot,False,False,From Throw In,103.0,1.0,Pass,4,2,1,10.0,33.3,2.5,central_pass,110.0,27.0,half_space,False,0,10,1.83,0,1,1,8,2,3,120.0,40.0,0.0,0.0,central_penetration
7948b3dc-c88a-423c-a899-3733c983213a,7577,Morocco,Iran,Achraf Hakimi Mouh,1,25,25,104.0,23.0,21.35,0.02902798,Blocked,0,Open Play,Right Foot,False,False,Regular Play,5.0,64.0,Pass,22,4,8,99.0,94.1,4.5,other,64.0,7.0,wide,False,0,8,3.88,0,0,0,6,3,2,117.0,37.0,2.74,2.74,other
445a374f-9873-427f-a8bb-ded3e6d76877,7577,Morocco,Iran,Younès Belhanda,1,25,28,92.0,41.0,25.62,0.025924886,Blocked,0,Open Play,Right Foot,False,False,Regular Play,5.0,64.0,Pass,25,5,9,87.0,89.5,3.48,central_pass,94.0,30.0,central,False,0,10,4.57,0,0,0,6,3,3,117.0,40.0,2.74,0.0,central_penetration
4a3f00c5-544a-463d-bb8a-c3537ae2dfb2,7577,Morocco,Iran,Amine Harit,1,29,50,110.0,24.0,17.25,0.03535338,Saved,0,Open Play,Right Foot,False,False,Regular Play,48.0,45.0,Pass,36,12,11,62.0,53.3,1.72,other,100.0,8.0,wide,False,0,9,3.3,0,0,0,7,2,2,118.0,37.0,1.83,2.74,slow_possession
e9ece705-d67d-4b0f-8fba-d567939db557,7577,Iran,Morocco,Roozbeh Cheshmi,1,31,32,114.0,53.0,13.09,0.04428437,Off T,0,Open Play,Right Foot,False,False,From Free Kick,75.0,60.0,Pass,4,0,1,39.0,34.9,9.75,,,,half_space,False,0,9,3.3,0,0,0,9,3,4,118.0,44.0,1.83,3.66,other
a3f403ed-85f6-4071-846f-54bb00de09cd,7577,Iran,Morocco,Alireza Jahanbakhsh,1,34,40,84.0,47.0,33.53,0.008141037,Off T,0,Free Kick,Right Foot,False,False,From Free Kick,84.0,47.0,Shot,0,0,0,0.0,0.0,,,,,central,False,0,11,9.01,0,0,0,2,1,0,118.0,41.0,1.83,0.91,set_piece
cb7bf3e1-9152-426d-9a1e-563a7c2a8cb1,7577,Iran,Morocco,Omid Ebrahimi,1,40,16,98.0,52.0,22.91,0.030170556,Blocked,0,Open Play,Right Foot,True,True,From Throw In,104.0,80.0,Pass,4,0,0,-6.0,18.0,-1.5,,,,half_space,False,0,10,2.74,0,0,1,7,2,4,118.0,42.0,1.83,1.83,other
2df60f0e-0c8b-4b75-8f99-a6514e4b6172,7577,Iran,Morocco,Sardar Azmoun,1,42,19,109.0,51.0,14.22,0.28293425,Saved,0,Open Play,Right Foot,False,False,Regular Play,40.0,62.0,Duel,10,2,4,69.0,67.4,6.9,central_pass,70.0,45.0,central,False,0,5,2.74,0,0,1,4,1,1,113.0,47.0,6.4,6.4,fast_counter
b3559f14-7be9-4364-b131-d9daff530d8e,7577,Iran,Morocco,Alireza Jahanbakhsh,1,42,20,108.0,52.0,15.52,0.0775573,Saved,0,Open Play,Right Foot,True,False,Regular Play,40.0,62.0,Duel,11,2,4,68.0,66.0,6.18,,,,half_space,False,0,7,2.59,0,0,1,5,2,3,114.0,49.0,5.49,8.23,fast_counter
52f1fd50-4ce2-49d4-a0a7-3ce47b232a53,7577,Iran,Morocco,Ehsan Hajsafi,1,43,4,98.0,35.0,20.63,0.04090494,Blocked,0,Open Play,Right Foot,False,False,From Corner,120.0,79.0,Pass,4,0,1,-22.0,16.4,-5.5,,,,central,False,0,10,1.83,0,1,1,7,2,4,118.0,40.0,1.83,0.0,other
3c724dc6-9a5e-4ea0-913e-761f81f65a2a,7577,Iran,Morocco,Ehsan Hajsafi,1,44,8,82.0,42.0,34.8,0.0068994747,Off T,0,Free Kick,Left Foot,False,False,From Free Kick,82.0,42.0,Shot,0,0,0,0.0,0.0,,,,,central,False,0,11,13.59,0,0,0,7,2,4,120.0,41.0,0.0,0.91,set_piece
351d5b3f-5f17-495a-9d1c-0f6cfa8077cf,7577,Morocco,Iran,Amine Harit,2,48,28,112.0,30.0,11.71,0.10310785,Wayward,0,Open Play,Right Foot,True,False,From Throw In,75.0,80.0,Pass,27,5,4,37.0,47.4,1.37,cross,106.0,66.0,wide,False,0,7,2.89,0,0,1,7,1,2,120.0,39.0,0.0,0.91,wide_cross
d4f946f2-696d-47bb-8fc1-619572d58d27,7577,Morocco,Iran,Hakim Ziyech,2,79,16,99.0,34.0,19.97,0.07760219,Saved,0,Open Play,Left Foot,False,False,Regular Play,39.0,79.0,Pass,26,6,7,60.0,68.1,2.31,cutback,104.0,29.0,half_space,False,0,10,2.89,0,0,2,8,1,3,120.0,40.0,0.0,0.0,cutback
02ead6e4-2c52-403a-aacf-558ee0bf0174,7577,Morocco,Iran,Romain Saïss,2,80,7,114.0,41.0,5.56,0.12999704,Off T,0,Open Play,Head,False,False,From Corner,120.0,2.0,Pass,26,8,7,-6.0,31.9,-0.23,cross,100.0,5.0,wide,False,0,11,0.91,1,2,3,8,2,3,120.0,41.0,0.0,0.91,wide_cross
f5d3705c-9a23-4b03-b75c-1e746869f7e0,7577,Morocco,Iran,Hakim Ziyech,2,86,32,97.0,50.0,22.93,0.032190975,Blocked,0,Open Play,Left Foot,False,False,Regular Play,52.0,31.0,Pass,13,7,5,45.0,43.5,3.46,central_pass,102.0,50.0,central,False,0,8,5.78,0,0,0,6,2,2,118.0,43.0,1.83,2.74,central_penetration
c2c9379e-fe5b-4c16-a29d-b93d9abf288a,7577,Morocco,Iran,Manuel Marouan da Costa Trinidade,2,90,9,82.0,51.0,36.17,0.0059796465,Wayward,0,Open Play,Right Foot,False,False,From Free Kick,61.0,10.0,Pass,27,6,6,21.0,26.6,0.78,other,81.0,11.0,wide,False,0,11,4.66,0,0,0,2,2,0,120.0,40.0,0.0,0.0,other
b9d7b536-849d-4d66-8c5d-12cbb4b279f7,7525,Saudi Arabia,Russia,Yasir Gharsan Al Shahrani,1,5,26,103.0,21.0,23.31,0.011306748,Blocked,0,Open Play,Right Foot,False,False,From Throw In,71.0,80.0,Pass,71,22,24,32.0,37.8,0.45,other,92.0,14.0,wide,False,0,10,3.66,0,0,0,6,2,1,118.0,41.0,1.83,0.91,slow_possession
2ca29ab6-97c7-482e-bba9-1b2b956f7bda,7525,Russia,Saudi Arabia,Aleksandr Samedov,1,6,46,111.0,52.0,13.72,0.047829717,Blocked,0,Open Play,Right Foot,True,False,Regular Play,31.0,7.0,Ball Recovery,20,5,6,80.0,79.9,4.0,cutback,118.0,60.0,half_space,False,0,9,1.29,0,1,2,9,2,4,120.0,44.0,0.0,3.66,cutback
e792b977-034c-4649-8f69-cf61995c05e6,7525,Russia,Saudi Arabia,Yuri Zhirkov,1,8,45,107.0,26.0,17.47,0.02564916,Blocked,0,Open Play,Left Foot,False,False,Regular Play,53.0,75.0,Ball Recovery,23,3,4,54.0,56.5,2.35,,,,half_space,False,0,8,1.29,0,1,3,8,2,5,119.0,39.0,0.91,0.91,other
10a1cd4a-ce60-4ab3-b091-82777ec8a2bb,7525,Russia,Saudi Arabia,Alan Dzagoev,1,10,49,106.0,49.0,15.22,0.07510638,Blocked,0,Open Play,Right Foot,False,False,From Throw In,54.0,1.0,Pass,26,7,6,52.0,60.0,2.0,central_pass,93.0,58.0,half_space,False,0,7,0.91,1,2,2,6,1,1,118.0,43.0,1.83,2.74,central_penetration
a9d97c4e-5ade-41cb-91b2-dfdead60e9e0,7525,Russia,Saudi Arabia,Yury Gazinskiy,1,11,32,112.0,47.0,9.72,0.14645855,Goal,1,Open Play,Head,False,False,From Corner,120.0,2.0,Pass,9,3,2,-8.0,27.4,-0.89,cross,97.0,14.0,wide,False,0,11,2.59,0,0,1,10,1,5,119.0,43.0,0.91,2.74,wide_cross
e5f26cb5-ffdf-4852-898c-3af7a8e1d5c7,7525,Saudi Arabia,Russia,Mohammad Ibrahim Al Sahlawi,1,21,5,103.0,29.0,18.52,0.055627532,Blocked,0,Open Play,Left Foot,False,False,From Corner,119.0,1.0,Pass,10,1,2,-16.0,18.8,-1.6,,,,half_space,False,0,10,3.3,0,0,0,8,2,1,118.0,40.0,1.83,0.0,other
2c1f0620-adf2-4c5d-9392-eba1aeea1036,7525,Saudi Arabia,Russia,Salem Mohammed Al Dawsari,1,27,27,92.0,39.0,25.62,0.03360385,Off T,0,Open Play,Right Foot,False,False,From Free Kick,89.0,3.0,Pass,34,11,9,3.0,20.3,0.09,central_pass,88.0,55.0,half_space,False,0,10,3.66,0,0,0,5,1,1,117.0,41.0,2.74,0.91,central_penetration
01a65652-f30d-4eec-a312-35bb2f276ec8,7525,Saudi Arabia,Russia,Yasir Gharsan Al Shahrani,1,30,18,110.0,42.0,9.33,0.09728895,Off T,0,Open Play,Head,False,False,From Free Kick,100.0,69.0,Pass,1,1,0,10.0,25.0,10.0,cross,100.0,69.0,wide,False,0,11,2.89,0,0,1,11,2,6,117.0,40.0,2.74,0.0,wide_cross
c02f8043-98e6-498a-9099-48b53913c5db,7525,Russia,Saudi Arabia,Denis Cheryshev,1,42,11,110.0,34.0,10.66,0.24924015,Goal,1,Open Play,Left Foot,False,False,From Throw In,35.0,80.0,Pass,19,4,7,75.0,82.3,3.95,central_pass,101.0,43.0,central,False,0,6,1.83,0,1,1,6,1,2,118.0,38.0,1.83,1.83,central_penetration
ae53791c-157b-4476-bfaf-c1b66faf93e6,7525,Russia,Saudi Arabia,Aleksandr Samedov,2,51,7,97.0,50.0,22.93,0.032339387,Off T,0,Open Play,Right Foot,False,False,Regular Play,48.0,9.0,Pass,52,12,11,49.0,53.3,0.94,central_pass,97.0,29.0,half_space,False,0,9,4.66,0,0,0,5,1,1,118.0,40.0,1.83,0.0,central_penetration
2309342e-7c8b-4fb6-9705-bbe743232dea,7525,Russia,Saudi Arabia,Denis Cheryshev,2,62,0,108.0,24.0,18.29,0.026239585,Blocked,0,Open Play,Left Foot,False,False,From Throw In,57.0,80.0,Pass,16,5,5,51.0,54.6,3.19,central_pass,91.0,52.0,half_space,False,0,9,1.29,0,1,1,8,2,2,118.0,39.0,1.83,0.91,central_penetration
5f4bebcc-4098-4d9a-9d9d-723eac8dcf3e,7525,Russia,Saudi Arabia,Denis Cheryshev,2,64,16,107.0,39.0,11.92,0.12617204,Saved,0,Open Play,Head,False,False,Regular Play,50.0,25.0,Dispossessed,12,3,2,57.0,58.6,4.75,central_pass,105.0,21.0,half_space,False,0,10,1.29,0,1,1,7,1,3,117.0,40.0,2.74,0.0,fast_counter
5cfdb2d1-7aca-4b3b-8a0c-61d6cce1788c,7525,Russia,Saudi Arabia,Roman Zobnin,2,67,15,104.0,56.0,20.69,0.030546982,Saved,0,Open Play,Right Foot,False,True,Regular Play,32.0,44.0,Pass,64,4,5,72.0,65.5,1.12,central_pass,85.0,39.0,central,False,0,7,0.91,1,1,1,6,2,2,118.0,41.0,1.83,0.91,central_penetration
a25deabc-bdab-43e7-80f2-aed40bd337a4,7525,Russia,Saudi Arabia,Artem Dzyuba,2,70,50,115.0,37.0,5.33,0.29249918,Goal,1,Open Play,Head,False,False,From Throw In,100.0,80.0,Pass,6,5,3,15.0,38.9,2.5,central_pass,105.0,62.0,half_space,False,0,10,1.83,0,1,1,6,1,4,119.0,40.0,0.91,0.0,central_penetration
f8f201ea-d6bc-4b6c-afcf-a11a205b678f,7525,Saudi Arabia,Russia,Salem Mohammed Al Dawsari,2,72,44,97.0,25.0,25.11,0.025765538,Off T,0,Open Play,Right Foot,False,False,Regular Play,53.0,78.0,Pass,44,9,8,44.0,49.6,1.0,other,61.0,11.0,wide,False,0,9,2.89,0,0,1,5,2,2,118.0,41.0,1.83,0.91,slow_possession
1ac0f8cc-2fb7-4075-ab6b-ea88e10ec5ff,7525,Russia,Saudi Arabia,Roman Zobnin,2,76,25,110.0,42.0,9.33,0.089740254,Off T,0,Open Play,Head,False,False,From Free Kick,96.0,68.0,Pass,1,1,0,14.0,26.7,14.0,cross,96.0,68.0,wide,False,0,11,1.83,0,1,1,8,2,4,119.0,40.0,0.91,0.0,wide_cross
6bb8de4d-ece7-4f7c-8ab3-797b9304d5f5,7525,Saudi Arabia,Russia,Hattan Babhir,2,81,31,104.0,57.0,21.35,0.025213882,Blocked,0,Open Play,Left Foot,False,False,From Throw In,64.0,2.0,Pass,15,0,2,40.0,44.3,2.67,,,,half_space,False,0,9,5.33,0,0,0,8,3,2,119.0,43.0,0.91,2.74,other
d2f2bc29-eac0-4c83-bc61-f86f2580ef22,7525,Russia,Saudi Arabia,Daler Kuzyaev,2,83,35,86.0,38.0,31.14,0.02450558,Off T,0,Open Play,Right Foot,False,False,Regular Play,72.0,34.0,Ball Recovery,7,2,2,14.0,14.3,2.0,central_pass,82.0,36.0,central,False,0,7,2.89,0,0,1,1,1,0,118.0,40.0,1.83,0.0,central_penetration
780993c0-98d3-4656-acde-8424eaad980c,7525,Russia,Saudi Arabia,Denis Cheryshev,2,90,46,104.0,23.0,21.35,0.040819477,Goal,1,Open Play,Left Foot,False,False,From Free Kick,49.0,16.0,Pass,5,2,1,55.0,51.6,11.0,other,100.0,10.0,wide,False,0,8,2.89,0,0,1,3,1,1,119.0,38.0,0.91,1.83,fast_counter
ae7860e0-55b4-46cf-a0cf-7f0cefd6ac16,7525,Russia,Saudi Arabia,Aleksandr Golovin,2,93,57,99.0,52.0,22.12,0.0744545,Goal,1,Free Kick,Right Foot,False,False,From Free Kick,99.0,52.0,Shot,0,0,0,0.0,0.0,,,,,half_space,False,0,11,4.66,0,0,0,11,2,4,118.0,39.0,1.83,0.91,set_piece
605c9a6d-8a4f-4b5e-8788-482dac82c9f9,7566,Sweden,Mexico,Emil Peter Forsberg,1,4,59,114.0,17.0,21.74,0.007870639,Saved,0,Free Kick,Right Foot,False,False,From Free Kick,114.0,17.0,Shot,0,0,0,0.0,0.0,,,,,wide,False,0,9,10.22,0,0,0,9,2,5,119.0,39.0,0.91,0.91,set_piece
2334ad9a-28f5-4e17-8999-7d2d36d76963,7566,Mexico,Sweden,Miguel Arturo Layún Prado,1,9,3,92.0,58.0,30.44,0.006126076,Off T,0,Open Play,Left Foot,False,True,Regular Play,53.0,20.0,Pass,32,7,10,39.0,36.6,1.22,central_pass,82.0,54.0,half_space,False,0,10,1.83,0,1,1,4,3,2,119.0,43.0,0.91,2.74,central_penetration
4872b2fe-1d8f-4dee-85f5-bb6740a46d62,7566,Sweden,Mexico,Andreas Granqvist,1,11,19,112.0,36.0,8.18,0.078457825,Wayward,0,Open Play,Head,False,True,From Corner,119.0,80.0,Pass,2,1,0,-7.0,31.1,-3.5,cutback,119.0,80.0,wide,False,0,8,0.91,1,1,1,8,2,3,119.0,39.0,0.91,0.91,cutback
608adb56-8fe4-491c-9c4b-afa3024e29c5,7566,Sweden,Mexico,Marcus Berg,1,11,20,116.0,36.0,5.17,0.31651607,Off T,0,Open Play,Right Foot,False,True,From Corner,119.0,80.0,Pass,3,1,0,-3.0,34.4,-1.0,,,,central,False,0,8,0.91,1,1,1,8,1,3,119.0,39.0,0.91,0.91,other
76917bf2-378e-4870-ae2b-08928e812f63,7566,Sweden,Mexico,Emil Peter Forsberg,1,14,8,96.0,56.0,26.38,0.019455789,Off T,0,Open Play,Right Foot,True,False,Regular Play,58.0,62.0,Pass,9,4,4,38.0,36.9,4.22,,,,half_space,False,0,7,5.49,0,0,0,4,2,1,117.0,41.0,2.74,0.91,other
1647af67-164e-4b86-91bf-7d6f8ecc19fc,7566,Mexico,Sweden,Carlos Alberto Vela Garrido,1,16,9,104.0,46.0,15.63,0.08026171,Off T,0,Open Play,Left Foot,False,False,From Throw In,54.0,1.0,Pass,26,5,14,50.0,59.6,1.92,central_pass,97.0,37.0,central,False,0,8,3.3,0,0,0,6,1,2,118.0,43.0,1.83,2.74,central_penetration
d8ef4774-c546-40fc-bebe-0a839e1c45a5,7566,Sweden,Mexico,Emil Peter Forsberg,1,17,28,110.0,38.0,9.33,0.18495595,Off T,0,Open Play,Right Foot,True,False,From Throw In,105.0,80.0,Pass,14,5,4,5.0,32.5,0.36,cross,99.0,77.0,wide,False,0,8,2.74,0,0,1,5,1,3,119.0,41.0,0.91,0.91,wide_cross
a086382c-0fcd-4aef-ab64-6a3d8f067d7e,7566,Mexico,Sweden,Carlos Alberto Vela Garrido,1,21,20,99.0,63.0,28.48,0.0071684807,Blocked,0,Open Play,Left Foot,False,False,Regular Play,45.0,55.0,Interception,24,5,8,54.0,45.3,2.25,cutback,110.0,75.0,wide,False,0,10,5.86,0,0,0,7,1,2,120.0,44.0,0.0,3.66,cutback
10ddc8b7-fda1-4a35-a3a7-afce44b4d2aa,7566,Mexico,Sweden,José Andrés Guardado Hernández,1,22,4,116.0,40.0,3.66,0.20374292,Wayward,0,Open Play,Head,False,True,From Corner,120.0,2.0,Pass,5,2,1,-4.0,34.0,-0.8,cross,115.0,9.0,wide,False,0,11,0.91,1,1,2,9,2,4,120.0,40.0,0.0,0.0,wide_cross
10640eac-a23e-42c0-9758-ee7e2d6fb70a,7566,Mexico,Sweden,Héctor Miguel Herrera López,1,22,12,117.0,22.0,16.69,0.010197213,Blocked,0,Open Play,Right Foot,False,False,From Corner,120.0,2.0,Pass,13,2,4,-3.0,19.8,-0.23,,,,half_space,False,0,11,1.83,0,1,1,11,1,4,120.0,38.0,0.0,1.83,other
c6ea4e63-1523-4b6c-9998-f493aa1ce0ab,7566,Mexico,Sweden,José Andrés Guardado Hernández,1,22,34,93.0,34.0,25.29,0.03579779,Off T,0,Open Play,Left Foot,False,False,From Throw In,115.0,2.0,Pass,12,3,5,-22.0,10.7,-1.83,central_pass,86.0,41.0,central,False,0,10,4.92,0,0,0,6,1,2,119.0,41.0,0.91,0.91,central_penetration
60ae3f6c-f381-4b9c-9e16-8aec5d9c4048,7566,Sweden,Mexico,Emil Peter Forsberg,1,27,53,101.0,34.0,18.22,0.077959776,Blocked,0,Open Play,Right Foot,False,True,From Free Kick,68.0,41.0,Pass,7,1,1,33.0,32.1,4.71,,,,central,False,0,8,2.59,0,0,1,5,1,3,118.0,38.0,1.83,1.83,other
81818aed-1763-40b8-b553-6bcf32d874c0,7566,Sweden,Mexico,Marcus Berg,1,30,28,115.0,42.0,4.92,0.32448578,Saved,0,Open Play,Right Foot,True,False,From Corner,120.0,2.0,Pass,6,1,0,-5.0,32.6,-0.83,cross,115.0,56.0,half_space,False,0,8,0.91,1,1,2,7,1,4,119.0,41.0,0.91,0.91,wide_cross
2c33bb69-8176-47ac-ad01-3dd0f10117a3,7566,Sweden,Mexico,Emil Peter Forsberg,1,32,52,105.0,30.0,16.48,0.08406631,Off T,0,Open Play,Right Foot,True,False,Regular Play,50.0,52.0,Duel,12,4,4,55.0,53.0,4.58,cross,100.0,69.0,wide,False,0,7,2.89,0,0,1,6,1,2,119.0,38.0,0.91,1.83,fast_counter
5cf29151-9fa6-4785-be88-e1b2a7bd486c,7566,Mexico,Sweden,Hirving Rodrigo Lozano Bahena,1,35,7,99.0,28.0,22.12,0.04393479,Blocked,0,Open Play,Right Foot,False,False,Regular Play,58.0,39.0,Ball Recovery,6,1,2,41.0,37.8,6.83,central_pass,78.0,40.0,central,False,0,7,3.66,0,0,0,5,1,1,118.0,40.0,1.83,0.0,fast_counter
8280bbb4-317e-4ea7-8425-80003fde6d1d,7566,Mexico,Sweden,Carlos Alberto Vela Garrido,1,38,16,106.0,54.0,18.1,0.03696837,Off T,0,Open Play,Left Foot,False,True,Regular Play,71.0,62.0,Dribble,11,2,4,35.0,33.9,3.18,central_pass,97.0,56.0,half_space,False,0,9,2.59,0,0,2,7,2,4,118.0,43.0,1.83,2.74,central_penetration
35ce228f-c0f3-487c-832b-bb4ce50d1970,7566,Mexico,Sweden,Carlos Joel Salcedo Hernández,1,39,37,104.0,28.0,18.29,0.036778748,Blocked,0,Open Play,Right Foot,False,False,From Corner,119.0,80.0,Pass,6,1,2,-15.0,20.0,-2.5,,,,half_space,False,0,11,2.04,0,0,1,10,3,3,119.0,40.0,0.91,0.0,other
f6f46e2b-805a-44cf-a5ce-cb5b865497fa,7566,Mexico,Sweden,Miguel Arturo Layún Prado,1,44,22,105.0,61.0,23.6,0.009557878,Saved,0,Open Play,Right Foot,False,False,From Throw In,67.0,80.0,Pass,57,14,16,38.0,40.6,0.67,central_pass,65.0,24.0,half_space,False,0,9,2.89,0,0,2,7,2,2,119.0,43.0,0.91,2.74,central_penetration
0add5f9c-a454-439d-9d34-22169ee847d1,7566,Sweden,Mexico,Marcus Berg,1,46,36,109.0,28.0,14.89,0.10989964,Off T,0,Open Play,Left Foot,False,True,Regular Play,27.0,38.0,Interception,14,5,5,82.0,76.7,5.86,,,,half_space,False,0,4,2.74,0,0,1,3,1,0,117.0,35.0,2.74,4.57,other
7d883e2f-c055-4ccd-92a7-aa7a847358b6,7566,Sweden,Mexico,Viktor Claesson,2,49,46,109.0,41.0,10.1,0.33955482,Wayward,0,Open Play,Right Foot,True,False,Regular Play,48.0,49.0,Pass,22,8,7,61.0,61.5,2.77,central_pass,102.0,61.0,half_space,False,0,8,2.89,0,0,1,6,1,3,119.0,43.0,0.91,2.74,central_penetration
59f34b6b-9004-4c1b-8959-75201a1774fc,7566,Sweden,Mexico,Ludwig Augustinsson,2,49,47,116.0,32.0,8.18,0.23465483,Goal,1,Open Play,Left Foot,False,False,Regular Play,48.0,49.0,Pass,23,8,7,68.0,63.6,2.96,,,,central,False,0,6,3.77,0,0,0,6,1,2,119.0,38.0,0.91,1.83,slow_possession
e4d8f8d6-888c-4510-900e-daac54dd1355,7566,Sweden,Mexico,Emil Peter Forsberg,2,51,44,103.0,36.0,15.97,0.08776431,Off T,0,Open Play,Left Foot,True,False,Regular Play,69.0,28.0,Pass,5,3,2,34.0,34.9,6.8,cutback,106.0,23.0,half_space,False,0,7,4.66,0,0,0,6,2,2,119.0,40.0,0.91,0.0,cutback
91207cd4-8aa5-4c01-8da2-01f92aa42370,7566,Mexico,Sweden,José Andrés Guardado Hernández,2,52,48,115.0,19.0,19.74,0.008584143,Off T,0,Open Play,Left Foot,False,False,Regular Play,68.0,79.0,Pass,25,7,6,47.0,43.4,1.88,central_pass,100.0,25.0,half_space,False,0,9,2.74,0,0,1,9,0,4,118.0,36.0,1.83,3.66,central_penetration
714fbfab-a355-428d-9956-30adc543385e,7566,Sweden,Mexico,Ludwig Augustinsson,2,53,38,106.0,25.0,18.76,0.043391652,Off T,0,Open Play,Right Foot,False,False,From Goal Kick,7.0,47.0,Pass,19,7,7,99.0,92.7,5.21,central_pass,94.0,39.0,central,False,0,7,2.04,0,0,1,6,2,2,120.0,40.0,0.0,0.0,central_penetration
7be50953-b764-4274-847a-3bbe8da199c6,7566,Sweden,Mexico,Marcus Berg,2,58,8,108.0,29.0,14.89,0.097953424,Saved,0,Open Play,Head,False,True,Regular Play,49.0,5.0,Pass,43,8,9,59.0,62.9,1.37,cross,87.0,73.0,wide,False,0,6,0.91,1,1,1,5,1,3,120.0,40.0,0.0,0.0,wide_cross
1b2e1738-ce7e-427e-a421-e5f8f34268a3,7566,Mexico,Sweden,Carlos Joel Salcedo Hernández,2,63,58,80.0,54.0,38.75,0.005298881,Blocked,0,Open Play,Right Foot,False,False,From Free Kick,73.0,3.0,Pass,23,4,6,7.0,17.4,0.3,,,,half_space,False,0,11,6.47,0,0,0,1,3,0,116.0,40.0,3.66,0.0,other
188610da-3a4f-4d99-8bc0-a25bc4d4e0ae,7566,Mexico,Sweden,Marco Jhonfai Fabián De La Mora,2,65,49,90.0,48.0,28.39,0.022069821,Blocked,0,Open Play,Right Foot,False,False,Regular Play,85.0,68.0,Pass,9,2,2,5.0,13.8,0.56,other,87.0,65.0,wide,False,0,10,2.89,0,0,1,4,1,1,118.0,40.0,1.83,0.0,other
2d854c80-5f3a-49eb-9439-96492e8ad460,7566,Mexico,Sweden,Carlos Joel Salcedo Hernández,2,67,33,111.0,31.0,11.64,0.06593669,Off T,0,Open Play,Head,False,True,From Corner,119.0,79.0,Pass,15,4,4,-8.0,26.3,-0.53,cross,111.0,66.0,wide,False,0,11,0.91,1,1,2,11,2,4,119.0,39.0,0.91,0.91,wide_cross
ab4f67cb-59fb-4b31-b765-f7dd47985cf2,7566,Mexico,Sweden,Javier Hernández Balcázar,2,69,53,106.0,40.0,12.8,0.111651056,Off T,0,Open Play,Head,False,False,From Free Kick,112.0,74.0,Pass,2,1,0,-6.0,20.9,-3.0,cross,112.0,74.0,wide,False,0,11,5.33,0,0,0,10,2,5,119.0,40.0,0.91,0.0,wide_cross
64987c0b-ea3e-4208-b1ed-acb40ad47097,7566,Mexico,Sweden,Héctor Alfredo Moreno Herrera,2,75,28,111.0,42.0,8.43,0.06666666,Blocked,0,Open Play,Head,False,True,From Corner,119.0,79.0,Pass,4,2,1,-8.0,29.8,-2.0,cross,109.0,76.0,wide,False,0,11,0.91,1,1,3,10,2,3,119.0,40.0,0.91,0.0,wide_cross
aa721edc-ad55-46a8-8227-d40b08748f8f,7566,Mexico,Sweden,Carlos Alberto Vela Garrido,2,80,13,96.0,54.0,25.41,0.03963313,Blocked,0,Free Kick,Left Foot,False,False,From Free Kick,96.0,54.0,Shot,0,0,0,0.0,0.0,,,,,half_space,False,0,11,8.67,0,0,0,11,2,5,118.0,40.0,1.83,0.0,set_piece
589fd8d0-c4a6-4ffc-9b51-d5d582d8a193,7566,Mexico,Sweden,Javier Hernández Balcázar,2,80,40,116.0,29.0,10.7,0.03585116,Blocked,0,Open Play,Right Foot,False,True,From Free Kick,96.0,54.0,Shot,27,5,7,20.0,16.1,0.74,central_pass,106.0,57.0,half_space,False,0,10,2.04,0,0,1,10,2,5,119.0,36.0,0.91,3.66,central_penetration
0f5ec6ba-5df9-4902-9218-16b731bbec09,7566,Mexico,Sweden,Carlos Alberto Vela Garrido,2,80,41,117.0,42.0,3.3,0.7177226,Off T,0,Open Play,Head,False,False,From Free Kick,96.0,54.0,Shot,28,5,7,21.0,24.2,0.75,,,,central,False,0,10,1.29,0,1,2,10,0,5,118.0,36.0,1.83,3.66,other
f50e438a-f55e-42f2-a05b-d1b84028f142,7566,Mexico,Sweden,Hirving Rodrigo Lozano Bahena,2,88,45,98.0,51.0,22.49,0.033147816,Off T,0,Open Play,Right Foot,False,False,From Corner,120.0,79.0,Pass,5,2,2,-22.0,14.4,-4.4,cutback,109.0,69.0,wide,False,0,11,2.89,0,0,1,10,1,6,118.0,40.0,1.83,0.0,cutback
0a25e719-54eb-493c-ac40-d8ba450350df,7566,Mexico,Sweden,Héctor Miguel Herrera López,2,92,9,91.0,48.0,27.51,0.021690294,Saved,0,Open Play,Left Foot,False,True,From Throw In,109.0,79.0,Pass,7,4,4,-18.0,10.4,-2.57,other,100.0,65.0,wide,False,0,11,2.74,0,0,1,6,2,4,118.0,40.0,1.83,0.0,other
cd37cd5c-c7c9-4bde-a4d4-f5393f61fde2,7566,Mexico,Sweden,Hirving Rodrigo Lozano Bahena,2,92,56,102.0,21.0,23.93,0.011917301,Saved,0,Open Play,Right Foot,False,True,From Free Kick,41.0,59.0,Pass,13,3,5,61.0,55.1,4.69,other,55.0,12.0,wide,False,0,11,2.04,0,0,1,5,1,1,117.0,36.0,2.74,3.66,other
8e615033-8c67-4c2b-aec2-893d1ebab7c6,8651,Sweden,England,Viktor Claesson,1,11,54,86.0,43.0,31.21,0.018292004,Off T,0,Open Play,Right Foot,False,False,Regular Play,53.0,7.0,Ball Recovery,9,0,2,33.0,40.6,3.67,,,,central,False,0,9,3.3,0,0,0,2,2,0,118.0,40.0,1.83,0.0,other
9b88f34b-55a9-4e6c-9dc8-a316034eb935,8651,England,Sweden,Harry Kane,1,18,36,97.0,46.0,21.74,0.057993297,Off T,0,Open Play,Right Foot,True,False,From Counter,26.0,65.0,Ball Recovery,11,2,5,71.0,73.5,6.45,,,,central,False,0,7,3.3,0,0,0,4,1,1,120.0,41.0,0.0,0.91,fast_counter
7ddcea9f-fd78-4b14-9105-957ead55ab46,8651,England,Sweden,Harry Maguire,1,29,47,110.0,44.0,9.85,0.061832782,Goal,1,Open Play,Head,False,True,From Corner,119.0,1.0,Pass,2,1,0,-9.0,28.2,-4.5,cross,119.0,1.0,wide,False,0,11,1.83,0,1,2,11,4,6,120.0,43.0,0.0,2.74,wide_cross
1d16accb-ee47-4edf-ae99-285a80acd504,8651,England,Sweden,Jordan Brian Henderson,1,34,28,94.0,58.0,28.92,0.008420511,Off T,0,Open Play,Right Foot,False,False,From Throw In,97.0,80.0,Pass,30,8,8,-3.0,14.5,-0.1,other,101.0,64.0,wide,False,0,9,5.78,0,0,0,5,2,1,119.0,42.0,0.91,1.83,slow_possession
a002441b-b1a6-4eb2-adaf-c540c8495127,8651,England,Sweden,Raheem Sterling,1,44,31,111.0,51.0,13.0,0.11924116,Blocked,0,Open Play,Right Foot,False,True,Regular Play,49.0,18.0,Pass,32,10,10,62.0,60.1,1.94,,,,half_space,False,0,6,1.83,0,1,1,6,1,2,120.0,42.0,0.0,1.83,slow_possession
d175beb3-09b3-4c46-9c9f-39acd56f704e,8651,Sweden,England,Marcus Berg,2,46,34,113.0,48.0,9.72,0.1108226,Saved,0,Open Play,Head,False,True,From Throw In,107.0,2.0,Pass,7,2,2,6.0,29.5,0.86,cross,99.0,3.0,wide,False,0,7,0.91,1,1,1,7,1,4,120.0,42.0,0.0,1.83,wide_cross
795ba2c1-bf99-40a6-9d98-f55ad78d782a,8651,Sweden,England,Emil Peter Forsberg,2,51,25,97.0,13.0,32.43,0.006110725,Off T,0,Open Play,Right Foot,False,False,Regular Play,68.0,71.0,Pass,32,4,4,29.0,25.1,0.91,other,83.0,75.0,wide,False,0,9,4.92,0,0,0,6,1,3,120.0,41.0,0.0,0.91,other
a28d14f7-99c5-4340-acc4-c17798d2e197,8651,England,Sweden,Raheem Sterling,2,53,31,115.0,32.0,8.63,0.08364045,Blocked,0,Open Play,Right Foot,True,True,From Free Kick,83.0,4.0,Pass,5,2,0,32.0,42.2,6.4,central_pass,113.0,53.0,half_space,False,0,10,0.91,1,1,1,10,1,6,119.0,37.0,0.91,2.74,central_penetration
dbf2d2ce-54ea-4349-877a-6b3ea6ffec06,8651,England,Sweden,Jesse Lingard,2,56,5,95.0,23.0,27.64,0.014800565,Blocked,0,Open Play,Right Foot,False,False,Regular Play,65.0,77.0,Pass,32,7,10,30.0,36.1,0.94,,,,half_space,False,0,10,2.89,0,0,1,4,1,1,118.0,40.0,1.83,0.0,other
5511bfbb-782a-4915-823a-5d344b45cad5,8651,England,Sweden,Jesse Lingard,2,57,52,98.0,48.0,21.41,0.040688924,Blocked,0,Open Play,Right Foot,False,True,From Throw In,100.0,1.0,Pass,30,6,10,-2.0,20.4,-0.07,central_pass,97.0,28.0,half_space,False,0,8,2.04,0,0,1,5,2,3,118.0,39.0,1.83,0.91,central_penetration
499df88e-5bcd-4bfb-ab24-56020902b991,8651,England,Sweden,Bamidele Alli,2,58,0,116.0,32.0,8.18,0.14410557,Goal,1,Open Play,Head,False,False,From Throw In,100.0,1.0,Pass,38,8,12,16.0,34.9,0.42,central_pass,97.0,55.0,half_space,False,0,7,1.83,0,1,1,7,1,2,119.0,39.0,0.91,0.91,central_penetration
1cf49341-d138-4604-aeb1-973e8fe945b3,8651,Sweden,England,Viktor Claesson,2,61,19,106.0,43.0,13.09,0.13745673,Saved,0,Open Play,Right Foot,False,False,From Goal Kick,4.0,38.0,Pass,14,5,4,102.0,101.7,7.29,cutback,110.0,45.0,central,False,0,7,3.3,0,0,0,7,1,2,119.0,42.0,0.91,1.83,cutback
5e6cf187-7dc2-4fba-b290-e70bb390bee7,8651,Sweden,England,Viktor Claesson,2,61,21,113.0,36.0,7.37,0.24123907,Blocked,0,Open Play,Left Foot,True,False,From Goal Kick,4.0,38.0,Pass,16,5,4,109.0,108.0,6.81,,,,central,False,0,6,2.04,0,0,1,6,2,2,118.0,39.0,1.83,0.91,other
963d4331-94d6-4c53-b1f1-127b4219ebcf,8651,Sweden,England,Ola Toivonen,2,61,48,105.0,47.0,15.14,0.0686475,Off T,0,Open Play,Head,False,True,Regular Play,87.0,6.0,Pass,2,1,0,18.0,30.8,9.0,cross,87.0,6.0,wide,False,0,8,0.91,1,1,1,5,1,2,120.0,43.0,0.0,2.74,wide_cross
a75954d6-0e44-4762-8d94-56ff4996bc40,8651,England,Sweden,Harry Maguire,2,65,35,111.0,30.0,12.3,0.08273663,Off T,0,Open Play,Left Foot,True,False,From Corner,119.0,80.0,Pass,6,0,0,-8.0,26.6,-1.33,,,,central,False,0,11,2.74,0,0,1,10,1,5,118.0,38.0,1.83,1.83,other
07c24e55-d915-4d21-b9c2-7dd4603e4bd4,8651,England,Sweden,Bamidele Alli,2,67,55,102.0,29.0,19.29,0.053019132,Blocked,0,Open Play,Left Foot,False,False,Regular Play,48.0,28.0,Pass,8,2,3,54.0,51.9,6.75,,,,half_space,False,0,7,4.09,0,0,0,6,2,2,118.0,39.0,1.83,0.91,fast_counter
29d6c1aa-58b5-46b8-9926-a2e88864d913,8651,England,Sweden,Bamidele Alli,2,68,19,107.0,20.0,21.81,0.011284669,Blocked,0,Open Play,Right Foot,False,False,Regular Play,48.0,28.0,Pass,32,8,10,59.0,49.1,1.84,central_pass,98.0,25.0,half_space,False,0,10,3.77,0,0,0,9,1,3,118.0,38.0,1.83,1.83,central_penetration
7f67ffb0-25b3-4dd0-9cc9-984bcce122dc,8651,Sweden,England,Marcus Berg,2,70,58,110.0,42.0,9.33,0.16984412,Saved,0,Open Play,Left Foot,False,False,From Throw In,39.0,1.0,Pass,72,13,14,71.0,79.7,0.99,cross,110.0,22.0,half_space,False,0,7,2.74,0,0,1,7,2,1,120.0,42.0,0.0,1.83,wide_cross
9841aa61-b5ee-4813-bc38-d9e489c6f9a0,8651,England,Sweden,Jesse Lingard,2,81,46,98.0,43.0,20.3,0.0804723,Blocked,0,Open Play,Left Foot,False,False,Regular Play,35.0,29.0,Duel,67,5,8,63.0,63.5,0.94,,,,central,False,0,8,3.3,0,0,0,3,1,1,117.0,38.0,2.74,1.83,other
dfeb81b5-b22b-441b-999d-d81eabd11f52,8651,Sweden,England,Ludwig Augustinsson,2,89,57,100.0,50.0,20.45,0.08177389,Off T,0,Free Kick,Left Foot,False,False,From Free Kick,100.0,50.0,Shot,0,0,0,0.0,0.0,,,,,central,False,0,11,8.23,0,0,0,11,3,6,120.0,41.0,0.0,0.91,set_piece
5239dca1-922d-4105-b023-b0e8ed1e91bc,7567,Germany,South Korea,Marco Reus,1,5,16,113.0,22.0,17.66,0.012952975,Off T,0,Open Play,Right Foot,False,True,From Throw In,107.0,1.0,Pass,16,5,4,6.0,21.8,0.38,central_pass,82.0,56.0,half_space,False,0,7,3.77,0,0,0,7,1,2,119.0,38.0,0.91,1.83,central_penetration
d5a11f7c-64ba-4d10-8fc0-e606b32c96c5,7567,Germany,South Korea,Sami Khedira,1,13,43,111.0,42.0,8.43,0.060433608,Saved,0,Open Play,Head,False,True,From Corner,120.0,79.0,Pass,2,1,0,-9.0,29.8,-4.5,cutback,120.0,79.0,wide,False,0,10,0.91,2,4,4,10,3,4,119.0,41.0,0.91,0.91,cutback
4eff0fa0-1d83-43da-a91f-05e12750fcd4,7567,South Korea,Germany,Woo-Young Jung,1,18,21,87.0,49.0,31.28,0.019010931,Saved,0,Free Kick,Right Foot,False,False,From Free Kick,87.0,49.0,Shot,0,0,0,0.0,0.0,,,,,central,False,0,11,10.97,0,0,0,6,3,4,118.0,39.0,1.83,0.91,set_piece
0db49067-0d88-44c5-b3f9-6080bb93c903,7567,South Korea,Germany,Yong Lee,1,19,4,91.0,50.0,28.05,0.018683761,Off T,0,Open Play,Right Foot,True,False,From Corner,119.0,79.0,Pass,4,0,0,-28.0,8.3,-7.0,,,,central,False,0,11,8.43,0,0,0,9,2,5,118.0,40.0,1.83,0.0,other
aba3f095-85d6-4c4d-9deb-4732a048d068,7567,South Korea,Germany,Heung-Min Son,1,24,1,108.0,51.0,14.89,0.057621818,Off T,0,Open Play,Right Foot,True,False,From Goal Kick,6.0,44.0,Pass,40,12,11,102.0,97.8,2.55,,,,half_space,False,0,7,3.88,0,0,0,6,3,2,118.0,42.0,1.83,1.83,slow_possession
af9fa10c-eda5-42dd-8abd-3ae4d664e1d3,7567,Germany,South Korea,Marco Reus,1,32,6,97.0,42.0,21.11,0.06146504,Blocked,0,Open Play,Left Foot,False,False,Regular Play,68.0,55.0,Ball Recovery,59,16,17,29.0,31.0,0.49,other,76.0,64.0,wide,False,0,6,5.52,0,0,0,5,1,2,116.0,42.0,3.66,1.83,slow_possession
6a837f23-0ae1-4fe5-9b28-6084e0afa092,7567,Germany,South Korea,Timo Werner,1,38,7,108.0,51.0,14.89,0.05455867,Blocked,0,Open Play,Right Foot,False,False,Regular Play,79.0,31.0,Pass,7,2,2,29.0,25.7,4.14,central_pass,88.0,36.0,central,False,0,7,1.29,0,1,1,7,2,2,116.0,44.0,3.66,3.66,central_penetration
70893873-39db-44bd-9214-676e7cb39630,7567,Germany,South Korea,Leon Goretzka,1,38,38,112.0,43.0,7.81,0.07476272,Wayward,0,Open Play,Head,False,False,From Corner,120.0,80.0,Pass,1,1,0,-8.0,31.5,-8.0,cutback,120.0,80.0,wide,False,0,10,0.91,1,1,3,10,2,5,119.0,40.0,0.91,0.0,cutback
1fa2a90d-06e2-4113-b601-bd51865195c0,7567,Germany,South Korea,Mats Hummels,1,38,43,116.0,37.0,4.57,0.3347433,Saved,0,Open Play,Right Foot,False,False,From Corner,120.0,80.0,Pass,6,2,3,-4.0,35.0,-0.67,cross,119.0,28.0,half_space,False,0,9,1.29,0,3,4,9,2,4,117.0,38.0,2.74,1.83,wide_cross
3bdb269b-eb2e-4bc5-b25c-39a933aab54b,7567,Germany,South Korea,Mesut Özil,1,46,3,105.0,60.0,22.86,0.010117099,Blocked,0,Open Play,Left Foot,False,False,From Throw In,100.0,1.0,Pass,48,16,17,5.0,18.8,0.1,,,,half_space,False,0,9,4.57,0,0,0,8,2,3,118.0,44.0,1.83,3.66,slow_possession
3924bf0b-d4dc-4ec3-981b-dd8dd2008f59,7567,South Korea,Germany,Heung-Min Son,1,47,47,99.0,53.0,22.58,0.033090822,Off T,0,Open Play,Right Foot,False,False,From Goal Kick,6.0,42.0,Pass,8,2,3,93.0,89.3,11.62,other,70.0,68.0,wide,False,0,7,2.89,0,0,1,3,1,0,118.0,42.0,1.83,1.83,fast_counter
20803010-3ee1-4096-8e1c-d52af23b4e66,7567,South Korea,Germany,Woo-Young Jung,2,45,32,89.0,38.0,28.41,0.029391896,Saved,0,Open Play,Right Foot,False,True,From Kick Off,61.0,41.0,Pass,30,7,6,28.0,27.9,0.93,,,,central,False,0,8,1.29,0,1,1,3,1,1,119.0,41.0,0.91,0.91,other
c7246f2a-f429-4410-a153-bebe19451bfd,7567,Germany,South Korea,Leon Goretzka,2,47,2,111.0,39.0,8.28,0.20739396,Saved,0,Open Play,Head,False,False,From Throw In,51.0,80.0,Pass,48,18,17,60.0,70.7,1.25,cross,107.0,60.0,half_space,False,0,9,2.89,0,0,1,8,1,4,118.0,41.0,1.83,0.91,wide_cross
8af16c0f-2178-44c8-8f29-a7bd85f44d85,7567,Germany,South Korea,Toni Kroos,2,48,44,85.0,38.0,32.06,0.016595932,Off T,0,Open Play,Right Foot,False,False,From Throw In,59.0,1.0,Pass,20,5,8,26.0,37.3,1.3,other,94.0,6.0,wide,False,0,8,3.77,0,0,0,5,2,2,118.0,40.0,1.83,0.0,other
12637659-a3e3-44a7-a0c6-4e9ed91cd6b0,7567,Germany,South Korea,Timo Werner,2,50,33,108.0,37.0,11.31,0.09489199,Off T,0,Open Play,Right Foot,False,False,From Throw In,68.0,1.0,Pass,48,19,21,40.0,52.6,0.83,cross,117.0,21.0,half_space,False,0,7,2.89,0,0,1,7,3,4,117.0,38.0,2.74,1.83,wide_cross
4ea07456-7266-4145-a8d4-4e2a20fabca5,7567,South Korea,Germany,Heung-Min Son,2,51,10,119.0,31.0,8.28,0.049363878,Off T,0,Open Play,Right Foot,False,False,Regular Play,53.0,28.0,Pass,8,3,4,66.0,59.0,8.25,other,65.0,5.0,wide,False,0,6,4.57,0,0,0,3,0,0,115.0,34.0,4.57,5.49,fast_counter
6b2bdcc7-b7f4-41cf-8c17-b8c68d12485a,7567,Germany,South Korea,Joshua Kimmich,2,53,12,103.0,56.0,21.35,0.033191342,Blocked,0,Open Play,Left Foot,False,False,From Corner,120.0,80.0,Pass,36,9,9,-17.0,16.7,-0.47,central_pass,99.0,47.0,central,False,0,7,3.66,0,0,0,6,1,4,117.0,41.0,2.74,0.91,central_penetration
f82a8019-c55c-4b46-805e-66a93127b816,7567,Germany,South Korea,Sami Khedira,2,53,13,94.0,52.0,26.18,0.022136997,Blocked,0,Open Play,Right Foot,False,False,From Corner,120.0,80.0,Pass,37,9,10,-26.0,11.4,-0.7,,,,half_space,False,0,9,2.89,0,0,1,7,2,3,117.0,41.0,2.74,0.91,slow_possession
00d6305e-cd2f-495c-b848-207a690cfb0e,7567,Germany,South Korea,Toni Kroos,2,60,51,104.0,31.0,16.79,0.10291238,Blocked,0,Open Play,Left Foot,False,False,Regular Play,58.0,3.0,Ball Recovery,25,4,7,46.0,53.8,1.84,central_pass,100.0,48.0,central,False,0,6,4.92,0,0,0,5,2,5,116.0,40.0,3.66,0.0,central_penetration
0f805fbf-1504-447f-937a-136c2181bc74,7567,South Korea,Germany,Heung-Min Son,2,62,6,96.0,42.0,22.02,0.04893264,Off T,0,Open Play,Right Foot,False,False,From Throw In,61.0,80.0,Pass,19,5,7,35.0,47.2,1.84,central_pass,96.0,33.0,central,False,0,8,3.88,0,0,0,5,1,3,119.0,42.0,0.91,1.83,central_penetration
f9b5f866-751c-4159-803a-f7aac8aadc57,7567,Germany,South Korea,Timo Werner,2,63,37,112.0,28.0,13.19,0.046130143,Off T,0,Open Play,Right Foot,False,True,From Corner,120.0,79.0,Pass,3,1,1,-8.0,24.6,-2.67,cutback,120.0,79.0,wide,False,0,11,2.04,0,0,1,10,3,4,118.0,37.0,1.83,2.74,cutback
04c42f97-3a45-467d-bfab-738f9227252e,7567,Germany,South Korea,Mario Gómez García,2,67,34,113.0,39.0,6.47,0.21808246,Saved,0,Open Play,Head,False,False,Regular Play,33.0,76.0,Duel,34,6,7,80.0,87.1,2.35,cross,102.0,68.0,wide,False,0,9,1.83,0,1,1,7,1,2,119.0,41.0,0.91,0.91,wide_cross
4eced1a0-3591-43b8-89dd-41fa492dca90,7567,Germany,South Korea,Toni Kroos,2,69,8,94.0,39.0,23.79,0.038651053,Off T,0,Open Play,Left Foot,False,True,From Throw In,40.0,80.0,Pass,27,8,8,54.0,63.4,2.0,cutback,102.0,70.0,wide,False,0,10,4.57,0,0,0,6,3,4,117.0,40.0,2.74,0.0,cutback
5a2a6a68-dd1c-4ddb-a170-58fec9af08b8,7567,Germany,South Korea,Mario Gómez García,2,70,49,115.0,43.0,5.33,0.18822618,Blocked,0,Open Play,Left Foot,False,False,Regular Play,27.0,36.0,Pass,22,7,7,88.0,87.3,4.0,cross,113.0,69.0,wide,False,0,9,0.0,1,2,3,7,2,3,117.0,43.0,2.74,2.74,wide_cross
f2de6e57-9a9f-451a-8c1e-0c5e7df2ecf6,7567,South Korea,Germany,Heung-Min Son,2,77,45,102.0,29.0,19.29,0.06689221,Off T,0,Open Play,Right Foot,False,False,From Keeper,6.0,41.0,Goal Keeper,17,3,4,96.0,92.9,5.65,central_pass,64.0,52.0,half_space,False,0,6,2.89,0,0,1,4,1,1,118.0,40.0,1.83,0.0,central_penetration
b429cdcf-4099-4f15-b1de-da07b8780fcf,7567,Germany,South Korea,Thomas Müller,2,81,46,112.0,44.0,8.18,0.1887936,Off T,0,Open Play,Head,False,True,Regular Play,57.0,11.0,Pass,19,6,5,55.0,60.4,2.89,cross,107.0,64.0,wide,False,0,9,0.91,1,1,2,8,1,3,117.0,42.0,2.74,1.83,wide_cross
16271642-e59b-4652-ba6d-9cbf35d33ce1,7567,Germany,South Korea,Marco Reus,2,82,44,97.0,54.0,24.62,0.026506644,Off T,0,Open Play,Right Foot,False,False,Regular Play,24.0,50.0,Pass,29,10,10,73.0,69.6,2.52,central_pass,84.0,33.0,central,False,0,9,3.88,0,0,0,7,1,4,118.0,41.0,1.83,0.91,central_penetration
5c10f241-14bf-46ad-88cf-d649b7ff627f,7567,Germany,South Korea,Julian Brandt,2,83,52,109.0,29.0,14.22,0.13213639,Blocked,0,Open Play,Right Foot,False,False,From Free Kick,46.0,58.0,Pass,31,10,10,63.0,60.6,2.03,cutback,113.0,15.0,wide,False,0,9,4.09,0,0,0,8,1,4,117.0,39.0,2.74,0.91,cutback
67eebb52-c31d-4f55-a41f-bdd44c4c6e91,7567,Germany,South Korea,Toni Kroos,2,83,56,95.0,33.0,23.74,0.027463825,Off T,0,Open Play,Right Foot,False,False,From Free Kick,46.0,58.0,Pass,35,11,11,49.0,50.2,1.4,central_pass,94.0,42.0,central,False,0,10,2.59,0,0,1,6,3,5,116.0,38.0,3.66,1.83,central_penetration
66ad5037-e928-4446-b071-9d2c0c6ac370,7567,Germany,South Korea,Mats Hummels,2,86,25,112.0,39.0,7.37,0.17120185,Off T,0,Open Play,Other,False,False,Regular Play,57.0,69.0,Ball Recovery,11,4,4,55.0,61.3,5.0,cross,105.0,72.0,wide,False,0,9,0.91,1,1,3,8,1,6,117.0,40.0,2.74,0.0,fast_counter
66e455ad-2411-4d2c-b648-2eca3880ba94,7567,Germany,South Korea,Toni Kroos,2,87,40,98.0,41.0,20.14,0.045900352,Saved,0,Open Play,Right Foot,False,False,Regular Play,56.0,45.0,Pass,20,3,6,42.0,42.2,2.1,,,,central,False,0,8,3.77,0,0,0,5,1,2,117.0,40.0,2.74,0.0,other
4683af95-db4a-434b-ae91-f763f9f7d8ae,7567,South Korea,Germany,Woo-Young Jung,2,88,11,86.0,39.0,31.1,0.01863953,Saved,0,Open Play,Right Foot,False,False,Regular Play,55.0,54.0,Pass,18,5,5,31.0,32.5,1.72,other,100.0,14.0,wide,False,0,8,4.92,0,0,0,5,2,1,119.0,41.0,0.91,0.91,other
5aff300b-674a-4f5d-9b75-273bb391bf77,7567,South Korea,Germany,Jae-Sung Lee,2,89,8,98.0,42.0,20.2,0.037488606,Blocked,0,Open Play,Left Foot,False,True,From Counter,78.0,66.0,Ball Recovery,7,0,1,20.0,27.3,2.86,,,,central,False,0,4,1.83,0,1,1,3,2,2,119.0,41.0,0.91,0.91,fast_counter
e218ccdc-f5f8-4682-93a7-2acaf3011fc4,7567,South Korea,Germany,Young-Gwon Kim,2,91,9,115.0,42.0,4.92,0.47288835,Goal,1,Open Play,Left Foot,False,False,From Corner,120.0,1.0,Pass,3,0,1,-5.0,33.6,-1.67,,,,central,False,0,8,2.74,0,0,1,7,1,3,118.0,42.0,1.83,1.83,other
a13afd21-aaa9-4fc1-a37c-b1fd6e2d57f6,7567,Germany,South Korea,Thomas Müller,2,94,25,108.0,36.0,11.57,0.11065246,Wayward,0,Open Play,Head,False,False,From Throw In,85.0,1.0,Pass,7,3,2,23.0,39.8,3.29,other,81.0,5.0,wide,False,0,7,2.04,0,0,1,5,1,4,117.0,39.0,2.74,0.91,other
c87f4455-2d96-49d7-acc9-36900ad5961c,7567,Germany,South Korea,Mats Hummels,2,94,27,115.0,47.0,7.87,0.08714318,Off T,0,Open Play,Head,False,False,From Throw In,85.0,1.0,Pass,9,3,2,30.0,43.8,3.33,,,,central,False,0,6,1.29,0,1,1,5,2,3,117.0,43.0,2.74,2.74,other
3c34f7d3-fa15-4e0f-8a61-ba27dfa4e79a,7567,South Korea,Germany,Heung-Min Son,2,95,53,116.0,32.0,8.18,0.92262584,Goal,1,Open Play,Left Foot,True,False,From Counter,29.0,69.0,Duel,8,1,1,87.0,86.6,10.88,central_pass,24.0,62.0,half_space,False,0,2,11.01,0,0,0,1,0,0,62.0,41.0,53.04,0.91,fast_counter
f14d5117-2bad-4b07-998d-cfb603276083,7567,Germany,South Korea,Thomas Müller,2,97,28,99.0,35.0,19.74,0.041539717,Blocked,0,Open Play,Right Foot,False,False,From Kick Off,60.0,40.0,Pass,18,8,6,39.0,38.4,2.17,central_pass,103.0,40.0,central,False,0,7,1.83,0,1,1,6,1,4,116.0,39.0,3.66,0.91,central_penetration
d22ab810-71d5-410d-8344-f278a548750d,7567,Germany,South Korea,Julian Brandt,2,97,39,102.0,49.0,18.4,0.08329194,Saved,0,Open Play,Right Foot,False,False,From Kick Off,60.0,40.0,Pass,29,9,8,42.0,39.9,1.45,central_pass,88.0,34.0,central,False,0,10,2.04,0,0,1,7,1,5,117.0,40.0,2.74,0.0,central_penetration
eb587e16-785a-4901-b977-ccd841c27293,7567,Germany,South Korea,Mats Hummels,2,98,7,106.0,35.0,13.59,0.070449255,Blocked,0,Open Play,Left Foot,False,False,From Throw In,111.0,79.0,Pass,16,2,3,-5.0,25.2,-0.31,,,,central,False,0,8,2.04,0,0,1,7,4,4,117.0,38.0,2.74,1.83,other
acc237fe-a583-497f-9565-21a350fee06b,7567,Germany,South Korea,Mats Hummels,2,98,41,113.0,39.0,6.47,0.1440755,Off T,0,Open Play,Head,False,False,From Corner,119.0,1.0,Pass,20,3,3,-6.0,31.9,-0.3,central_pass,104.0,24.0,half_space,False,0,10,2.04,0,0,2,9,1,5,117.0,39.0,2.74,0.91,central_penetration
3ff93601-741b-42a7-b0dd-c2079e07130a,7541,Japan,Colombia,Yūya Ōsako,1,2,45,104.0,48.0,16.36,0.3376846,Saved,0,Open Play,Left Foot,False,True,Regular Play,100.0,50.0,Ball Recovery,1,0,1,4.0,4.5,4.0,,,,central,False,0,6,1.29,0,1,2,2,1,0,111.0,44.0,8.23,3.66,high_turnover
c3804e81-227a-4dd4-ba7c-2a9f54ec4ad8,7541,Japan,Colombia,Shinji Kagawa,1,2,46,103.0,39.0,15.57,0.23730883,Blocked,0,Open Play,Left Foot,True,False,Regular Play,100.0,50.0,Ball Recovery,2,0,1,3.0,5.3,1.5,,,,central,False,0,6,2.04,0,0,2,5,2,1,111.0,41.0,8.23,0.91,high_turnover
b60caccc-2a43-4d5f-b0f2-293cc272ba4b,7541,Colombia,Japan,Radamel Falcao García Zárate,1,11,32,112.0,43.0,7.81,0.24035126,Saved,0,Open Play,Left Foot,True,False,From Free Kick,78.0,56.0,Pass,2,1,0,34.0,36.4,17.0,central_pass,78.0,56.0,half_space,False,0,9,3.3,0,0,0,8,1,3,119.0,41.0,0.91,0.91,central_penetration
d66a1817-7e91-4248-afc5-c6eadb52f5b1,7541,Japan,Colombia,Takashi Inui,1,14,29,108.0,30.0,14.28,0.14577667,Off T,0,Open Play,Right Foot,True,False,Regular Play,61.0,52.0,Pass,10,2,3,47.0,44.6,4.7,central_pass,95.0,41.0,central,False,0,7,2.89,0,0,1,6,1,3,118.0,37.0,1.83,2.74,fast_counter
e80e2b46-6294-46e3-9236-4274ab56a88d,7541,Colombia,Japan,Juan Fernando Quintero Paniagua,1,15,12,93.0,49.0,26.02,0.022535361,Blocked,0,Open Play,Left Foot,True,False,Regular Play,18.0,11.0,Pass,18,3,5,75.0,77.6,4.17,central_pass,98.0,44.0,central,False,0,8,6.13,0,0,0,4,2,2,119.0,41.0,0.91,0.91,central_penetration
05214bdb-3cf7-4612-8e22-72d95b06febc,7541,Colombia,Japan,Oscar Fabián Murillo Murillo,1,25,12,110.0,34.0,10.66,0.10747917,Wayward,0,Open Play,Head,False,True,From Corner,120.0,1.0,Pass,1,1,0,-10.0,27.3,-10.0,cutback,120.0,1.0,wide,False,0,10,0.0,1,1,1,10,3,3,119.0,41.0,0.91,0.91,cutback
b983197c-0caa-476f-bb13-1f46eec6320a,7541,Colombia,Japan,Juan Guillermo Cuadrado Bello,1,25,26,101.0,60.0,25.22,0.008843584,Blocked,0,Open Play,Right Foot,False,False,From Corner,120.0,1.0,Pass,15,3,3,-19.0,11.4,-1.27,central_pass,100.0,30.0,central,False,0,11,6.47,0,0,0,10,3,4,119.0,44.0,0.91,3.66,central_penetration
4d8ca28c-6c1a-413b-bf6d-3fa418c02fbf,7541,Japan,Colombia,Yūya Ōsako,1,31,19,112.0,26.0,14.74,0.06617878,Wayward,0,Open Play,Right Foot,False,False,From Throw In,73.0,79.0,Pass,26,4,7,39.0,44.9,1.5,,,,half_space,False,0,7,1.83,0,1,1,4,1,1,117.0,35.0,2.74,4.57,other
b604cb85-2a45-4d29-aa5e-db9b70c1e90c,7541,Colombia,Japan,Radamel Falcao García Zárate,1,33,32,109.0,45.0,11.05,0.14382575,Saved,0,Open Play,Right Foot,True,False,Regular Play,28.0,69.0,Duel,30,9,9,81.0,84.4,2.7,central_pass,85.0,59.0,half_space,False,0,8,1.83,0,1,2,4,1,0,119.0,42.0,0.91,1.83,central_penetration
e10c104c-b69f-46fc-92de-c5a30a008be9,7541,Colombia,Japan,Juan Fernando Quintero Paniagua,1,38,10,100.0,60.0,25.86,0.010644076,Goal,1,Free Kick,Left Foot,False,False,From Free Kick,100.0,60.0,Shot,0,0,0,0.0,0.0,,,,,half_space,False,0,11,8.28,0,0,0,10,3,4,120.0,41.0,0.0,0.91,set_piece
053dcbaa-de1c-4ccf-a67e-680c4e29416e,7541,Japan,Colombia,Yūya Ōsako,2,53,19,117.0,30.0,9.55,0.083701745,Saved,0,Open Play,Left Foot,False,False,Regular Play,35.0,77.0,Pass,47,14,15,82.0,82.3,1.74,central_pass,94.0,25.0,half_space,False,0,6,2.04,0,0,1,6,1,1,119.0,38.0,0.91,1.83,central_penetration
65c963f8-76a8-4236-9e48-c0dbb35b90eb,7541,Japan,Colombia,Takashi Inui,2,56,21,106.0,28.0,16.86,0.060330503,Saved,0,Open Play,Right Foot,False,False,Regular Play,57.0,59.0,Duel,12,4,4,49.0,47.4,4.08,central_pass,94.0,41.0,central,False,0,7,1.83,0,1,2,6,1,2,120.0,40.0,0.0,0.0,fast_counter
4dc1e2f7-80b7-42ed-8ae6-bff8d3015119,7541,Japan,Colombia,Maya Yoshida,2,58,53,113.0,39.0,6.47,0.120759696,Off T,0,Open Play,Head,False,True,From Free Kick,96.0,67.0,Pass,1,1,0,17.0,29.1,17.0,cross,96.0,67.0,wide,False,0,10,0.91,1,2,2,10,2,4,120.0,41.0,0.0,0.91,wide_cross
7406f169-6e3b-42b4-848a-b6f592681fb6,7541,Japan,Colombia,Hiroki Sakai,2,60,30,110.0,57.0,18.03,0.012992266,Off T,0,Open Play,Right Foot,False,False,From Free Kick,70.0,18.0,Pass,5,2,2,40.0,34.9,8.0,central_pass,75.0,37.0,central,False,0,6,2.89,0,0,1,5,1,1,119.0,45.0,0.91,4.57,fast_counter
90fc6764-09f4-44cd-b996-af7c4c6d0466,7541,Japan,Colombia,Takashi Inui,2,65,17,105.0,25.0,19.4,0.050535332,Blocked,0,Open Play,Right Foot,False,True,From Free Kick,82.0,15.0,Pass,67,16,20,23.0,24.3,0.34,central_pass,77.0,24.0,half_space,False,0,8,3.66,0,0,0,6,2,4,119.0,39.0,0.91,0.91,central_penetration
abe3b4a7-92f9-443d-98d3-9c18e87b51d3,7541,Japan,Colombia,Keisuke Honda,2,70,43,96.0,60.0,28.57,0.008464088,Saved,0,Open Play,Left Foot,False,False,Regular Play,37.0,14.0,Pass,20,7,7,59.0,55.7,2.95,cutback,104.0,78.0,wide,False,0,9,1.83,0,1,1,6,2,4,120.0,43.0,0.0,2.74,cutback
713644da-da24-4719-b1b1-295ff8fafb0f,7541,Japan,Colombia,Hiroki Sakai,2,72,0,114.0,49.0,9.89,0.09609399,Blocked,0,Open Play,Right Foot,True,False,From Throw In,30.0,1.0,Pass,52,23,21,84.0,87.3,1.62,central_pass,114.0,48.0,central,False,0,8,1.83,0,2,2,8,2,4,120.0,44.0,0.0,3.66,central_penetration
2fbce3e7-faac-4105-bdf2-dd87b900ba60,7541,Japan,Colombia,Yūya Ōsako,2,72,39,117.0,39.0,2.89,0.1866343,Goal,1,Open Play,Head,False,True,From Corner,119.0,2.0,Pass,2,1,0,-2.0,34.9,-1.0,cross,119.0,2.0,wide,False,0,10,0.91,1,3,6,10,1,4,118.0,41.0,1.83,0.91,wide_cross
71aac172-55cd-47b0-9c82-9b019ffb7cf0,7541,Colombia,Japan,James David Rodríguez Rubio,2,77,20,112.0,54.0,14.74,0.060488213,Blocked,0,Open Play,Left Foot,False,False,From Corner,120.0,80.0,Pass,20,4,5,-8.0,23.9,-0.4,cutback,116.0,70.0,wide,False,0,9,1.83,0,1,1,7,1,4,118.0,43.0,1.83,2.74,cutback
d1ed41f7-9e6a-49c5-b55f-191cc91e6d96,7541,Colombia,Japan,Jefferson Andrés Lerma Solís,2,77,34,113.0,47.0,9.05,0.056293465,Wayward,0,Open Play,Other,False,False,From Corner,120.0,80.0,Pass,1,1,0,-7.0,30.1,-7.0,cutback,120.0,80.0,wide,False,0,11,1.29,0,2,2,11,2,4,119.0,40.0,0.91,0.0,cutback
fe5fa7dd-742c-4e4e-af60-4f404d4252da,7541,Colombia,Japan,Carlos Arturo Bacca Ahumada,2,77,38,109.0,31.0,13.0,0.07248526,Blocked,0,Open Play,Right Foot,False,False,From Corner,120.0,80.0,Pass,5,1,1,-11.0,25.8,-2.2,,,,central,False,0,11,1.83,0,1,1,11,2,4,118.0,38.0,1.83,1.83,other
84cdad8f-3e9f-42e6-9898-03ab141404b0,7541,Colombia,Japan,Oscar Fabián Murillo Murillo,2,77,46,111.0,42.0,8.43,0.08330989,Wayward,0,Open Play,Head,False,False,From Corner,120.0,80.0,Pass,13,3,2,-9.0,30.8,-0.69,cross,90.0,9.0,wide,False,0,9,0.91,1,1,2,6,2,4,118.0,40.0,1.83,0.0,wide_cross
57fcdb5b-8bed-4019-af55-ee0039f75dcd,7541,Japan,Colombia,Yūya Ōsako,2,81,20,108.0,43.0,11.31,0.13071316,Wayward,0,Open Play,Head,False,False,Regular Play,27.0,5.0,Pass,113,39,36,81.0,87.0,0.72,cross,102.0,71.0,wide,False,0,7,1.83,0,1,1,5,1,1,119.0,41.0,0.91,0.91,wide_cross
39df37f7-1ead-4fc4-ad48-6f012fd184eb,8655,Belgium,France,Eden Hazard,1,14,59,109.0,23.0,18.52,0.02582844,Off T,0,Open Play,Left Foot,False,True,Regular Play,75.0,17.0,Pass,4,2,2,34.0,30.3,8.5,central_pass,98.0,19.0,half_space,False,0,8,0.91,1,1,2,5,1,3,119.0,39.0,0.91,0.91,central_penetration
21a5c483-c59e-40e9-a0e3-9ec5b2fb74d8,8655,France,Belgium,Blaise Matuidi,1,17,45,92.0,38.0,25.67,0.024187952,Saved,0,Open Play,Left Foot,True,False,From Throw In,117.0,79.0,Pass,8,2,0,-25.0,11.0,-3.12,,,,central,False,0,10,2.89,0,0,1,1,2,3,117.0,40.0,2.74,0.0,other
151dbc9c-d5a5-4db5-8362-15b31dfb0132,8655,Belgium,France,Eden Hazard,1,18,32,107.0,21.0,21.05,0.012269703,Blocked,0,Open Play,Right Foot,False,True,Regular Play,37.0,77.0,Pass,35,9,8,70.0,67.9,2.0,cross,104.0,68.0,wide,False,0,10,2.74,0,0,1,8,1,3,119.0,39.0,0.91,0.91,wide_cross
efee3915-85a3-4935-9d1c-718b4433232c,8655,Belgium,France,Toby Alderweireld,1,21,0,105.0,41.0,13.75,0.103834964,Saved,0,Open Play,Left Foot,False,False,From Corner,120.0,80.0,Pass,3,1,0,-15.0,25.0,-5.0,central_pass,109.0,41.0,central,False,0,10,2.04,0,0,1,9,2,4,119.0,40.0,0.91,0.0,central_penetration
b451fbff-fc48-4ca8-8508-c0609275ace4,8655,France,Belgium,Olivier Giroud,1,22,41,103.0,48.0,17.18,0.27923512,Off T,0,Open Play,Left Foot,True,False,Regular Play,30.0,19.0,Pass,36,15,11,73.0,73.6,2.03,central_pass,57.0,27.0,half_space,False,0,6,3.3,0,0,0,1,0,0,113.0,40.0,6.4,0.0,central_penetration
76c4d931-d426-44f0-9b99-c4421aa7b12b,8655,France,Belgium,Olivier Giroud,1,30,31,108.0,44.0,11.57,0.08539717,Off T,0,Open Play,Head,False,False,From Free Kick,82.0,50.0,Pass,3,2,1,26.0,26.6,8.67,central_pass,90.0,61.0,half_space,False,0,10,1.83,0,1,1,9,2,4,118.0,40.0,1.83,0.0,central_penetration
980b8db5-ed51-474b-b5fc-7a77be87d365,8655,France,Belgium,Olivier Giroud,1,31,51,107.0,32.0,13.96,0.13975486,Wayward,0,Open Play,Left Foot,True,False,Regular Play,43.0,3.0,Pass,15,4,2,64.0,70.2,4.27,cross,107.0,21.0,half_space,False,0,7,0.91,1,1,1,4,1,1,117.0,37.0,2.74,2.74,wide_cross
8e613f4d-0ea1-44be-8444-22acafe365f5,8655,France,Belgium,Antoine Griezmann,1,32,8,98.0,30.0,22.1,0.039881397,Off T,0,Open Play,Right Foot,False,False,Regular Play,109.0,4.0,Pass,10,4,3,-11.0,13.5,-1.1,,,,central,False,0,9,3.88,0,0,0,6,2,4,118.0,38.0,1.83,1.83,other
7818dffb-e8ad-4cb0-8aeb-2daf959cac3b,8655,France,Belgium,Olivier Giroud,1,33,12,109.0,36.0,10.7,0.16416734,Off T,0,Open Play,Left Foot,True,True,Regular Play,74.0,38.0,Pass,4,2,0,35.0,34.3,8.75,cross,109.0,60.0,half_space,False,0,5,0.91,1,1,1,4,1,1,119.0,39.0,0.91,0.91,wide_cross
3428971a-0f7b-4ebc-9c6c-64b7a7f10c4a,8655,France,Belgium,Antoine Griezmann,1,36,5,91.0,32.0,27.51,0.026532186,Off T,0,Open Play,Left Foot,False,False,From Counter,22.0,32.0,Ball Recovery,10,3,3,69.0,68.2,6.9,central_pass,28.0,21.0,half_space,False,0,8,2.59,0,0,2,1,1,0,116.0,39.0,3.66,0.91,fast_counter
4b50f542-6cba-4d21-8168-526b7451ce70,8655,France,Belgium,Antoine Griezmann,1,38,42,96.0,50.0,23.77,0.028874304,Blocked,0,Open Play,Left Foot,False,False,Regular Play,34.0,30.0,Interception,17,5,6,62.0,60.6,3.65,central_pass,100.0,62.0,half_space,False,0,10,3.3,0,0,0,6,1,2,118.0,40.0,1.83,0.0,central_penetration
9d38c34c-38e0-4bb7-9bcb-9c835ec95cec,8655,France,Belgium,Benjamin Pavard,1,38,58,114.0,53.0,13.09,0.07446188,Saved,0,Open Play,Right Foot,True,False,Regular Play,34.0,30.0,Interception,33,7,8,80.0,72.3,2.42,other,99.0,63.0,wide,False,0,9,3.3,0,0,0,7,1,3,117.0,47.0,2.74,6.4,other
9b3cc773-60d0-4ee4-9d79-f4e314c3c4f0,8655,France,Belgium,Blaise Matuidi,1,41,10,105.0,30.0,16.48,0.10427744,Wayward,0,Open Play,Head,False,True,Regular Play,44.0,19.0,Duel,25,7,6,61.0,60.8,2.44,central_pass,81.0,41.0,central,False,0,9,0.91,1,1,1,4,1,0,116.0,39.0,3.66,0.91,central_penetration
c06970e9-af12-4136-b4e0-aa3badf4dd7d,8655,France,Belgium,Antoine Griezmann,1,44,10,96.0,57.0,26.89,0.028889349,Blocked,0,Free Kick,Left Foot,False,False,From Free Kick,96.0,57.0,Shot,0,0,0,0.0,0.0,,,,,half_space,False,0,11,7.37,0,0,0,10,1,5,118.0,39.0,1.83,0.91,set_piece
22ac93e6-7174-4243-bd48-5af7880a8cd8,8655,Belgium,France,Romelu Lukaku Menama,2,47,0,111.0,40.0,8.23,0.1676629,Off T,0,Open Play,Head,False,True,Regular Play,17.0,20.0,Pass,54,19,13,94.0,95.9,1.74,central_pass,88.0,58.0,half_space,False,0,8,0.91,1,1,1,4,1,1,119.0,40.0,0.91,0.0,central_penetration
819aad8a-b330-441b-8a33-3e222037614b,8655,France,Belgium,Olivier Giroud,2,50,2,107.0,31.0,14.46,0.09775021,Blocked,0,Open Play,Right Foot,False,False,Regular Play,23.0,17.0,Pass,25,9,8,84.0,83.9,3.36,other,101.0,15.0,wide,False,0,9,0.91,1,1,1,8,1,2,119.0,40.0,0.91,0.0,slow_possession
b1ecf32d-9637-4609-80ea-43829c63f633,8655,France,Belgium,Samuel Yves Umtiti,2,50,35,118.0,47.0,6.66,0.0802673,Goal,1,Open Play,Head,False,True,From Corner,120.0,79.0,Pass,2,1,0,-2.0,31.7,-1.0,cutback,120.0,79.0,wide,False,0,9,0.91,1,1,3,9,1,4,119.0,44.0,0.91,3.66,cutback
f541a8b8-2c33-44c5-8721-f727c9275c46,8655,France,Belgium,Blaise Matuidi,2,55,37,99.0,30.0,21.27,0.05599482,Blocked,0,Open Play,Left Foot,False,False,Regular Play,24.0,52.0,Pass,10,4,3,75.0,73.5,7.5,other,90.0,67.0,wide,False,0,6,2.74,0,0,1,4,2,1,119.0,41.0,0.91,0.91,fast_counter
7e2c60e5-7470-4c06-bdca-fb41e70f1aa8,8655,France,Belgium,Olivier Giroud,2,55,48,112.0,34.0,9.14,0.10079972,Blocked,0,Open Play,Left Foot,False,False,Regular Play,24.0,52.0,Pass,21,7,7,88.0,86.7,4.19,central_pass,102.0,26.0,half_space,False,0,6,1.29,0,1,1,6,2,3,116.0,38.0,3.66,1.83,central_penetration
f1d24132-cd29-4e10-abe9-29080dfd2ddb,8655,Belgium,France,Toby Alderweireld,2,57,26,93.0,60.0,30.72,0.006324989,Off T,0,Open Play,Right Foot,False,False,Regular Play,22.0,58.0,Pass,26,6,5,71.0,66.0,2.73,central_pass,77.0,39.0,central,False,0,9,4.57,0,0,0,5,1,1,117.0,41.0,2.74,0.91,central_penetration
4658a216-e856-4a39-bbc9-c4dae7149207,8655,Belgium,France,Kevin De Bruyne,2,60,47,107.0,38.0,12.03,0.07526151,Wayward,0,Open Play,Right Foot,False,False,Regular Play,68.0,58.0,Duel,13,3,3,39.0,41.9,3.0,,,,central,False,0,8,4.09,0,0,0,8,3,3,118.0,40.0,1.83,0.0,other
06ec204a-3764-486f-ad62-61b73f06f39b,8655,Belgium,France,Marouane Fellaini-Bakkioui,2,64,32,108.0,40.0,10.97,0.12076645,Off T,0,Open Play,Head,False,False,From Throw In,107.0,78.0,Pass,18,7,6,1.0,28.2,0.06,cross,99.0,77.0,wide,False,0,9,1.29,0,1,1,6,1,2,118.0,40.0,1.83,0.0,wide_cross
66e5303a-0c6d-4453-9558-59739da9ba87,8655,France,Belgium,Olivier Giroud,2,66,56,100.0,32.0,19.7,0.047261972,Off T,0,Open Play,Left Foot,True,False,Regular Play,31.0,58.0,Pass,14,3,4,69.0,69.3,4.93,cutback,106.0,20.0,half_space,False,0,6,2.89,0,0,1,6,2,2,119.0,40.0,0.91,0.0,cutback
b4b1b3a4-5292-4764-8d34-2d3179fc8f8d,8655,Belgium,France,Kevin De Bruyne,2,75,14,95.0,34.0,23.51,0.037019253,Off T,0,Open Play,Left Foot,False,False,From Free Kick,39.0,54.0,Pass,29,8,8,56.0,56.5,1.93,central_pass,84.0,47.0,central,False,0,10,2.74,0,0,2,5,2,2,118.0,39.0,1.83,0.91,central_penetration
5d5902c6-8435-4963-b632-fa299a32f7c9,8655,France,Belgium,Paul Pogba,2,78,19,108.0,42.0,11.12,0.06375324,Off T,0,Open Play,Head,False,False,From Free Kick,92.0,66.0,Pass,1,1,0,16.0,26.0,16.0,cross,92.0,66.0,wide,False,0,9,0.91,1,2,3,8,3,4,119.0,42.0,0.91,1.83,wide_cross
69f92aa4-46a6-48f4-837e-97d9e00b1b3d,8655,Belgium,France,Axel Witsel,2,80,40,91.0,27.0,29.06,0.017900085,Saved,0,Open Play,Right Foot,False,False,Regular Play,56.0,60.0,Ball Recovery,24,4,7,35.0,35.3,1.46,,,,half_space,False,0,10,3.3,0,0,0,4,2,2,118.0,40.0,1.83,0.0,other
eae60c90-3194-4775-ad28-63486caee562,8655,France,Belgium,Antoine Griezmann,2,92,22,103.0,46.0,16.48,0.084246874,Saved,0,Open Play,Right Foot,True,False,Regular Play,86.0,5.0,Pass,5,2,1,17.0,30.8,3.4,central_pass,99.0,19.0,half_space,False,0,6,3.77,0,0,0,5,2,1,118.0,42.0,1.83,1.83,central_penetration
063d029f-0862-4261-a15b-e381ed149ef7,8655,France,Belgium,Corentin Tolisso,2,95,16,107.0,31.0,14.46,0.15595363,Saved,0,Open Play,Left Foot,False,False,From Throw In,75.0,80.0,Pass,8,4,2,32.0,44.4,4.0,central_pass,93.0,51.0,half_space,False,0,6,2.89,0,0,1,6,1,2,118.0,40.0,1.83,0.0,central_penetration
d135f977-866b-4f88-a4a2-d3aaa36fd5f9,8657,Belgium,England,Thomas Meunier,1,3,37,113.0,41.0,6.47,0.31685346,Goal,1,Open Play,Right Foot,True,False,Regular Play,66.0,11.0,Ball Recovery,43,13,16,47.0,54.2,1.09,cross,110.0,15.0,wide,False,0,6,1.29,0,1,1,6,1,1,118.0,40.0,1.83,0.0,wide_cross
b477bf51-99dc-4fd0-a476-4a4a9d77c4a2,8657,England,Belgium,Raheem Sterling,1,11,0,100.0,53.0,21.81,0.044181537,Blocked,0,Open Play,Left Foot,False,False,From Throw In,75.0,79.0,Pass,67,21,21,25.0,35.7,0.37,other,53.0,78.0,wide,False,0,8,2.74,0,0,1,8,1,3,117.0,43.0,2.74,2.74,slow_possession
2547ea6d-de92-4725-ad8c-b1e998ebf086,8657,Belgium,England,Kevin De Bruyne,1,11,16,108.0,29.0,14.89,0.05882345,Saved,0,Open Play,Right Foot,False,False,Regular Play,39.0,16.0,Ball Recovery,14,1,3,69.0,68.2,4.93,,,,half_space,False,0,8,1.83,0,1,2,6,1,0,118.0,38.0,1.83,1.83,other
971bdc50-acbb-4016-a50a-77f5ce49c7bb,8657,England,Belgium,Fabian Delph,1,13,42,91.0,31.0,27.77,0.036182866,Saved,0,Open Play,Right Foot,False,False,Regular Play,59.0,54.0,Pass,12,3,3,32.0,32.2,2.67,other,82.0,9.0,wide,False,0,8,2.89,0,0,1,3,1,1,118.0,41.0,1.83,0.91,other
773c75d4-3991-4870-b14c-ecb33706eebb,8657,England,Belgium,Ruben Loftus-Cheek,1,14,24,108.0,45.0,11.89,0.15455301,Saved,0,Open Play,Head,False,False,From Throw In,86.0,80.0,Pass,18,8,7,22.0,39.5,1.22,cross,100.0,68.0,wide,False,0,8,1.83,0,1,1,6,1,2,118.0,42.0,1.83,1.83,wide_cross
aa02a597-c36a-42db-a837-d210c8a5b41c,8657,England,Belgium,Harry Maguire,1,19,27,108.0,37.0,11.31,0.057117913,Saved,0,Open Play,Head,False,True,From Corner,119.0,78.0,Pass,2,1,0,-11.0,25.6,-5.5,cross,119.0,78.0,wide,False,0,9,0.91,1,1,3,9,4,5,120.0,41.0,0.0,0.91,wide_cross
141435b1-42b8-4184-aa8c-b1399ef4458f,8657,England,Belgium,Harry Kane,1,22,59,104.0,41.0,14.66,0.09063098,Off T,0,Open Play,Right Foot,True,False,Regular Play,25.0,62.0,Interception,57,24,26,79.0,81.5,1.39,central_pass,105.0,34.0,central,False,0,5,2.89,0,0,1,5,1,1,119.0,41.0,0.91,0.91,central_penetration
740a6290-81a7-45db-9a09-f921443caddc,8657,England,Belgium,Raheem Sterling,1,23,52,97.0,29.0,23.31,0.03685726,Off T,0,Open Play,Right Foot,False,False,From Throw In,85.0,79.0,Pass,16,4,6,12.0,26.9,0.75,central_pass,88.0,32.0,central,False,0,7,2.59,0,0,2,4,1,2,119.0,40.0,0.91,0.0,central_penetration
071f2c6a-fb43-42cb-ba48-1288317c7add,8657,Belgium,England,Youri Tielemans,1,29,10,97.0,40.0,21.03,0.04268021,Blocked,0,Open Play,Right Foot,True,False,Regular Play,41.0,13.0,Pass,35,7,8,56.0,60.5,1.6,cutback,104.0,34.0,central,False,0,8,4.66,0,0,0,8,2,3,119.0,39.0,0.91,0.91,cutback
258f4566-8e0a-40ec-8518-e0d395610ecd,8657,Belgium,England,Eden Hazard,1,33,34,106.0,51.0,16.28,0.081707664,Blocked,0,Open Play,Right Foot,False,False,Regular Play,22.0,20.0,Ball Recovery,114,36,41,84.0,82.2,0.74,central_pass,92.0,61.0,half_space,False,0,7,2.04,0,0,3,7,1,2,119.0,41.0,0.91,0.91,central_penetration
f923b747-0da5-4118-a404-8804e8c04404,8657,Belgium,England,Youri Tielemans,1,34,11,96.0,43.0,22.12,0.033672128,Wayward,0,Open Play,Right Foot,True,False,From Corner,119.0,78.0,Pass,2,1,0,-23.0,13.8,-11.5,cutback,119.0,78.0,wide,False,0,10,7.37,0,0,0,9,2,5,119.0,40.0,0.91,0.0,cutback
c2503ad0-5c6f-42cc-b5ae-8dac1a4697bf,8657,Belgium,England,Toby Alderweireld,1,34,13,110.0,34.0,10.66,0.12817407,Off T,0,Open Play,Right Foot,False,False,From Corner,119.0,78.0,Pass,4,1,0,-9.0,26.4,-2.25,,,,central,False,0,10,0.91,1,1,1,8,2,4,118.0,38.0,1.83,1.83,other
f54fcfc4-73f8-4667-add9-5492644ac100,8657,Belgium,England,Kevin De Bruyne,1,44,26,104.0,52.0,18.29,0.052199118,Blocked,0,Open Play,Right Foot,False,False,From Throw In,71.0,3.0,Pass,49,13,14,33.0,41.4,0.67,central_pass,89.0,40.0,central,False,0,6,2.59,0,0,1,5,2,1,118.0,41.0,1.83,0.91,central_penetration
ef72f153-f1ca-4a3e-ba48-b6dc33b27da1,8657,Belgium,England,Romelu Lukaku Menama,1,46,45,104.0,30.0,17.25,0.08785192,Blocked,0,Open Play,Left Foot,False,False,From Counter,26.0,50.0,Interception,9,1,2,78.0,75.7,8.67,central_pass,37.0,50.0,central,False,0,5,2.89,0,0,1,2,1,0,117.0,38.0,2.74,1.83,fast_counter
03bef4c6-46da-458b-bcc9-e59191fc6336,8657,England,Belgium,Jesse Lingard,2,53,52,109.0,54.0,16.28,0.051518958,Off T,0,Open Play,Right Foot,True,True,From Throw In,105.0,80.0,Pass,3,1,0,4.0,24.9,1.33,other,105.0,80.0,wide,False,0,10,2.04,0,0,1,7,2,1,118.0,42.0,1.83,1.83,other
1fec87f3-4b2a-4c12-89a3-5e4378bdfabe,8657,England,Belgium,Jesse Lingard,2,55,7,107.0,58.0,20.3,0.010714026,Blocked,0,Open Play,Right Foot,False,False,From Throw In,105.0,80.0,Pass,78,10,9,2.0,20.5,0.03,other,92.0,67.0,wide,False,0,8,2.04,0,0,2,7,1,3,118.0,42.0,1.83,1.83,slow_possession
eb6bb17e-5132-4cb0-ad0f-98b809fcfefa,8657,England,Belgium,Harry Kane,2,65,14,100.0,48.0,19.7,0.03272615,Wayward,0,Open Play,Right Foot,True,False,From Corner,118.0,2.0,Pass,3,1,0,-18.0,16.5,-6.0,cross,118.0,2.0,wide,False,0,9,3.77,0,0,0,9,3,5,119.0,40.0,0.91,0.0,wide_cross
629c026d-3177-49c7-8af1-a27c05e18707,8657,England,Belgium,Eric Dier,2,68,1,94.0,50.0,25.47,0.033268016,Saved,0,Open Play,Right Foot,False,True,Regular Play,45.0,11.0,Pass,17,6,6,49.0,52.6,2.88,other,98.0,77.0,wide,False,0,9,2.89,0,0,1,4,1,2,117.0,41.0,2.74,0.91,other
a4855c0f-f40c-470c-b6bc-2ed4aa47fc2f,8657,England,Belgium,Eric Dier,2,69,24,112.0,50.0,11.71,0.44786552,Blocked,0,Open Play,Right Foot,False,False,From Goal Kick,6.0,42.0,Pass,39,10,10,106.0,101.2,2.72,central_pass,93.0,50.0,central,False,0,7,2.04,0,0,1,5,0,3,114.0,49.0,5.49,8.23,central_penetration
e7172b08-3cc2-407b-9736-54f4ea80914a,8657,England,Belgium,Harry Maguire,2,69,58,110.0,40.0,9.14,0.09484852,Off T,0,Open Play,Head,False,False,From Corner,119.0,79.0,Pass,1,1,0,-9.0,29.0,-9.0,cross,119.0,79.0,wide,False,0,9,1.29,0,1,2,9,2,5,119.0,40.0,0.91,0.0,wide_cross
dafec3c4-cfda-446d-acb9-4552f5bb7395,8657,England,Belgium,Eric Dier,2,72,34,109.0,43.0,10.43,0.10776293,Off T,0,Open Play,Head,False,False,Regular Play,97.0,73.0,Pass,3,2,1,12.0,28.8,4.0,cross,113.0,55.0,half_space,False,0,9,2.04,0,0,2,8,1,3,118.0,41.0,1.83,0.91,wide_cross
402e05ea-4a3e-4035-8008-6dec7c6a7f60,8657,England,Belgium,Harry Maguire,2,73,36,111.0,33.0,10.43,0.11155334,Off T,0,Open Play,Head,False,True,From Free Kick,84.0,53.0,Pass,2,3,2,27.0,26.9,13.5,central_pass,85.0,54.0,half_space,False,0,10,0.91,1,2,2,8,1,5,118.0,39.0,1.83,0.91,central_penetration
46adca72-fd1b-4ebd-a30c-a6a3467ee4d2,8657,Belgium,England,Dries Mertens,2,75,25,104.0,30.0,17.25,0.10808491,Off T,0,Open Play,Right Foot,False,False,From Counter,26.0,15.0,Ball Recovery,10,2,3,78.0,78.4,7.8,central_pass,78.0,36.0,central,False,0,5,1.83,0,1,1,5,1,1,119.0,40.0,0.91,0.0,fast_counter
08946104-73c3-48f0-95b5-0a1284178db7,8657,Belgium,England,Thomas Meunier,2,79,9,109.0,55.0,17.01,0.05185313,Saved,0,Open Play,Right Foot,True,False,Regular Play,15.0,33.0,Pass,17,10,6,94.0,86.6,5.53,central_pass,101.0,25.0,half_space,False,0,6,4.57,0,0,0,5,1,2,119.0,44.0,0.91,3.66,central_penetration
34cd7ccd-ce3e-4b67-9854-d1f76eb64b4e,8657,England,Belgium,Marcus Rashford,2,79,52,99.0,23.0,24.71,0.025575599,Saved,0,Open Play,Right Foot,False,False,Regular Play,95.0,21.0,Pass,6,2,2,4.0,4.4,0.67,cutback,106.0,4.0,wide,False,0,10,2.89,0,0,1,8,2,3,117.0,38.0,2.74,1.83,cutback
3f50ee12-f1f2-4f66-be5d-32467f9c0dd1,8657,Belgium,England,Eden Hazard,2,81,27,112.0,35.0,8.63,0.3587584,Goal,1,Open Play,Right Foot,False,False,Regular Play,26.0,7.0,Pass,52,14,13,86.0,90.2,1.65,central_pass,81.0,31.0,central,False,0,6,2.04,0,0,1,4,1,1,117.0,39.0,2.74,0.91,central_penetration
34804c8c-bbf1-451b-b2e0-f65f996eb08a,8652,Russia,Croatia,Denis Cheryshev,1,1,29,109.0,56.0,17.75,0.05210773,Blocked,0,Open Play,Right Foot,False,True,Regular Play,36.0,59.0,Pass,11,5,4,73.0,66.7,6.64,central_pass,92.0,61.0,half_space,False,0,7,1.83,0,1,1,3,1,0,117.0,44.0,2.74,3.66,fast_counter
7d158b55-54fe-4ad0-a962-a8f153c1db37,8652,Russia,Croatia,Artem Dzyuba,1,4,8,110.0,52.0,14.28,0.059003275,Blocked,0,Open Play,Right Foot,False,False,From Throw In,82.0,80.0,Pass,8,1,1,28.0,39.6,3.5,,,,half_space,False,0,7,2.59,0,0,1,6,2,2,118.0,42.0,1.83,1.83,other
9da9242e-df6b-4eee-99ae-e3543fca7a69,8652,Croatia,Russia,Ante Rebić,1,6,14,113.0,42.0,6.66,0.26405528,Off T,0,Open Play,Head,False,False,From Corner,119.0,80.0,Pass,3,2,0,-6.0,32.7,-2.0,central_pass,107.0,32.0,central,False,0,10,1.83,0,1,2,10,1,5,120.0,41.0,0.0,0.91,central_penetration
ecf2b711-57fb-4542-a96c-0a19b6fcab79,8652,Croatia,Russia,Mario Mandžukić,1,10,55,109.0,43.0,10.43,0.13234654,Wayward,0,Open Play,Right Foot,True,False,From Free Kick,67.0,9.0,Pass,20,6,4,42.0,50.0,2.1,cross,107.0,64.0,wide,False,0,9,1.83,0,1,1,8,1,2,119.0,44.0,0.91,3.66,wide_cross
81603693-85f9-4191-b776-5addd5d674f6,8652,Croatia,Russia,Ivan Rakitić,1,15,54,98.0,23.0,25.42,0.045481052,Off T,0,Free Kick,Right Foot,False,False,From Free Kick,98.0,23.0,Shot,0,0,0,0.0,0.0,,,,,half_space,False,0,10,10.7,0,0,0,10,2,4,120.0,41.0,0.0,0.91,set_piece
e0f455ce-3c99-4286-8e57-bea79685b02b,8652,Croatia,Russia,Ivan Perišić,1,27,46,109.0,50.0,13.59,0.08096986,Off T,0,Open Play,Head,False,False,From Throw In,58.0,1.0,Pass,27,8,6,51.0,58.4,1.89,cross,97.0,71.0,wide,False,0,9,3.77,0,0,0,7,2,3,120.0,43.0,0.0,2.74,wide_cross
4cb19a80-d174-412c-ae9a-7b3956b52a36,8652,Russia,Croatia,Denis Cheryshev,1,30,48,94.0,34.0,24.4,0.054310873,Goal,1,Open Play,Left Foot,False,False,Regular Play,42.0,18.0,Pass,10,4,5,52.0,54.4,5.2,central_pass,85.0,30.0,central,False,0,7,2.89,0,0,1,1,1,0,114.0,38.0,5.49,1.83,fast_counter
f10374c3-3279-46c2-bfa3-0cb52e00ebf3,8652,Croatia,Russia,Ante Rebić,1,32,14,94.0,30.0,25.47,0.028538551,Blocked,0,Open Play,Right Foot,False,False,From Kick Off,61.0,41.0,Pass,11,3,3,33.0,31.2,3.0,central_pass,65.0,28.0,half_space,False,0,9,0.91,1,1,2,4,1,1,120.0,41.0,0.0,0.91,central_penetration
d304d04c-2a40-43cd-bba4-c97256ca437f,8652,Croatia,Russia,Ivan Perišić,1,33,34,115.0,37.0,5.33,0.19544125,Wayward,0,Open Play,Head,False,True,Regular Play,72.0,49.0,Pass,68,18,17,43.0,43.0,0.63,cross,98.0,77.0,wide,False,0,6,0.0,1,1,1,5,2,2,120.0,40.0,0.0,0.0,wide_cross
6f10c68f-19d3-48a5-90e5-75cc751ad736,8652,Russia,Croatia,Sergei Ignashevich,1,36,54,118.0,27.0,12.03,0.013760027,Off T,0,Open Play,Right Foot,False,False,From Free Kick,79.0,70.0,Pass,5,0,1,39.0,37.7,7.8,,,,half_space,False,0,8,2.04,0,0,1,7,0,4,119.0,36.0,0.91,3.66,other
ffe6bbb3-c957-496f-b3d0-7e9fe5da69f2,8652,Russia,Croatia,Denis Cheryshev,1,38,28,115.0,29.0,11.05,0.07732279,Off T,0,Open Play,Left Foot,False,False,From Free Kick,43.0,78.0,Pass,5,2,0,72.0,73.8,14.4,central_pass,99.0,22.0,half_space,False,0,6,1.83,0,1,1,6,1,1,119.0,35.0,0.91,4.57,fast_counter
cbac40f8-a4ce-42e5-a1b5-fd94f8bb7b41,8652,Croatia,Russia,Andrej Kramarić,1,38,58,113.0,38.0,6.66,0.27280724,Goal,1,Open Play,Head,False,False,Regular Play,115.0,24.0,Pass,1,1,0,-2.0,9.5,-2.0,cross,115.0,24.0,half_space,False,0,6,1.29,0,1,2,6,1,3,120.0,40.0,0.0,0.0,wide_cross
f0b4aec7-b1eb-44ee-b402-770afe75cdc5,8652,Croatia,Russia,Luka Modrić,2,49,25,88.0,53.0,31.58,0.007953062,Off T,0,Open Play,Right Foot,False,False,From Free Kick,70.0,5.0,Pass,76,13,16,18.0,26.5,0.24,,,,half_space,False,0,10,2.59,0,0,2,1,1,0,119.0,40.0,0.91,0.0,slow_possession
99f6b504-199f-428e-b56b-19cb896c56b3,8652,Croatia,Russia,Andrej Kramarić,2,51,18,105.0,40.0,13.72,0.087689966,Saved,0,Open Play,Right Foot,True,False,Regular Play,51.0,29.0,Pass,24,3,3,54.0,54.9,2.25,,,,central,False,0,9,1.83,0,1,2,8,1,2,119.0,40.0,0.91,0.0,other
8c40c2aa-a076-4f0d-8b65-4342cce534e6,8652,Croatia,Russia,Ante Rebić,2,57,16,97.0,20.0,27.87,0.010444446,Off T,0,Open Play,Right Foot,False,False,Regular Play,25.0,14.0,Ball Recovery,23,6,7,72.0,68.0,3.13,cutback,103.0,5.0,wide,False,0,10,1.83,0,1,1,5,2,2,119.0,40.0,0.91,0.0,cutback
aafd42ea-6c2b-4fdf-b251-9fda024fc1da,8652,Croatia,Russia,Ivan Perišić,2,59,7,112.0,44.0,8.18,0.15534396,Post,0,Open Play,Right Foot,False,False,From Throw In,46.0,1.0,Pass,30,6,7,66.0,74.7,2.2,,,,central,False,0,7,2.04,0,0,2,7,3,3,117.0,41.0,2.74,0.91,other
ad42a898-68ce-409f-a1e7-574e90cbed3e,8652,Russia,Croatia,Artem Dzyuba,2,61,12,110.0,40.0,9.14,0.053181816,Saved,0,Open Play,Head,False,True,From Corner,120.0,79.0,Pass,2,1,0,-10.0,29.0,-5.0,cutback,120.0,79.0,wide,False,0,11,0.91,1,2,2,11,4,5,120.0,41.0,0.0,0.91,cutback
ad29cac4-4309-434e-90d8-12cb13c6f908,8652,Croatia,Russia,Andrej Kramarić,2,62,57,90.0,31.0,28.64,0.01865522,Blocked,0,Open Play,Right Foot,False,False,Regular Play,43.0,62.0,Pass,16,2,3,47.0,48.8,2.94,,,,central,False,0,10,2.74,0,0,1,5,2,2,119.0,39.0,0.91,0.91,other
97d35852-ef56-4df9-990f-0169040dcedb,8652,Russia,Croatia,Aleksandr Erokhin,2,71,29,113.0,44.0,7.37,0.18855411,Off T,0,Open Play,Head,False,False,From Free Kick,61.0,78.0,Pass,40,8,6,52.0,62.1,1.3,cross,108.0,65.0,wide,False,0,8,2.04,0,0,2,8,1,3,119.0,43.0,0.91,2.74,wide_cross
148284d9-ab30-4ccf-9154-8d9166511ed5,8652,Croatia,Russia,Luka Modrić,2,75,54,105.0,39.0,13.75,0.10036894,Blocked,0,Open Play,Left Foot,False,False,Regular Play,40.0,57.0,Ball Recovery,57,10,14,65.0,66.8,1.14,cutback,112.0,32.0,central,False,0,8,4.57,0,0,0,8,3,3,118.0,40.0,1.83,0.0,cutback
897ebd92-95fd-4ba1-b7ef-d3a362c6bd9f,8652,Croatia,Russia,Šime Vrsaljko,2,75,56,114.0,57.0,16.48,0.015816402,Blocked,0,Open Play,Right Foot,True,False,Regular Play,40.0,57.0,Ball Recovery,59,10,14,74.0,63.8,1.25,,,,half_space,False,0,8,6.4,0,0,0,8,1,3,119.0,42.0,0.91,1.83,slow_possession
5d69e6b0-3d5f-4c75-8d40-7e4d8bbb4678,8652,Croatia,Russia,Mario Mandžukić,2,76,48,111.0,39.0,8.28,0.10643736,Off T,0,Open Play,Head,False,False,From Corner,119.0,79.0,Pass,2,1,0,-8.0,30.0,-4.0,cross,119.0,79.0,wide,False,0,11,0.91,1,2,2,11,1,5,119.0,40.0,0.91,0.0,wide_cross
1b1af379-b1e6-400a-a8d3-6cc47ad2cbc4,8652,Russia,Croatia,Fyodor Smolov,2,93,29,117.0,64.0,22.12,0.005061581,Saved,0,Open Play,Right Foot,False,False,From Free Kick,4.0,73.0,Pass,11,2,1,113.0,96.4,10.27,other,81.0,71.0,wide,False,0,6,2.74,0,0,1,5,0,1,119.0,44.0,0.91,3.66,fast_counter
b3ee7183-3449-4196-8e64-f54786798f3d,8652,Croatia,Russia,Domagoj Vida,3,100,2,110.0,40.0,9.14,0.10867819,Goal,1,Open Play,Head,False,False,From Corner,120.0,80.0,Pass,2,1,0,-10.0,30.0,-5.0,cutback,120.0,80.0,wide,False,0,11,1.83,0,2,2,11,2,4,120.0,42.0,0.0,1.83,cutback
f3aeabe2-b9ac-4716-ac70-5684e8fc238d,8652,Russia,Croatia,Ilya Kutepov,3,103,38,115.0,37.0,5.33,0.16742577,Wayward,0,Open Play,Head,False,False,From Corner,119.0,79.0,Pass,2,1,0,-4.0,33.2,-2.0,cross,119.0,79.0,wide,False,0,11,0.91,1,1,2,10,1,6,119.0,39.0,0.91,0.91,wide_cross
58a90277-7a84-4a2d-9a35-3561f678f4b9,8652,Russia,Croatia,Aleksandr Erokhin,3,104,5,114.0,35.0,7.14,0.093245715,Off T,0,Open Play,Head,False,False,From Corner,119.0,2.0,Pass,1,1,0,-5.0,30.2,-5.0,cross,119.0,2.0,wide,False,0,11,0.91,1,3,4,10,2,6,119.0,39.0,0.91,0.91,wide_cross
904a8623-4899-4c4e-be4d-ede3ff8748d9,8652,Croatia,Russia,Dejan Lovren,4,109,59,101.0,20.0,25.22,0.00991792,Saved,0,Open Play,Right Foot,False,True,From Free Kick,104.0,78.0,Pass,7,1,1,-3.0,13.6,-0.43,central_pass,87.0,33.0,central,False,0,11,2.89,0,0,1,8,2,3,119.0,37.0,0.91,2.74,central_penetration
bd8ee9f8-14fa-4671-b7b3-a139b80e3db9,8652,Russia,Croatia,Daler Kuzyaev,4,111,3,103.0,52.0,19.03,0.036457207,Saved,0,Open Play,Right Foot,False,False,From Corner,120.0,2.0,Pass,3,0,1,-17.0,17.2,-5.67,,,,half_space,False,0,10,3.3,0,0,0,9,4,6,115.0,44.0,4.57,3.66,other
979bc743-673f-439c-8910-a2b0a5be5054,8652,Russia,Croatia,Mário Figueira Fernandes,4,114,11,114.0,41.0,5.56,0.24134423,Goal,1,Open Play,Head,False,False,From Free Kick,101.0,64.0,Pass,1,1,0,13.0,24.5,13.0,cross,101.0,64.0,wide,False,0,11,1.29,0,1,3,11,1,6,120.0,41.0,0.0,0.91,wide_cross
fb99c765-5479-4a2b-92ae-8bf44a4aee56,8652,Croatia,Russia,Luka Modrić,4,116,43,99.0,20.0,26.52,0.009529337,Off T,0,Open Play,Right Foot,False,False,Regular Play,99.0,20.0,Shot,0,0,0,0.0,0.0,,,,,half_space,False,0,10,2.89,0,0,1,5,1,2,119.0,40.0,0.91,0.0,other
120d5762-1aae-47d8-b31e-c47583b3b40b,8652,Russia,Croatia,Roman Zobnin,4,118,25,94.0,32.0,24.87,0.029163998,Saved,0,Open Play,Right Foot,False,True,Regular Play,86.0,5.0,Pass,31,6,8,8.0,21.6,0.26,,,,central,False,0,9,1.83,0,1,1,6,1,2,117.0,40.0,2.74,0.0,other
8eb6da98-6a14-400c-af94-418c4e5825da,7563,France,Denmark,Olivier Giroud,1,14,21,106.0,28.0,16.86,0.08902341,Saved,0,Open Play,Left Foot,True,False,Regular Play,42.0,66.0,Pass,49,17,17,64.0,63.8,1.31,cutback,109.0,23.0,half_space,False,0,9,2.74,0,0,2,8,1,2,119.0,39.0,0.91,0.91,cutback
2ea5bdda-c0f2-4487-a836-2352e1792249,7563,France,Denmark,Raphaël Varane,1,15,31,112.0,42.0,7.54,0.07222413,Off T,0,Open Play,Head,False,True,From Corner,120.0,2.0,Pass,1,1,0,-8.0,29.8,-8.0,cutback,120.0,2.0,wide,False,0,11,0.91,1,1,4,11,3,5,120.0,40.0,0.0,0.0,cutback
c29635b4-5de6-4373-8e4a-6b40f337fcdb,7563,France,Denmark,Ousmane Dembélé,1,32,48,99.0,60.0,26.52,0.009843999,Off T,0,Open Play,Right Foot,False,False,Regular Play,35.0,19.0,Pass,26,5,9,64.0,58.6,2.46,other,99.0,79.0,wide,False,0,10,2.89,0,0,1,6,2,3,118.0,43.0,1.83,2.74,other
45f90dbc-a37f-4c62-b523-9888ac5ca3c6,7563,France,Denmark,Antoine Griezmann,1,38,52,101.0,60.0,25.22,0.010871868,Saved,0,Open Play,Left Foot,False,False,Regular Play,34.0,31.0,Ball Recovery,13,3,6,67.0,58.9,5.15,central_pass,88.0,61.0,half_space,False,0,8,4.57,0,0,0,5,1,1,119.0,42.0,0.91,1.83,central_penetration
9fc3c995-006f-4e39-a970-b484c86419ff,7563,France,Denmark,Ousmane Dembélé,1,44,46,96.0,59.0,27.99,0.009946421,Off T,0,Open Play,Left Foot,False,False,Regular Play,15.0,41.0,Ball Recovery,44,16,17,81.0,74.4,1.84,other,100.0,70.0,wide,False,0,10,2.89,0,0,1,5,1,1,119.0,42.0,0.91,1.83,slow_possession
b2cb2b67-79e3-4998-a41b-3727caa8c05e,7563,Denmark,France,Christian Dannemann Eriksen,1,46,15,95.0,51.0,24.98,0.019755723,Blocked,0,Open Play,Right Foot,False,False,Regular Play,90.0,52.0,Ball Recovery,1,0,1,5.0,5.0,5.0,,,,half_space,False,0,9,3.77,0,0,0,3,1,0,118.0,40.0,1.83,0.0,high_turnover
d10be77e-96fd-4a34-a4e9-49c100a413cf,7563,France,Denmark,Antoine Griezmann,2,50,39,92.0,53.0,28.23,0.021117477,Saved,0,Open Play,Left Foot,False,True,From Free Kick,67.0,67.0,Pass,39,10,12,25.0,28.6,0.64,other,86.0,70.0,wide,False,0,8,2.74,0,0,1,1,2,0,117.0,40.0,2.74,0.0,slow_possession
f558d102-3f14-40ca-bba4-72aa2fc6e960,7563,Denmark,France,Christian Dannemann Eriksen,2,53,37,81.0,44.0,35.85,0.008512876,Saved,0,Free Kick,Right Foot,False,False,From Free Kick,81.0,44.0,Shot,0,0,0,0.0,0.0,,,,,central,False,0,11,9.14,0,0,0,2,2,0,118.0,41.0,1.83,0.91,set_piece
332bfc90-66c2-4920-8f32-7cf7643e5483,7563,France,Denmark,Thomas Lemar,2,54,27,92.0,40.0,25.6,0.026648624,Blocked,0,Open Play,Left Foot,False,False,From Keeper,14.0,43.0,Pass,30,6,7,78.0,78.0,2.6,,,,central,False,0,9,3.88,0,0,0,4,2,1,119.0,40.0,0.91,0.0,other
ff0f502c-67ab-4e89-8c9e-8157d8f2ae02,7563,Denmark,France,Christian Dannemann Eriksen,2,58,16,101.0,37.0,17.59,0.07888575,Off T,0,Open Play,Right Foot,True,False,Regular Play,55.0,3.0,Interception,16,4,4,46.0,55.6,2.88,central_pass,101.0,29.0,half_space,False,0,10,3.3,0,0,0,5,2,2,120.0,41.0,0.0,0.91,central_penetration
ec31c99e-5cd2-4850-a533-adca581709fd,7563,Denmark,France,Viktor Fischer,2,62,23,91.0,33.0,27.28,0.026548343,Blocked,0,Open Play,Left Foot,False,False,From Corner,119.0,80.0,Pass,5,0,1,-28.0,10.2,-5.6,,,,central,False,0,10,3.3,0,0,0,8,2,4,119.0,42.0,0.91,1.83,other
3712cbd9-f633-440d-9755-24f7420bd846,7563,Denmark,France,Henrik Dalsgaard,2,65,58,104.0,66.0,27.92,0.0052553928,Blocked,0,Open Play,Left Foot,False,False,From Throw In,105.0,80.0,Pass,6,2,2,-1.0,12.2,-0.17,other,109.0,65.0,wide,False,0,10,2.89,0,0,1,8,1,4,119.0,44.0,0.91,3.66,other
3d89ac99-91fc-4c19-8b38-6904b5b36801,7563,France,Denmark,Nabil Fekir,2,69,29,101.0,19.0,25.9,0.009661348,Off T,0,Open Play,Left Foot,False,True,Regular Play,25.0,68.0,Pass,32,13,13,76.0,70.7,2.38,other,89.0,4.0,wide,False,0,9,2.89,0,0,1,4,1,1,118.0,38.0,1.83,1.83,slow_possession
6bdcd88f-1850-4bce-9673-ebefc59bd67b,7563,France,Denmark,Olivier Giroud,2,73,33,108.0,33.0,12.7,0.09807604,Off T,0,Open Play,Head,False,True,From Throw In,86.0,1.0,Pass,16,6,5,22.0,37.8,1.38,cross,104.0,2.0,wide,False,0,9,2.74,0,0,1,6,1,2,118.0,37.0,1.83,2.74,wide_cross
70580fc2-0a92-433c-b39e-950ea2d57ca8,7563,France,Denmark,Olivier Giroud,2,78,28,102.0,54.0,20.85,0.03951678,Off T,0,Open Play,Left Foot,False,False,From Throw In,27.0,80.0,Pass,34,12,12,75.0,78.4,2.21,other,101.0,63.0,wide,False,0,9,2.89,0,0,1,7,1,1,118.0,40.0,1.83,0.0,slow_possession
75ec6116-5a6b-4ece-aee4-ab34429a025a,7563,France,Denmark,Nabil Fekir,2,81,52,96.0,49.0,23.44,0.031210398,Saved,0,Open Play,Left Foot,False,False,From Free Kick,64.0,33.0,Pass,36,10,10,32.0,30.8,0.89,other,99.0,64.0,wide,False,0,11,3.3,0,0,0,5,2,3,118.0,40.0,1.83,0.0,slow_possession
38a71ec8-3540-4ae7-942f-42f5a66ca0fe,7556,Senegal,Japan,Youssouf Sabaly,1,5,14,87.0,40.0,30.18,0.018103616,Off T,0,Open Play,Right Foot,False,False,From Corner,119.0,79.0,Pass,5,0,1,-32.0,6.0,-6.4,,,,central,False,0,11,7.54,0,0,0,2,1,1,118.0,40.0,1.83,0.0,other
9bd710ca-80df-4933-8384-ebc20fafacb5,7556,Senegal,Japan,Youssouf Sabaly,1,10,54,110.0,23.0,18.03,0.018439204,Saved,0,Open Play,Right Foot,False,False,From Throw In,54.0,79.0,Pass,34,6,8,56.0,56.9,1.65,,,,half_space,False,0,9,5.56,0,0,0,7,0,3,117.0,39.0,2.74,0.91,other
87885ee1-8bc0-4b3e-aeed-e0f6939be47f,7556,Senegal,Japan,Sadio Mané,1,10,55,116.0,38.0,4.09,0.57378894,Goal,1,Open Play,Other,False,False,From Throw In,54.0,79.0,Pass,35,6,9,62.0,72.2,1.77,,,,central,False,0,9,1.29,0,1,1,7,1,4,117.0,39.0,2.74,0.91,other
b2a79f2f-ec47-4ddf-9f53-534ae3fba2fc,7556,Senegal,Japan,M'Baye Babacar Niang,1,13,16,116.0,63.0,21.35,0.00702754,Saved,0,Open Play,Right Foot,False,True,From Throw In,100.0,80.0,Pass,3,1,1,16.0,21.4,5.33,other,100.0,80.0,wide,False,0,9,2.59,0,0,2,5,0,1,117.0,42.0,2.74,1.83,other
9f8ed655-dc46-4153-b100-ff0a5d2938c0,7556,Japan,Senegal,Makoto Hasebe,1,15,23,95.0,34.0,23.51,0.030451886,Blocked,0,Open Play,Right Foot,True,False,From Throw In,27.0,1.0,Pass,32,9,9,68.0,75.1,2.12,cutback,109.0,27.0,half_space,False,0,9,6.47,0,0,0,9,3,5,120.0,41.0,0.0,0.91,cutback
3910c3e0-ee6a-49c5-ae55-8f7b3839cdfa,7556,Senegal,Japan,Ismaïla Sarr,1,21,35,108.0,43.0,11.31,0.13404049,Saved,0,Open Play,Right Foot,True,False,Regular Play,10.0,20.0,Ball Recovery,22,4,4,98.0,99.4,4.45,cross,105.0,76.0,wide,False,0,8,2.89,0,0,1,7,1,3,117.0,40.0,2.74,0.0,wide_cross
c9285940-b93e-4d21-b534-ce94212f5730,7556,Senegal,Japan,Alfred John Momar N'Diaye,1,26,45,112.0,42.0,7.54,0.11174557,Wayward,0,Open Play,Head,False,True,From Corner,120.0,80.0,Pass,1,1,0,-8.0,31.8,-8.0,cutback,120.0,80.0,wide,False,0,11,1.29,0,3,3,10,1,1,118.0,40.0,1.83,0.0,cutback
35682c0c-314e-42d3-b76d-991fb7830e0e,7556,Japan,Senegal,Takashi Inui,1,33,20,108.0,29.0,14.89,0.03935943,Goal,1,Open Play,Right Foot,False,True,Regular Play,10.0,38.0,Ball Recovery,38,11,12,98.0,93.7,2.58,cutback,110.0,26.0,half_space,False,0,8,1.29,0,1,1,8,3,4,120.0,39.0,0.0,0.91,cutback
4f19c9af-c1f2-46da-bf6c-342108e80d5c,7556,Senegal,Japan,M'Baye Babacar Niang,1,38,34,102.0,53.0,20.3,0.090780556,Saved,0,Open Play,Left Foot,True,False,Regular Play,50.0,52.0,Ball Recovery,23,5,4,52.0,48.8,2.26,through_ball,65.0,55.0,half_space,False,0,4,2.74,0,0,1,2,1,0,109.0,49.0,10.06,8.23,central_penetration
3c5fee58-c878-405d-a20c-d4fbcbdcb056,7556,Japan,Senegal,Genki Haraguchi,1,39,28,101.0,57.0,23.31,0.02924008,Off T,0,Open Play,Left Foot,False,False,Regular Play,23.0,29.0,Pass,51,13,11,78.0,72.1,1.53,central_pass,94.0,40.0,central,False,0,10,4.09,0,0,0,8,0,3,119.0,45.0,0.91,4.57,central_penetration
ad19bea7-521c-4219-a462-be9af5521025,7556,Japan,Senegal,Yūya Ōsako,2,48,55,112.0,37.0,7.81,0.259631,Saved,0,Open Play,Head,False,False,Regular Play,22.0,72.0,Duel,59,18,15,90.0,94.5,1.53,central_pass,104.0,50.0,central,False,0,7,1.83,0,1,1,5,1,2,119.0,39.0,0.91,0.91,central_penetration
2dd7f526-2d63-42a4-be2d-67876ed73066,7556,Senegal,Japan,M'Baye Babacar Niang,2,49,21,104.0,54.0,19.44,0.064981826,Off T,0,Open Play,Right Foot,True,True,From Keeper,18.0,61.0,Pass,7,2,0,86.0,82.9,12.29,other,86.0,78.0,wide,False,0,7,2.04,0,0,1,3,1,0,117.0,45.0,2.74,4.57,fast_counter
f6a1a1d2-2ec7-4594-bb73-2e60dc64a3e0,7556,Senegal,Japan,Papa Alioune N'Diaye,2,50,53,99.0,37.0,19.4,0.08816641,Off T,0,Open Play,Right Foot,True,False,Regular Play,42.0,45.0,Pass,36,8,8,57.0,56.9,1.58,central_pass,99.0,47.0,central,False,0,10,4.09,0,0,0,5,1,2,118.0,42.0,1.83,1.83,central_penetration
aae2c68f-9356-4748-ad6f-ce2e5cbd0e90,7556,Senegal,Japan,M'Baye Babacar Niang,2,54,30,96.0,50.0,23.77,0.023896396,Saved,0,Open Play,Left Foot,False,False,Regular Play,45.0,52.0,Ball Recovery,41,7,11,51.0,50.0,1.24,central_pass,86.0,62.0,half_space,False,0,9,2.89,0,0,1,5,2,4,117.0,42.0,2.74,1.83,central_penetration
02eaef5b-e67b-47e0-a3fc-7d7d790c6893,7556,Japan,Senegal,Takashi Inui,2,63,54,108.0,23.0,19.03,0.039034985,Post,0,Open Play,Right Foot,True,False,From Counter,39.0,4.0,Pass,8,2,1,69.0,67.8,8.62,central_pass,101.0,22.0,half_space,False,0,7,2.04,0,0,2,5,1,2,118.0,36.0,1.83,3.66,fast_counter
213f7797-ea99-4623-b6ad-fda6862b1758,7556,Senegal,Japan,M'Baye Babacar Niang,2,70,21,115.0,36.0,5.86,0.40785682,Wayward,0,Open Play,Left Foot,True,False,From Throw In,104.0,2.0,Pass,14,6,5,11.0,34.8,0.79,cross,116.0,24.0,half_space,False,0,9,2.59,0,0,1,8,1,3,118.0,38.0,1.83,1.83,wide_cross
5d5019f1-379d-4b9d-9428-c9885e3f43f6,7556,Senegal,Japan,Moussa Wagué,2,70,23,114.0,52.0,12.27,0.075420834,Goal,1,Open Play,Right Foot,True,False,From Throw In,104.0,2.0,Pass,16,6,5,10.0,27.8,0.62,,,,half_space,False,0,9,8.67,0,0,0,8,1,5,117.0,43.0,2.74,2.74,other
9adffd55-abfe-4577-8d04-ddf1842cd8e3,7556,Japan,Senegal,Yūya Ōsako,2,74,11,111.0,43.0,8.67,0.095532015,Blocked,0,Open Play,Left Foot,False,False,From Corner,119.0,79.0,Pass,2,0,1,-8.0,29.5,-4.0,,,,central,False,0,10,2.59,0,0,1,10,2,4,119.0,40.0,0.91,0.0,other
7f0b4eb3-0d4e-4d3b-85b3-af823fa20c8a,7556,Japan,Senegal,Keisuke Honda,2,77,30,113.0,43.0,6.96,0.4889436,Goal,1,Open Play,Left Foot,True,False,Regular Play,63.0,28.0,Ball Recovery,13,3,3,50.0,50.6,3.85,cross,118.0,27.0,half_space,False,0,8,4.92,0,0,0,7,1,4,115.0,38.0,4.57,1.83,wide_cross
de826bbd-15b6-4112-bf8c-d2fee10c50a2,7556,Senegal,Japan,Cheikh N'Doye,2,83,47,115.0,43.0,5.33,0.13177194,Off T,0,Open Play,Head,False,True,From Free Kick,24.0,77.0,Pass,21,10,7,91.0,97.1,4.33,cross,93.0,67.0,wide,False,0,7,0.91,2,2,2,7,2,3,119.0,41.0,0.91,0.91,wide_cross
662e5697-eb23-43e8-ab95-1977c0ecc01e,7556,Senegal,Japan,Salif Sané,2,91,35,102.0,41.0,16.48,0.052775476,Blocked,0,Open Play,Head,False,False,From Free Kick,76.0,67.0,Pass,2,1,0,26.0,33.6,13.0,other,76.0,67.0,wide,False,0,10,1.83,0,1,2,9,1,4,118.0,41.0,1.83,0.91,other
886cd041-b68f-40bf-8e85-67b2bee502ab,7556,Senegal,Japan,Mame Biram Diouf,2,93,56,112.0,45.0,8.63,0.079468675,Off T,0,Open Play,Left Foot,True,False,From Free Kick,64.0,21.0,Pass,5,1,0,48.0,49.7,9.6,,,,central,False,0,10,0.91,1,2,2,9,2,3,120.0,43.0,0.0,2.74,fast_counter
81b43db0-d073-4655-8474-27d85de66528,7559,Saudi Arabia,Egypt,Hussain Al Mogahwi,1,2,39,98.0,56.0,24.87,0.026144106,Off T,0,Open Play,Right Foot,False,False,From Counter,38.0,30.0,Pass,10,1,1,60.0,55.4,6.0,central_pass,38.0,30.0,central,False,0,8,2.04,0,0,1,4,1,1,118.0,41.0,1.83,0.91,fast_counter
0d7b1cab-a93a-442e-9fc8-8db75d6a8d16,7559,Saudi Arabia,Egypt,Salem Mohammed Al Dawsari,1,11,31,94.0,26.0,27.0,0.018380644,Off T,0,Open Play,Right Foot,False,False,From Throw In,101.0,1.0,Pass,3,1,1,-7.0,13.9,-2.33,other,101.0,1.0,wide,False,0,10,1.83,0,1,1,5,2,1,119.0,38.0,0.91,1.83,other
d0b150c2-f265-4850-944b-e3e20dc6bec4,7559,Egypt,Saudi Arabia,Marwan Mohsen,1,12,5,102.0,23.0,22.64,0.021711508,Wayward,0,Open Play,Left Foot,False,True,Regular Play,19.0,6.0,Pass,21,4,5,83.0,81.8,3.95,central_pass,84.0,18.0,half_space,False,0,9,2.59,0,0,1,4,2,0,120.0,40.0,0.0,0.0,central_penetration
520b1521-f60a-4de5-b33b-6d5b8f6467eb,7559,Saudi Arabia,Egypt,Salem Mohammed Al Dawsari,1,14,23,99.0,44.0,19.55,0.06795994,Off T,0,Open Play,Right Foot,False,False,From Goal Kick,6.0,38.0,Pass,79,14,17,93.0,92.6,1.18,,,,central,False,0,7,2.04,0,0,2,4,1,1,118.0,40.0,1.83,0.0,slow_possession
c2b06425-bf86-4c98-99b7-7ba40b2eab2a,7559,Egypt,Saudi Arabia,Mohamed Salah,1,21,25,101.0,48.0,18.85,0.10416558,Goal,1,Open Play,Left Foot,False,False,From Counter,45.0,69.0,Ball Recovery,6,1,2,56.0,59.8,9.33,other,50.0,66.0,wide,False,0,4,1.83,0,1,2,2,2,0,105.0,47.0,13.72,6.4,fast_counter
260c16a3-61bf-44d0-903d-b2e97fd0d5d8,7559,Egypt,Saudi Arabia,Mohamed Salah,1,23,50,107.0,38.0,12.03,0.4475475,Off T,0,Open Play,Left Foot,False,False,From Counter,23.0,25.0,Interception,11,2,3,84.0,85.0,7.64,central_pass,54.0,38.0,central,False,0,3,3.77,0,0,0,2,1,0,111.0,39.0,8.23,0.91,fast_counter
42b65cb4-8190-49cd-b1b6-4668d56763df,7559,Saudi Arabia,Egypt,Hattan Babhir,1,24,54,86.0,36.0,31.3,0.015093114,Saved,0,Open Play,Left Foot,False,False,Regular Play,82.0,38.0,Duel,4,1,2,4.0,3.8,1.0,central_pass,84.0,40.0,central,False,0,8,1.83,0,1,1,1,2,0,118.0,41.0,1.83,0.91,high_turnover
343eeae0-9b6e-4f8c-8114-15ebc9fb5b84,7559,Saudi Arabia,Egypt,Yasir Gharsan Al Shahrani,1,29,40,100.0,22.0,24.6,0.026268508,Off T,0,Open Play,Right Foot,False,True,From Free Kick,26.0,27.0,Pass,49,16,16,74.0,68.0,1.51,other,98.0,9.0,wide,False,0,10,2.04,0,0,1,6,1,0,119.0,37.0,0.91,2.74,slow_possession
3b26d5d9-e3a4-4ba2-84c6-9dc01630b284,7559,Saudi Arabia,Egypt,Mohammed Al Burayk,1,31,17,95.0,60.0,29.28,0.009558939,Off T,0,Open Play,Right Foot,False,False,From Corner,120.0,2.0,Pass,7,1,2,-25.0,6.0,-3.57,cutback,110.0,65.0,wide,False,0,10,1.83,0,1,1,7,1,5,119.0,39.0,0.91,0.91,cutback
f8c90a3c-18b4-4be5-9c0a-00fcba2f42ff,7559,Egypt,Saudi Arabia,Mahmoud Ibrahim Hassan,1,32,52,105.0,30.0,16.48,0.12628312,Off T,0,Open Play,Right Foot,True,False,Regular Play,3.0,21.0,Ball Recovery,23,6,7,102.0,100.5,4.43,central_pass,98.0,32.0,central,False,0,7,5.17,0,0,0,3,1,3,120.0,40.0,0.0,0.0,central_penetration
0e5bbfba-8b4a-480d-a06a-58b8c77d410b,7559,Egypt,Saudi Arabia,Mahmoud Ibrahim Hassan,1,33,38,101.0,29.0,20.08,0.054578535,Off T,0,Open Play,Right Foot,False,True,Regular Play,45.0,58.0,Pass,10,3,4,56.0,55.2,5.6,central_pass,57.0,44.0,central,False,0,6,2.89,0,0,1,3,1,0,119.0,41.0,0.91,0.91,fast_counter
b77c64b9-69f4-4d4b-8914-0c51c28c1f2e,7559,Saudi Arabia,Egypt,Salman Mohammed Al Faraj,1,36,35,103.0,45.0,16.2,0.15514064,Blocked,0,Open Play,Left Foot,True,False,Regular Play,55.0,6.0,Ball Recovery,42,12,11,48.0,55.6,1.14,cutback,112.0,25.0,half_space,False,0,7,5.86,0,0,0,6,2,4,119.0,38.0,0.91,1.83,cutback
cf939d60-8393-492d-a728-f234a42bf4f0,7559,Saudi Arabia,Egypt,Abdullah Ibrahim Otayf,1,40,52,104.0,45.0,15.33,0.11193772,Blocked,0,Open Play,Right Foot,True,False,From Corner,119.0,1.0,Pass,3,0,0,-15.0,22.2,-5.0,,,,central,False,0,10,5.86,0,0,0,9,4,5,117.0,38.0,2.74,1.83,other
38412c8d-62b2-4175-a48c-a26c08008e60,7559,Saudi Arabia,Egypt,Hattan Babhir,2,53,57,112.0,54.0,14.74,0.047208663,Off T,0,Open Play,Right Foot,True,False,Regular Play,34.0,20.0,Pass,81,23,20,78.0,72.2,0.96,,,,half_space,False,0,9,5.78,0,0,0,6,2,2,116.0,45.0,3.66,4.57,slow_possession
fc2e1951-cd51-4026-8f15-603ac34766c7,7559,Egypt,Saudi Arabia,Mahmoud Ibrahim Hassan,2,56,16,108.0,40.0,10.97,0.10016992,Off T,0,Open Play,Head,False,True,From Throw In,94.0,80.0,Pass,4,3,0,14.0,35.7,3.5,cross,87.0,75.0,wide,False,0,9,1.29,0,2,2,4,1,1,118.0,40.0,1.83,0.0,wide_cross
f28ff414-fd3a-42f2-bb29-a3f52e3f9781,7559,Saudi Arabia,Egypt,Hussain Al Mogahwi,2,57,18,100.0,61.0,26.52,0.010199119,Blocked,0,Open Play,Right Foot,False,False,From Counter,101.0,73.0,Pressure,10,0,3,-1.0,9.1,-0.1,,,,half_space,False,0,8,1.83,0,1,1,3,1,0,118.0,43.0,1.83,2.74,fast_counter
5a3d2a70-3a89-4134-ae9f-a0f9782be132,7559,Saudi Arabia,Egypt,Hattan Babhir,2,59,21,90.0,49.0,28.64,0.022161836,Off T,0,Open Play,Right Foot,False,False,Regular Play,34.0,10.0,Pass,25,6,7,56.0,59.8,2.24,central_pass,95.0,22.0,half_space,False,0,10,5.86,0,0,0,5,2,1,118.0,42.0,1.83,1.83,central_penetration
5c1030e6-4cf3-4d6a-88e0-b27cf956959e,7559,Saudi Arabia,Egypt,Hussain Al Mogahwi,2,62,48,96.0,41.0,21.96,0.03571275,Off T,0,Open Play,Right Foot,True,False,Regular Play,40.0,45.0,Pass,28,8,8,56.0,56.1,2.0,,,,central,False,0,9,2.04,0,0,1,6,2,2,118.0,41.0,1.83,0.91,slow_possession
62f44450-215f-438f-80b0-60d7d23ded61,7559,Saudi Arabia,Egypt,Hussain Al Mogahwi,2,68,34,110.0,49.0,12.3,0.09736647,Saved,0,Open Play,Head,False,False,From Throw In,100.0,80.0,Pass,10,4,3,10.0,31.3,1.0,central_pass,84.0,32.0,central,False,0,10,1.83,0,1,1,4,1,2,118.0,42.0,1.83,1.83,central_penetration
af91b0e0-faf6-4b64-ba5c-d11400bc50b6,7559,Saudi Arabia,Egypt,Mohanad Aseri Abu Radiah,2,69,7,115.0,49.0,9.41,0.10910001,Saved,0,Open Play,Head,False,False,From Corner,120.0,1.0,Pass,1,1,0,-5.0,28.7,-5.0,cutback,120.0,1.0,wide,False,0,10,3.66,0,0,0,8,1,4,118.0,43.0,1.83,2.74,cutback
c5355c09-7bf7-4639-abef-7504de1dc543,7559,Egypt,Saudi Arabia,Mohamed Naser Elsayed Elneny,2,70,17,98.0,51.0,22.49,0.040299565,Off T,0,Open Play,Right Foot,False,False,From Free Kick,12.0,22.0,Pass,37,11,10,86.0,84.9,2.32,central_pass,98.0,56.0,half_space,False,0,10,4.57,0,0,0,4,1,4,117.0,41.0,2.74,0.91,central_penetration
93f999a5-9ade-4f39-9345-efd02c1c3292,7559,Saudi Arabia,Egypt,Salman Mohammed Al Faraj,2,73,57,88.0,43.0,29.39,0.03069722,Off T,0,Free Kick,Left Foot,False,False,From Free Kick,88.0,43.0,Shot,0,0,0,0.0,0.0,,,,,central,False,0,11,10.43,0,0,0,5,5,3,118.0,41.0,1.83,0.91,set_piece
dd625b92-3285-4400-b892-72b5345e302b,7559,Egypt,Saudi Arabia,Amr Medhat Warda,2,76,9,102.0,22.0,23.28,0.028970212,Blocked,0,Open Play,Right Foot,False,False,From Goal Kick,6.0,47.0,Pass,114,22,22,96.0,88.8,0.84,,,,half_space,False,0,8,6.96,0,0,0,7,1,3,117.0,38.0,2.74,1.83,slow_possession
819353ae-6637-4ef6-8f3a-68e501b7b088,7559,Saudi Arabia,Egypt,Mohammed Al Burayk,2,80,4,95.0,30.0,24.62,0.06562346,Blocked,0,Free Kick,Right Foot,False,False,From Free Kick,95.0,30.0,Shot,0,0,0,0.0,0.0,,,,,central,False,0,11,9.19,0,0,0,10,5,4,118.0,41.0,1.83,0.91,set_piece
48734731-9b4a-46e6-ad5e-427c19f6e4ad,7559,Saudi Arabia,Egypt,Salem Mohammed Al Dawsari,2,80,57,116.0,30.0,9.85,0.08890756,Saved,0,Open Play,Right Foot,True,False,From Throw In,108.0,80.0,Pass,7,2,3,8.0,31.0,1.14,central_pass,87.0,61.0,half_space,False,0,6,2.04,0,0,2,6,0,2,118.0,39.0,1.83,0.91,central_penetration
4117b766-8953-4a94-a9fc-b851dadd9985,7559,Saudi Arabia,Egypt,Abdullah Ibrahim Otayf,2,90,30,101.0,58.0,23.93,0.020325344,Blocked,0,Open Play,Right Foot,False,True,Regular Play,46.0,19.0,Pass,27,11,10,55.0,50.7,2.04,central_pass,90.0,56.0,half_space,False,0,9,0.91,1,1,1,6,1,2,120.0,44.0,0.0,3.66,central_penetration
ad31e809-c84e-4736-b223-1a026731fa3c,7559,Saudi Arabia,Egypt,Salem Mohammed Al Dawsari,2,94,5,116.0,53.0,12.44,0.021029433,Goal,1,Open Play,Right Foot,True,False,Regular Play,81.0,71.0,Pass,79,30,29,35.0,36.2,0.44,central_pass,107.0,53.0,half_space,False,0,9,1.29,0,1,1,9,1,5,120.0,45.0,0.0,4.57,central_penetration
