Unnamed: 0,assignment_id,package_row,precedent_id,case_name,case_number,decision_date,decision_date_iso,court_name,court_type_code,case_type_name,case_type_code,decision_type,adjudication,matched_queries,tag_review_status,tag_court_instance_manual,tag_document_focus,tag_crime_group_manual,tag_crime_name_manual,tag_case_structure,tag_merits_outcome,tag_procedural_disposition,tag_punishment_structure,tag_sentence_source,tag_sentencing_reason_present,tag_text_issue,tag_notes,holding,summary,reference_statutes,reference_cases,full_text,body_raw_path,fetched_at,lawyer,punishment,guilty,is_drunk_driving,is_hit_run_injury,sentencing_reason_flag,quality_rank,crime_subgroup,drunk_overlap,docket_year,decision_year,order_excerpt,sentencing_section,factor_scope,factor_evidence_reliable,bac,bac_all,bac_type,bac_excerpt,injury_weeks_max,injury_excerpt,abandonment,abandonment_excerpt,multi_charge,multi_defendant,serious_other_charge,sentence_kind,sentence_months,fine_won,sentence_region,sentence_score,sentence_suspended_nearby,sentence_excerpt,sentence_candidates,settlement_raw,settlement,settlement_excerpt,damage_recovery_raw,damage_recovery,damage_recovery_excerpt,remorse_raw,remorse,remorse_excerpt,no_prior_raw,no_prior,no_prior_excerpt,same_prior_raw,same_prior,same_prior_excerpt,concealment_raw,concealment,concealment_excerpt,high_road_risk_raw,high_road_risk,high_road_risk_excerpt,guideline_version,guideline_type,guideline_applicable,guideline_applicability_note,basic_low_months,basic_high_months,basic_low_fine_won,basic_high_fine_won,below_basic,outcome_suspended,outcome_han,outcome_lenient_expanded,sentence_match,analysis_eligible_broad,analysis_eligible,review_reasons,manual_review_required
1545,P02-0755,755,180175,특정범죄가중처벌등에관한법률위반(도주차량),2012도9697,20150528,2015-05-28,대법원,400201,형사,400102,판결,선고,*,usable,third,legal_review,traffic,특정범죄가중법위반(도주차량),simple,guilty,supreme_appeal_dismissed,not_stated,lower_court_maintained,,none,사고 후 필요한 구호조치를 하지 않고 현장을 이탈한 도주의 범의를 인정한 원심 유죄판결을 유지하여 피고인의 상고를 기각함,특정범죄 가중처벌 등에 관한 법률 제5조의3 제1항에서 정한 ‘피해자를 구호하는 등 도로교통법 제54조 제1항에 따른 조치를 하지 아니하고 도주한 경우’의 의미 및 이 경우 운전자가 취하여야 할 조치의 내용과 정도 / 사고 운전자가 피해자를 구호하는 등 도로교통법 제54조 제1항에 정한 의무를 이행하기 전에 도주의 범의로 사고현장을 이탈한 것인지 판단하는 기준,,"특정범죄 가중처벌 등에 관한 법률 제5조의3 제1항, 형법 제268조, 도로교통법 제54조 제1항","대법원 2009. 6. 11. 선고 2008도8627 판결, 대법원 2012. 7. 12. 선고 2012도1474 판결","【피 고 인】 
【상 고 인】 피고인
【변 호 인】 변호사 양은석
【원심판결】 제주지법 2012. 7. 19. 선고 2012노129 판결
【주 문】
상고를 기각한다.
【이 유】 상고이유(상고이유서 제출기간이 지난 후에 제출된 상고이유보충서의 기재는 상고이유를 보충하는 범위 내에서)를 판단한다.
특정범죄 가중처벌 등에 관한 법률(이하 ‘특가법’이라 한다) 제5조의3 제1항에서 정한 ‘피해자를 구호하는 등 도로교통법 제54조 제1항에 따른 조치를 하지 아니하고 도주한 경우’라 함은 사고 운전자가 사고로 인하여 피해자가 사상을 당한 사실을 인식하였음에도 피해자를 구호하는 등 도로교통법 제54조 제1항에 규정된 의무를 이행하기 이전에 사고현장을 이탈하여 사고를 낸 자가 누구인지 확정될 수 없는 상태를 초래하는 경우를 말한다. 그런데 도로교통법 제54조 제1항의 취지는 도로에서 일어나는 교통상의 위험과 장해를 방지·제거하여 안전하고 원활한 교통을 확보하기 위한 것이므로, 이 경우 운전자가 취하여야 할 조치는 사고의 내용과 피해의 정도 등 구체적 상황에 따라 적절히 강구되어야 하고 그 정도는 건전한 양식에 비추어 통상 요구되는 정도의 것으로서, 여기에는 피해자나 경찰관 등 교통사고와 관계있는 사람에게 사고 운전자의 신원을 밝히는 것도 포함된다 할 것이다. 다만 위 특가법 제5조의3 제1항은 자동차와 교통사고의 급증에 상응하는 건전하고 합리적인 교통질서가 확립되지 못한 현실에서 교통사고를 야기한 운전자가 그 사고로 사상을 당한 피해자를 구호하는 등의 조치를 취하지 않고 도주하는 행위에 강한 윤리적 비난가능성이 있음을 감안하여 이를 가중처벌함으로써 교통의 안전이라는 공공의 이익을 보호함과 아울러 교통사고로 사상을 당한 피해자의 생명과 신체의 안전이라는 개인적 법익을 보호하기 위하여 제정된 것이라는 그 입법취지와 보호법익에 비추어 볼 때, 사고 운전자가 피해자를 구호하는 등 도로교통법 제54조 제1항에 정한 의무를 이행하기 전에 도주의 범의로써 사고현장을 이탈한 것인지 여부를 판정함에 있어서는 그 사고의 경위와 내용, 피해자의 상해 부위와 정도, 사고 운전자의 과실 정도, 사고 운전자와 피해자의 나이와 성별, 사고 후의 정황 등을 종합적으로 고려하여 합리적으로 판단하여야 한다(대법원 2009. 6. 11. 선고 2008도8627 판결, 대법원 2012. 8. 30. 선고 2012도3177 판결 등 참조).
원심은, 이 사건 교통사고의 피해 아동이 수사기관에서 “사고 직전 피고인과 눈이 마주쳤고 피고인 운행 차량이 지나가면서 피해자가 그 자리에 쓰러졌는데 곧바로 피고인이 차에서 내려 피해자에게 왔다.”는 취지로 진술하고 있는 점, 피고인은 차량 운전 당시 피해 아동을 충격하는 느낌을 받거나 소리를 듣지 못했다고 변명하나, 피고인의 수사기관과 제1심법정 및 원심법정에서의 진술 내용이 계속 바뀌고 있고, 특히 피고인은 제1심법정에서 이 사건 공소사실을 모두 자백하였고 그 자백의 신빙성을 의심할 만한 아무런 사정이 보이지 않는 점 등 그 판시와 같은 사정에 비추어 피고인에게 도주의 범의를 충분히 인정할 수 있다는 이유로 이 사건 공소사실을 유죄로 인정하였다.
원심판결 이유를 앞서 본 법리와 원심이 적법하게 채택한 증거들에 비추어 살펴보면, 원심의 위와 같은 판단은 정당하고, 거기에 상고이유 주장과 같이 논리와 경험의 법칙을 위반하고 자유심증주의의 한계를 벗어나거나 특가법 제5조의3 제1항에서 규정한 도주에 관한 법리를 오해하는 등의 위법이 없다.
한편 형사소송법 제383조 제4호에 의하면 양형부당을 이유로 하는 상고는 원심에서 사형, 무기 또는 10년 이상의 징역이나 금고가 선고된 경우에만 할 수 있으므로, 피고인에 대하여 그보다 가벼운 형이 선고된 이 사건에서 형의 양정이 부당하다는 사유를 들어 대법원에 상고하는 것은 허용되지 아니한다.
또한 운전면허 취소를 면하게 하여 달라는 취지의 주장 역시 형사사건인 이 사건에서 적법한 상고이유가 되지 못한다.
그러므로 상고를 기각하기로 하여 관여 대법관의 일치된 의견으로 주문과 같이 판결한다.
대법관 이인복(재판장) 김용덕 고영한(주심) 김소영",C:\Users\jeff4\OneDrive - 엔시스코리아\personal\school\3\여름\DSL\EDA\data/source/criminal_sentencing_cases_2015_2026\raw\law_api\body\180175.xml,2026-07-07T05:42:49.086239+00:00,lawyer,imprisonment,Guilty,False,True,False,2,hit_run_injury,False,2012.0,2015,상고를 기각한다.,,full_text_screening_only,0,,,unknown,,,,0,,0,0,0,,,,,,False,,,0.0,,,0.0,,,0.0,,,0.0,,,0.0,,,0.0,,,1.0,,등 교통사고와 관계있는 사람에게 사고 운전자의 신원을 밝히는 것도 포함된다 할 것이다. 다만 위 특가법 제5조의3 제1항은 자동차와 교통사고의 급증에 상응하는 건전하고 합리적인 교통질서가 확립되지 못한 현실에서 교통사고를 야기한 운전자가 그 사고로 사상을 당한 피해자를 구호하는 등의 조치를 취하지 않고 도주하는 행위에 강한 윤리적 비난가능성이 있음을 감안하여 이를 가중처벌함으로써 교통의 안전이라는 공공의 이익을 보호함과 아울러 교통사고로 || 관 등 교통사고와 관계있는 사람에게 사고 운전자의 신원을 밝히는 것도 포함된다 할 것이다. 다만 위 특가법 제5조의3 제1항은 자동차와 교통사고의 급증에 상응하는 건전하고 합리적인 교통질서가 확립되지 못한 현실에서 교통사고를 야기한 운전자가 그 사고로 사상을 당한 피해자를 구호하는 등의 조치를 취하지 않고 도주하는 행위에 강한 윤리적 비난가능성이 있음을 감안하여 이를 가중처벌함으로써 교통의 안전이라는 공공의 이익을 보호함과 아울러 교통사고로,2012,hit_run_injury,True,사건번호의 연도를 공소연도 대용치로 사용; 시행월 경계사건은 검수 필요,8.0,18.0,,,,0.0,,0.0,0,1,0,선고형 자동추출 불일치; 신뢰 가능한 양형이유 구간 없음; 상해기간 미추출,1
3126,P04-0756,756,180190,교통사고처리특례법위반·도로교통법위반(음주운전)·도로교통법위반(무면허운전),2013도15031,20150624,2015-06-24,대법원,400201,형사,400102,판결,선고,*,usable,third,legal_review,traffic,교통사고처리특례법,multiple_charges,guilty,supreme_appeal_dismissed,single,not_applicable,,none,,"연습운전면허를 받은 사람이 ‘주행연습 외의 목적으로 운전하여서는 아니된다’는 준수사항을 위반하여 운전한 경우, 도로교통법상 무면허운전이라고 보아 처벌할 수 있는지 여부(소극)",,"구 도로교통법(2013. 3. 23. 법률 제11690호로 개정되기 전의 것) 제80조 제2항, 도로교통법 제43조, 제93조 제3항, 제152조 제1호, 도로교통법 시행규칙 제53조 [별표 18], 제55조, 제91조 제2항 [별표 29]","대법원 2001. 4. 10. 선고 2000도5540 판결(공2001상, 1173)","【피 고 인】 
【상 고 인】 검찰관
【변 호 인】 변호사 김주영
【원심판결】 고등군사법원 2013. 11. 26. 선고 2013노189 판결
【주 문】
상고를 기각한다.
【이 유】 상고이유를 판단한다.
구 도로교통법(2013. 3. 23. 법률 제11690호로 개정되기 전의 것) 제80조 제2항은 “지방경찰청장은 운전을 할 수 있는 차의 종류를 기준으로 다음 각 호와 같이 운전면허의 범위를 구분하고 관리하여야 한다. 이 경우 운전면허의 범위에 따라 운전할 수 있는 차의 종류는 행정안전부령으로 정한다.”라고 규정하면서 운전면허의 종류를 제1종 운전면허(대형면허, 보통면허, 소형면허, 특수면허), 제2종 운전면허(보통면허, 소형면허, 원동기장치자전거면허), 연습운전면허(제1종 보통연습면허, 제2종 보통연습면허)로 구분하고 있고, 그 위임에 따라 도로교통법 시행규칙 제53조 [별표 18]에서는 각 운전면허별로 운전할 수 있는 차의 종류를 구분하여 나열하고 있다. 또한 도로교통법 제43조는 “누구든지 제80조에 따라 지방경찰청장으로부터 운전면허를 받지 아니하거나 운전면허의 효력이 정지된 경우에는 자동차 등을 운전하여서는 아니 된다.”고 규정하고, 도로교통법 제152조 제1호는 ‘제43조를 위반하여 제80조에 따른 운전면허를 받지 아니하고 자동차를 운전한 사람’을 무면허운전으로 처벌한다고 규정하고 있다.
한편 도로교통법 시행규칙 제55조는 연습운전면허를 받은 사람이 도로에서 주행연습을 할 때에 지켜야 할 준수사항을 규정하면서 제1호에서는 운전면허를 받은 날부터 2년이 경과한 사람이 함께 타서 그의 지도를 받아야 하고, 제2호에서는 사업용 자동차를 운전하는 등 주행연습 외의 목적으로 운전하여서는 아니되며, 제3호에서는 주행연습 중인 사실을 다른 차의 운전자가 알 수 있도록 표지를 붙여야 한다고 규정하고 있다. 또한 도로교통법 제93조 제3항은 “지방경찰청장은 연습운전면허를 발급받은 사람이 운전 중 고의 또는 과실로 교통사고를 일으키거나 이 법이나 이 법에 따른 명령 또는 처분을 위반한 경우에는 연습운전면허를 취소하여야 한다.”고 규정하고 있고, 도로교통법 시행규칙 제91조 제2항 [별표 29] 일련번호 제13번에서는 연습운전면허를 받은 사람이 지켜야 할 위 준수사항 중 하나라도 위반한 경우를 연습운전면허 취소처분요건에 해당하는 것으로 규정하고 있다.
이러한 규정들을 종합하여 볼 때, 운전을 할 수 있는 차의 종류를 기준으로 운전면허의 범위가 정해지게 되고, 해당 차종을 운전할 수 있는 운전면허를 받지 아니하고 운전한 경우가 무면허운전에 해당된다고 할 것이므로 실제 운전의 목적을 기준으로 운전면허의 유효범위나 무면허운전 여부가 결정된다고 볼 수는 없다. 따라서 연습운전면허를 받은 사람이 운전을 함에 있어 주행연습 외의 목적으로 운전하여서는 아니된다는 준수사항을 지키지 않았다고 하더라도 준수사항을 지키지 않은 것에 대하여 연습운전면허의 취소 등 제재를 가할 수 있음은 별론으로 하고 그 운전을 무면허운전이라고 보아 처벌할 수는 없다(대법원 2001. 4. 10. 선고 2000도5540 판결 참조).
원심판결 이유를 위 법리와 기록에 비추어 살펴보면, 원심이 그 판시와 같은 이유를 들어 이 사건 공소사실 중 도로교통법위반(무면허운전)의 점에 대하여 피고인이 주행연습 외의 목적으로 운전하였더라도 유효한 연습운전면허를 발급받고 있었던 이상 무면허운전에 해당되지 아니한다는 이유로 무죄로 판단한 제1심을 그대로 유지한 것은 정당하고, 거기에 도로교통법위반(무면허운전)죄에 관한 법리를 오해한 위법이 없다.
그러므로 상고를 기각하기로 하여 관여 대법관의 일치된 의견으로 주문과 같이 판결한다.
대법관 김창석(재판장) 이상훈 조희대 박상옥(주심)",C:\Users\jeff4\OneDrive - 엔시스코리아\personal\school\3\여름\DSL\EDA\data/source/criminal_sentencing_cases_2015_2026\raw\law_api\body\180190.xml,2026-07-07T05:42:49.086239+00:00,lawyer,,Guilty,True,False,False,1,drunk_driving,False,2013.0,2015,상고를 기각한다.,,full_text_screening_only,0,,,unknown,,,,0,,1,0,0,,,,,,False,,,0.0,,,0.0,,,0.0,,,0.0,,,0.0,,,0.0,,,1.0,,"아니하거나 운전면허의 효력이 정지된 경우에는 자동차 등을 운전하여서는 아니 된다.”고 규정하고, 도로교통법 제152조 제1호는 ‘제43조를 위반하여 제80조에 따른 운전면허를 받지 아니하고 자동차를 운전한 사람’을 무면허운전으로 처벌한다고 규정하고 있다. 한편 도로교통법 시행규칙 제55조는 연습운전면허를 받은 사람이 도로에서 주행연습을 할 때에 지켜야 할 준수사항을 규정하면서 제1호에서는 운전면허를 받은 날부터 2년이 경과한 사람이 함 || 건에 해당하는 것으로 규정하고 있다. 이러한 규정들을 종합하여 볼 때, 운전을 할 수 있는 차의 종류를 기준으로 운전면허의 범위가 정해지게 되고, 해당 차종을 운전할 수 있는 운전면허를 받지 아니하고 운전한 경우가 무면허운전에 해당된다고 할 것이므로 실제 운전의 목적을 기준으로 운전면허의 유효범위나 무면허운전 여부가 결정된다고 볼 수는 없다. 따라서 연습운전면허를 받은 사람이 운전을 함에 있어 주행연습 외의 목적으로 운전하여서는 아니된 || 있는 차의 종류를 기준으로 운전면허의 범위가 정해지게 되고, 해당 차종을 운전할 수 있는 운전면허를 받지 아니하고 운전한 경우가 무면허운전에 해당된다고 할 것이므로 실제 운전의 목적을 기준으로 운전면허의 유효범위나 무면허운전 여부가 결정된다고 볼 수는 없다. 따라서 연습운전면허를 받은 사람이 운전을 함에 있어 주행연습 외의 목적으로 운전하여서는 아니된다는 준수사항을 지키지 않았다고 하더라도 준수사항을 지키지 않은 것에 대하여 연습운전면",,,False,단순 음주운전 양형기준 시행(2023-07-01) 전 사건,,,,,,,,,0,0,0,선고형 자동추출 불일치; 병합·복수 죄명; 신뢰 가능한 양형이유 구간 없음; BAC 미추출,1
1576,P02-0786,786,182639,도로교통법위반(음주운전)·도로교통법위반(무면허운전)·자동차손해배상보장법위반·상해,"2014고단3162,2014고단6379(병합)",20150128,2015-01-28,부산지방법원,400202,형사,400102,판결,선고,*,usable,first,facts_sentencing,traffic,음주운전·무면허운전·자동차손해배상보장법위반·상해,multiple_charges,guilty,none,single,current_order,T,none,다수의 동종 전력이 있는 상태에서 저지른 음주·무면허운전과 자동차손해배상보장법위반 및 상해를 유죄로 인정하여 징역 1년을 선고함,,,,,"【피 고 인】 
【검 사】 박성민(기소), 박영식(공판)
【주 문】
피고인을 징역 1년에 처한다.
【이 유】【범죄사실】『2014고단3162』
피고인은 2012. 11. 22. 창원지방법원에서 도로교통법위반(무면허운전)죄 등으로 징역 10월을 선고받고 2013. 1. 4. 통영구치소에서 그 형의 집행을 종료하고, 2010. 7. 28. 부산지방법원에서 도로교통법위반(음주운전)죄 등으로 벌금 300만 원을, 2009. 8. 24. 같은 법원에서 같은 죄 등으로 벌금 400만 원의 약식명령을 발령받은 이외에 동종전과가 9회 더 있다.
1. 도로교통법위반(음주운전), 도로교통법위반(무면허운전)
가. 피고인은 2013. 5. 26. 22:15경 부산 사상구 (주소 1 생략)에 있는 □□아파트 부근에서부터 같은 구 (주소 1 생략) 소재 ◇◇◇◇◇ 앞까지 약 530m 구간을 원동기장치자전거운전면허없이 혈중알콜농도 0.237%의 술에 취한 상태로 124cc 오토바이를 운전하였다.
나. 피고인은 2013. 8. 1. 15:55경 부산 부산진구 (주소 2 생략) 소재 피고인의 집에서부터 부산 사상구 (주소 1 생략) 소재 ☆☆주유소 앞까지 약 930m 구간을 원동기장치자전거운전면허없이 혈중알콜농도 0.153%의 술에 취한 상태로 위 오토바이를 운전하였다.
2. 자동차손해배상보장법위반
의무보험에 가입되어 있지 아니한 자동차는 도로에서 운행을 하여서는 아니된다.
그럼에도 불구하고 피고인은 위 1항과 같은 일시, 장소에서 2회에 걸쳐 의무보험에 가입되어 있지 않은 자동차를 운행하였다.
『2014고단6379』
피고인은 2012. 11. 22. 창원지방법원에서 도로교통법위반(무면허운전)죄 등으로 징역 10월을 선고받고 2013. 1. 4. 통영구치소에서 그 형의 집행을 종료하였다.
피고인은 2014. 7. 14. 21:35경 부산 사상구 (주소 3 생략) 소재 ▽▽병원 앞에서 피고인을 귀가시키려는 위 병원 보안직원인 피해자 공소외인(31세)을 향해 아무런 이유없이 팔로 피해자의 목을 감아 조르고 피해자의 다리를 걸어 넘어뜨리는 등 하여 피해자에게 약 2주간의 치료를 요하는 좌측견관절염좌상 등을 가하였다.
【증거의 요지】[2014고단3162]
1. 피고인에 대한 경찰피의자신문조서
1. 자동차운전면허대장, 각 주취운전자정황진술보고서, 각 주취운전자단속사실결과조회,
1. 판시 전과 : 수사보고(피의자 범죄 판결문, 수감 등 현황), 판결문 등, 수사보고
[2014고단6379]
1. 피고인에 대한 경찰피의자신문조서
1. 공소외인에 대한 경찰 진술조서
1. 사진
1. 상해진단서
1. 판시 전과 : 범죄경력조회
【법령의 적용】 1. 범죄사실에 대한 해당법조
도로교통법 제148조의2 제1항 제1호, 제44조 제1항(음주운전의 점), 도로교통법 제154조 제2호, 제43조(무면허운전의 점), 자동차손해배상보장법 제46조 제2항 제2호, 제8조(의무보험미가입차량 운행의 점), 형법 제257조 제1항(상해의 점) 
1. 상상적 경합 
형법 제40조, 제50조
1. 형의 선택
징역형
1. 누범가중
형법 제35조
1. 경합범가중
형법 제37조 전단, 제38조 제1항 제2호, 제50조
이상의 이유로 주문과 같이 판결한다.
판사 이윤호",C:\Users\jeff4\OneDrive - 엔시스코리아\personal\school\3\여름\DSL\EDA\data/source/criminal_sentencing_cases_2015_2026\raw\law_api\body\182639.xml,2026-07-07T05:42:49.086239+00:00,,both,Guilty,True,False,True,19,drunk_driving,False,2014.0,2015,피고인을 징역 1년에 처한다.,,full_text_screening_only,0,,,unknown,,2.0,"에서 그 형의 집행을 종료하였다. 피고인은 2014. 7. 14. 21:35경 부산 사상구 (주소 3 생략) 소재 ▽▽병원 앞에서 피고인을 귀가시키려는 위 병원 보안직원인 피해자 공소외인(31세)을 향해 아무런 이유없이 팔로 피해자의 목을 감아 조르고 피해자의 다리를 걸어 넘어뜨리는 등 하여 피해자에게 약 2주간의 치료를 요하는 좌측견관절염좌상 등을 가하였다. 【증거의 요지】[2014고단3162] 1. 피고인에 대한 경찰피의자신문조서 1. 자동차운전면허대장, 각 주취운전자정황진술보고서, 각 주취운전자단속사실결과조회, 1. 판시 전과 : 수사보고(피의자 범죄 판결문, 수감 등 현황), 판결문 등, 수사보고 [2014고단",0,,1,0,0,custodial,12.0,,order,165.0,False,피고인을 징역 1년에 처한다.,"[{""kind"": ""custodial"", ""months"": 12.0, ""fine_won"": NaN, ""region"": ""order"", ""score"": 165.0, ""snippet"": ""피고인을 징역 1년에 처한다.""}, {""kind"": ""custodial"", ""months"": 12.0, ""fine_won"": NaN, ""region"": ""full_text"", ""score"": 65.0, ""snippet"": ""【피 고 인】 【검 사】 박성민(기소), 박영식(공판) 【주 문】 피고인을 징역 1년에 처한다. 【이 유】【범죄사실】『2014고단3162』 피고인은 2012. 11. 22. 창원지방법원에서 도로교통법위반(무면허운전)죄 등으로 징역 10월을 선고받고 2013. 1. 4. 통영구치소에서 그 형의 집행을 종료하고, 2010. 7. 28. 부산지방법원에서 도로교통법위반(음주운전)죄 등으로 벌금""}, {""kind"": ""custodial"", ""months"": 10.0, ""fine_won"": NaN, ""region"": ""full_text"", ""score"": 65.0, ""snippet"": ""【피 고 인】 【검 사】 박성민(기소), 박영식(공판) 【주 문】 피고인을 징역 1년에 처한다. 【이 유】【범죄사실】『2014고단3162』 피고인은 2012. 11. 22. 창원지방법원에서 도로교통법위반(무면허운전)죄 등으로 징역 10월을 선고받고 2013. 1. 4. 통영구치소에서 그 형의 집행을 종료하고, 2010. 7. 28. 부산지방법원에서 도로교통법위반(음주운전)죄 등으로 벌금 300만 원을, 2009. 8. 24. ""}, {""kind"": ""custodial"", ""months"": 10.0, ""fine_won"": NaN, ""region"": ""full_text"", ""score"": 65.0, ""snippet"": ""험에 가입되어 있지 아니한 자동차는 도로에서 운행을 하여서는 아니된다. 그럼에도 불구하고 피고인은 위 1항과 같은 일시, 장소에서 2회에 걸쳐 의무보험에 가입되어 있지 않은 자동차를 운행하였다. 『2014고단6379』 피고인은 2012. 11. 22. 창원지방법원에서 도로교통법위반(무면허운전)죄 등으로 징역 10월을 선고받고 2013. 1. 4. 통영구치소에서 그 형의 집행을 종료하였다. 피고인은 2014. 7. 14. 21:""}, {""kind"": ""fine"", ""months"": NaN, ""fine_won"": 3000000.0, ""region"": ""full_text"", ""score"": 10.0, ""snippet"": ""1년에 처한다. 【이 유】【범죄사실】『2014고단3162』 피고인은 2012. 11. 22. 창원지방법원에서 도로교통법위반(무면허운전)죄 등으로 징역 10월을 선고받고 2013. 1. 4. 통영구치소에서 그 형의 집행을 종료하고, 2010. 7. 28. 부산지방법원에서 도로교통법위반(음주운전)죄 등으로 벌금 300만 원을, 2009. 8. 24. 같은 법원에서 같은 죄 등으로 벌금 400만 원의 약식명령을 발령받은 이외에 동종""}]",0.0,,,0.0,,,0.0,,,0.0,,,1.0,,"집행을 종료하고, 2010. 7. 28. 부산지방법원에서 도로교통법위반(음주운전)죄 등으로 벌금 300만 원을, 2009. 8. 24. 같은 법원에서 같은 죄 등으로 벌금 400만 원의 약식명령을 발령받은 이외에 동종전과가 9회 더 있다. 1. 도로교통법위반(음주운전), 도로교통법위반(무면허운전) 가. 피고인은 2013. 5. 26. 22:15경 부산 사상구 (주소 1 생략)에 있는 □□아파트 부근에서부터 같은 구 (주소 1 생략) || 무면허운전의 점), 자동차손해배상보장법 제46조 제2항 제2호, 제8조(의무보험미가입차량 운행의 점), 형법 제257조 제1항(상해의 점) 1. 상상적 경합 형법 제40조, 제50조 1. 형의 선택 징역형 1. 누범가중 형법 제35조 1. 경합범가중 형법 제37조 전단, 제38조 제1항 제2호, 제50조 이상의 이유로 주문과 같이 판결한다. 판사 이윤호",0.0,,,1.0,,"【피 고 인】 【검 사】 박성민(기소), 박영식(공판) 【주 문】 피고인을 징역 1년에 처한다. 【이 유】【범죄사실】『2014고단3162』 피고인은 2012. 11. 22. 창원지방법원에서 도로교통법위반(무면허운전)죄 등으로 징역 10월을 선고받고 2013. 1. 4. 통영구치소에서 그 형의 집행을 종료하고, 2010. 7. 28. 부산지방법원에서 도로교통법위반(음주운전)죄 등으로 벌금 300만 원을, 2009. 8. 24. || 음주운전)죄 등으로 벌금 300만 원을, 2009. 8. 24. 같은 법원에서 같은 죄 등으로 벌금 400만 원의 약식명령을 발령받은 이외에 동종전과가 9회 더 있다. 1. 도로교통법위반(음주운전), 도로교통법위반(무면허운전) 가. 피고인은 2013. 5. 26. 22:15경 부산 사상구 (주소 1 생략)에 있는 □□아파트 부근에서부터 같은 구 (주소 1 생략) 소재 ◇◇◇◇◇ 앞까지 약 530m 구간을 원동기장치자전거운전면허없이 혈중 || . 그럼에도 불구하고 피고인은 위 1항과 같은 일시, 장소에서 2회에 걸쳐 의무보험에 가입되어 있지 않은 자동차를 운행하였다. 『2014고단6379』 피고인은 2012. 11. 22. 창원지방법원에서 도로교통법위반(무면허운전)죄 등으로 징역 10월을 선고받고 2013. 1. 4. 통영구치소에서 그 형의 집행을 종료하였다. 피고인은 2014. 7. 14. 21:35경 부산 사상구 (주소 3 생략) 소재 ▽▽병원 앞에서 피고인을 귀가시키려",,,False,단순 음주운전 양형기준 시행(2023-07-01) 전 사건,,,,,,0.0,,0.0,1,0,0,병합·복수 죄명; 신뢰 가능한 양형이유 구간 없음; BAC 미추출,1
1546,P02-0756,756,182620,도로교통법위반(음주운전)·도로교통법위반(무면허운전)·자동차손해배상보장법위반·상해,2015노770,20150515,2015-05-15,부산지방법원,400202,형사,400102,판결,선고,*,usable,second,facts_sentencing,traffic,음주운전·무면허운전·자동차손해배상보장법위반·상해,multiple_charges,guilty,appeal_dismissed,single,lower_court_maintained,T,none,누범기간 중 반복한 음주·무면허운전과 상해 등의 유죄 및 징역 1년이 적정하다고 보아 피고인의 항소를 기각함,,,,,"【피 고 인】 
【항 소 인】 피고인
【검 사】 박성민(기소), 변재은(공판)
【변 호 인】 변호사 김민영
【원심판결】 부산지방법원 2015. 1. 28. 선고 2014고단3162, 6379(병합) 판결
【주 문】
피고인의 항소를 기각한다. 
【이 유】1. 항소이유의 요지
원심이 피고인에 대하여 선고한 징역 1년의 형은 너무 무거워서 부당하다.
2. 판단
피고인이 이 사건 각 범행을 인정하면서 자신의 잘못을 반성하고 있는 점, 피고인이 구속 이전까지 ○○구청△△△△과에서 자활근로자로 근무하여 온 점 등의 사정은 인정된다.
그러나 이 사건 범행은 피고인이 이전에 특정범죄가중처벌등에관한법률위반(도주차량)죄 등으로 징역 10월을 선고받아 2013. 1. 4. 그 형의 집행을 종료하여 출소한 지 불과 6개월도 채 되지 않은 누범기간 중에 2차례에 걸쳐 무면허·음주운전 범행을 저지르고, 병원 보안직원인 피해자에게 아무런 이유 없이 2주간의 치료를 요하는 상해를 가한 것으로 그 죄질이 가볍지 아니한 점, 특히 피고인은 이전에 음주운전으로 처벌받은 전력이 다수 있었음에도 또다시 동종의 범행을 반복한 점(특히 오토바이 음주운전으로 입건되었음에도 불구하고 또다시 자숙하지 아니하고 음주운전죄를 저질렀다), 특히 음주운전죄는 자신뿐만 아니라 타인의 생명·신체를 해치는 것으로 엄히 처벌할 필요가 있고, 이러한 취지에서 개정 도로교통법은 음주운전자에 대한 처벌을 강화하고 있는 점, 상해죄와 관련하여 피해자와 합의된 바 없는 점, 그 밖에 피고인의 나이, 환경, 직업, 가족관계, 이 사건 범행에 이르게 된 경위, 범행 후의 정황 등 기록에 나타난 양형의 조건이 되는 여러 사정을 종합해 보면, 원심이 정한 형은 무거워서 부당하다고 보이지 아니한다. 
3. 결론
그렇다면 피고인의 항소는 이유 없으므로 형사소송법 제364조 제4항에 의하여 이를 기각하기로 하여, 주문과 같이 판결한다. 
판사 김문희(재판장) 허정인 정하원",C:\Users\jeff4\OneDrive - 엔시스코리아\personal\school\3\여름\DSL\EDA\data/source/criminal_sentencing_cases_2015_2026\raw\law_api\body\182620.xml,2026-07-07T05:42:49.086239+00:00,lawyer,imprisonment,Guilty,True,False,True,10,drunk_driving,False,2015.0,2015,피고인의 항소를 기각한다.,,tagged_sentencing_reason,1,,,unknown,,2.0,"러나 이 사건 범행은 피고인이 이전에 특정범죄가중처벌등에관한법률위반(도주차량)죄 등으로 징역 10월을 선고받아 2013. 1. 4. 그 형의 집행을 종료하여 출소한 지 불과 6개월도 채 되지 않은 누범기간 중에 2차례에 걸쳐 무면허·음주운전 범행을 저지르고, 병원 보안직원인 피해자에게 아무런 이유 없이 2주간의 치료를 요하는 상해를 가한 것으로 그 죄질이 가볍지 아니한 점, 특히 피고인은 이전에 음주운전으로 처벌받은 전력이 다수 있었음에도 또다시 동종의 범행을 반복한 점(특히 오토바이 음주운전으로 입건되었음에도 불구하고 또다시 자숙하지 아니하고 음주운전죄를 저질렀다), 특히 음주운전죄는 자신뿐만 아니라 타인의 생명",0,,1,0,0,custodial,12.0,,full_text,85.0,False,"【피 고 인】 【항 소 인】 피고인 【검 사】 박성민(기소), 변재은(공판) 【변 호 인】 변호사 김민영 【원심판결】 부산지방법원 2015. 1. 28. 선고 2014고단3162, 6379(병합) 판결 【주 문】 피고인의 항소를 기각한다. 【이 유】1. 항소이유의 요지 원심이 피고인에 대하여 선고한 징역 1년의 형은 너무 무거워서 부당하다. 2. 판단 피고인이 이 사건 각 범행을 인정하면서 자신의 잘못을 반성하고 있는 점, 피고인이 구속 이전까지 ○○구청△△△△과에서 자활근로자로 근무하여 온 점 등의 사정은 인정된다. 그러나 이 사건 범행은 피고인이 이전에 특정범죄가중처벌등에관한법률위반(도주차량)죄 등으로","[{""kind"": ""custodial"", ""months"": 12.0, ""fine_won"": NaN, ""region"": ""full_text"", ""score"": 85.0, ""snippet"": ""【피 고 인】 【항 소 인】 피고인 【검 사】 박성민(기소), 변재은(공판) 【변 호 인】 변호사 김민영 【원심판결】 부산지방법원 2015. 1. 28. 선고 2014고단3162, 6379(병합) 판결 【주 문】 피고인의 항소를 기각한다. 【이 유】1. 항소이유의 요지 원심이 피고인에 대하여 선고한 징역 1년의 형은 너무 무거워서 부당하다. 2. 판단 피고인이 이 사건 각 범행을 인정하면서 자신의 잘못을 반성하고 있는 점, 피""}, {""kind"": ""custodial"", ""months"": 10.0, ""fine_won"": NaN, ""region"": ""full_text"", ""score"": 65.0, ""snippet"": ""의 형은 너무 무거워서 부당하다. 2. 판단 피고인이 이 사건 각 범행을 인정하면서 자신의 잘못을 반성하고 있는 점, 피고인이 구속 이전까지 ○○구청△△△△과에서 자활근로자로 근무하여 온 점 등의 사정은 인정된다. 그러나 이 사건 범행은 피고인이 이전에 특정범죄가중처벌등에관한법률위반(도주차량)죄 등으로 징역 10월을 선고받아 2013. 1. 4. 그 형의 집행을 종료하여 출소한 지 불과 6개월도 채 되지 않은 누범기간 중에 2""}]",1.0,1.0,"주운전죄를 저질렀다), 특히 음주운전죄는 자신뿐만 아니라 타인의 생명·신체를 해치는 것으로 엄히 처벌할 필요가 있고, 이러한 취지에서 개정 도로교통법은 음주운전자에 대한 처벌을 강화하고 있는 점, 상해죄와 관련하여 피해자와 합의된 바 없는 점, 그 밖에 피고인의 나이, 환경, 직업, 가족관계, 이 사건 범행에 이르게 된 경위, 범행 후의 정황 등 기록에 나타난 양형의 조건이 되는 여러 사정을 종합해 보면, 원심이 정한 형은 무거워서 부당하",0.0,0.0,,1.0,1.0,"1. 항소이유의 요지 원심이 피고인에 대하여 선고한 징역 1년의 형은 너무 무거워서 부당하다. 2. 판단 피고인이 이 사건 각 범행을 인정하면서 자신의 잘못을 반성하고 있는 점, 피고인이 구속 이전까지 ○○구청△△△△과에서 자활근로자로 근무하여 온 점 등의 사정은 인정된다. 그러나 이 사건 범행은 피고인이 이전에 특정범죄가중처벌등에관한법률위반(도주차량)죄 등으로 징역 10월을 || 1. 항소이유의 요지 원심이 피고인에 대하여 선고한 징역 1년의 형은 너무 무거워서 부당하다. 2. 판단 피고인이 이 사건 각 범행을 인정하면서 자신의 잘못을 반성하고 있는 점, 피고인이 구속 이전까지 ○○구청△△△△과에서 자활근로자로 근무하여 온 점 등의 사정은 인정된다. 그러나 이 사건 범행은 피고인이 이전에 특정범죄가중처벌등에관한법률위반(도주차량)죄 등으로 징역 10월을 선고받",0.0,0.0,,1.0,1.0,"되지 않은 누범기간 중에 2차례에 걸쳐 무면허·음주운전 범행을 저지르고, 병원 보안직원인 피해자에게 아무런 이유 없이 2주간의 치료를 요하는 상해를 가한 것으로 그 죄질이 가볍지 아니한 점, 특히 피고인은 이전에 음주운전으로 처벌받은 전력이 다수 있었음에도 또다시 동종의 범행을 반복한 점(특히 오토바이 음주운전으로 입건되었음에도 불구하고 또다시 자숙하지 아니하고 음주운전죄를 저질렀다), 특히 음주운전죄는 자신뿐만 아니라 타인의 생명·신체를 해치는 것 || 음주운전으로 입건되었음에도 불구하고 또다시 자숙하지 아니하고 음주운전죄를 저질렀다), 특히 음주운전죄는 자신뿐만 아니라 타인의 생명·신체를 해치는 것으로 엄히 처벌할 필요가 있고, 이러한 취지에서 개정 도로교통법은 음주운전자에 대한 처벌을 강화하고 있는 점, 상해죄와 관련하여 피해자와 합의된 바 없는 점, 그 밖에 피고인의 나이, 환경, 직업, 가족관계, 이 사건 범행에 이르게 된 경위, 범행 후의 정황 등 기록에 나타난 양형의 조건이 되는 여러 || 정은 인정된다. 그러나 이 사건 범행은 피고인이 이전에 특정범죄가중처벌등에관한법률위반(도주차량)죄 등으로 징역 10월을 선고받아 2013. 1. 4. 그 형의 집행을 종료하여 출소한 지 불과 6개월도 채 되지 않은 누범기간 중에 2차례에 걸쳐 무면허·음주운전 범행을 저지르고, 병원 보안직원인 피해자에게 아무런 이유 없이 2주간의 치료를 요하는 상해를 가한 것으로 그 죄질이 가볍지 아니한 점, 특히 피고인은 이전에 음주운전으로 처벌",0.0,0.0,,0.0,0.0,,,,False,단순 음주운전 양형기준 시행(2023-07-01) 전 사건,,,,,,0.0,,0.0,1,1,1,병합·복수 죄명; BAC 미추출,1
2293,P03-0713,713,181023,도로교통법위반(사고후미조치)·도로교통법위반(음주운전),2015도12451,20151015,2015-10-15,대법원,400201,형사,400102,판결,선고,*,usable,third,legal_review,traffic,도로교통법위반(사고후미조치),multiple_charges,guilty,supreme_appeal_dismissed,single,lower_court_maintained,F,none,,"도로교통법 제54조 제1항, 제2항에서 정한 교통사고 발생 시의 구호조치의무 및 신고의무는 교통사고를 발생시킨 차량 운전자의 고의·과실 혹은 유책·위법 유무에 관계없이 부과된 의무인지 여부(적극) 및 사고의 발생에 귀책사유가 없는 경우에도 위 의무가 있는지 여부(적극)",,"도로교통법 제54조 제1항, 제2항, 제148조, 제154조 제4호","대법원 1990. 9. 25. 선고 90도978 판결(공1990, 2221), 대법원 2002. 5. 24. 선고 2000도1731 판결(공2002하, 1594)","【피 고 인】 
【상 고 인】 피고인
【원심판결】 청주지법 2015. 7. 17. 선고 2015노296 판결
【주 문】
상고를 기각한다.
【이 유】 상고이유를 판단한다.
도로교통법 제54조 제1항, 제2항이 규정한 교통사고 발생 시의 구호조치의무 및 신고의무는 차의 교통으로 인하여 사람을 사상하거나 물건을 손괴한 때에 운전자 등으로 하여금 교통사고로 인한 사상자를 구호하는 등 필요한 조치를 신속히 취하게 하고, 또 속히 경찰관에게 교통사고의 발생을 알려서 피해자의 구호, 교통질서의 회복 등에 관하여 적절한 조치를 취하게 하기 위한 방법으로 부과된 것이므로, 교통사고의 결과가 피해자의 구호 및 교통질서의 회복을 위한 조치가 필요한 상황인 이상 그 의무는 교통사고를 발생시킨 당해 차량의 운전자에게 그 사고 발생에 있어서 고의·과실 혹은 유책·위법의 유무에 관계없이 부과된 의무라고 해석함이 타당하고, 당해 사고의 발생에 귀책사유가 없는 경우에도 위 의무가 없다 할 수 없다(대법원 2002. 5. 24. 선고 2000도1731 판결 참조).
위 법리에 따라 원심과 제1심이 적법하게 채택하여 조사한 증거들을 살펴보면, 원심이 그 판시와 같은 이유를 들어 이 사건 공소사실 중 도로교통법위반(사고후미조치)의 점을 유죄로 인정한 것은 정당하다. 거기에 논리와 경험의 법칙을 위반하여 자유심증주의의 한계를 벗어나거나 도로교통법위반(사고후미조치)죄에 관한 법리를 오해한 위법이 없다.
그러므로 상고를 기각하기로 하여, 관여 대법관의 일치된 의견으로 주문과 같이 판결한다.
대법관 이상훈(재판장) 김창석 조희대(주심) 박상옥",C:\Users\jeff4\OneDrive - 엔시스코리아\personal\school\3\여름\DSL\EDA\data/source/criminal_sentencing_cases_2015_2026\raw\law_api\body\181023.xml,2026-07-07T05:42:49.086239+00:00,,,Guilty,True,False,False,0,drunk_driving,False,2015.0,2015,상고를 기각한다.,,full_text_screening_only,0,,,unknown,,,,0,,1,0,0,,,,,,False,,,0.0,,,0.0,,,0.0,,,0.0,,,0.0,,,0.0,,,1.0,,"을 알려서 피해자의 구호, 교통질서의 회복 등에 관하여 적절한 조치를 취하게 하기 위한 방법으로 부과된 것이므로, 교통사고의 결과가 피해자의 구호 및 교통질서의 회복을 위한 조치가 필요한 상황인 이상 그 의무는 교통사고를 발생시킨 당해 차량의 운전자에게 그 사고 발생에 있어서 고의·과실 혹은 유책·위법의 유무에 관계없이 부과된 의무라고 해석함이 타당하고, 당해 사고의 발생에 귀책사유가 없는 경우에도 위 의무가 없다 할 수 없다(대법원 2 || 발생을 알려서 피해자의 구호, 교통질서의 회복 등에 관하여 적절한 조치를 취하게 하기 위한 방법으로 부과된 것이므로, 교통사고의 결과가 피해자의 구호 및 교통질서의 회복을 위한 조치가 필요한 상황인 이상 그 의무는 교통사고를 발생시킨 당해 차량의 운전자에게 그 사고 발생에 있어서 고의·과실 혹은 유책·위법의 유무에 관계없이 부과된 의무라고 해석함이 타당하고, 당해 사고의 발생에 귀책사유가 없는 경우에도 위 의무가 없다 할 수 없다(대법원 2",,,False,단순 음주운전 양형기준 시행(2023-07-01) 전 사건,,,,,,,,,0,0,0,선고형 자동추출 불일치; 병합·복수 죄명; 신뢰 가능한 양형이유 구간 없음; BAC 미추출,1
2218,P03-0638,638,184256,도로교통법위반(음주운전),2015도2798,20160928,2016-09-28,대법원,400201,형사,400102,판결,선고,*,usable,third,legal_review,traffic,도로교통법위반(음주운전),simple,guilty,supreme_appeal_dismissed,single,lower_court_maintained,F,none,,"피고인이 술에 취한 상태에서 굴삭기를 운전하여 화물차에 적재하였다고 하여 도로교통법 위반(음주운전)으로 기소된 사안에서, 피고인이 음주측정을 위해 경찰서에 동행할 것을 요구받고 자발적인 의사로 경찰차에 탑승하였고, 경찰서로 이동 중 하차를 요구하였으나 그 직후 수사 과정에 관한 설명을 듣고 빨리 가자고 요구하였으므로, 피고인에 대한 임의동행이 적법하고, 그 후 이루어진 음주측정 결과가 증거능력이 있다고 본 원심판단을 수긍한 사례",,"도로교통법 제44조 제1항, 제148조의2 제2항 제2호, 경찰관 직무집행법 제3조 제2항, 형사소송법 제307조",,"【피 고 인】 
【상 고 인】 피고인
【변 호 인】 변호사 나성문
【원심판결】 서울중앙지법 2015. 2. 5. 선고 2014노2389 판결
【주 문】
상고를 기각한다.
【이 유】 상고이유를 판단한다.
1. 위법한 임의동행에 의한 음주측정결과로서 증거능력이 없다는 주장에 대하여
원심은, 피고인이 경찰관으로부터 음주측정을 위해 경찰서에 동행할 것을 요구받고 자발적인 의사에 의해 순찰차에 탑승하였고, 경찰서로 이동하던 중 하차를 요구한 바 있으나 그 직후 경찰관으로부터 수사 과정에 관한 설명을 듣고 경찰서에 빨리 가자고 요구하였으므로, 피고인에 대한 임의동행은 피고인의 자발적인 의사에 의하여 이루어졌고, 그 후에 이루어진 음주측정결과는 증거능력이 있다고 판단하였다.
관련 법리와 기록에 의하여 살펴보아도, 원심의 위와 같은 판단에 피고인의 상고이유 주장과 같이 임의동행의 적법성과 위법수집증거 배제의 법칙에 관한 법리를 오해한 잘못이 없다.
2. 증인 공소외 1의 증언 중 전문진술은 증거능력이 없다는 주장에 대하여
원심은, 경찰관 공소외 1이 이 사건 현장에 출동하여 피고인에게 질문하고 답변을 들은 경위, 피고인이 공소외 1의 질문에 답변할 당시의 행동, 임의동행 과정과 피의자신문 당시의 상황 등을 종합하면, 증인 공소외 1의 증언 중 피고인의 진술을 내용으로 하는 부분은 그 진술이 특히 신빙할 수 있는 상태에서 행하여졌음이 증명되는 때에 해당하여 증거능력이 있다고 보고, 증인 공소외 1의 증언과 증인 공소외 2의 증언 등을 종합하여 피고인이 공소사실 기재와 같이 음주운전을 하였다고 판단하였다.
관련 법리와 기록에 의하여 살펴보아도, 원심의 위와 같은 판단에 피고인의 상고이유 주장과 같이 피고인이 아닌 자의 공판기일에서의 진술이 피고인 또는 피고인 아닌 타인의 진술을 내용으로 한 때의 증거능력에 관한 법리를 오해한 잘못이 없다.
3. 그러므로 상고를 기각하기로 하여, 관여 대법관의 일치된 의견으로 주문과 같이 판결한다.
대법관 이기택(재판장) 김용덕 김신(주심) 김소영",C:\Users\jeff4\OneDrive - 엔시스코리아\personal\school\3\여름\DSL\EDA\data/source/criminal_sentencing_cases_2015_2026\raw\law_api\body\184256.xml,2026-07-07T05:42:49.086239+00:00,lawyer,,Guilty,True,False,False,1,drunk_driving,False,2015.0,2016,상고를 기각한다.,,full_text_screening_only,0,,,unknown,,,,0,,0,0,0,,,,,,False,,,0.0,,,0.0,,,0.0,,,0.0,,,0.0,,,0.0,,,0.0,,,,,False,단순 음주운전 양형기준 시행(2023-07-01) 전 사건,,,,,,,,,0,0,0,선고형 자동추출 불일치; 신뢰 가능한 양형이유 구간 없음; BAC 미추출,1
652,P01-0652,652,184796,특정범죄가중처벌등에관한법률위반(도주차량)·상해·공무집행방해·도로교통법위반(사고후미조치)·도로교통법위반(음주운전),2016도12407,20161124,2016-11-24,대법원,400201,형사,400102,판결,선고,*,usable,third,legal_review,traffic,도로교통법위반,multiple_charges,mixed,remand,not_stated,not_stated,FALSE,none,,도로교통법 제2조 제26호에서 말하는 ‘운전’의 의미 및 교통사고처리 특례법 제2조 제2호에서 정한 ‘교통사고’의 정의 중 ‘차의 교통’의 의미 / 이러한 ‘운전’과 ‘차의 교통’의 해석에 관한 법리가 도로교통법 제54조 제1항에서의 ‘차의 운전 등 교통’의 해석에 관하여도 마찬가지로 적용되는지 여부(적극),,"도로교통법 제2조 제26호, 제54조 제1항, 제148조, 교통사고처리 특례법 제2조 제2호, 제3조 제1항, 형법 제268조","대법원 2004. 4. 23. 선고 2004도1109 판결(공2004상, 936), 대법원 2007. 1. 11. 선고 2006도7272 판결","【피 고 인】 
【상 고 인】 피고인 및 검사
【변 호 인】 법무법인 내일 담당변호사 황찬서
【원심판결】 대전지법 2016. 7. 14. 선고 2015노3753 판결
【주 문】
원심판결 중 유죄 부분과「특정범죄 가중처벌 등에 관한 법률」위반(도주차량) 부분을 파기하고, 이 부분 사건을 대전지방법원 본원 합의부에 환송한다. 검사의 도로교통법위반(음주운전) 부분에 대한 상고를 기각한다.
【이 유】 상고이유를 판단한다.
1. 검사의 상고이유에 대하여
원심판결 이유를 기록에 비추어 살펴보면, 원심이 그 판시와 같은 이유로 이 사건 무죄 부분 공소사실에 대하여 범죄사실의 증명이 없는 때에 해당한다고 보아 이를 유죄로 인정한 제1심판결을 파기하고 무죄로 인정한 것은 정당하고, 거기에 상고이유의 주장과 같이 논리와 경험의 법칙을 위반하고 자유심증주의의 한계를 벗어나거나 관련 법리를 오해하는 등의 위법이 없다.
한편 검사는 원심판결 중 유죄 부분에 대하여도 상고하였으나, 상고장이나 상고이유서에 이 부분에 관한 구체적인 불복이유의 기재가 없다.
2. 피고인의 상고이유에 대하여
가. 상해, 공무집행방해 부분에 관하여
원심판결 이유를 원심이 적법하게 채택한 증거들에 비추어 살펴보면, 원심이 그 판시와 같은 이유를 들어 이 사건 공소사실 중 상해 및 공무집행방해의 점이 유죄로 인정된다고 판단한 것은 정당하고, 거기에 상고이유의 주장과 같이 논리와 경험의 법칙을 위반하고 자유심증주의의 한계를 벗어나 사실을 잘못 인정하거나 관련 법리를 오해하는 등의 위법이 없다.
나. 도로교통법위반(사고후미조치) 부분에 관하여
(1) 도로교통법 제2조 제26호는 ‘운전’이란 도로에서 차마를 그 본래의 사용 방법에 따라 사용하는 것을 말한다고 규정하고 있다. 여기서 말하는 운전의 개념은 그 규정의 내용에 비추어 목적적 요소를 포함하는 것이므로 고의의 운전행위만을 의미하고, 자동차 안에 있는 사람의 의지나 관여 없이 자동차가 움직인 경우에는 운전에 해당하지 아니한다(대법원 2004. 4. 23. 선고 2004도1109 판결 등 참조).
한편 「교통사고처리 특례법」은 차의 운전자가 ‘교통사고’로 인하여 형법 제268조의 죄(업무상과실치상죄)를 범한 경우를 처벌의 특례 적용 대상으로 정하고 있고(제3조 제1항), ‘교통사고’란 차의 교통으로 인하여 사람을 사상하거나 물건을 손괴하는 것을 말한다고 규정하고 있는데(제2조 제2호), 여기서의 ‘차의 교통’이란 차량을 운전하는 행위 및 그와 동일하게 평가할 수 있을 정도로 밀접하게 관련된 행위를 포함하는 것으로 해석하여야 한다(대법원 2007. 1. 11. 선고 2006도7272 판결 참조).
이러한 ‘운전’과 ‘차의 교통’의 해석에 관한 법리는 ‘차의 운전 등 교통으로 인하여’ 사람을 사상하거나 물건을 손괴한 경우 운전자 등이 취하여야 할 조치에 관한 의무를 규정한 도로교통법 제54조 제1항에서의 ‘차의 운전 등 교통’의 해석에 관하여도 마찬가지로 적용된다고 할 것이다.
(2) 원심은 이 사건 사고와 관련하여 인정되는 다음과 같은 사정, 즉 ① 이 사건 사고는 피고인의 처가 피고인을 조수석에 태우고 승용차를 운전하여 호남고속도로 지선을 유성 방면에서 논산 방향으로 진행하다가 갓길에 정차하였고, 피고인의 처가 승용차에서 내린 후 승용차가 좌측 1차로 방향으로 후진하여 그 후미가 마침 1차로에서 진행하던 피해 차량의 전면을 충격하였다는 것인 점, ② 피고인은 이 사건 직후부터 일관되게 자신이 이 사건 당시 운전을 하지 아니하였다고 진술하였고, 이 사건 당시의 상황에 관하여 ‘처가 승용차를 정차하여 내린 후 피고인이 승용차의 대시보드나 가운데 부분에서 휴대전화를 찾으려고 뒤졌는데 바닥에 휴대전화가 보이지 아니하여 손으로 조수석과 운전석 쪽을 더듬었고 그 뒤 차량이 움직이는 느낌이 들었으며 경적소리가 들렸고 승용차가 멈춘 후 빠져나왔다’고 구체적으로 진술한 점, ③ 국립과학수사연구원은 CCTV 영상에 대한 감정결과 ‘이 사건 당시 승용차의 진행 과정에서 후진등과 브레이크등은 소등 상태를 유지하고 있는 것으로 보이고, 승용차의 후진 과정에서 감·가속 또는 좌·우 방향의 현저한 운동 변화가 보이지 아니하는 점 등을 종합적으로 검토한 결과 이 사건 당시 승용차는 중립 기어 상태에서 사이드브레이크 해제에 따라 오르막 도로의 경사에 의하여 자연스럽게 후진한 것으로 보이며, 이러한 과정에서 피고인이 주행 및 조향장치를 조작하였을 가능성은 낮은 것으로 판단된다’는 의견을 제시한 점, ④ 피고인의 처는 수사기관에서 ‘이 사건 직전 피고인을 조수석에 태우고 운전을 하여 가던 중 피고인과 말다툼을 하게 되었고, 자신이 화가 나 승용차를 갓길에 대고 기어를 중립에 놓은 후 승용차에서 내려 유성 방면으로 걸어갔다’는 취지로 진술하여 이 사건 당시 승용차의 변속기가 중립상태에 있었던 것으로 보이고, 교통사고실황조사서에 의하면 이 사건 장소는 경사진 곳이었으므로 피고인의 운전 없이도 승용차가 움직일 수 있는 상황이었던 것으로 보이는 점, ⑤ 현장조사 결과에 의하면 이 사건 승용차를 갓길에 정차한 후 기어를 중립으로 놓자 바로 승용차가 뒤로 밀리기 시작하였고 갓길에서 1차로까지 동력 없이 대각선으로 이동이 가능하였던 점, ⑥ 이 사건 당시 피고인이 타고 있던 승용차는 고속도로 갓길에서 좌측 후방의 1차로 방향으로 후진으로 진행하였는데, 피고인이 음주상태였음을 감안하더라도 진행방향이 매우 이례적인 점, ⑦ 피고인이 타고 있던 승용차는 정차한 지 약 17분 후에야 후진하기 시작하였고, 피고인의 처가 기어를 중립으로 두고 승용차에서 내리자마자 승용차가 바로 움직이지 아니한 것에 관하여 피고인의 처는 제1심법정에서 ‘이 사건 당시 기어를 중립에 두고 습관적으로 사이드브레이크를 살짝 올렸으며 차량이 오래되어 사이드브레이크를 조금만 건드려도 쉽게 풀린다’는 취지로 진술하였는데, 피고인이 이 사건 당시 하였다는 ②항과 같은 행동에 비추어 보면 사이드브레이크가 걸린 상태에서 승용차가 정지하여 있다가 피고인이 움직이는 과정에서 사이드브레이크가 풀려 승용차가 움직이기 시작하였을 가능성도 있어 보이는 점 등에 비추어 보면, 검사가 제출한 증거만으로는 피고인이 이 사건 당시 ‘운전’을 하였다는 점이 증명되었다고 보기에 부족하다고 판단하고「특정범죄 가중처벌 등에 관한 법률」위반(도주차량)[이하 ‘특정범죄가중법위반(도주차량)’이라 한다]의 공소사실을 무죄로 인정하였다. 그러면서도 원심은 동일한 사고와 관련한 도로교통법위반(사고후미조치)의 점에 대하여는 별다른 이유의 설시 없이 이를 유죄로 인정하였다.
(3) 그러나 사정이 이러하다면, 앞서 본 법리에 비추어 볼 때 피고인이 타고 있던 승용차가 그와 같이 후진하게 된 것은 도로교통법 제54조 제1항에 규정된 ‘차의 운전 등 교통’에 해당한다고 보기 어렵다고 할 것이다.
(4) 그럼에도 피고인의 승용차가 후진한 것이 ‘차의 운전 등 교통’에 해당함을 전제로 이 사건 공소사실 중 도로교통법위반(사고후미조치)의 점을 유죄로 인정한 원심판단에는 도로교통법 제54조 제1항의 ‘차의 운전 등 교통’의 의미와 그 해석에 관한 법리를 오해하는 등으로 판결 결과에 영향을 미친 위법이 있다. 이를 지적하는 취지의 상고이유의 주장은 이유 있다.
3. 파기의 범위
가. 원심판결 중 도로교통법위반(사고후미조치) 부분은 앞서 본 이유로 파기되어야 하는데, 원심은 이 부분이 유죄로 인정된 나머지 범죄사실과 형법 제37조 전단의 경합범 관계에 있는 것으로 보아 하나의 형을 선고하였으므로 원심판결의 유죄 부분 전부를 파기하여야 한다.
나. 또한 원심이 이유에서 무죄로 인정한 특정범죄가중법위반(도주차량) 부분은 앞서 본 이유로 파기되어야 하는 도로교통법위반(사고후미조치) 부분과 상상적 경합관계에 있으므로 이 부분도 함께 파기되어야 한다.
4. 결론
그러므로 원심판결의 유죄 부분과 특정범죄가중법위반(도주차량) 부분을 파기하고, 이 부분 사건을 다시 심리·판단하게 하기 위하여 원심법원에 환송하며, 검사의 도로교통법위반(음주운전) 부분에 대한 상고를 기각하기로 하여 관여 대법관의 일치된 의견으로 주문과 같이 판결한다.
대법관 조희대(재판장) 이상훈(주심) 김창석 박상옥",C:\Users\jeff4\OneDrive - 엔시스코리아\personal\school\3\여름\DSL\EDA\data/source/criminal_sentencing_cases_2015_2026\raw\law_api\body\184796.xml,2026-07-07T05:42:49.086239+00:00,lawfirm,,Guilty,True,True,False,1,hit_run_injury,True,2016.0,2016,"원심판결 중 유죄 부분과「특정범죄 가중처벌 등에 관한 법률」위반(도주차량) 부분을 파기하고, 이 부분 사건을 대전지방법원 본원 합의부에 환송한다. 검사의 도로교통법위반(음주운전) 부분에 대한 상고를 기각한다.",,full_text_screening_only,0,,,unknown,,,,0,,1,0,1,,,,,,False,,,0.0,,,0.0,,,0.0,,,0.0,,,0.0,,,0.0,,,0.0,,,2016,hit_run_injury,True,사건번호의 연도를 공소연도 대용치로 사용; 시행월 경계사건은 검수 필요,8.0,18.0,,,,,,,0,0,0,선고형 자동추출 불일치; 병합·복수 죄명; 중대 비대상 죄명 병합; 신뢰 가능한 양형이유 구간 없음; 상해기간 미추출,1
2224,P03-0644,644,184007,도로교통법위반(음주운전)·도로교통법위반(무면허운전)·자동차손해배상보장법위반,2016도7672,20160830,2016-08-30,대법원,400201,형사,400102,판결,선고,*,usable,third,legal_review,traffic,도로교통법위반(음주운전),multiple_charges,guilty,supreme_appeal_dismissed,single,lower_court_maintained,T,none,,"형사소송법 제33조 제1항 각 호에 해당하지 않는 경우, 법원은 권리보호를 위하여 필요하다고 인정하지 않으면 국선변호인을 선정하지 않아도 되는지 여부(적극) 및 이때 국선변호인을 선정하지 않고 공판심리를 하였으나 피고인의 방어권이 침해되어 판결에 영향을 미쳤다고 인정되지 않는 경우, 형사소송법 제33조 제3항을 위반한 것인지 여부(소극)",,"헌법 제12조 제4항, 형사소송법 제33조 제1항, 제3항","대법원 2013. 5. 9. 선고 2013도1886 판결(공2013상, 1069)","【피 고 인】 
【상 고 인】 피고인
【변 호 인】 변호사 윤광훈
【원심판결】 전주지법 2016. 5. 12. 선고 2016노292 판결
【주 문】
상고를 기각한다.
【이 유】 상고이유를 판단한다.
1. 형사소송법 제33조는 제1항과 제3항에서 법원이 직권으로 변호인을 선정하여야 하는 경우를 규정하면서, 제1항 각 호에 해당하는 경우에 변호인이 없는 때에는 의무적으로 변호인을 선정하여야 한다고 규정한 반면, 제3항에서는 피고인의 연령·지능 및 교육 정도 등을 참작하여 권리보호를 위하여 필요하다고 인정하는 때에 한하여 재량으로 피고인의 명시적 의사에 반하지 아니하는 범위 안에서 변호인을 선정하여야 한다고 규정하고 있다. 따라서 법원은 형사소송법 제33조 제1항 각 호에 해당하는 경우가 아닌 한 권리보호를 위하여 필요하다고 인정하지 않으면 국선변호인을 선정하지 않아도 되고, 국선변호인을 선정하지 않고 공판심리를 하더라도 피고인의 방어권이 침해되어 판결에 영향을 미쳤다고 인정되지 않는 경우에는 형사소송법 제33조 제3항을 위반한 위법이 있다고 볼 수 없다(대법원 2013. 5. 9. 선고 2013도1886 판결 등 참조).
피고인은 제1심법원 제3회 공판기일에 구인을 위한 구속영장에 의해 구속되었고 문맹이므로, 제1심법원은 변호인이 없는 피고인에 대하여 직권으로 변호인을 선정했어야 하는데도 필요적 변호사건임을 간과한 채 변호인 없이 공판절차를 진행하였는바, 거기에서 이루어진 소송행위는 모두 무효라고 주장한다.
기록에 의하면 다음과 같은 사실을 알 수 있다. 제1심법원 재판장은 피고인에 대한 소환장이 송달되지 아니하자 피고인을 구인하기 위한 구속영장을 발부하였고, 피고인은 위 영장이 집행되어 2016. 1. 12. 제1심 제3회 공판기일에 출석하였다. 피고인은 한글을 읽거나 쓰는 능력이 낮은 수준이고, 경찰 피의자신문조서를 작성할 때에도 이를 열람하지 못하여 경찰관이 피의자신문조서를 읽어 준 후에 피고인이 간인과 서명날인을 하였다. 제1심법원은 제3회 공판기일에 변호인이 없는 피고인에 대하여 국선변호인을 선정하지 아니한 채로 개정하여 증거조사 등의 심리를 한 뒤 변론을 종결하였고, 그 심리결과에 기초하여 2016. 2. 16. 피고인에 대하여 유죄판결을 선고하였다.
그러나 피고인이 제1심 제3회 공판기일에 출석한 후 변론을 종결할 때까지 형사소송법 제281조 제1항에서 정한 바에 따라 재판장의 허가 없이 퇴정하지 못하였을 뿐이고, 그 외에 강제력에 의해 장소적 이동을 할 수 없었다고 볼 만한 사정이 없는 점 등을 고려할 때, 피고인은 형사소송법 제33조 제1항에서 정한 “구속된” 피고인에 해당하지 않는다. 또한, 제1심 제3회 공판기일에 검사가 공소장의 공소사실과 죄명, 적용 법조를 낭독하고 피고인이 이를 모두 인정한다고 진술하여 제1심법원이 간이공판절차에 의해 증거조사를 하였으므로, 앞서 본 법리에 비추어 보면, 형사소송법 제33조 제1항 각 호에 해당하지 않는 피고인의 권리보호를 위하여 재량으로 국선변호인 선정을 해 줄 필요가 없다고 보아 국선변호인 선정 없이 공판심리를 진행한 제1심법원의 판단과 절차가 잘못이라고 할 수도 없다.
따라서 제1심에서의 소송행위가 유효함을 전제로 제1심이 조사·채택한 증거에 의하여 항소이유를 판단한 원심판결에 상고이유 주장과 같이 필요적 변호사건에서 변호인 없이 이루어진 소송행위의 효력에 관한 법리를 오해하여 판결 결과에 영향을 미친 잘못이 없다.
2. 그리고 형사소송법 제383조 제4호에 의하면, 사형, 무기 또는 10년 이상의 징역이나 금고가 선고된 사건에서만 양형부당을 사유로 한 상고가 허용되므로, 피고인에 대하여 그보다 가벼운 형이 선고된 이 사건에서 형의 양정이 부당하다는 취지의 주장은 적법한 상고이유가 되지 못한다.
3. 그러므로 상고를 기각하기로 하여, 관여 대법관의 일치된 의견으로 주문과 같이 판결한다.
대법관 박병대(재판장) 박보영 김신(주심) 권순일",C:\Users\jeff4\OneDrive - 엔시스코리아\personal\school\3\여름\DSL\EDA\data/source/criminal_sentencing_cases_2015_2026\raw\law_api\body\184007.xml,2026-07-07T05:42:49.086239+00:00,public,imprisonment,Guilty,True,False,True,5,drunk_driving,False,2016.0,2016,상고를 기각한다.,,tagged_sentencing_reason,1,,,unknown,,,,0,,1,0,0,,,,,,False,,,0.0,0.0,,0.0,0.0,,0.0,0.0,,0.0,0.0,,0.0,0.0,,0.0,0.0,,0.0,0.0,,,,False,단순 음주운전 양형기준 시행(2023-07-01) 전 사건,,,,,,0.0,,0.0,0,1,1,선고형 자동추출 불일치; 병합·복수 죄명; BAC 미추출,1
567,P01-0567,567,224639,공문서부정행사·사문서위조·위조사문서행사·도로교통법위반(음주운전)·도로교통법위반(무면허운전),2017고단3532,20170921,2017-09-21,서울남부지방법원,400202,형사,400102,판결,선고,*,usable,first,facts_sentencing,traffic,도로교통법위반,multiple_charges,guilty,none,multiple,current_order,TRUE,none,,,,,,"【피 고 인】 피고인
【검 사】 이정현(기소), 전혜현(공판)
【변 호 인】 법무법인 바른 담당변호사 이철규 외 2인
【주 문】
피고인을 판시 제1의 죄 중 별지 범죄일람표 6항, 7항 기재 각 죄에 대해서는 징역 2월, 판시 제1의 죄 중 별지 범죄일람표 1 내지 5항 기재 각 죄 및 판시 제2 내지 5의 각 죄에 대해서는 징역 8월에 각 처한다.
【이 유】【범죄사실】[범죄전력]
피고인은 2014. 12. 2. 서울중앙지방법원에서 도로교통법위반(음주운전)죄로 벌금 150만 원, 2015. 12. 22. 서울남부지방법원에서 도로교통법위반(음주운전)죄로 벌금 400만 원, 2016. 3. 25. 서울중앙지방법원에서 도로교통법위반(음주운전)죄, 도로교통법위반(무면허운전)죄로 벌금 700만 원의 약식명령을 각각 발령받고, 2017. 4. 27. 서울남부지방법원에서 도로교통법위반(무면허운전)죄로 징역 4월에 집행유예 2년을 선고받고 2017. 5. 5. 그 판결이 확정되었다.
[범죄사실]
피고인은 (차량번호 생략) K5 승용차(이하 ‘이 사건 승용차’라 한다)의 운전업무에 종사하는 사람이다.
1. 도로교통법위반(무면허운전)
피고인은 2017. 4. 26. 01:15경 서울 (주소 생략)에 있는 ○○스포츠센터 앞 도로에서 자동차운전면허를 받지 아니하고 이 사건 승용차를 운전한 것을 비롯하여, 이때부터 2017. 5. 6.경까지 별지 범죄일람표 기재와 같이 총 7회에 걸쳐 자동차운전면허를 받지 아니하고 이 사건 승용차를 운전하였다.
2. 도로교통법위반(음주운전)
피고인은 2017. 4. 26. 01:15경 서울 △△구□동에 있는 ◇◇◇◇◇2차아파트 앞 도로에서부터 같은 구 (주소 생략)에 있는 ○○스포츠센터 앞 도로에 이르기까지 약 700m 구간에서 혈중알코올농도 0.112%의 술에 취한 상태로 이 사건 승용차를 운전하였다.
3. 공문서부정행사
피고인은 2015. 10. 17. 자동차운전면허가 취소된 이후에도 계속하여 피고인의 업무를 위해 승용차를 사용할 필요가 있게 되자, 2016. 7. 7.경 이 사건 승용차를 렌트한 공소외 2로부터 다시 이 사건 승용차를 빌려 운행하면서 무면허운전으로 단속이 될 경우 공소외 2로 행세하기로 마음먹고, 공문서인 서울지방경찰청장 명의로 된 공소외 2 명의의 자동차운전면허증을 피고인이 사용하는 스마트폰으로 촬영한 이미지 파일을 스마트폰에 저장하여 보관하였다.
피고인은 제2항과 같은 일시 및 장소에서 음주 및 무면허운전으로 적발되어 서울△△경찰서 소속 경위 공소외 1로부터 운전면허증의 제시를 요구받고, 피고인이 소지하던 스마트폰에 저장된 공소외 2의 자동차운전면허증 이미지 파일을 마치 피고인의 운전면허증인 것처럼 제시하여 공문서를 부정하게 행사하였다.
4. 사문서위조
피고인은 제2항과 같은 일시 및 장소에서 음주 및 무면허운전으로 적발되자 피고인이 마치 공소외 2인 것처럼 행세하면서, ‘주취운전자정황진술보고서’의 운전자 성명란에 볼펜으로 ‘공소외 2’의 이름과 서명을 임의로 기재하였다.
이로써 피고인은 행사할 목적으로 사실증명에 관한 사문서인 공소외 2 명의로 된 ‘주취운전자정황진술보고서’ 1부를 위조하였다.
5. 위조사문서행사
피고인은 같은 일시 및 장소에서 그 위조 사실을 모르는 서울△△경찰서 소속 경위 공소외 1에게 위와 같이 위조한 ‘주취운전자정황진술보고서’를 마치 진정하게 성립한 것처럼 제출하여 행사하였다.
【증거의 요지】1. 피고인의 법정진술
1. 수사보고(피의자가 제출한 핸드폰에 찍힌 운전면허증 사진)
1. 수사보고(피의자 운행의 승용차 이마트 출입차 기록내역 첨부)
1. 수사보고(피의자의 재판관련 서류 첨부 보고)
1. 주취운전자정황진술보고서
1. 주취운전자 적발보고서, 음주운전단속결과통보
1. 자동차운전면허대장
1. 판시 전과 : 범죄경력등조회회보서, 수사보고(피의자의 범죄전력확인 보고), 각 약식명령문, 판결문
【법령의 적용】1. 범죄사실에 대한 해당법조
형법 제230조(공문서부정행사의 점), 형법 제231조(사문서위조의 점), 형법 제234조, 제231조(위조사문서행사의 점), 도로교통법 제148조의2 제1항 제1호, 제44조 제1항(음주운전의 점), 도로교통법 제152조 제1호, 제43조(무면허운전의 점) 
1. 상상적 경합 
형법 제40조, 제50조
1. 형의 선택
각 징역형 선택
1. 누범가중
형법 제35조
1. 경합범처리
형법 제37조 후단, 제39조 제1항
1. 경합범가중
형법 제37조 전단, 제38조 제1항 제2호, 제50조
1. 작량감경
형법 제53조, 제55조 제1항 제3호(아래 양형의 이유 중 유리한 정상 참작)
【양형의 이유】 피고인이 자수한 점, 일정한 직업이 있고 사회적 유대관계가 공고한 점, 확정판결과 동시에 재판을 받았을 경우 양형에서 유리했을 가능성이 있는 점 등은 피고인에게 유리한 정상이다.
그러나, 피고인이 음주운전으로 면허가 취소된 후 무면허운전을 한 죄에 대하여 재판을 받으면서 또 다시 음주·무면허운전을 감행한 점, 종전 재판절차에서 급한 사유로 1회 무면허운전을 한 것처럼 거짓말을 하였으나, 사실은 차량을 렌트해 상습적으로 무면허운전을 해 온 점, 적발되자 타인의 운전면허증 사진을 제시하면서 처벌을 피하려고 하였던 점, 음주수치가 비교적 높은 점, 음주운전이 짧은 기간에 집중된 점 등의 좋지 않은 정상들에 비추어 보면 피고인을 엄벌에 처할 수밖에 없다.
이러한 여러 사정들에 피고인의 나이, 가정환경 등 형법 제51조 소정의 양형조건들을 종합하여, 피고인을 각 징역형에 처한다.
이상의 이유로 주문과 같이 판결한다. 
[별지 생략]
판사 김병철",C:\Users\jeff4\OneDrive - 엔시스코리아\personal\school\3\여름\DSL\EDA\data/source/criminal_sentencing_cases_2015_2026\raw\law_api\body\224639.xml,2026-07-07T05:42:49.086239+00:00,lawfirm,suspended,Guilty,True,False,True,20,drunk_driving,False,2017.0,2017,"피고인을 판시 제1의 죄 중 별지 범죄일람표 6항, 7항 기재 각 죄에 대해서는 징역 2월, 판시 제1의 죄 중 별지 범죄일람표 1 내지 5항 기재 각 죄 및 판시 제2 내지 5의 각 죄에 대해서는 징역 8월에 각 처한다.","피고인이 자수한 점, 일정한 직업이 있고 사회적 유대관계가 공고한 점, 확정판결과 동시에 재판을 받았을 경우 양형에서 유리했을 가능성이 있는 점 등은 피고인에게 유리한 정상이다. 그러나, 피고인이 음주운전으로 면허가 취소된 후 무면허운전을 한 죄에 대하여 재판을 받으면서 또 다시 음주·무면허운전을 감행한 점, 종전 재판절차에서 급한 사유로 1회 무면허운전을 한 것처럼 거짓말을 하였으나, 사실은 차량을 렌트해 상습적으로 무면허운전을 해 온 점, 적발되자 타인의 운전면허증 사진을 제시하면서 처벌을 피하려고 하였던 점, 음주수치가 비교적 높은 점, 음주운전이 짧은 기간에 집중된 점 등의 좋지 않은 정상들에 비추어 보면 피고인을 엄벌에 처할 수밖에 없다. 이러한 여러 사정들에 피고인의 나이, 가정환경 등 형법 제51조 소정의 양형조건들을 종합하여, 피고인을 각 징역형에 처한다. 이상의 이유로 주문과 같이 판결한다. [별지 생략] 판사 김병철",sentencing_section,1,0.112,0.112,BAC_0.08_to_0.20,"같이 총 7회에 걸쳐 자동차운전면허를 받지 아니하고 이 사건 승용차를 운전하였다. 2. 도로교통법위반(음주운전) 피고인은 2017. 4. 26. 01:15경 서울 △△구□동에 있는 ◇◇◇◇◇2차아파트 앞 도로에서부터 같은 구 (주소 생략)에 있는 ○○스포츠센터 앞 도로에 이르기까지 약 700m 구간에서 혈중알코올농도 0.112%의 술에 취한 상태로 이 사건 승용차를 운전하였다. 3. 공문서부정행사 피고인은 2015. 10. 17. 자동차운전면허가 취소된 이후에도 계속하여 피고인의 업무를 위해 승용차를 사용할 필요가 있게 되자, 2016. 7. 7.경 이 사건 승용차를 렌트한 공소외 2로부터 다시 이 사건 승용차를 빌려 운행하면",,,0,,1,0,0,custodial,2.0,,order,165.0,False,"피고인을 판시 제1의 죄 중 별지 범죄일람표 6항, 7항 기재 각 죄에 대해서는 징역 2월, 판시 제1의 죄 중 별지 범죄일람표 1 내지 5항 기재 각 죄 및 판시 제2 내지 5의 각 죄에 대해서는 징역 8월에 각 처한다.","[{""kind"": ""custodial"", ""months"": 2.0, ""fine_won"": NaN, ""region"": ""order"", ""score"": 165.0, ""snippet"": ""피고인을 판시 제1의 죄 중 별지 범죄일람표 6항, 7항 기재 각 죄에 대해서는 징역 2월, 판시 제1의 죄 중 별지 범죄일람표 1 내지 5항 기재 각 죄 및 판시 제2 내지 5의 각 죄에 대해서는 징역 8월에 각 처한다.""}, {""kind"": ""custodial"", ""months"": 8.0, ""fine_won"": NaN, ""region"": ""order"", ""score"": 165.0, ""snippet"": ""피고인을 판시 제1의 죄 중 별지 범죄일람표 6항, 7항 기재 각 죄에 대해서는 징역 2월, 판시 제1의 죄 중 별지 범죄일람표 1 내지 5항 기재 각 죄 및 판시 제2 내지 5의 각 죄에 대해서는 징역 8월에 각 처한다.""}, {""kind"": ""custodial"", ""months"": 4.0, ""fine_won"": NaN, ""region"": ""full_text"", ""score"": 115.0, ""snippet"": ""12. 22. 서울남부지방법원에서 도로교통법위반(음주운전)죄로 벌금 400만 원, 2016. 3. 25. 서울중앙지방법원에서 도로교통법위반(음주운전)죄, 도로교통법위반(무면허운전)죄로 벌금 700만 원의 약식명령을 각각 발령받고, 2017. 4. 27. 서울남부지방법원에서 도로교통법위반(무면허운전)죄로 징역 4월에 집행유예 2년을 선고받고 2017. 5. 5. 그 판결이 확정되었다. [범죄사실] 피고인은 (차량번호 생략) K5""}, {""kind"": ""custodial"", ""months"": 2.0, ""fine_won"": NaN, ""region"": ""full_text"", ""score"": 65.0, ""snippet"": ""【피 고 인】 피고인 【검 사】 이정현(기소), 전혜현(공판) 【변 호 인】 법무법인 바른 담당변호사 이철규 외 2인 【주 문】 피고인을 판시 제1의 죄 중 별지 범죄일람표 6항, 7항 기재 각 죄에 대해서는 징역 2월, 판시 제1의 죄 중 별지 범죄일람표 1 내지 5항 기재 각 죄 및 판시 제2 내지 5의 각 죄에 대해서는 징역 8월에 각 처한다. 【이 유】【범죄사실】[범죄전력] 피고인은 2014. 12. 2. 서울중앙지방법""}, {""kind"": ""custodial"", ""months"": 8.0, ""fine_won"": NaN, ""region"": ""full_text"", ""score"": 65.0, ""snippet"": ""검 사】 이정현(기소), 전혜현(공판) 【변 호 인】 법무법인 바른 담당변호사 이철규 외 2인 【주 문】 피고인을 판시 제1의 죄 중 별지 범죄일람표 6항, 7항 기재 각 죄에 대해서는 징역 2월, 판시 제1의 죄 중 별지 범죄일람표 1 내지 5항 기재 각 죄 및 판시 제2 내지 5의 각 죄에 대해서는 징역 8월에 각 처한다. 【이 유】【범죄사실】[범죄전력] 피고인은 2014. 12. 2. 서울중앙지방법원에서 도로교통법위반(음""}]",0.0,0.0,,0.0,0.0,,0.0,0.0,,0.0,0.0,,0.0,0.0,,0.0,0.0,,1.0,1.0,"한 점, 일정한 직업이 있고 사회적 유대관계가 공고한 점, 확정판결과 동시에 재판을 받았을 경우 양형에서 유리했을 가능성이 있는 점 등은 피고인에게 유리한 정상이다. 그러나, 피고인이 음주운전으로 면허가 취소된 후 무면허운전을 한 죄에 대하여 재판을 받으면서 또 다시 음주·무면허운전을 감행한 점, 종전 재판절차에서 급한 사유로 1회 무면허운전을 한 것처럼 거짓말을 하였으나, 사실은 차량을 렌트해 상습적으로 무면허운전을 해 온 점, 적발 || 확정판결과 동시에 재판을 받았을 경우 양형에서 유리했을 가능성이 있는 점 등은 피고인에게 유리한 정상이다. 그러나, 피고인이 음주운전으로 면허가 취소된 후 무면허운전을 한 죄에 대하여 재판을 받으면서 또 다시 음주·무면허운전을 감행한 점, 종전 재판절차에서 급한 사유로 1회 무면허운전을 한 것처럼 거짓말을 하였으나, 사실은 차량을 렌트해 상습적으로 무면허운전을 해 온 점, 적발되자 타인의 운전면허증 사진을 제시하면서 처벌을 피하려고 하 || 이 있는 점 등은 피고인에게 유리한 정상이다. 그러나, 피고인이 음주운전으로 면허가 취소된 후 무면허운전을 한 죄에 대하여 재판을 받으면서 또 다시 음주·무면허운전을 감행한 점, 종전 재판절차에서 급한 사유로 1회 무면허운전을 한 것처럼 거짓말을 하였으나, 사실은 차량을 렌트해 상습적으로 무면허운전을 해 온 점, 적발되자 타인의 운전면허증 사진을 제시하면서 처벌을 피하려고 하였던 점, 음주수치가 비교적 높은 점, 음주운전이 짧은 기간에",,,False,단순 음주운전 양형기준 시행(2023-07-01) 전 사건,,,,,,1.0,1.0,1.0,1,1,1,병합·복수 죄명,1
2084,P03-0504,504,205528,도로교통법위반(음주운전)·모욕·특수상해·협박·도로교통법위반(무면허운전)·업무방해·성폭력범죄의처벌등에관한특례법위반(카메라등이용촬영),"2017고단847, 2017고단1592(병합), 2017고단2355(병합), 2017고단2502(병합), 2017고단2573(병합)",20180222,2018-02-22,제주지방법원,400202,형사,400102,판결,선고,*,usable,first,facts_sentencing,traffic,도로교통법위반(음주운전),multiple_charges,guilty,none,single,current_order,T,none,,,,,,"【피 고 인】 피고인
【검 사】 서정식, 진혜원, 한대웅(기소), 윤오연, 이상후(공판)
【변 호 인】 변호사 장석우(국선)
【주 문】
피고인을 징역 3년에 처한다.
피고인에게 40시간의 성폭력 치료프로그램 이수를 명한다.
압수된 야구방망이 1개(제주지방검찰청 2017년 압 제611호의 증 제1호), 압수된 휴대전화기 1대(같은 검찰청 2017년 압 제692호의 증 제5호)를 피고인으로부터 각 몰수한다. 
【이 유】【범죄사실】『판시 전과』
피고인은 2010. 2. 11. 제주지방법원에서 강간상해죄 등으로 징역 4년을 선고받고, 2015. 2. 5. 같은 법원에서 간음약취미수죄로 징역 2년을 선고받아 2016. 9. 6. 전주교도소에서 그 형의 집행을 종료하였다.
『2017고단847』
1. 2017. 2. 2.경 도로교통법위반(음주운전)
피고인은 2017. 2. 2. 23:20경 제주시 한경면 저지리에 있는 상호를 알 수 없는 중식당 앞부터 같은 시 한림해안로 29 앞 도로까지 약 5킬로미터 구간에서 혈중알콜농도 0.125%의 술에 취한 상태에서 (차량등록번호 1 생략) 엑티언 승용차를 운전하였다.
2. 2017. 2. 27.경 도로교통법위반(음주운전)
피고인은 2008. 3. 12. 제주지방법원에서 도로교통법위반(음주운전)죄로 벌금 150만원의 약식명령을 받았고, 2017. 2. 2. 위 제1항과 같이 도로교통법위반(음주운전)으로 단속되었다. 
피고인은 2017. 2. 27. 02:10경 제주시 한경면 저지리에 있는 상호를 알 수 없는 통닭집 앞부터 같은 시 용금로 562에 있는 저지치안센터 앞 도로까지 약 1킬로미터 구간에서 혈중알콜농도 0.177%의 술에 취한 상태에서 (차량등록번호 1 생략) 엑티언 승용차를 운전하였다.
이로써 피고인은 도로교통법 제44조 제1항을 2회 이상 위반한 사람으로서 다시 같은 조 제1항을 위반하여 술에 취한 상태에서 자동차를 운전하였다.
『2017고단1592』
피고인은 2017. 5. 21. 02:00경 제주시 (주소 생략), ○○은행△△지점 사거리에서, 공소외 5와 시비를 하다가 화가 나, 마침 그곳에 도착한 위 공소외 5의 모친 피해자 공소외 6에게 공소외 7, 공소외 8 및 걸어다니는 행인이 다수 있는 자리에서 “니가 엄마냐, 시발년아, 저리 꺼져 썅년아”라고 큰소리로 말하여 공연히 피해자를 모욕하였다.
『2017고단2355』
1. 특수상해
피고인은 2017. 7. 27. 20:00경 제주시 한경면에서, 약 한 달간 사귀다가 피고인의 잦은 구타와 욕설을 견디다 못해 피고인에게 결별을 요구한 피해자 공소외 9(여, □□세)가 피고인의 전화를 받지 않아 화가 난다는 이유로, “당장 오지 않으면 너네 집으로 가겠다”고 말한 후 위험한 물건인 알루미늄 소재 야구방망이를 소지한 채 피해자의 집 앞에서 기다리던 중 귀가하는 피해자를 발견하고 피고인의 차에 태운 뒤 저지리 인근 공동묘지에서 내리게 하고, 그 때부터 약 30분 가량 위와 같이 위험한 물건인 야구방망이로 피해자의 온 몸을 마구 때려 피해자에게 약 2주간의 치료를 필요로 하는 대퇴 및 팔꿈치 등의 타박상 등을 가하였다. 
2. 협박
피고인은 2017. 8. 7. 17:12.경 제주시 ◇◇읍 소재 피고인의 집에서, 피해자가 연락을 받지 않아 화가 난다는 이유로 ""그냥 안 넘어간다, 네 애새끼(피해자의 아들)부터 병신 만들어주마, 평생 절뚝거리는 거 보고 살아라“, ”(내가) 징역가면 니 형부 병신 만들어줄께“, ”예고 없이 갈 거고, 보면 죽여버릴지 모르니까 알아서 피해라“라는 등 피고인을 계속 만나주지 않으면 피해자와 피해자 가족의 생명 또는 신체에 어떠한 위해를 가할 것처럼 카카오톡 메시지를 보내 겁을 주어 피해자를 협박하였다.
3. 도로교통법위반(무면허운전)
피고인은 2017. 7. 31. 16:14경 자동차운전면허를 받지 아니하고 제주시 용담동 소재 서초등학교 앞에서 공소외 10 소유의 (차량등록번호 2 생략) K5 자동차를 운전한 것을 비롯하여 그 무렵부터 2017. 8. 30.경까지 별지 범죄일람표 기재와 같이 모두 29회에 걸쳐 자동차운전면허를 받지 아니하고 자동차를 운전하였다.
『2017고단2502』
피고인은 2017. 7. 29. 22:39경 제주시 (지명 생략)에 있는 피해자 공소외 11(여, ☆☆세)이 운영하는 ‘▽▽’ 단란주점에서 피해자에게 “칼이 목에 들어오면 어떤 느낌인지 알아? 내가 한번 보여줄까?”라고 말하면서 그곳 탁자 위에 있던 유리컵을 바닥에 던져 깨뜨리고 다른 손님들에게 욕설을 하는 등 소란을 피움으로써 같은 날 23:14경까지 약 25분 동안 위력으로 피해자의 주점 영업 업무를 방해하였다.
『2017고단2573』
1. 카메라 등 이용 촬영 부분
피고인은 2017. 7. 22. 23:16.경부터 같은 날 23:40경까지 제주시 소재 모텔에서, 피고인의 지인인 피해자 공소외 12(가명, 여)이 옷을 벗고 잠을 자는 것을 보고 소지하고 있던 휴대전화를 이용하여 피해자의 의사에 반하여 5회에 걸쳐 사진을 촬영하고 1회에 걸쳐 동영상을 촬영하였다. 
2. 촬영 사진 제공 부분
피고인은 2017. 7. 22. 23:19경부터 2017. 7. 23. 09:20경까지 1항 기재 제주시 소재 모텔에서, 위 휴대전화를 이용하여 피고인의 지인인 공소외 13, 공소외 14, 공소외 15 등에게 위와 같이 촬영한 피해자의 사진을 피해자의 의사에 반하여 송부함으로써 이를 각 제공하였다.
【증거의 요지】『2017고단847』
1. 피고인의 법정진술
1. 각 주취운전자 정황진술보고서, 각 음주운전 단속사실 결과조회
1. 실황조사서
1. 범죄경력 등 조회회보서
『2017고단1592』
1. 피고인의 법정진술
1. 공소외 6에 대한 경찰 진술조서
1. 고소장
『2017고단2355』
1. 피고인의 법정진술
1. 공소외 9에 대한 경찰 진술조서
1. 압수조서, 압수목록
1. 피해자 제출사진
1. 카카오톡 대화내용
1. 자동차이동내역, 자동차운전면허대장
1. 수사보고(피의자 무면허 범죄일람표 및 이동내역 사진 첨부), 피의자 차량 이동내역 사진
『2017고단2502』
1. 피고인의 법정진술
1. 공소외 11에 대한 경찰 진술조서
1. CCTV 영상캡쳐 사진
『2017고단2573』
1. 피고인의 법정진술
1. 공소외 12 작성의 진술서
1. 체포영장 사본, 압수조서 사본
1. 디지털 증거분석 결과보고서 사본
1. 수사보고(피의자 휴대폰 모바일 분석 관련 보고)
『판시 전과』
1. 범죄경력 등 조회회보서, 수사보고(형집행 종료일자 확인)
【법령의 적용】1. 범죄사실에 대한 해당법조
도로교통법 제148조의2 제2항 제2호, 제44조 제1항(2017. 2. 2. 음주운전의 점), 도로교통법 제148조의2 제1항 제1호, 제44조 제1항(2017. 2. 27. 음주운전의 점), 형법 제311조(모욕의 점), 형법 제258조의2 제1항, 제257조 제1항(특수상해의 점), 형법 제283조 제1항(협박의 점), 도로교통법 제152조 제1호, 제43조(무면허운전의 점), 형법 제314조 제1항(업무방해의 점), 성폭력범죄의 처벌 등에 관한 법률 제14조 제1항(카메라 등 이용촬영, 제공의 점)
1. 형의 선택
각 징역형 선택
1. 누범가중
형법 제35조
1. 경합범가중
형법 제37조 전단, 제38조 제1항 제2호, 제50조
1. 이수명령
성폭력범죄의 처벌 등에 관한 특례법 제16조 제2항 본문
1. 몰수
형법 제48조 제1항 제1호
【신상정보의 등록 및 제출의무】 이 사건 등록대상 성범죄에 관하여 유죄판결이 확정되는 경우 피고인은 성폭력범죄의 처벌 등에 관한 특례법 제42조 제1항에 따른 신상정보 등록대상자가 되므로, 같은 법 제43조에 따라 관할 경찰관서의 장에게 신상정보를 제출할 의무가 있다.
이 사건 범죄의 법정형, 죄질, 범정 및 경합범 가중 경위 등을 종합하여 보면, 이 사건에는 성폭력범죄의 처벌 등에 관한 특례법 제45조 제4항에 따라 신상정보등록기간을 선고형에 따른 기간보다 더 단기의 기간으로 정할 사정이 있다고 보이지 않는다.
【공개명령 또는 고지명령 면제】 피고인의 연령, 직업, 재범위험성, 범행의 내용과 동기, 범행의 방법과 결과 및 죄의 경중, 공개명령 또는 고지명령으로 인하여 피고인이 입을 불이익의 정도와 예상되는 부작용, 그로 인해 달성할 수 있는 등록대상 성폭력범죄의 예방효과, 피해자 보호 효과 등을 종합적으로 고려하여 볼 때, 신상정보를 공개·고지하여서는 아니 될 특별한 사정이 있다고 판단되므로, 피고인에 대하여 공개명령 및 고지명령을 선고하지 아니한다. 
【양형의 이유】 특수상해죄, 협박죄 관련하여 야간에 피해자를 인적이 드문 곳으로 데려가 야구방망이로 온몸을 때려 상해를 가한 점, 피해자의 공포와 고통이 심하였을 것으로 보이는 점, 위 피해자와 어린 아들에게 위해를 가하겠다고 협박도 한 점, 피고인이 음주운전으로 처벌을 받은 전력이 있음에도 다시 두 차례 이 사건 음주운전을 한 점, 혈중알콜농도가 높은 편인 점, 2017. 2. 27. 음주운전을 하다가 도로변 이정표를 들이받는 사고까지 낸 점, 27차례 무면허운전을 한 점, 주점 영업을 방해하고, 여성의 나체 사진 등을 촬영하여 지인들에게 보내기도 한 점 등 사정을 고려할 때 실형을 선고함이 상당하다. 
다만 피고인이 깊이 반성하는 점, 업무방해죄 피해자와 카메라 이용촬영 범죄 피해자와 각각 합의한 점 등 정상을 참작하여 형을 정한다. 
[별지 생략]
판사 한정석",C:\Users\jeff4\OneDrive - 엔시스코리아\personal\school\3\여름\DSL\EDA\data/source/criminal_sentencing_cases_2015_2026\raw\law_api\body\205528.xml,2026-07-07T05:42:49.086239+00:00,public,both,Guilty,True,False,True,20,drunk_driving,False,2017.0,2018,"피고인을 징역 3년에 처한다. 피고인에게 40시간의 성폭력 치료프로그램 이수를 명한다. 압수된 야구방망이 1개(제주지방검찰청 2017년 압 제611호의 증 제1호), 압수된 휴대전화기 1대(같은 검찰청 2017년 압 제692호의 증 제5호)를 피고인으로부터 각 몰수한다.","특수상해죄, 협박죄 관련하여 야간에 피해자를 인적이 드문 곳으로 데려가 야구방망이로 온몸을 때려 상해를 가한 점, 피해자의 공포와 고통이 심하였을 것으로 보이는 점, 위 피해자와 어린 아들에게 위해를 가하겠다고 협박도 한 점, 피고인이 음주운전으로 처벌을 받은 전력이 있음에도 다시 두 차례 이 사건 음주운전을 한 점, 혈중알콜농도가 높은 편인 점, 2017. 2. 27. 음주운전을 하다가 도로변 이정표를 들이받는 사고까지 낸 점, 27차례 무면허운전을 한 점, 주점 영업을 방해하고, 여성의 나체 사진 등을 촬영하여 지인들에게 보내기도 한 점 등 사정을 고려할 때 실형을 선고함이 상당하다. 다만 피고인이 깊이 반성하는 점, 업무방해죄 피해자와 카메라 이용촬영 범죄 피해자와 각각 합의한 점 등 정상을 참작하여 형을 정한다. [별지 생략] 판사 한정석",sentencing_section,1,,,unknown,,2.0,"집으로 가겠다”고 말한 후 위험한 물건인 알루미늄 소재 야구방망이를 소지한 채 피해자의 집 앞에서 기다리던 중 귀가하는 피해자를 발견하고 피고인의 차에 태운 뒤 저지리 인근 공동묘지에서 내리게 하고, 그 때부터 약 30분 가량 위와 같이 위험한 물건인 야구방망이로 피해자의 온 몸을 마구 때려 피해자에게 약 2주간의 치료를 필요로 하는 대퇴 및 팔꿈치 등의 타박상 등을 가하였다. 2. 협박 피고인은 2017. 8. 7. 17:12.경 제주시 ◇◇읍 소재 피고인의 집에서, 피해자가 연락을 받지 않아 화가 난다는 이유로 ""그냥 안 넘어간다, 네 애새끼(피해자의 아들)부터 병신 만들어주마, 평생 절뚝거리는 거 보고 살아라“",0,,1,0,1,custodial,36.0,,order,165.0,False,"피고인을 징역 3년에 처한다. 피고인에게 40시간의 성폭력 치료프로그램 이수를 명한다. 압수된 야구방망이 1개(제주지방검찰청 2017년 압 제611호의 증 제1호), 압수된 휴대전화기 1대(같은 검찰청 2017년 압 제692호의 증 제5호)를 피고인으로부터 각 몰수한다.","[{""kind"": ""custodial"", ""months"": 36.0, ""fine_won"": NaN, ""region"": ""order"", ""score"": 165.0, ""snippet"": ""피고인을 징역 3년에 처한다. 피고인에게 40시간의 성폭력 치료프로그램 이수를 명한다. 압수된 야구방망이 1개(제주지방검찰청 2017년 압 제611호의 증 제1호), 압수된 휴대전화기 1대(같은 검찰청 2017년 압 제692호의 증 제5호)를 피고인으로부터 각 몰수한다.""}, {""kind"": ""custodial"", ""months"": 36.0, ""fine_won"": NaN, ""region"": ""full_text"", ""score"": 65.0, ""snippet"": ""【피 고 인】 피고인 【검 사】 서정식, 진혜원, 한대웅(기소), 윤오연, 이상후(공판) 【변 호 인】 변호사 장석우(국선) 【주 문】 피고인을 징역 3년에 처한다. 피고인에게 40시간의 성폭력 치료프로그램 이수를 명한다. 압수된 야구방망이 1개(제주지방검찰청 2017년 압 제611호의 증 제1호), 압수된 휴대전화기 1대(같은 검찰청 2017년 압 제692호의 증 제5호)를 피고인으로부터 각 몰수한다. 【이 유】【범죄사실】『""}, {""kind"": ""custodial"", ""months"": 48.0, ""fine_won"": NaN, ""region"": ""full_text"", ""score"": 65.0, ""snippet"": ""이수를 명한다. 압수된 야구방망이 1개(제주지방검찰청 2017년 압 제611호의 증 제1호), 압수된 휴대전화기 1대(같은 검찰청 2017년 압 제692호의 증 제5호)를 피고인으로부터 각 몰수한다. 【이 유】【범죄사실】『판시 전과』 피고인은 2010. 2. 11. 제주지방법원에서 강간상해죄 등으로 징역 4년을 선고받고, 2015. 2. 5. 같은 법원에서 간음약취미수죄로 징역 2년을 선고받아 2016. 9. 6. 전주교도소에""}, {""kind"": ""custodial"", ""months"": 24.0, ""fine_won"": NaN, ""region"": ""full_text"", ""score"": 65.0, ""snippet"": ""1호의 증 제1호), 압수된 휴대전화기 1대(같은 검찰청 2017년 압 제692호의 증 제5호)를 피고인으로부터 각 몰수한다. 【이 유】【범죄사실】『판시 전과』 피고인은 2010. 2. 11. 제주지방법원에서 강간상해죄 등으로 징역 4년을 선고받고, 2015. 2. 5. 같은 법원에서 간음약취미수죄로 징역 2년을 선고받아 2016. 9. 6. 전주교도소에서 그 형의 집행을 종료하였다. 『2017고단847』 1. 2017. 2.""}, {""kind"": ""fine"", ""months"": NaN, ""fine_won"": 1500000.0, ""region"": ""full_text"", ""score"": -20.0, ""snippet"": ""당 앞부터 같은 시 한림해안로 29 앞 도로까지 약 5킬로미터 구간에서 혈중알콜농도 0.125%의 술에 취한 상태에서 (차량등록번호 1 생략) 엑티언 승용차를 운전하였다. 2. 2017. 2. 27.경 도로교통법위반(음주운전) 피고인은 2008. 3. 12. 제주지방법원에서 도로교통법위반(음주운전)죄로 벌금 150만원의 약식명령을 받았고, 2017. 2. 2. 위 제1항과 같이 도로교통법위반(음주운전)으로 단속되었다. 피고인은""}]",0.0,0.0,,0.0,0.0,,0.0,0.0,,0.0,0.0,,1.0,1.0,"련하여 야간에 피해자를 인적이 드문 곳으로 데려가 야구방망이로 온몸을 때려 상해를 가한 점, 피해자의 공포와 고통이 심하였을 것으로 보이는 점, 위 피해자와 어린 아들에게 위해를 가하겠다고 협박도 한 점, 피고인이 음주운전으로 처벌을 받은 전력이 있음에도 다시 두 차례 이 사건 음주운전을 한 점, 혈중알콜농도가 높은 편인 점, 2017. 2. 27. 음주운전을 하다가 도로변 이정표를 들이받는 사고까지 낸 점, 27차례 무면허운전을 한 점, 주점 영업을 방",0.0,0.0,,1.0,1.0,"고인이 음주운전으로 처벌을 받은 전력이 있음에도 다시 두 차례 이 사건 음주운전을 한 점, 혈중알콜농도가 높은 편인 점, 2017. 2. 27. 음주운전을 하다가 도로변 이정표를 들이받는 사고까지 낸 점, 27차례 무면허운전을 한 점, 주점 영업을 방해하고, 여성의 나체 사진 등을 촬영하여 지인들에게 보내기도 한 점 등 사정을 고려할 때 실형을 선고함이 상당하다. 다만 피고인이 깊이 반성하는 점, 업무방해죄 피해자와 카메라 이용촬영 범",,,False,단순 음주운전 양형기준 시행(2023-07-01) 전 사건,,,,,,0.0,,0.0,1,1,0,병합·복수 죄명; 중대 비대상 죄명 병합; BAC 미추출,1
562,P01-0562,562,197814,폭력행위등처벌에관한법률위반(공동상해)·공무집행방해·도로교통법위반(음주운전)·도로교통법위반(무면허운전),2017노330,20171012,2017-10-12,춘천지방법원 강릉지원,400202,형사,400102,판결,선고,*,usable,second,facts_sentencing,traffic,도로교통법위반,multiple_both,guilty,reversal,multiple,current_order,TRUE,none,,,,,,"【피 고 인】 
【항 소 인】 피고인들
【검 사】 김상범(기소), 진세언(공판)
【변 호 인】 변호사 이주해 외 1인
【원심판결】 춘천지방법원 강릉지원 2017. 7. 12. 선고 2017고단571 판결
【주 문】
원심판결을 파기한다.
피고인 1(대판: 피고인)을 징역 8월에, 피고인 2를 벌금 5,000,000원에 각 처한다.
피고인 2가 위 벌금을 납입하지 아니하는 경우 100,000원을 1일로 환산한 기간 위 피고인을 노역장에 유치한다.
피고인 2에게 위 벌금 상당액의 가납을 명한다.
【이 유】1. 항소이유의 요지
가. 피고인 1(심신장애, 양형부당)
1) 범행 당시 술에 취하여 심신상실 또는 심신미약 상태에 있었다.
2) 원심의 형(징역 10월)은 너무 무거워서 부당하다.
나. 피고인 2(양형부당)
원심의 형(징역 6월, 집행유예 2년, 사회봉사명령 120시간)은 너무 무거워서 부당하다.
2. 판단
가. 피고인 1의 주장에 관하여
1) 심신장애 주장
피고인이 이 사건 범행 당시 술을 마셨던 사실은 인정된다. 그러나 범행의 경위, 범행의 수단과 방법, 범행을 전후한 피고인의 행동, 범행 후의 정황 등을 종합하여 보면 이로 인하여 사물 변별 또는 의사결정 능력이 없었다거나 미약한 상태에 있었다고 볼 수는 없다.
2) 양형부당 주장
피고인은 경찰관에 대한 모욕 범행으로 집행유예를 선고받고, 그 집행유예 기간 중에 다시 같은 행위(판시 공무집행방해의 경우 경찰관에게 욕설을 하며 폭행함)가 포함된 이 사건 범행을 저질렀다. 범행의 행위 태양(사고 목격자에게 욕설하며 폭행, 경찰관에게 윗옷을 벗고 달려듬. 혈중알코올농도 높음)이나 결과(음주운전으로 주차된 여러 대의 차량을 손괴하는 사고 야기)를 볼 때 죄질이 매우 좋지 않다.
한편, 피고인은 범행을 인정하며 반성하고 있다. 피해자 공소외 1이 입은 상해 정도가 중하지 않다. 당심에 이르러 공소외 1과 합의하였다.
이러한 정상과 피고인의 연령, 성행, 환경, 범행의 동기 등 이 사건 변론에 나타난 여러 양형조건을 종합하면 원심의 형은 너무 무거워서 부당하다.
나. 피고인 2의 주장에 관하여
피고인이 사고 목격자인 공소외 1에게 욕설을 하면서 멱살을 잡고 차에서 끌어내려 폭행한 것이 이 사건의 발단이 된 점, 폭력행위등처벌에관한법률위반(공동폭행)죄로 벌금형(50만 원)을 받고 다시 이 건 범행을 저지른 점은 불리한 정상이다.
한편, 피고인이 범행을 인정하며 반성하고 있다. 공소외 1이 입은 상해 정도가 중하지 않고 공소외 1과 합의하였다. 위 전과(범행내용을 알 수 없으나, 약식기소된 것을 보면 가벼운 사안으로 보임)와 2015년에 교통사고처리특례법위반죄로 벌금형(50만 원)을 받은 전과 외에 다른 전과가 없다.
이러한 사정과 피고인의 건강상태, 연령, 성행, 환경, 범행의 동기, 수단 및 결과, 범행 이후의 정황 등 이 사건 변론에 나타난 여러 양형조건을 종합하면 원심의 형은 너무 무거워서 부당하다.
3. 결론
피고인들의 항소는 이유 있으므로 형사소송법 제364조 제6항에 따라 원심판결을 파기하고 변론을 거쳐 다시 다음과 같이 판결한다. 
【다시 쓰는 판결】【범죄사실 및 증거의 요지】이 법원이 인정하는 범죄사실 및 그에 대한 증거의 요지는 원심판결문 각 해당란 기재와 같으므로 형사소송법 제369조에 의하여 이를 인용한다.
【법령의 적용】1. 범죄사실에 대한 해당법조
가. 피고인 1 : 도로교통법 제148조의2 제2항 제2호, 제44조 제1항(음주운전의 점), 도로교통법 제152조 제1호, 제43조(무면허운전의 점), 형법 제136조 제1항(공무집행방해의 점), 폭력행위 등 처벌에 관한 법률 제2조 제2항 제3호, 형법 제257조 제1항(공동상해의 점)
나. 피고인 2 : 폭력행위 등 처벌에 관한 법률 제2조 제2항 제3호, 형법 제257조 제1항
1. 상상적 경합(피고인 1)
형법 제40조, 제50조[판시 도로교통법위반(음주운전)죄와 도로교통법위반(무면허운전)죄 상호간, 형이 더 무거운 도로교통법위반(음주운전)죄에 정한 형으로 처벌]
1. 형의 선택
피고인 1에 대해서는 각 징역형을, 피고인 2에 대해서는 벌금형을 각 선택
1. 경합범가중(피고인 1)
형법 제37조 전단, 제38조 제1항 제2호, 제50조[형이 가장 무거운 폭력행위 등 처벌에 관한 법률위반(공동상해)죄에 정한 형에 경합범가중하되, 하한은 도로교통법위반(음주운전)죄에 정한 것으로 함]
1. 노역장유치(피고인 2)
형법 제70조 제1항, 제69조 제2항
1. 가납명령(피고인 2)
형사소송법 제334조 제1항
판사 신용무(재판장) 양승우 노한동",C:\Users\jeff4\OneDrive - 엔시스코리아\personal\school\3\여름\DSL\EDA\data/source/criminal_sentencing_cases_2015_2026\raw\law_api\body\197814.xml,2026-07-07T05:42:49.086239+00:00,lawyer,suspended,Guilty,True,False,True,20,drunk_driving,False,2017.0,2017,"원심판결을 파기한다. 피고인 1(대판: 피고인)을 징역 8월에, 피고인 2를 벌금 5,000,000원에 각 처한다. 피고인 2가 위 벌금을 납입하지 아니하는 경우 100,000원을 1일로 환산한 기간 위 피고인을 노역장에 유치한다. 피고인 2에게 위 벌금 상당액의 가납을 명한다.",,tagged_sentencing_reason,1,,,unknown,,,,0,,1,1,1,custodial,8.0,,order,185.0,False,"원심판결을 파기한다. 피고인 1(대판: 피고인)을 징역 8월에, 피고인 2를 벌금 5,000,000원에 각 처한다. 피고인 2가 위 벌금을 납입하지 아니하는 경우 100,000원을 1일로 환산한 기간 위 피고인을 노역장에 유치한다. 피고인 2에게 위 벌금 상당액의 가납을 명한다.","[{""kind"": ""custodial"", ""months"": 8.0, ""fine_won"": NaN, ""region"": ""order"", ""score"": 185.0, ""snippet"": ""원심판결을 파기한다. 피고인 1(대판: 피고인)을 징역 8월에, 피고인 2를 벌금 5,000,000원에 각 처한다. 피고인 2가 위 벌금을 납입하지 아니하는 경우 100,000원을 1일로 환산한 기간 위 피고인을 노역장에 유치한다. 피고인 2에게 위 벌금 상당액의 가납을 명한다.""}, {""kind"": ""fine"", ""months"": NaN, ""fine_won"": 5000000.0, ""region"": ""order"", ""score"": 130.0, ""snippet"": ""원심판결을 파기한다. 피고인 1(대판: 피고인)을 징역 8월에, 피고인 2를 벌금 5,000,000원에 각 처한다. 피고인 2가 위 벌금을 납입하지 아니하는 경우 100,000원을 1일로 환산한 기간 위 피고인을 노역장에 유치한다. 피고인 2에게 위 벌금 상당액의 가납을 명한다.""}, {""kind"": ""custodial"", ""months"": 10.0, ""fine_won"": NaN, ""region"": ""full_text"", ""score"": 105.0, ""snippet"": ""위 벌금을 납입하지 아니하는 경우 100,000원을 1일로 환산한 기간 위 피고인을 노역장에 유치한다. 피고인 2에게 위 벌금 상당액의 가납을 명한다. 【이 유】1. 항소이유의 요지 가. 피고인 1(심신장애, 양형부당) 1) 범행 당시 술에 취하여 심신상실 또는 심신미약 상태에 있었다. 2) 원심의 형(징역 10월)은 너무 무거워서 부당하다. 나. 피고인 2(양형부당) 원심의 형(징역 6월, 집행유예 2년, 사회봉사명령 120""}, {""kind"": ""custodial"", ""months"": 6.0, ""fine_won"": NaN, ""region"": ""full_text"", ""score"": 105.0, ""snippet"": ""인을 노역장에 유치한다. 피고인 2에게 위 벌금 상당액의 가납을 명한다. 【이 유】1. 항소이유의 요지 가. 피고인 1(심신장애, 양형부당) 1) 범행 당시 술에 취하여 심신상실 또는 심신미약 상태에 있었다. 2) 원심의 형(징역 10월)은 너무 무거워서 부당하다. 나. 피고인 2(양형부당) 원심의 형(징역 6월, 집행유예 2년, 사회봉사명령 120시간)은 너무 무거워서 부당하다. 2. 판단 가. 피고인 1의 주장에 관하여 1""}, {""kind"": ""custodial"", ""months"": 8.0, ""fine_won"": NaN, ""region"": ""full_text"", ""score"": 85.0, ""snippet"": ""【피 고 인】 【항 소 인】 피고인들 【검 사】 김상범(기소), 진세언(공판) 【변 호 인】 변호사 이주해 외 1인 【원심판결】 춘천지방법원 강릉지원 2017. 7. 12. 선고 2017고단571 판결 【주 문】 원심판결을 파기한다. 피고인 1(대판: 피고인)을 징역 8월에, 피고인 2를 벌금 5,000,000원에 각 처한다. 피고인 2가 위 벌금을 납입하지 아니하는 경우 100,000원을 1일로 환산한 기간 위 피고인을 노역""}]",0.0,0.0,,0.0,0.0,,1.0,1.0,"목격자에게 욕설하며 폭행, 경찰관에게 윗옷을 벗고 달려듬. 혈중알코올농도 높음)이나 결과(음주운전으로 주차된 여러 대의 차량을 손괴하는 사고 야기)를 볼 때 죄질이 매우 좋지 않다. 한편, 피고인은 범행을 인정하며 반성하고 있다. 피해자 공소외 1이 입은 상해 정도가 중하지 않다. 당심에 이르러 공소외 1과 합의하였다. 이러한 정상과 피고인의 연령, 성행, 환경, 범행의 동기 등 이 사건 변론에 나타난 여러 양형조건을 종합하면 원심의 형 || 을 잡고 차에서 끌어내려 폭행한 것이 이 사건의 발단이 된 점, 폭력행위등처벌에관한법률위반(공동폭행)죄로 벌금형(50만 원)을 받고 다시 이 건 범행을 저지른 점은 불리한 정상이다. 한편, 피고인이 범행을 인정하며 반성하고 있다. 공소외 1이 입은 상해 정도가 중하지 않고 공소외 1과 합의하였다. 위 전과(범행내용을 알 수 없으나, 약식기소된 것을 보면 가벼운 사안으로 보임)와 2015년에 교통사고처리특례법위반죄로 벌금형(50만 원)을",0.0,0.0,,0.0,0.0,,0.0,0.0,,0.0,0.0,,,,False,단순 음주운전 양형기준 시행(2023-07-01) 전 사건,,,,,,1.0,1.0,1.0,1,1,0,병합·복수 죄명; 복수 피고인; 중대 비대상 죄명 병합; BAC 미추출,1
3487,P05-0327,327,213063,도로교통법위반(음주운전),2017도10815,20210114,2021-01-14,대법원,400201,형사,400102,판결,선고,*,usable,third,legal_review,traffic,도로교통법위반(음주운전),simple,guilty,supreme_appeal_dismissed,none,lower_court_maintained,,none,,구 도로교통법상 ‘운전’의 의미 / 자동차의 운전에 해당하기 위하여는 엔진을 시동시켰다는 것 외에 발진조작의 완료를 요하는지 여부(적극) 및 위와 같은 발진조작을 완료하였는지 판단하는 기준,"구 도로교통법(2017. 3. 21. 법률 제14617호로 개정되기 전의 것) 제2조 제26호에 따르면, ‘운전’이란 도로에서 차를 ‘그 본래의 사용방법’에 따라 사용하는 것을 말한다. 이때 자동차를 ‘그 본래의 사용방법’에 따라 사용하였다고 하기 위하여는 단지 엔진을 시동시켰다는 것만으로는 부족하고 이른바 발진조작의 완료를 요한다. 통상 자동차 엔진을 시동시키고 기어를 조작하며 제동장치를 해제하는 등 일련의 조치를 취하면 위와 같은 발진조작을 완료하였다고 할 것이지만, 애초부터 자동차가 고장이나 결함 등의 원인으로 객관적으로 발진할 수 없었던 상태에 있었던 경우라면 그와 같이 볼 수는 없다.","구 도로교통법(2017. 3. 21. 법률 제14617호로 개정되기 전의 것) 제2조 제26호, 제44조 제1항, 제148조의2 제2항(현행 제148조의2 제3항 참조)","대법원 1999. 11. 12. 선고 98다30834 판결(공1999하, 2477), 대법원 2009. 5. 28. 선고 2009다9294, 9300 판결, 대법원 2020. 12. 30. 선고 2020도9994 판결(공2021상, 327)","【피고인】 피고인
【상고인】 검사
【원심판결】 창원지법 2017. 6. 22. 선고 2017노508 판결
【주 문】
상고를 기각한다.
【이 유】 상고이유를 판단한다.
1. 구 도로교통법(2017. 3. 21. 법률 제14617호로 개정되기 전의 것) 제2조 제26호에 따르면, ‘운전’이란 도로에서 차를 ‘그 본래의 사용방법’에 따라 사용하는 것을 말한다. 이때 자동차를 ‘그 본래의 사용방법’에 따라 사용하였다고 하기 위하여는 단지 엔진을 시동시켰다는 것만으로는 부족하고 이른바 발진조작의 완료를 요한다(대법원 1999. 11. 12. 선고 98다30834 판결, 대법원 2009. 5. 28. 선고 2009다9294, 9300 판결 등 참조). 통상 자동차 엔진을 시동시키고 기어를 조작하며 제동장치를 해제하는 등 일련의 조치를 취하면 위와 같은 발진조작을 완료하였다고 할 것이지만, 애초부터 자동차가 고장이나 결함 등의 원인으로 객관적으로 발진할 수 없었던 상태에 있었던 경우라면 그와 같이 볼 수는 없다.
2. 원심은 그 판시와 같은 이유로 이 사건 공소사실을 무죄로 판단한 제1심판결을 그대로 유지하였다. 원심판결 이유를 앞서 본 법리와 기록에 비추어 살펴보면, 원심의 판단에 도로교통법상의 ‘운전’에 관한 법리를 오해하는 등으로 판결에 영향을 미친 잘못이 없다.
3. 그러므로 상고를 기각하기로 하여, 관여 대법관의 일치된 의견으로 주문과 같이 판결한다.
대법관 민유숙(재판장) 김재형 이동원 노태악(주심)",C:\Users\jeff4\OneDrive - 엔시스코리아\personal\school\3\여름\DSL\EDA\data/source/criminal_sentencing_cases_2015_2026\raw\law_api\body\213063.xml,2026-07-07T05:42:49.086239+00:00,,,Guilty,True,False,False,0,drunk_driving,False,2017.0,2021,상고를 기각한다.,,full_text_screening_only,0,,,unknown,,,,0,,0,0,0,,,,,,False,,,0.0,,,0.0,,,0.0,,,0.0,,,0.0,,,0.0,,,0.0,,,,,False,단순 음주운전 양형기준 시행(2023-07-01) 전 사건,,,,,,,,,0,0,0,선고형 자동추출 불일치; 신뢰 가능한 양형이유 구간 없음; BAC 미추출,1
1328,P02-0538,538,204652,특정범죄가중처벌등에관한법률위반(도주치상)·도로교통법위반(사고후미조치)·도로교통법위반(무면허운전),2017도14160,20171213,2017-12-13,대법원,400201,형사,400102,판결,선고,*,usable,third,legal_review,traffic,도주치상·사고후미조치·무면허운전,multiple_charges,mixed,remand,not_stated,lower_court_referenced,,none,도주치상·사고후미조치 유죄는 유지되나 무면허운전 무죄 판단에 심리상 문제가 있어 경합범 전체를 파기환송함,"무면허운전을 처벌하는 도로교통법 제152조 제1호, 제43조 위반의 죄가 고의범인지 여부(적극) / 기존의 운전면허가 취소된 상태에서 자동차를 운전하였으나 운전자가 면허취소 사실을 인식하지 못한 경우, 도로교통법 위반(무면허운전)죄에 해당하는지 여부(소극) 및 운전자가 운전면허취소처분 통지를 받은 경우, 운전면허취소 사실을 인식하였다고 볼 수 있는지 여부(원칙적 적극)",,"도로교통법 제43조, 제152조 제1호, 형법 제13조","대법원 2004. 12. 10. 선고 2004도6480 판결(공2005상, 168)","【피 고 인】 피고인
【상 고 인】 피고인 및 검사
【변 호 인】 변호사 공기광
【원심판결】 수원지법 2017. 8. 16. 선고 2017노2173 판결
【주 문】
원심판결을 파기하고, 사건을 수원지방법원 본원 합의부에 환송한다.
【이 유】 상고이유를 판단한다.
1. 피고인의 상고이유에 대하여
범죄사실의 인정은 합리적인 의심이 없는 정도의 증명에 이르러야 하나(형사소송법 제307조 제2항), 사실 인정의 전제로 행하여지는 증거의 취사 선택 및 증거의 증명력은 사실심 법원의 자유판단에 속한다(형사소송법 제308조).
원심은 판시와 같은 이유를 들어 판시 범죄사실을 유죄로 인정하였다.
상고이유 주장은 이러한 원심의 판단에 이른 사실인정을 다투는 취지로서, 실질적으로 사실심 법원의 자유판단에 속하는 원심의 증거 선택 및 증명력에 관한 판단을 탓하는 것에 불과하다. 그리고 원심판결 이유를 위 법리와 적법하게 채택된 증거들에 비추어 살펴보아도, 원심의 판단에 상고이유 주장과 같이 논리와 경험의 법칙에 반하여 자유심증주의의 한계를 벗어난 위법이 없다.
2. 검사의 상고이유에 대하여
가. 도로교통법 제152조 제1호, 제43조 위반의 죄는 유효한 운전면허가 없음을 알면서도 자동차를 운전하는 경우에만 성립하는 이른바 고의범이다. 기존의 운전면허가 취소된 상태에서 자동차를 운전하였더라도 운전자가 면허취소 사실을 인식하지 못하였다면 도로교통법 위반(무면허운전)죄에 해당한다고 볼 수 없으나, 운전자가 운전면허취소처분 통지를 받았다면 그 후 그 운전면허취소처분이 취소되거나 철회되었다는 등의 특별한 사정이 없는 한 운전면허취소 사실을 인식하였다고 볼 수 있다.
나. 원심은 이 사건 공소사실 중 도로교통법 위반(무면허운전) 부분에 관하여, 피고인이 검찰에서 원심 판시 범죄사실 기재 2016. 7. 16.자 교통사고와 관련하여 불기소 처분 결과 통지[특정범죄 가중처벌 등에 관한 법률 위반(도주치상)죄에 대하여 혐의없음 처분을 하였다는 내용 등으로서, 이하 ‘이 사건 불기소 통지’라 한다]를 받았고, 무면허운전 단속 현장에서 “검찰에서 경찰로 무슨 서류가 갈 것이다. 나는 면허가 유효한 것으로 알고 있다.”라고 말하였으며, 공소사실 기재 운전(이하 ‘이 사건 운전’이라 한다) 당시 이 사건 불기소 통지와 달리 위 교통사고와 관련하여 공소가 제기되었다는 사실을 알지 못하였다고 보인다는 등의 사정을 들어, 이 사건 운전 당시 피고인이 운전면허가 취소되었다는 사정을 알았다는 점에 대한 증명이 부족하다고 인정하여, 이 부분 공소사실을 유죄로 인정한 제1심판결을 직권으로 파기하고 무죄로 판단하였다.
다. 그러나 원심판결 이유를 앞에서 본 법리와 적법하게 채택된 증거들을 비롯한 기록에 비추어 살펴보면, 피고인은 제1심에서 이 사건 운전에 대하여 무면허운전 사실을 자백하였고, 이 부분 공소사실을 포함한 공소사실 전부를 유죄로 인정한 제1심판결에 대하여 양형부당만을 이유로 항소하였으며, 원심이 든 위와 같은 사정들을 무면허운전의 경위에 관한 정상사유로만 주장하였음을 알 수 있다.
그렇다면 원심으로서는 이 사건 운전 당시 피고인이 운전면허취소 사실을 인식하였는지를 직권으로 심리하여 이를 부정하려면, 먼저 피고인이 운전면허취소통지를 받았는지의 여부를 확인하고 나아가 그 통지를 받았음에도 그 운전면허취소처분이 취소 또는 철회 등에 의하여 효력이 부정될 수 있는 사정들이 있는지에 대하여 확인하였어야 한다.
그럼에도 원심은 이러한 사정들에 대하여는 전혀 심리하지 아니한 채, 운전면허취소처분을 통지받았을 경우에 그 운전면허취소처분의 효력에 대한 피고인의 인식을 부정하기에 충분하지 아니한 판시 사정들만을 이유로 들어, 이 사건 운전 당시 피고인에게 무면허운전에 관한 고의의 증명이 부족하다고 속단하고 말았다.
이러한 원심의 판단에는 운전면허취소처분의 통지 및 그 효력, 무면허운전의 고의에 관한 법리를 오해하여 필요한 심리를 다하지 아니함으로써 판결에 영향을 미친 위법이 있다. 이를 지적하는 상고이유 주장은 이유 있다.
3. 파기 부분
원심판결 중 무죄 부분은 파기되어야 하고, 위 부분과 유죄로 인정된 나머지 부분은 형법 제37조 전단의 관계에 있어 하나의 형이 선고되어야 하므로, 결국 원심판결은 전부 파기되어야 한다.
4. 결론
그러므로 원심판결을 파기하고, 사건을 다시 심리·판단하게 하기 위하여 원심법원에 환송하기로 하여, 관여 대법관의 일치된 의견으로 주문과 같이 판결한다.
대법관 박상옥(재판장) 김용덕(주심) 김신 박정화",C:\Users\jeff4\OneDrive - 엔시스코리아\personal\school\3\여름\DSL\EDA\data/source/criminal_sentencing_cases_2015_2026\raw\law_api\body\204652.xml,2026-07-07T05:42:49.086239+00:00,lawyer,,Guilty,False,True,False,1,hit_run_injury,False,2017.0,2017,"원심판결을 파기하고, 사건을 수원지방법원 본원 합의부에 환송한다.",,full_text_screening_only,0,,,unknown,,,,0,,1,0,0,,,,,,False,,,0.0,,,0.0,,,0.0,,,0.0,,,0.0,,,0.0,,,1.0,,"죄는 유효한 운전면허가 없음을 알면서도 자동차를 운전하는 경우에만 성립하는 이른바 고의범이다. 기존의 운전면허가 취소된 상태에서 자동차를 운전하였더라도 운전자가 면허취소 사실을 인식하지 못하였다면 도로교통법 위반(무면허운전)죄에 해당한다고 볼 수 없으나, 운전자가 운전면허취소처분 통지를 받았다면 그 후 그 운전면허취소처분이 취소되거나 철회되었다는 등의 특별한 사정이 없는 한 운전면허취소 사실을 인식하였다고 볼 수 있다. 나. 원심은 || 자가 운전면허취소처분 통지를 받았다면 그 후 그 운전면허취소처분이 취소되거나 철회되었다는 등의 특별한 사정이 없는 한 운전면허취소 사실을 인식하였다고 볼 수 있다. 나. 원심은 이 사건 공소사실 중 도로교통법 위반(무면허운전) 부분에 관하여, 피고인이 검찰에서 원심 판시 범죄사실 기재 2016. 7. 16.자 교통사고와 관련하여 불기소 처분 결과 통지[특정범죄 가중처벌 등에 관한 법률 위반(도주치상)죄에 대하여 혐의없음 처분을 하였다는 || 6. 7. 16.자 교통사고와 관련하여 불기소 처분 결과 통지[특정범죄 가중처벌 등에 관한 법률 위반(도주치상)죄에 대하여 혐의없음 처분을 하였다는 내용 등으로서, 이하 ‘이 사건 불기소 통지’라 한다]를 받았고, 무면허운전 단속 현장에서 “검찰에서 경찰로 무슨 서류가 갈 것이다. 나는 면허가 유효한 것으로 알고 있다.”라고 말하였으며, 공소사실 기재 운전(이하 ‘이 사건 운전’이라 한다) 당시 이 사건 불기소 통지와 달리 위 교통사고",2016,hit_run_injury,True,사건번호의 연도를 공소연도 대용치로 사용; 시행월 경계사건은 검수 필요,8.0,18.0,,,,,,,0,0,0,선고형 자동추출 불일치; 병합·복수 죄명; 신뢰 가능한 양형이유 구간 없음; 상해기간 미추출,1
1220,P02-0430,430,225341,특정범죄가중처벌등에관한법률위반(도주차량)·도로교통법위반(사고후미조치)·도로교통법위반(무면허운전),2017도15651,20190711,2019-07-11,대법원,400201,형사,400102,판결,선고,*,usable,third,legal_review,traffic,특정범죄가중법위반(도주차량)·사고후미조치·무면허운전,multiple_charges,mixed,remand,not_stated,lower_court_referenced,,none,피해가 경미하더라도 인적사항을 알리지 않고 현장을 떠난 경우 사고후미조치의무 위반이 될 수 있는데 이를 무죄로 판단하여 나머지 유죄 부분과 함께 전부 파기환송함,"구 도로교통법 제54조 제1항의 취지 및 교통사고를 일으킨 운전자가 취해야 할 조치의 내용과 정도 / 교통사고를 일으킨 운전자가 자신의 인적 사항이나 연락처를 알려주지 않은 채 사고 후 즉시 차량을 운전하여 현장을 벗어나는 경우, 필요한 조치를 다한 것인지 여부(소극) 및 이때 사고로 인하여 피해 차량이 경미한 물적 피해를 입은 데 그치고 파편물이 도로 위에 흩어지지 않았더라도 마찬가지인지 여부(원칙적 적극)",,"구 도로교통법(2016. 12. 2. 법률 제14356호로 개정되기 전의 것) 제54조 제1항, 제148조","대법원 1993. 11. 26. 선고 93도2346 판결(공1994상, 227), 대법원 2010. 2. 25. 선고 2009도11057 판결, 대법원 2014. 2. 27. 선고 2013도15885 판결","【피 고 인】 피고인
【상 고 인】 검사
【원심판결】 대전지법 2017. 9. 7. 선고 2017노1526 판결
【주 문】
원심판결을 파기하고, 사건을 대전지방법원에 환송한다. 
【이 유】 상고이유를 판단한다.
1. 원심 판단
가. 이 사건 공소사실 중 도로교통법 위반(사고후미조치) 부분의 요지는 다음과 같다. 
피고인은 2016. 12. 17. 16:51경 (차량번호 1 생략) 리베로 화물자동차(이하 ‘가해차량’이라 한다)를 운전하여 대전 ○구△△△로□□번길에 있는 ◇◇아파트☆동 옆 도로를 상가 입구 쪽에서 관리사무소 쪽으로 우회전하여 진행하다가 후진을 하게 되었다. 피고인은 후방주시의무를 게을리한 채 그대로 후진하여 때마침 피고인의 진행 방향 뒤쪽에서 피고인의 화물차를 따라 진행 중이던 피해자가 운전하는 (차량번호 2 생략) 폭스바겐 승용차(이하 ‘피해차량’이라 한다)의 왼쪽 앞펜더 부분을 가해차량 뒤쪽 범퍼 부분으로 들이받았다. 
피고인은 위와 같은 업무상 과실로 피해차량을 수리비 4,621,210원 상당이 들도록 손괴하고도 곧 정차하여 필요한 조치를 취하지 않고 그대로 도주하였다. 
나. 원심은 이 부분 공소사실을 무죄로 인정한 제1심판결을 그대로 유지하였다. 그 이유는 다음과 같다. 
피해차량의 견적수리비가 많이 나오긴 하였으나 실제 피해 정도가 경미하여 충돌로 인한 파편물이 도로에 흩어지지는 않았고, 피해자도 비교적 경미한 상해를 입었다. 피해자는 보험회사에 연락하고 경찰에 신고만 하였을 뿐 피고인을 추격하지는 않았다. 교통사고 장소는 아파트 단지 내의 도로로서 차량의 통행이 빈번하지 않고 주행 차량도 서행하는 곳이고, 날씨도 맑아 운전자들의 시야가 잘 확보된 상태여서 2차 사고의 위험성은 극히 낮았다. 검사가 제출한 증거만으로는 이 사건 교통사고로 인한 교통상의 위험과 장해를 제거하여 원활한 교통을 확보하기 위한 조치를 할 필요성이 있다고 인정하기 부족하다.
2. 대법원 판단 
가. 구 도로교통법(2016. 12. 2. 법률 제14356호로 개정되기 전의 것, 이하 ‘구 도로교통법’이라 한다) 제54조 제1항은 도로에서 일어나는 교통상의 위험과 장해를 방지·제거하여 안전하고 원활한 교통을 확보하는 것을 목적으로 한다. 교통사고를 일으킨 운전자는 사고 내용과 피해 정도 등 구체적 상황에 따라 건전한 양식에 비추어 통상 요구되는 정도의 조치를 취해야 한다. 교통사고를 일으킨 운전자가 자신의 인적 사항이나 연락처를 알려주지 않은 채 사고 후 즉시 차량을 운전하여 현장을 벗어나는 경우에는 도주의 운전 자체는 물론 이를 제지하거나 뒤쫓아 갈 것으로 예상되는 피해자의 추격 운전으로 또 다른 교통상의 위험과 장애가 야기될 수 있다는 점에서 필요한 조치를 다한 것으로 보기 어렵다. 사고로 인하여 피해 차량이 경미한 물적 피해를 입은 데 그치고 파편물이 도로 위에 흩어지지 않았더라도 달리 특별한 사정이 없는 한 마찬가지이다(대법원 1993. 11. 26. 선고 93도2346 판결, 대법원 2010. 2. 25. 선고 2009도11057 판결 등 참조). 
나. 원심판결 이유와 기록에 따르면 다음 사정을 알 수 있다. 
피고인이 운전상 과실로 교통사고를 일으켰는데, 당시 차량이 흔들릴 정도의 충격이 있었고 수리비가 4,621,210원일 정도로 피해차량이 손괴되었으며, 피해자는 경추 염좌 등의 상해를 입고 1주일간 입원치료를 받았다. 피고인은 사고 직후 불과 몇 초간 피해차량 쪽을 쳐다본 다음 아무런 조치도 하지 않은 채 곧바로 차량을 운전하여 현장을 벗어났다. 피해자의 경찰 진술에 따르면 피고인의 얼굴을 보았을 때 술을 마신 것으로 보였다는 것이고, 피고인의 진술에 따르더라도 음주·무면허운전으로 처벌받아 집행유예 기간 중에 무면허로 운전한 것이 발각될 것을 염려하여 도주하였다는 것이다. 피해자는 피고인이 도주할 때까지 운전석 쪽의 손괴로 운전석 문이 열리지 않아 피해차량에서 하차하지 못하였고 가해차량의 번호도 확인하지 못하였다. 
다. 이러한 사정을 위에서 본 법리에 비추어 살펴보면 다음과 같이 판단할 수 있다. 
피고인은 교통사고를 일으키고도 사고 직후 아무런 조치를 하지 않은 채 가해차량을 운전하여 현장을 벗어났다. 피해자가 실제로 피고인을 추격하지는 않았지만 사고 내용이나 피해 정도, 가해자인 피고인의 행태 등에 비추어 피고인을 추격하려 했을 가능성을 배제하기 어렵다. 피고인이 경찰관 등을 피하기 위해 급하게 가해차량을 운전하여 도주함으로써 피고인의 도주 운전 자체는 물론 이를 제지하거나 뒤쫓는 피해자의 추격 운전으로 또 다른 교통상의 위험과 장애가 야기될 수 있었다. 교통사고로 파편물이 도로 위에 흩어지지 않았고 피해자가 실제 피고인을 추격하지 않았으며 사고 발생 장소가 아파트 단지 내 도로이고 날씨가 맑아 시야가 잘 확보된 상태였다는 등의 사정은 위와 같은 판단에 영향을 미칠 수 없다. 교통사고를 일으킨 피고인으로서는 구 도로교통법 제54조 제1항에 따라 필요한 조치를 했어야 하는데도 아무런 조치를 하지 않고 도주한 것이다. 
도로교통법 위반(사고후미조치) 부분을 무죄로 인정한 제1심판결을 그대로 유지한 원심판결에는 논리와 경험의 법칙을 위반하여 자유심증주의의 한계를 벗어나거나 도로교통법 위반(사고후미조치)죄의 성립에 관한 법리를 오해하여 판결에 영향을 미친 잘못이 있다. 
3. 결론
원심판결 중 도로교통법 위반(사고후미조치) 부분은 파기되어야 할 것인데 이는 원심이 유죄로 인정한 나머지 부분과 상상적 경합범 관계에 있으므로 결국 원심판결은 전부 파기되어야 한다. 
그러므로 원심판결을 파기하고 사건을 다시 심리·판단하도록 원심법원에 환송하기로 하여, 대법관의 일치된 의견으로 주문과 같이 판결한다. 
대법관 이동원(재판장) 조희대 김재형(주심) 민유숙",C:\Users\jeff4\OneDrive - 엔시스코리아\personal\school\3\여름\DSL\EDA\data/source/criminal_sentencing_cases_2015_2026\raw\law_api\body\225341.xml,2026-07-07T05:42:49.086239+00:00,,suspended,Guilty,False,True,False,1,hit_run_injury,False,2017.0,2019,"원심판결을 파기하고, 사건을 대전지방법원에 환송한다.",,full_text_screening_only,0,,,unknown,,,,0,,1,0,0,,,,,,False,,,0.0,,,0.0,,,0.0,,,0.0,,,0.0,,,0.0,,,1.0,,"량 쪽을 쳐다본 다음 아무런 조치도 하지 않은 채 곧바로 차량을 운전하여 현장을 벗어났다. 피해자의 경찰 진술에 따르면 피고인의 얼굴을 보았을 때 술을 마신 것으로 보였다는 것이고, 피고인의 진술에 따르더라도 음주·무면허운전으로 처벌받아 집행유예 기간 중에 무면허로 운전한 것이 발각될 것을 염려하여 도주하였다는 것이다. 피해자는 피고인이 도주할 때까지 운전석 쪽의 손괴로 운전석 문이 열리지 않아 피해차량에서 하차하지 못하였고 가해차량의",2016,hit_run_injury,True,사건번호의 연도를 공소연도 대용치로 사용; 시행월 경계사건은 검수 필요,8.0,18.0,,,,1.0,1.0,1.0,0,0,0,선고형 자동추출 불일치; 병합·복수 죄명; 신뢰 가능한 양형이유 구간 없음; 상해기간 미추출,1
3671,P05-0511,511,205766,도로교통법위반(음주운전)·도로교통법위반(무면허운전),2017도21363,20180213,2018-02-13,대법원,400201,형사,400102,판결,선고,*,usable,third,legal_review,traffic,도로교통법위반(음주운전),multiple_charges,guilty,supreme_appeal_dismissed,single,lower_court_maintained,F,none,,주취 중 운전금지 규정을 상습적으로 위반한 자를 가중 처벌하는 도로교통법 제148조의2 제1항 제1호가 평등의 원칙이나 과잉금지원칙에 위배되어 위헌인지 여부(소극),,"헌법 제11조, 제37조 제2항, 도로교통법 제44조 제1항, 제148조의2 제1항 제1호",,"【피 고 인】 피고인
【상 고 인】 피고인
【변 호 인】 변호사 박세환
【원심판결】 춘천지법 2017. 11. 29. 선고 2017노398 판결
【주 문】
상고를 기각한다.
【이 유】 상고이유를 판단한다.
1. 도로교통법 제44조 제1항은 술에 취한 상태에서 자동자 등의 운전을 금지하고, 도로교통법 제148조의2 제1항 제1호(이하 ‘이 사건 대상조항’이라 한다)는 2회 이상 주취운전을 한 사람이 다시 술에 취한 상태에서 자동차 등을 운전한 경우 1년 이상 3년 이하의 징역이나 500만 원 이상 1천만 원 이하의 벌금에 처하도록 정하고 있다.
이 사건 대상조항은 주취 중 운전금지 규정을 상습적으로 위반한 자에 대하여 이를 가중 처벌함으로써 국민의 생명, 신체와 재산을 보호하고 도로교통과 관련된 안전을 확보하고자 하는 데 그 입법 목적이 있다. 이는 헌법 제37조 제2항이 정한 질서유지나 공공복리를 위한 것으로 정당성이 인정된다. 또한 주취 중 운전금지 규정을 3회 위반한 사람은 음주운전행위 사이의 간격이나 주취 정도와 관계없이 교통법규에 대한 준법정신이나 안전의식이 현저히 부족하다고 볼 수 있으므로, 위반 당시의 주취 정도의 경중을 고려하지 않고 3회 이상의 위반 횟수를 별도의 가중적 구성요건으로 하여 가중 처벌하는 것은 입법 목적 달성에 적절한 수단이라고 할 것이다. 이 사건 대상조항은 법정형을 1년 이상 3년 이하의 징역이나 500만 원 이상 1천만 원 이하의 벌금으로 폭넓게 정하여 음주운전이 반복된 횟수, 기간, 정도에 따라 법원이 그에 상응하는 처벌을 할 수 있도록 하고 있으므로 피해의 최소성 원칙에 반한다고 볼 수도 없다. 이 사건 대상조항은 음주운전으로 인하여 발생할 국민의 생명, 신체에 대한 위험을 예방하고 교통질서를 확립하려는 공익과 자동차 등을 운전하는 사람의 기본권이라는 사익 사이의 균형을 고려한 것으로 법익균형의 원칙에도 반하지 않는다. 이 사건 대상조항이 평등의 원칙이나 과잉금지원칙에 위배된다고 볼 수 없다. 따라서 이 사건 대상조항이 위헌이라는 상고이유 주장은 받아들일 수 없다.
2. 피고인의 상고는 이유 없으므로 이를 기각하기로 하여, 대법관의 일치된 의견으로 주문과 같이 판결한다.
대법관 김창석(재판장) 조희대 김재형(주심) 민유숙",C:\Users\jeff4\OneDrive - 엔시스코리아\personal\school\3\여름\DSL\EDA\data/source/criminal_sentencing_cases_2015_2026\raw\law_api\body\205766.xml,2026-07-07T05:42:49.086239+00:00,lawyer,both,Guilty,True,False,False,2,drunk_driving,False,2017.0,2018,상고를 기각한다.,,full_text_screening_only,0,,,unknown,,,,0,,1,0,0,,,,,,False,,,0.0,,,0.0,,,0.0,,,0.0,,,0.0,,,0.0,,,0.0,,,,,False,단순 음주운전 양형기준 시행(2023-07-01) 전 사건,,,,,,0.0,,0.0,0,1,0,선고형 자동추출 불일치; 병합·복수 죄명; 신뢰 가능한 양형이유 구간 없음; BAC 미추출,1
3631,P05-0471,471,207175,도로교통법위반(사고후미조치)·도로교통법위반(음주운전),2018고단1385,20181005,2018-10-05,의정부지방법원 고양지원,400202,형사,400102,판결,선고,*,usable,first,facts_sentencing,traffic,도로교통법위반(사고후미조치),multiple_charges,guilty,none,single,current_order,T,none,,,,,,"【피 고 인】 피고인
【검 사】 최재준(기소), 박예진(공판)
【변 호 인】 사법연수생 장수정(국선)
【주 문】
피고인을 징역 1년에 처한다.
【이 유】【범죄사실】【범죄전력】
피고인은 2010. 11. 25. 의정부지방법원에서 도로교통법위반(음주운전)죄 등으로 벌금 400만 원의 약식명령을, 2011. 1. 27. 서울북부지방법원에서 같은 죄 등으로 벌금 300만 원의 약식명령을 각 받고, 2011. 7. 21. 의정부지방법원 고양지원에서 같은 죄 등으로 징역 8개월에 집행유예 2년을 선고받았으며, 2015. 10. 23. 대전지방법원 천안지원에서 같은 죄로 벌금 300만 원을 선고받아 도로교통법위반(음주운전)죄로 2회 이상 처벌받은 전력이 있다.
한편, 피고인은 2016. 11. 4. 대전지방법원 천안지원에서 특수협박죄 등으로 징역 2년 6개월에 집행유예 4년을 선고받고 2016. 11. 12. 위 판결이 확정되어 현재 집행유예 기간 중이다.
【범죄사실】
피고인은 (차량등록번호 생략) 마티즈 승용차의 운전 업무에 종사하는 사람이다.
피고인은 2018. 2. 12. 04:20경 혈중알콜농도 0.108%의 술에 취한 상태로 위 승용차를 운전하여 파주시 (주소 생략)○○○○아파트 앞 노상을 아동사거리 쪽에서 ○○○○아파트 쪽으로 진행하던 중 음주의 영향으로 전방 및 좌우 주시의무를 게을리 하고 조향 및 제동 장치를 제 때 조작하지 못한 업무상 과실로 진행 방향 좌측에 있던 철재 중앙분리대를 위 피고인의 승용차 앞 범퍼 부분으로 들이받아 수리비 합계 90만 원 상당이 들도록 이를 파손하고도 즉시 정차하여 바닥에 흩어진 위 중앙분리대 파편을 정리하는 등 교통상의 위험방지를 위해 필요한 조치를 취하지 아니한 채 그대로 도주하였다.
이로써 피고인은 술에 취한 상태로 자동차를 운전하고, 차의 교통으로 인하여 물건을 손괴하고도 교통상의 위험방지를 위해 필요한 조치를 취하지 아니하였다.
【증거의 요지】1. 피고인의 법정진술
1. 공소외인에 대한 경찰 진술조서
1. 실황조사서
1. 주취운전자정황진술보고서
1. 견적서
1. 현장사진
1. 판시 전과 : 처분미상전과확인결과보고서, 범죄경력조회서
【법령의 적용】1. 범죄사실에 대한 해당법조 및 형의 선택
도로교통법 제148조, 제54조 제1항(사고후미조치의 점), 도로교통법 제148조의2 제1항 제1호, 제44조 제1항(음주운전의 점), 각 징역형 선택 
1. 경합범가중
형법 제37조 전단, 제38조 제1항 제2호, 제50조[형이 더 무거운 도로교통법위반(사고후미조치)죄에 정한 형에 경합범가중하되 형의 하한은 도로교통법위반(음주운전)죄에 정한 형의 그것에 의함] 
【양형의 이유】 피고인이 잘못을 인정하면서 반성하는 태도를 보이고 있다.
그러나 피고인은 판시 범죄전력 기재와 같이 2010년 이후 네 차례 음주운전으로 처벌받은 전력이 있음에도 재차 음주운전을 하였고, 이 사건 범행 당시의 혈중알콜농도 역시 결코 낮다고 볼 수 없다. 더욱이 피고인은 음주운전으로 교통사고를 일으켜 물적 피해를 발생시켰음에도 아무런 조치 없이 현장을 이탈하였는바, 그 죄질이 좋지 않다. 음주운전은 사회적 위험이 큰 중대한 범죄행위로 계속적이고 반복적으로 음주운전을 하는 행위에 대하여는 엄한 처벌이 필요하다.
위와 같은 정상들과 그 밖에 피고인의 나이, 성행, 환경, 가족관계, 음주운전을 하게 된 경위와 음주운전의 거리 등 이 사건 변론에 나타난 모든 양형 요소를 고려하여 주문과 같이 형을 정한다. 
판사 강영기",C:\Users\jeff4\OneDrive - 엔시스코리아\personal\school\3\여름\DSL\EDA\data/source/criminal_sentencing_cases_2015_2026\raw\law_api\body\207175.xml,2026-07-07T05:42:49.086239+00:00,public,suspended,Guilty,True,False,True,20,drunk_driving,False,2018.0,2018,피고인을 징역 1년에 처한다.,"피고인이 잘못을 인정하면서 반성하는 태도를 보이고 있다. 그러나 피고인은 판시 범죄전력 기재와 같이 2010년 이후 네 차례 음주운전으로 처벌받은 전력이 있음에도 재차 음주운전을 하였고, 이 사건 범행 당시의 혈중알콜농도 역시 결코 낮다고 볼 수 없다. 더욱이 피고인은 음주운전으로 교통사고를 일으켜 물적 피해를 발생시켰음에도 아무런 조치 없이 현장을 이탈하였는바, 그 죄질이 좋지 않다. 음주운전은 사회적 위험이 큰 중대한 범죄행위로 계속적이고 반복적으로 음주운전을 하는 행위에 대하여는 엄한 처벌이 필요하다. 위와 같은 정상들과 그 밖에 피고인의 나이, 성행, 환경, 가족관계, 음주운전을 하게 된 경위와 음주운전의 거리 등 이 사건 변론에 나타난 모든 양형 요소를 고려하여 주문과 같이 형을 정한다. 판사 강영기",sentencing_section,1,,,unknown,,,,0,,1,0,0,custodial,12.0,,order,165.0,False,피고인을 징역 1년에 처한다.,"[{""kind"": ""custodial"", ""months"": 12.0, ""fine_won"": NaN, ""region"": ""order"", ""score"": 165.0, ""snippet"": ""피고인을 징역 1년에 처한다.""}, {""kind"": ""custodial"", ""months"": 30.0, ""fine_won"": NaN, ""region"": ""full_text"", ""score"": 115.0, ""snippet"": ""지원에서 같은 죄 등으로 징역 8개월에 집행유예 2년을 선고받았으며, 2015. 10. 23. 대전지방법원 천안지원에서 같은 죄로 벌금 300만 원을 선고받아 도로교통법위반(음주운전)죄로 2회 이상 처벌받은 전력이 있다. 한편, 피고인은 2016. 11. 4. 대전지방법원 천안지원에서 특수협박죄 등으로 징역 2년 6개월에 집행유예 4년을 선고받고 2016. 11. 12. 위 판결이 확정되어 현재 집행유예 기간 중이다. 【범죄사""}, {""kind"": ""custodial"", ""months"": 8.0, ""fine_won"": NaN, ""region"": ""full_text"", ""score"": 115.0, ""snippet"": ""죄사실】【범죄전력】 피고인은 2010. 11. 25. 의정부지방법원에서 도로교통법위반(음주운전)죄 등으로 벌금 400만 원의 약식명령을, 2011. 1. 27. 서울북부지방법원에서 같은 죄 등으로 벌금 300만 원의 약식명령을 각 받고, 2011. 7. 21. 의정부지방법원 고양지원에서 같은 죄 등으로 징역 8개월에 집행유예 2년을 선고받았으며, 2015. 10. 23. 대전지방법원 천안지원에서 같은 죄로 벌금 300만 원을 ""}, {""kind"": ""custodial"", ""months"": 12.0, ""fine_won"": NaN, ""region"": ""full_text"", ""score"": 65.0, ""snippet"": ""【피 고 인】 피고인 【검 사】 최재준(기소), 박예진(공판) 【변 호 인】 사법연수생 장수정(국선) 【주 문】 피고인을 징역 1년에 처한다. 【이 유】【범죄사실】【범죄전력】 피고인은 2010. 11. 25. 의정부지방법원에서 도로교통법위반(음주운전)죄 등으로 벌금 400만 원의 약식명령을, 2011. 1. 27. 서울북부지방법원에서 같은 죄 등으로 벌금 300만 원의 약식명령을 각 받고, 2011. 7. 21. 의정부지방법원""}, {""kind"": ""fine"", ""months"": NaN, ""fine_won"": 4000000.0, ""region"": ""full_text"", ""score"": 10.0, ""snippet"": ""【피 고 인】 피고인 【검 사】 최재준(기소), 박예진(공판) 【변 호 인】 사법연수생 장수정(국선) 【주 문】 피고인을 징역 1년에 처한다. 【이 유】【범죄사실】【범죄전력】 피고인은 2010. 11. 25. 의정부지방법원에서 도로교통법위반(음주운전)죄 등으로 벌금 400만 원의 약식명령을, 2011. 1. 27. 서울북부지방법원에서 같은 죄 등으로 벌금 300만 원의 약식명령을 각 받고, 2011. 7. 21. 의정부지방법원""}]",0.0,0.0,,0.0,0.0,,0.0,0.0,,0.0,0.0,,1.0,1.0,"피고인이 잘못을 인정하면서 반성하는 태도를 보이고 있다. 그러나 피고인은 판시 범죄전력 기재와 같이 2010년 이후 네 차례 음주운전으로 처벌받은 전력이 있음에도 재차 음주운전을 하였고, 이 사건 범행 당시의 혈중알콜농도 역시 결코 낮다고 볼 수 없다. 더욱이 피고인은 음주운전으로 교통사고를 일으켜 물적 피해를 발생시켰음에도 아무런 조치 없이 현장을 이탈하였는바, || 수 없다. 더욱이 피고인은 음주운전으로 교통사고를 일으켜 물적 피해를 발생시켰음에도 아무런 조치 없이 현장을 이탈하였는바, 그 죄질이 좋지 않다. 음주운전은 사회적 위험이 큰 중대한 범죄행위로 계속적이고 반복적으로 음주운전을 하는 행위에 대하여는 엄한 처벌이 필요하다. 위와 같은 정상들과 그 밖에 피고인의 나이, 성행, 환경, 가족관계, 음주운전을 하게 된 경위와 음주운전의 거리 등 이 사건 변론에 나타난 모든 양형 요소를 고려하여 주문과 같이 형을 정한다. 판사 강",0.0,0.0,,0.0,0.0,,,,False,단순 음주운전 양형기준 시행(2023-07-01) 전 사건,,,,,,1.0,1.0,1.0,1,1,1,병합·복수 죄명; BAC 미추출,1
2062,P03-0482,482,205520,도로교통법위반(음주운전)·모욕·특수상해·협박·도로교통법위반(무면허운전)·업무방해·성폭력범죄의처벌등에관한특례법위반(카메라등이용촬영),2018노159,20180628,2018-06-28,제주지방법원,400202,형사,400102,판결,선고,*,usable,second,mixed,traffic,도로교통법위반(음주운전),multiple_charges,mixed,reversal,single,current_order,T,none,,,,,,"【피 고 인】 피고인
【항 소 인】 피고인
【검 사】 서정식, 진혜원, 한대웅(기소), 박양호(공판)
【변 호 인】 변호사 강상수(국선)
【원심판결】 제주지방법원 2018. 2. 22. 선고 2017고단847, 1592, 2355, 2502, 2573(병합) 판결
【주 문】
원심판결을 파기한다.
피고인을 징역 2년 6월에 처한다.
압수된 야구방망이 1개(제주지방검찰청 2017년 압제611호의 압수목록 기재 증 제1호)를 몰수한다.
이 사건 공소사실 중 성폭력범죄의처벌등에관한특례법위반(카메라등이용촬영)의 점은 각 무죄.
【이 유】1. 항소이유의 요지
가. 사실오인 내지 법리오해
수사기관이 피고인의 휴대전화를 압수하여 그로부터 획득한 이 사건 공소사실 중 성폭력범죄의처벌등에관한특례법위반(카메라등이용촬영)의 점과 관련된 증거들은 모두 위법하게 수집한 증거로서 증거능력이 없음에도, 원심은 사실을 잘못 인정하거나 법리를 오해하여 판결에 영향을 미친 위법을 범하였다.
나. 양형부당
원심이 선고한 형(징역 3년, 40시간의 성폭력 치료프로그램 이수, 몰수)은 너무 무거워서 부당하다.
2. 사실오인 내지 법리오해 주장에 관한 판단
가. 이 부분 공소사실의 요지
피고인은 2017. 7. 22. 제주시 소재 모텔에서 휴대전화를 이용하여 공소외 1이 옷을 벗고 잠을 자는 것을 그 의사에 반하여 5회에 걸쳐 사진 촬영하고 1회에 걸쳐 동영상 촬영한 후 공소외 2 등에게 제공하였다.
나. 인정사실
이 사건 기록에 의하면 다음과 같은 사실들을 인정할 수 있다.
1) 공소외 3은 수사기관에 2017. 8. 8. 피고인을 특수상해 및 협박 혐의로 고소하고, 2017. 8. 27. 피고인이 휴대전화를 이용하여 자신을 협박하는 내용으로 보낸 카카오톡 메시지를 출력하여 제출하였다.
2) 수사기관은 2017. 8. 30. 공소외 3에 대한 특수폭행치상 혐의로 체포영장에 의하여 피고인을 체포하는 과정에서 피고인이 소지하고 있던 휴대전화[(휴대전화번호 생략), 이하 ‘이 사건 휴대전화’라고 한다] 등을 영장 없이 압수한 후, 2017. 9. 1. 이 법원으로부터 공소외 3에 대한 특수상해 및 협박 혐의를 범죄사실로 하는 이 사건 휴대전화 등에 대한 사후 압수수색검증영장(이하 ‘이 사건 영장’이라고 한다)을 발부받았다.
3) 수사기관은 2017. 9. 2. 이 사건 휴대전화를 탐색하는 과정에서 공소외 1의 나체가 촬영된 사진과 동영상 파일(이하 ‘이 사건 전자정보’라고 한다)을 발견하여 CD(이하 ‘이 사건 CD'라고 한다)에 저장한 후, 2017. 9. 13. 이를 출력하여 수사기록에 편철하고 이를 제시하며 공소외 1에 대한 참고인 조사를 실시하였다.
4) 제주지방검찰청 검사는 2017. 9. 14. 이 법원에 공소외 1에 대한 성폭력범죄의처벌등에관한특례법위반(카메라등이용촬영) 혐의를 범죄사실로 하는 이 사건 CD에 대한 압수수색검증영장을 청구하였으나 기각되자, 2017. 9. 15. 피고인을 검찰청에 소환하여 피고인에 대한 피의자신문을 하면서 피고인의 동의를 받아 이 사건 CD에서 이 사건 전자정보를 출력한 후 다시 이를 피고인으로부터 임의 제출받는 형식을 취하는 한편, 피고인에게 2017. 9. 4. 이미 가환부된 이 사건 휴대전화를 다시 제출하도록 하였다.
5) 피고인은 2017. 9. 18. 이 사건 휴대전화를 보관하고 있던 공소외 4로 하여금 제주지방검찰청에 이 사건 휴대전화를 제출하도록 한 다음, 2017. 9. 19. “이 사건 휴대전화에 대한 하드카피·이미징, 전자정보의 탐색, 복제(이미징 포함) 또는 출력 등 증거물 확보 과정에 참관하지 않겠다”는 내용의 확인서에 서명날인을 하였다.
6) 수사기관은 다시 2017. 9. 26. 이 사건 휴대전화를 탐색하여 이 사건 전자정보를 추출하여 저장한 후, 2017. 10. 10. 이를 출력하여 수사기록에 편철하고 이를 제시하며 피고인에 대한 피의자신문을 실시하였다.
다. 이 사건 CD와 이 사건 CD에서 출력한 이 사건 전자정보, 그리고 이 사건 휴대전화에서 다시 추출한 이 사건 전자정보(이하 ‘이 사건 CD 등’이라고 한다)의 증거능력 인정 여부
1) 검사 또는 사법경찰관은 범죄수사에 필요한 때에는 피의자가 죄를 범하였다고 의심할 만한 정황이 있는 경우에 판사로부터 발부받은 영장에 의하여 압수·수색을 할 수 있으나, 압수·수색은 영장 발부의 사유로 된 범죄 혐의사실과 관련된 증거에 한하여 할 수 있는 것이므로, 영장 발부의 사유로 된 범죄 혐의사실과 무관한 별개의 증거를 압수하였을 경우 이는 원칙적으로 유죄 인정의 증거로 사용할 수 없다. 다만 수사기관이 그 별개의 증거를 피압수자 등에게 환부하고 후에 이를 임의 제출받아 다시 압수하였다면 그 증거를 압수한 최초의 절차 위반행위와 최종적인 증거수집 사이의 인과관계가 단절되었다고 평가할 수 있는 사정이 될 수 있으나, 환부 후 다시 제출하는 과정에서 수사기관의 우월적 지위에 의하여 임의제출의 명목으로 실질적으로 강제적인 압수가 행하여질 수 있으므로, 그 제출에 임의성이 있다는 점에 관하여는 검사가 합리적 의심을 배제할 수 있을 정도로 증명하여야 하고, 임의로 제출된 것이라고 볼 수 없는 경우에는 그 증거능력을 인정할 수 없다(대법원 2016. 3. 10. 선고 2013도11233 판결 참조).
2) 위 법리에 비추어 살피건대, 위 인정사실과 이 사건 기록에 의하여 알 수 있는 아래의 사정들을 종합하면, 이 사건 CD 등은 헌법과 형사소송법이 정한 적법절차를 위반하여 수집한 증거에 해당하므로, 피고인과 변호인이 그 증거 사용에 관하여 동의하였더라도 유죄의 증거로 사용할 수 없다.
① 이 사건 CD 등은 이 사건 영장 발부의 사유로 된 범죄 혐의사실과 무관한 별개의 증거로서 원칙적으로 유죄 인정의 증거로 사용할 수 없는 것이다.
② 제주지방검찰청 검사가 구속되어 재판을 받고 있던 피고인을 검찰청에 소환하여 국선변호인의 참여가 이루어지지 않은 상태에서 압수수색검증영장 청구의 기각 사실 등을 충분히 설명하지 않은 채, 피고인의 동의를 받아 이 사건 CD에서 이 사건 전자정보를 출력한 후 곧바로 이를 다시 피고인으로부터 임의 제출받는 형식을 취한 점에 비추어 보면, 그 제출에 임의성이 있는지가 합리적인 의심을 배제할 정도로 증명되었다고 할 수 없다.
③ 피고인이 공소외 4로 하여금 제주지방검찰청에 이 사건 휴대전화를 제출하도록 한 후, “이 사건 휴대전화에 대한 하드카피·이미징, 전자정보의 탐색, 복제(이미징 포함) 또는 출력 등 증거물 확보 과정에 참관하지 않겠다”는 내용의 확인서에 서명날인을 한 것도, 위와 같은 열악한 지위에서 이 사건 CD에 관한 최초 압수과정에서의 절차위반과 그 절차위반의 하자를 치유할 수 있는 임의제출의 법률적 의미 및 효과 등을 제대로 이해하지 못한 채 한 행위로 보일 뿐이다.
④ 결국 이 사건 CD 등은 피고인에 의하여 임의제출된 것으로 보기 어려워, 이 사건 영장에 기재된 범죄 혐의사실과 무관한 증거인 이 사건 CD 등을 압수한 최초의 절차 위반행위와 최종적인 증거수집 사이의 인과관계가 희석되거나 단절되었다고 보기 어렵다.
라. 공소외 1의 경찰 진술서와 피고인에 대한 검찰 피의자신문조서의 증거능력 인정 여부
이 사건 기록에 의하면, 위법하게 수집된 이 사건 CD 등에 기초하여 공소외 1에 대한 참고인 조사 및 피고인에 대한 피의자신문이 이루어졌음을 알 수 있으므로, 공소외 1의 경찰 진술서와 피고인에 대한 검찰 피의자신문조서는 위법수집증거에 기초하여 획득한 2차적 증거로서 1차적 증거인 이 사건 CD 등과의 인과관계가 희석되거나 단절되었다고 볼 수 없으므로, 이 사건 CD 등과 마찬가지로 피고인과 변호인이 그 증거 사용에 관하여 동의하였더라도 유죄의 증거로 사용할 수 없다.
마. 나머지 증거에 의한 이 사건 공소사실 중 성폭력범죄의처벌등에관한특례법위반(카메라등이용촬영)의 점의 증명 여부
앞서 본 바와 같은 이유로 유죄의 증거로 사용할 수 없는 각 증거를 모두 제외한 상태에서, 이 사건 공소사실 중 성폭력범죄의처벌등에관한특례법위반(카메라등이용촬영)의 점을 증명할 수 있는 증거는, 피고인이 공개된 원심 법정에서 진술거부권을 고지받고 국선변호인의 조력을 받으며 증거수집의 위법성에 관하여 충분히 이해하고 있는 상태로 한 자백 진술이 유일한데, 위 자백 진술을 보강할 만한 증거가 없으므로 이 또한 유죄의 증거로 삼을 수 없다.
따라서 이 사건 공소사실 중 성폭력범죄의처벌등에관한특례법위반(카메라등이용촬영)의 점은 범죄의 증명이 없는 경우에 해당하여 원심은 형사소송법 제325조 후단에 의하여 무죄를 선고하였어야 하는데, 사실을 잘못 인정하거나 법리를 오해하여 피고인에 대하여 유죄의 선고를 하였으므로, 이를 지적하는 피고인의 사실오인 내지 법리오해 주장은 이유 있다.
3. 직권 판단
가. 이 부분 공소사실의 요지는, 2008. 3. 12. 제주지방법원에서 도로교통법위반(음주운전)죄로 벌금 150만원의 약식명령을 받고 2017. 2. 2. 도로교통법위반(음주운전)으로 단속됨으로써 도로교통법 제44조 제1항을 2회 이상 위반한 피고인이, 2017. 2. 27. 02:10경 제주시 한경면 저지리에 있는 상호를 알 수 없는 통닭집 앞부터 같은 시 용금로 562에 있는 저지치안센터 앞 도로까지 약 1㎞ 구간에서 혈중알콜농도 0.177%의 술에 취한 상태로 (차량등록번호 1 생략) 엑티언 승용차를 운전함으로써, 다시 도로교통법 제44조 제1항을 위반하여 술에 취한 상태에서 자동차를 운전하였다는 것이다.
나. 그러나 다음과 같은 사정들을 종합하면, 도로교통법 제148조의2 제1항 제1호가 정한 “제44조 제1항을 2회 이상 위반한 사람”은 “제44조 제1항을 2회 이상 위반하여 유죄의 판결(확정된 경우 판결과 동일한 효력이 있는 약식명령 포함, 이하 같다)이 확정된 사람”을 의미하는 것으로 해석하여야 하므로, 도로교통법 제44조 제1항을 위반하여 유죄의 판결이 확정된 횟수가 1회에 불과한 피고인은 도로교통법 제148조의2 제1항 제1호가 정한 “제44조 제1항을 2회 이상 위반한 사람”에 해당한다고 볼 수 없다.
① 도로교통법 제44조 제1항을 위반한 혐의로 단속되었더라도 그와 관련된 유죄의 판결이 확정되기 전까지는 절차적 또는 실체적 사유로 인하여 무죄 판단의 가능성이 존재하므로, 도로교통법 제44조 제1항을 위반하였다고 단정할 수 없다.
② 도로교통법 제44조 제1항을 위반한 것과 관련하여 유죄의 판결이 확정되기 전에 그와 같은 단속사실만으로 도로교통법 제44조 제1항을 위반하였다고 해석하는 것은 “형사피고인은 유죄의 판결이 확정될 때까지는 무죄로 추정된다”는 대한민국 헌법 제27조 제4항에 위배된다.
③ 단기간에 음주운전을 반복하는 사람을 엄벌할 필요성이 있다는 형사정책적인 사유만으로 위헌적 법률해석을 할 수도 없다.
다. 따라서 도로교통법 제148조의2 제1항 제1호를 적용한 이 사건 공소사실 중 2017. 2. 27. 도로교통법위반(음주운전)의 점은 범죄의 증명이 없는 경우에 해당하는데, 원심은 이 부분 공소사실에 도로교통법 제148조의2 제2항 제2호를 적용하는 것을 넘어 도로교통법 제148조의2 제1항 제1호를 적용해 피고인에 대하여 유죄의 선고를 하였으므로, 원심판결에는 법령 적용을 그르쳐 판결에 영향을 미친 위법이 있다.
4. 결론
피고인의 양형부당 주장에 관하여 나아가 살필 필요 없이 원심판결은 더 이상 유지될 수 없으므로, 형사소송법 제364조 제2항, 제6항에 의하여 원심판결을 파기하고, 변론을 거쳐 다시 다음과 같이 판결한다.
【범죄사실 및 증거의 요지】 원심 범죄사실 중 「2017고단847」부분의 제6 내지 8행과 제13, 14행, 그리고 원심 범죄사실 및 증거의 요지 중 「2017고단2573」부분을 각 삭제하는 외에는 원심판결 각 해당란 기재와 같으므로, 형사소송법 제369조에 따라 그대로 인용한다. 
【법령의 적용】1. 범죄사실에 대한 해당법조 및 형의 선택
● 도로교통법위반(음주운전)의 점: 각 도로교통법 제148조의2 제2항 제2호, 제44조 제1항(각 징역형 선택)
● 모욕의 점: 형법 제311조(징역형 선택)
● 특수상해의 점: 형법 제258조의2 제1항, 제257조 제1항
● 협박의 점: 형법 제283조 제1항(징역형 선택)
● 도로교통법위반(무면허운전)의 점: 각 도로교통법 제152조 제1호, 제43조(각 징역형 선택)
● 업무방해의 점: 형법 제314조 제1항(징역형 선택)
1. 누범 가중
형법 제35조
1. 경합범 가중
형법 제37조 전단, 제38조 제1항 제2호, 제50조
1. 몰수
형법 제48조 제1항
【무죄부분】1. 이 사건 공소사실 중 성폭력범죄의처벌등에관한특례법위반(카메라등이용촬영)의 점의 요지는 제2의 가.항 기재와 같은데, 이 부분 공소사실은 앞서 파기이유에서 밝힌 바와 같이 범죄의 증명이 없는 경우에 해당하므로 형사소송법 제325조 후단에 의하여 무죄를 선고한다.
2. 이 사건 공소사실 중 2017. 2. 27. 도로교통법위반(음주운전)의 점의 요지는 제3의 가.항 기재와 같은데, 이 부분 공소사실은 앞서 파기이유에서 밝힌 바와 같이 범죄의 증명이 없는 경우에 해당하여 형사소송법 제325조 후단에 의하여 무죄를 선고하여야 하나, 이와 일죄의 관계에 있는 판시 2017. 2. 27. 도로교통법위반(음주운전)죄를 유죄로 인정한 이상 따로 주문에서 무죄를 선고하지 아니한다.
판사 이진석(재판장) 김연준 하승수",C:\Users\jeff4\OneDrive - 엔시스코리아\personal\school\3\여름\DSL\EDA\data/source/criminal_sentencing_cases_2015_2026\raw\law_api\body\205520.xml,2026-07-07T05:42:49.086239+00:00,public,both,Guilty,True,False,True,15,drunk_driving,False,2018.0,2018,원심판결을 파기한다. 피고인을 징역 2년 6월에 처한다. 압수된 야구방망이 1개(제주지방검찰청 2017년 압제611호의 압수목록 기재 증 제1호)를 몰수한다. 이 사건 공소사실 중 성폭력범죄의처벌등에관한특례법위반(카메라등이용촬영)의 점은 각 무죄.,,tagged_sentencing_reason,1,,,unknown,,,,0,,1,0,1,custodial,30.0,,order,185.0,False,원심판결을 파기한다. 피고인을 징역 2년 6월에 처한다. 압수된 야구방망이 1개(제주지방검찰청 2017년 압제611호의 압수목록 기재 증 제1호)를 몰수한다. 이 사건 공소사실 중 성폭력범죄의처벌등에관한특례법위반(카메라등이용촬영)의 점은 각 무죄.,"[{""kind"": ""custodial"", ""months"": 30.0, ""fine_won"": NaN, ""region"": ""order"", ""score"": 185.0, ""snippet"": ""원심판결을 파기한다. 피고인을 징역 2년 6월에 처한다. 압수된 야구방망이 1개(제주지방검찰청 2017년 압제611호의 압수목록 기재 증 제1호)를 몰수한다. 이 사건 공소사실 중 성폭력범죄의처벌등에관한특례법위반(카메라등이용촬영)의 점은 각 무죄.""}, {""kind"": ""custodial"", ""months"": 30.0, ""fine_won"": NaN, ""region"": ""full_text"", ""score"": 85.0, ""snippet"": ""피 고 인】 피고인 【항 소 인】 피고인 【검 사】 서정식, 진혜원, 한대웅(기소), 박양호(공판) 【변 호 인】 변호사 강상수(국선) 【원심판결】 제주지방법원 2018. 2. 22. 선고 2017고단847, 1592, 2355, 2502, 2573(병합) 판결 【주 문】 원심판결을 파기한다. 피고인을 징역 2년 6월에 처한다. 압수된 야구방망이 1개(제주지방검찰청 2017년 압제611호의 압수목록 기재 증 제1호)를 몰수한다""}, {""kind"": ""custodial"", ""months"": 36.0, ""fine_won"": NaN, ""region"": ""full_text"", ""score"": 85.0, ""snippet"": ""인의 휴대전화를 압수하여 그로부터 획득한 이 사건 공소사실 중 성폭력범죄의처벌등에관한특례법위반(카메라등이용촬영)의 점과 관련된 증거들은 모두 위법하게 수집한 증거로서 증거능력이 없음에도, 원심은 사실을 잘못 인정하거나 법리를 오해하여 판결에 영향을 미친 위법을 범하였다. 나. 양형부당 원심이 선고한 형(징역 3년, 40시간의 성폭력 치료프로그램 이수, 몰수)은 너무 무거워서 부당하다. 2. 사실오인 내지 법리오해 주장에 관한 ""}, {""kind"": ""fine"", ""months"": NaN, ""fine_won"": 1500000.0, ""region"": ""full_text"", ""score"": 10.0, ""snippet"": ""의하여 무죄를 선고하였어야 하는데, 사실을 잘못 인정하거나 법리를 오해하여 피고인에 대하여 유죄의 선고를 하였으므로, 이를 지적하는 피고인의 사실오인 내지 법리오해 주장은 이유 있다. 3. 직권 판단 가. 이 부분 공소사실의 요지는, 2008. 3. 12. 제주지방법원에서 도로교통법위반(음주운전)죄로 벌금 150만원의 약식명령을 받고 2017. 2. 2. 도로교통법위반(음주운전)으로 단속됨으로써 도로교통법 제44조 제1항을 2""}]",0.0,0.0,,0.0,0.0,,0.0,0.0,,0.0,0.0,,0.0,0.0,,0.0,0.0,,0.0,0.0,,,,False,단순 음주운전 양형기준 시행(2023-07-01) 전 사건,,,,,,0.0,,0.0,1,1,0,병합·복수 죄명; 중대 비대상 죄명 병합; BAC 미추출,1
2022,P03-0442,442,207170,도로교통법위반(사고후미조치)·도로교통법위반(음주운전),2018노3010,20190115,2019-01-15,의정부지방법원,400202,형사,400102,판결,선고,*,usable,second,mixed,traffic,도로교통법위반(사고후미조치),multiple_charges,guilty,reversal,single,current_order,T,none,,,,,,"【피 고 인】 피고인
【항 소 인】 피고인
【검 사】 최재준(기소), 남재현(공판)
【변 호 인】 법무법인 서울종합법무법인 담당변호사 윤상일
【원심판결】 의정부지방법원 고양지원 2018. 10. 5. 선고 2018고단1385 판결
【주 문】
원심판결을 파기한다.
피고인을 징역 6개월에 처한다.
【이 유】1. 항소이유의 요지
피고인에 대한 원심의 형(징역 1년)은 너무 무거워서 부당하다.
2. 판단
피고인은 이미 음주운전으로 벌금형 4회, 집행유예 1회를 선고받은 전력이 있음에도 재차 음주운전을 하다가 사고를 일으킨 후 도주하였는바 그 죄책이 무거운 점, 이 사건은 특수협박죄 등으로 집행유예 기간 중에 저지른 것인 점에 비추어 보면, 피고인에게 실형을 선고함이 불가피하다.
다만, 피고인이 범행을 인정하고 반성하는 태도를 보이는 점, 이 사건 교통사고로 손괴된 부분에 대해서 피해 변제를 마친 점, 이 사건으로 실형이 선고되어 확정될 경우 종전의 집행유예 선고가 실효되어 2년 6개월의 징역형이 집행될 것인 점, 피고인이 발달장애가 있는 아들을 부양하고 있는 점, 그 밖에 이 사건 변론에 나타난 모든 양형조건들을 종합하여 보면, 원심의 형은 다소 무거워서 부당하다고 인정된다.
따라서 피고인의 주장은 이유 있다.
3. 결론
그렇다면 피고인의 항소는 이유 있으므로 형사소송법 제364조 제6항에 따라 원심판결을 파기하고, 변론을 거쳐 다시 다음과 같이 판결한다.
【다시 쓰는 판결 이유】【범죄사실 및 증거의 요지】 이 법원이 인정하는 범죄사실과 그에 대한 증거의 요지는 원심판결의 각 해당란에 기재된 바와 같으므로 형사소송법 제369조에 따라 이를 그대로 인용한다.
【법령의 적용】1. 범죄사실에 대한 해당법조 및 형의 선택
도로교통법 제148조, 제54조 제1항(사고후미조치의 점), 도로교통법 제148조의2 제1항 제1호, 제44조 제1항(음주운전의 점), 각 징역형 선택 
1. 경합범가중
형법 제37조 전단, 제38조 제1항 제2호, 제50조
1. 작량감경
형법 제53조, 제55조 제1항 제3호
【양형의 이유】 앞서 항소이유에 관한 판단 부분에서 살펴본 여러 정상들을 참작하여, 주문과 같이 형을 정한다.
판사 조윤신(재판장) 정서현 이태호",C:\Users\jeff4\OneDrive - 엔시스코리아\personal\school\3\여름\DSL\EDA\data/source/criminal_sentencing_cases_2015_2026\raw\law_api\body\207170.xml,2026-07-07T05:42:49.086239+00:00,lawfirm,suspended,Guilty,True,False,True,15,drunk_driving,False,2018.0,2019,원심판결을 파기한다. 피고인을 징역 6개월에 처한다.,"앞서 항소이유에 관한 판단 부분에서 살펴본 여러 정상들을 참작하여, 주문과 같이 형을 정한다. 판사 조윤신(재판장) 정서현 이태호",sentencing_section,1,,,unknown,,,,0,,1,0,0,custodial,6.0,,order,185.0,False,원심판결을 파기한다. 피고인을 징역 6개월에 처한다.,"[{""kind"": ""custodial"", ""months"": 6.0, ""fine_won"": NaN, ""region"": ""order"", ""score"": 185.0, ""snippet"": ""원심판결을 파기한다. 피고인을 징역 6개월에 처한다.""}, {""kind"": ""custodial"", ""months"": 12.0, ""fine_won"": NaN, ""region"": ""full_text"", ""score"": 135.0, ""snippet"": ""사】 최재준(기소), 남재현(공판) 【변 호 인】 법무법인 서울종합법무법인 담당변호사 윤상일 【원심판결】 의정부지방법원 고양지원 2018. 10. 5. 선고 2018고단1385 판결 【주 문】 원심판결을 파기한다. 피고인을 징역 6개월에 처한다. 【이 유】1. 항소이유의 요지 피고인에 대한 원심의 형(징역 1년)은 너무 무거워서 부당하다. 2. 판단 피고인은 이미 음주운전으로 벌금형 4회, 집행유예 1회를 선고받은 전력이 있음""}, {""kind"": ""custodial"", ""months"": 6.0, ""fine_won"": NaN, ""region"": ""full_text"", ""score"": 135.0, ""snippet"": ""【피 고 인】 피고인 【항 소 인】 피고인 【검 사】 최재준(기소), 남재현(공판) 【변 호 인】 법무법인 서울종합법무법인 담당변호사 윤상일 【원심판결】 의정부지방법원 고양지원 2018. 10. 5. 선고 2018고단1385 판결 【주 문】 원심판결을 파기한다. 피고인을 징역 6개월에 처한다. 【이 유】1. 항소이유의 요지 피고인에 대한 원심의 형(징역 1년)은 너무 무거워서 부당하다. 2. 판단 피고인은 이미 음주운전으로 벌""}]",0.0,0.0,,0.0,0.0,,0.0,0.0,,0.0,0.0,,0.0,0.0,,0.0,0.0,,0.0,0.0,,,,False,단순 음주운전 양형기준 시행(2023-07-01) 전 사건,,,,,,1.0,1.0,1.0,1,1,1,병합·복수 죄명; BAC 미추출,1
2843,P04-0473,473,210659,도로교통법위반(음주운전),2018노7987,20190410,2019-04-10,수원지방법원,400202,형사,400102,판결,선고,*,usable,second,mixed,traffic,도로교통법(음주운전),simple,guilty,appeal_dismissed,single,lower_court_maintained,F,none,,,,,,"【피 고 인】 피고인
【항 소 인】 피고인
【검 사】 나상현(기소), 조재익(공판)
【변 호 인】 변호사 이원택
【원심판결】 수원지방법원 안산지원 2018. 12. 6. 선고 2018고단3428 판결
【주 문】
피고인의 항소를 기각한다.
【이 유】1. 항소이유의 요지
원심의 형(징역 4월)은 너무 무거워서 부당하다.
2. 판단
공판중심주의와 직접주의를 취하고 있는 형사소송법에서는 양형판단에 관하여도 제1심의 고유한 영역이 존재하고 제1심과 비교하여 양형의 조건에 변화가 없고 제1심의 양형이 재량의 합리적인 범위를 벗어나지 아니하는 경우에는 이를 존중함이 타당하다(대법원 2015. 7. 23. 선고 2015도3260 전원합의체 판결 참조).
당심에서 새로운 양형자료가 제출되지 아니하여 원심과 비교하여 양형조건의 변화가 없고, 이 사건 변론 과정에서 드러난 양형 사유들을 모두 종합하면 원심의 양형이 너무 무거워서 재량의 합리적인 범위를 벗어났다고 볼 수 없다.
3. 결론
피고인의 항소는 이유 없으므로 형사소송법 제364조 제4항에 따라 이를 기각하기로 하여 주문과 같이 판결한다.
판사 박석근(재판장) 차영민 서형주",C:\Users\jeff4\OneDrive - 엔시스코리아\personal\school\3\여름\DSL\EDA\data/source/criminal_sentencing_cases_2015_2026\raw\law_api\body\210659.xml,2026-07-07T05:42:49.086239+00:00,lawyer,imprisonment,Guilty,True,False,False,2,drunk_driving,False,2018.0,2019,피고인의 항소를 기각한다.,,full_text_screening_only,0,,,unknown,,,,0,,0,0,0,custodial,4.0,,full_text,85.0,False,"【피 고 인】 피고인 【항 소 인】 피고인 【검 사】 나상현(기소), 조재익(공판) 【변 호 인】 변호사 이원택 【원심판결】 수원지방법원 안산지원 2018. 12. 6. 선고 2018고단3428 판결 【주 문】 피고인의 항소를 기각한다. 【이 유】1. 항소이유의 요지 원심의 형(징역 4월)은 너무 무거워서 부당하다. 2. 판단 공판중심주의와 직접주의를 취하고 있는 형사소송법에서는 양형판단에 관하여도 제1심의 고유한 영역이 존재하고 제1심과 비교하여 양형의 조건에 변화가 없고 제1심의 양형이 재량의 합리적인 범위를 벗어나지 아니하는 경우에는 이를 존중함이 타당하다(대법원 2015. 7.","[{""kind"": ""custodial"", ""months"": 4.0, ""fine_won"": NaN, ""region"": ""full_text"", ""score"": 85.0, ""snippet"": ""【피 고 인】 피고인 【항 소 인】 피고인 【검 사】 나상현(기소), 조재익(공판) 【변 호 인】 변호사 이원택 【원심판결】 수원지방법원 안산지원 2018. 12. 6. 선고 2018고단3428 판결 【주 문】 피고인의 항소를 기각한다. 【이 유】1. 항소이유의 요지 원심의 형(징역 4월)은 너무 무거워서 부당하다. 2. 판단 공판중심주의와 직접주의를 취하고 있는 형사소송법에서는 양형판단에 관하여도 제1심의 고유한 영역이 존재""}]",0.0,,,0.0,,,0.0,,,0.0,,,0.0,,,0.0,,,0.0,,,,,False,단순 음주운전 양형기준 시행(2023-07-01) 전 사건,,,,,,0.0,,0.0,1,1,1,신뢰 가능한 양형이유 구간 없음; BAC 미추출,1
3595,P05-0435,435,208483,특정범죄가중처벌등에관한법률위반(도주치상)ㆍ도로ㆍ교통법위반(사고후미조치)ㆍ도로교통법위반(음주운전),2019노363,20190320,2019-03-20,수원지방법원,400202,형사,400102,판결,선고,*,usable,second,mixed,traffic,특정범죄가중처벌등에관한법률위반(도주치상),multiple_charges,guilty,reversal,single,current_order,T,none,,,,,,"【피 고 인】 피고인
【항 소 인】 피고인
【검 사】 김남용(기소), 봉진수(공판)
【변 호 인】 변호사 강승호(국선)
【원심판결】 수원지방법원 2019. 1. 15. 선고 2018고단5874 판결
【주 문】
원심판결을 파기한다.
피고인을 징역 6월에 처한다.
【이 유】1. 항소이유 (양형부당)
원심의 형(징역 8월)은 너무 무거워서 부당하다.
2. 직권판단
피고인의 주장에 관한 판단에 앞서 직권으로 살피건대, 불고불리의 원칙상 검사의 공소제기가 없으면 법원이 심판할 수 없고 법원은 검사가 공소제기한 범위 내에서 심판을 하는 것인바, 기록에 의하면 검사는 이 사건 각 공소사실 중 도로교통법위반(음주운전)의 점에 대하여 “도로교통법 제148조의2 제2항 제2호, 제44조 제1항”에 정한 도로교통법위반(음주운전)죄로 공소제기하였음(경찰 의견서에도 같은 조항을 적용법조로 기재하였고, 경찰 및 검사의 수사도 위 조항에 근거하여 진행되었다.)에도 원심은 공소장 변경이나 정정 없이 “도로교통법 제148조의2 제1항 제1호, 제44조 제1항”에 정한 도로교통법위반(음주운전)죄를 적용하여 유죄로 심판하였다.
그렇다면, 원심판결 중 도로교통법위반(음주운전) 부분은 불고불리의 원칙을 위반하여 판결에 영향을 미친 위법이 있고, 이 부분은 원심이 유죄로 인정한 나머지 부분과 형법 제37조 전단의 경합범 관계에 있으므로 결국 원심판결은 전부 파기되어야 한다.
3. 결론
그렇다면 원심판결은 위와 같은 직권파기 사유가 있으므로, 피고인의 양형부당 주장에 관한 판단을 생략한 채 형사소송법 제364조 제2항에 의하여 이를 파기하고, 다시 변론을 거쳐 아래와 같이 판결한다.
【다시 쓰는 판결 이유】【범죄사실 및 증거의 요지】 이 법원이 인정하는 범죄사실 및 이에 대한 증거의 요지는 원심판결 제2쪽 제17, 18, 19행과 제2쪽 제20행의 “위와 같이 술에 취한 상태에서의 운전금지의무를 2회 이상 위반한 사람으로” 및 제3쪽 제9행의 “수사보고(동종전과 약식명령문 첨부 보고)”를 각 삭제하는 외에는 원심판결의 각 해당란 기재와 같으므로, 형사소송법 제369조에 따라 이를 그대로 인용한다. 
【법령의 적용】1. 범죄사실에 대한 해당법조
도로교통법 제148조의2 제2항 제2호, 제44조 제1항(음주운전의 점), 특정범죄 가중처벌 등에 관한 법률 제5조의3 제1항 제2호, 형법 제268조(업무상과실치상 후 도주의 점), 도로교통법 제148조, 제54조 제1항(사고 후 미조치의 점)
1. 상상적 경합 
형법 제40조, 제50조
1. 형의 선택
각 징역형 선택
1. 누범가중
형법 제35조, 제42조 단서
1. 경합범가중
형법 제37조 전단, 제38조 제1항 제2호, 제50조(각 죄의 장기형을 합산한 형기의 범위 내에서)
1. 작량감경
형법 제53조, 제55조 제1항 제3호
【양형의 이유】 피고인이 누범기간 중 이 사건 각 범행을 저질렀고, 가석방되고 얼마 지나지 아니한 2018. 3.경 음주운전으로 벌금형을 선고받은 전력이 있기는 하나, 피고인이 이 사건 범행을 뉘우치며 깊이 반성하고 있는 점, 피해자가 입은 상해의 정도가 비교적 경미하고, 피해자와 원만히 합의한 점 등 제반 양형사유를 참작하였다.
판사 김귀옥(재판장) 김정운 박병곤",C:\Users\jeff4\OneDrive - 엔시스코리아\personal\school\3\여름\DSL\EDA\data/source/criminal_sentencing_cases_2015_2026\raw\law_api\body\208483.xml,2026-07-07T05:42:49.086239+00:00,public,both,Guilty,True,True,True,15,hit_run_injury,True,2019.0,2019,원심판결을 파기한다. 피고인을 징역 6월에 처한다.,"피고인이 누범기간 중 이 사건 각 범행을 저질렀고, 가석방되고 얼마 지나지 아니한 2018. 3.경 음주운전으로 벌금형을 선고받은 전력이 있기는 하나, 피고인이 이 사건 범행을 뉘우치며 깊이 반성하고 있는 점, 피해자가 입은 상해의 정도가 비교적 경미하고, 피해자와 원만히 합의한 점 등 제반 양형사유를 참작하였다. 판사 김귀옥(재판장) 김정운 박병곤",sentencing_section,1,,,unknown,,,,0,,1,0,0,custodial,6.0,,order,185.0,False,원심판결을 파기한다. 피고인을 징역 6월에 처한다.,"[{""kind"": ""custodial"", ""months"": 6.0, ""fine_won"": NaN, ""region"": ""order"", ""score"": 185.0, ""snippet"": ""원심판결을 파기한다. 피고인을 징역 6월에 처한다.""}, {""kind"": ""custodial"", ""months"": 6.0, ""fine_won"": NaN, ""region"": ""full_text"", ""score"": 85.0, ""snippet"": ""【피 고 인】 피고인 【항 소 인】 피고인 【검 사】 김남용(기소), 봉진수(공판) 【변 호 인】 변호사 강승호(국선) 【원심판결】 수원지방법원 2019. 1. 15. 선고 2018고단5874 판결 【주 문】 원심판결을 파기한다. 피고인을 징역 6월에 처한다. 【이 유】1. 항소이유 (양형부당) 원심의 형(징역 8월)은 너무 무거워서 부당하다. 2. 직권판단 피고인의 주장에 관한 판단에 앞서 직권으로 살피건대, 불고불리의 원칙""}, {""kind"": ""custodial"", ""months"": 8.0, ""fine_won"": NaN, ""region"": ""full_text"", ""score"": 85.0, ""snippet"": ""고 인】 피고인 【항 소 인】 피고인 【검 사】 김남용(기소), 봉진수(공판) 【변 호 인】 변호사 강승호(국선) 【원심판결】 수원지방법원 2019. 1. 15. 선고 2018고단5874 판결 【주 문】 원심판결을 파기한다. 피고인을 징역 6월에 처한다. 【이 유】1. 항소이유 (양형부당) 원심의 형(징역 8월)은 너무 무거워서 부당하다. 2. 직권판단 피고인의 주장에 관한 판단에 앞서 직권으로 살피건대, 불고불리의 원칙상 검""}]",1.0,1.0,"질렀고, 가석방되고 얼마 지나지 아니한 2018. 3.경 음주운전으로 벌금형을 선고받은 전력이 있기는 하나, 피고인이 이 사건 범행을 뉘우치며 깊이 반성하고 있는 점, 피해자가 입은 상해의 정도가 비교적 경미하고, 피해자와 원만히 합의한 점 등 제반 양형사유를 참작하였다. 판사 김귀옥(재판장) 김정운 박병곤",0.0,0.0,,1.0,1.0,"피고인이 누범기간 중 이 사건 각 범행을 저질렀고, 가석방되고 얼마 지나지 아니한 2018. 3.경 음주운전으로 벌금형을 선고받은 전력이 있기는 하나, 피고인이 이 사건 범행을 뉘우치며 깊이 반성하고 있는 점, 피해자가 입은 상해의 정도가 비교적 경미하고, 피해자와 원만히 합의한 점 등 제반 양형사유를 참작하였다. 판사 김귀옥(재판장) 김정운 박병곤",0.0,0.0,,1.0,1.0,"피고인이 누범기간 중 이 사건 각 범행을 저질렀고, 가석방되고 얼마 지나지 아니한 2018. 3.경 음주운전으로 벌금형을 선고받은 전력이 있기는 하나, 피고인이 이 사건 범행을 뉘우치며 깊이 반성하고 있는 점, 피해자가 입은 상해의 정도가 비교적 경미하고, 피해자와 원만히 합의한 점 등 제반 양형사유를 참작하였다. 판사 김귀옥(재판장) 김정운 박병 || 피고인이 누범기간 중 이 사건 각 범행을 저질렀고, 가석방되고 얼마 지나지 아니한 2018. 3.경 음주운전으로 벌금형을 선고받은 전력이 있기는 하나, 피고인이 이 사건 범행을 뉘우치며 깊이 반성하고 있는 점, 피해자가 입은 상",0.0,0.0,,0.0,0.0,,2016,hit_run_injury,True,사건번호의 연도를 공소연도 대용치로 사용; 시행월 경계사건은 검수 필요,8.0,18.0,,,1.0,0.0,,1.0,1,1,1,병합·복수 죄명; 상해기간 미추출,1
2008,P03-0428,428,207120,도로교통법위반(사고후미조치)·도로교통법위반(음주운전),2019도1503,20190411,2019-04-11,대법원,400201,형사,400102,판결,선고,*,usable,third,legal_review,traffic,도로교통법위반(사고후미조치),multiple_charges,guilty,supreme_appeal_dismissed,single,lower_court_maintained,F,none,,"주·정차된 차만 손괴한 것이 분명한 경우, 구 도로교통법 제54조 제1항 제2호에 따라 피해자에게 인적 사항을 제공하지 않은 사람은 도로교통법 제148조의 적용 범위에서 제외되고 도로교통법 제156조 제10호만 적용되는지 여부(적극) 및 그 밖에 구 도로교통법 제54조 제1항에 따른 교통사고 발생 시의 조치를 하지 않은 사람에 대하여는 여전히 도로교통법 제148조가 적용되는지 여부(적극)","2016. 12. 2. 법률 제14356호로 개정된 도로교통법 제54조(사고발생 시의 조치) 제1항, 제148조(벌칙), 제156조(벌칙) 제10호의 문언 내용과 입법 취지, 도로교통법 제148조와 도로교통법 제156조 제10호의 관계 등을 종합하면, 주·정차된 차만 손괴한 것이 분명한 경우에 도로교통법 제54조 제1항 제2호에 따라 피해자에게 인적 사항을 제공하지 않은 사람은 도로교통법 제148조의 적용 범위에서 제외되고 도로교통법 제156조 제10호만 적용되지만, 그 밖에 도로교통법 제54조 제1항에 따른 교통사고 발생 시의 조치를 하지 않은 사람은 여전히 도로교통법 제148조가 적용된다고 보아야 한다.","구 도로교통법(2018. 3. 27. 법률 제15530호로 개정되기 전의 것) 제54조 제1항, 도로교통법 제148조, 제156조 제10호",,"【피 고 인】 
【상 고 인】 피고인
【변 호 인】 서울종합법무법인 담당변호사 윤상일
【원심판결】 의정부지법 2019. 1. 15. 선고 2018노3010 판결
【주 문】
상고를 기각한다.
【이 유】 상고이유를 판단한다.
1. 도로교통법은 2016. 12. 2. 법률 제14356호로 다음과 같이 개정되었다.
도로교통법 제54조(사고발생 시의 조치) 제1항은 “차의 운전 등 교통으로 인하여 사람을 사상하거나 물건을 손괴(이하 ‘교통사고’라 한다)한 경우에는 그 차의 운전자나 그 밖의 승무원은 즉시 정차하여 다음 각호의 조치를 하여야 한다.”라고 정하면서 종전에 규정하고 있던 ‘사상자를 구호하는 등 필요한 조치’를 제1호로 하고, 제2호로 ‘피해자에게 인적 사항(성명·전화번호·주소 등을 말한다. 이하 제148조 및 제156조 제10호에서 같다) 제공’을 신설하였다.
도로교통법 제148조(벌칙)는 “제54조 제1항에 따른 교통사고 발생 시의 조치를 하지 아니한 사람(주·정차된 차만 손괴한 것이 분명한 경우에 제54조 제1항 제2호에 따라 피해자에게 인적 사항을 제공하지 아니한 사람은 제외한다)은 5년 이하의 징역이나 1,500만 원 이하의 벌금에 처한다.”라고 정하여 괄호 부분을 신설하였다.
도로교통법 제156조(벌칙)는 “다음 각호의 어느 하나에 해당하는 사람은 20만 원 이하의 벌금이나 구류 또는 과료에 처한다.”라고 정하면서 제10호로 ‘주·정차된 차만 손괴한 것이 분명한 경우에 제54조 제1항 제2호에 따라 피해자에게 인적 사항을 제공하지 아니한 사람’을 신설하였다.
2. 위와 같이 개정된 도로교통법 조항의 문언 내용과 입법 취지, 도로교통법 제148조와 도로교통법 제156조 제10호의 관계 등을 종합하면, 주·정차된 차만 손괴한 것이 분명한 경우에 도로교통법 제54조 제1항 제2호에 따라 피해자에게 인적 사항을 제공하지 않은 사람은 도로교통법 제148조의 적용 범위에서 제외되고 도로교통법 제156조 제10호만 적용되지만, 그 밖에 도로교통법 제54조 제1항에 따른 교통사고 발생 시의 조치를 하지 않은 사람은 여전히 도로교통법 제148조가 적용된다고 보아야 한다.
원심판결 이유를 위 법리와 적법하게 채택한 증거에 비추어 살펴보면, 원심의 판단에 상고이유 주장과 같이 도로교통법 제54조 제1항, 제148조의 적용 범위에 관한 법리를 오해하여 판결에 영향을 미친 잘못이 없다.
3. 피고인의 상고는 이유 없으므로 이를 기각하기로 하여, 대법관의 일치된 의견으로 주문과 같이 판결한다.
대법관 이동원(재판장) 조희대 김재형(주심) 민유숙",C:\Users\jeff4\OneDrive - 엔시스코리아\personal\school\3\여름\DSL\EDA\data/source/criminal_sentencing_cases_2015_2026\raw\law_api\body\207120.xml,2026-07-07T05:42:49.086239+00:00,lawfirm,both,Guilty,True,False,False,2,drunk_driving,False,2019.0,2019,상고를 기각한다.,,full_text_screening_only,0,,,unknown,,,,0,,1,0,0,,,,,,False,,,0.0,,,0.0,,,0.0,,,0.0,,,0.0,,,0.0,,,0.0,,,,,False,단순 음주운전 양형기준 시행(2023-07-01) 전 사건,,,,,,0.0,,0.0,0,1,0,선고형 자동추출 불일치; 병합·복수 죄명; 신뢰 가능한 양형이유 구간 없음; BAC 미추출,1
376,P01-0376,376,226079,특정범죄가중처벌등에관한법률위반(도주치상)·도로교통법위반(사고후미조치),2019도3225,20200206,2020-02-06,대법원,400201,형사,400102,판결,선고,*,usable,third,legal_review,traffic,특정범죄가중처벌등에관한법률위반,multiple_charges,guilty,remand,not_stated,not_stated,,none,,"[1] 도로교통법 제54조 제1항 제1호의 취지 / 교통사고 발생 시 운전자가 취하여야 할 조치의 내용과 정도
[2] 자동차 운전자인 피고인이 편도 3차로 도로의 1차로를 따라 진행하다가 2차로로 차선을 변경하는 과정에서 자신의 차량 우측 앞바퀴 부분으로 甲이 운전하던 피해차량의 좌측 뒤 펜더 부분을 들이받는 사고로 피해차량을 손괴하고도 필요한 조치를 취하지 아니하고 도주하였다고 하여 도로교통법 위반(사고후미조치)으로 기소된 사안에서, 사고 충격의 정도, 피해차량 운전자의 사고 직후 상태, 피해차량이 정차된 위치 등 제반 사정을 종합하면, 피해차량 운전자 甲이 실제로 피고인의 차량을 추격하지 않았다거나 추격 과정에서 교통상의 구체적 위험이 발생하지 않았더라도 사고로 인한 교통상의 위험과 장해가 발생하였다고 보이고, 피고인은 그러한 위험과 장해를 방지·제거하여 원활한 교통을 확보하기 위한 조치를 취할 필요가 있었다는 이유로, 이와 달리 보아 공소사실을 무죄로 판단한 원심판결에 법리오해의 잘못이 있다고 한 사례",,"[1] 도로교통법 제54조 제1항 제1호 / [2] 구 도로교통법(2018. 3. 27. 법률 제15530호로 개정되기 전의 것) 제54조 제1항 제1호, 도로교통법 제148조","[1] 대법원 2002. 10. 22. 선고 2002도4452 판결(공2002하, 2926), 대법원 2009. 5. 14. 선고 2009도787 판결(공2009상, 947), 대법원 2019. 10. 31. 선고 2019도10878 판결","【피 고 인】 피고인
【상 고 인】 피고인 및 검사
【변 호 인】 변호사 전용우 외 1인
【원심판결】 춘천지법 강릉지원 2019. 2. 14. 선고 2018노430 판결
【주 문】
원심판결을 파기하고, 사건을 춘천지방법원 강릉지원 합의부에 환송한다.
【이 유】 상고이유를 판단한다.
1. 검사의 상고이유에 관하여
가. 도로교통법 제54조 제1항 제1호의 취지는 도로에서 일어나는 교통상의 위험과 장해를 방지·제거하여 안전하고 원활한 교통을 확보하기 위한 것으로서 피해자의 피해를 회복시켜 주기 위한 것이 아니고, 이 경우 운전자가 취하여야 할 조치는 사고의 내용과 피해의 정도 등 구체적 상황에 따라 적절히 강구되어야 하고 그 정도는 건전한 양식에 비추어 통상 요구되는 정도의 조치를 말한다(대법원 2002. 10. 22. 선고 2002도4452 판결 등 참조).
나. 원심판결의 이유를 위 법리와 적법하게 채택된 증거에 비추어 살펴보면 다음과 같은 사정을 알 수 있다.
1) 피고인은 2018. 5. 13. 09:40경 (차량번호 1 생략) 25t 덤프트럭을 운전하여 삼척시 (주소 생략)○○아파트 앞 편도 3차로 도로를 정라진 쪽에서 삼척온천 쪽으로 1차로를 따라 진행하던 중 2차로로 차선을 변경하게 되었다. 
2) 피고인은 위와 같이 차선을 변경하는 과정에서 위 덤프트럭의 우측 앞바퀴 부분으로 당시 2차로로 주행하던 피해자 공소외 1이 운전하는 (차량번호 2 생략) 그랜저 승용차의 좌측 뒤 펜더 부분을 충격하였다(이하 ‘이 사건 사고’라 한다). 
3) 이 사건 사고로 인하여, 피해자 공소외 1의 목이 심하게 꺾이고 몸이 양옆으로 흔들리는 등 피해자 공소외 1과 그의 동승자인 피해자 공소외 2는 2주간의 치료가 필요한 경추의 염좌 및 긴장 등의 상해를 입었고, 수초 동안 떨리면서 밀려난 위 승용차는 뒤 펜더 부분이 찌그러지는 등 수리비가 3,816,439원이 들 정도로 파손되었다. 
4) 피해자 공소외 1은 이 사건 사고 직후 3차로와 갓길 사이에 승용차를 정차시켰는데, 피고인은 이 사건 사고를 인식하고도 정차하지도 않고 그대로 운전하여 도주하였다. 
다. 위와 같은 사고 충격의 정도, 피해차량 운전자의 사고 직후 상태, 피해차량이 정차된 위치 등 제반 사정을 종합하여 보면, 피해차량 운전자가 실제로 피고인의 차량을 추격하지 않았다거나 그 추격 과정에서 교통상의 구체적 위험이 발생하지 않았다고 하더라도, 사고로 인한 교통상의 위험과 장해가 발생하였다고 보이고 피고인으로서는 그러한 위험과 장해를 방지·제거하여 원활한 교통을 확보하기 위한 조치를 취할 필요가 있었다고 판단된다.
그런데도 원심은 이와 달리 피고인에게 교통상의 위험과 장해를 방지·제거할 의무가 있었다고 보이지 않는다고 판단하여, 도로교통법 위반(사고후미조치) 부분 공소사실을 유죄로 인정한 제1심판결을 파기하고 판결이유에서 무죄로 판단하였다. 이러한 원심의 판단에는 도로교통법 위반(사고후미조치)에 관한 법리를 오해하여 판결에 영향을 미친 잘못이 있고, 이 점을 지적하는 검사의 상고이유 주장은 이유 있다.
2. 피고인의 상고이유에 관하여
원심은, 판시와 같은 이유를 들어, 피해자들이 이 사건 사고로 인하여 상해를 입었다고 보아, 이 사건 공소사실 중「특정범죄 가중처벌 등에 관한 법률」위반(도주치상) 부분을 유죄로 판단한 제1심판결을 유지하였다.
원심판결 이유를 원심이 적법하게 채택하여 조사한 증거들에 비추어 살펴보면, 원심의 판단에 논리와 경험칙을 위배하여 자유심증주의의 한계를 벗어나는 등의 잘못이 없다.
3. 파기의 범위 
원심판결 중 도로교통법 위반(사고후미조치) 부분은 파기되어야 할 것인데 이는 원심이 유죄로 인정한 나머지 부분과 상상적 경합 관계에 있으므로 결국 원심판결은 전부 파기되어야 한다.
4. 결론
그러므로 원심판결을 파기하고 사건을 다시 심리·판단하게 하기 위하여 원심법원에 환송하기로 하여, 관여 대법관의 일치된 의견으로 주문과 같이 판결한다.
대법관 김선수(재판장) 권순일 이기택(주심) 박정화",C:\Users\jeff4\OneDrive - 엔시스코리아\personal\school\3\여름\DSL\EDA\data/source/criminal_sentencing_cases_2015_2026\raw\law_api\body\226079.xml,2026-07-07T05:42:49.086239+00:00,lawyer,,Guilty,False,True,False,1,hit_run_injury,False,2019.0,2020,"원심판결을 파기하고, 사건을 춘천지방법원 강릉지원 합의부에 환송한다.",,full_text_screening_only,0,,,unknown,,2.0,"2차로로 주행하던 피해자 공소외 1이 운전하는 (차량번호 2 생략) 그랜저 승용차의 좌측 뒤 펜더 부분을 충격하였다(이하 ‘이 사건 사고’라 한다). 3) 이 사건 사고로 인하여, 피해자 공소외 1의 목이 심하게 꺾이고 몸이 양옆으로 흔들리는 등 피해자 공소외 1과 그의 동승자인 피해자 공소외 2는 2주간의 치료가 필요한 경추의 염좌 및 긴장 등의 상해를 입었고, 수초 동안 떨리면서 밀려난 위 승용차는 뒤 펜더 부분이 찌그러지는 등 수리비가 3,816,439원이 들 정도로 파손되었다. 4) 피해자 공소외 1은 이 사건 사고 직후 3차로와 갓길 사이에 승용차를 정차시켰는데, 피고인은 이 사건 사고를 인식하고도",0,,1,0,0,,,,,,False,,,0.0,,,1.0,,"】 상고이유를 판단한다. 1. 검사의 상고이유에 관하여 가. 도로교통법 제54조 제1항 제1호의 취지는 도로에서 일어나는 교통상의 위험과 장해를 방지·제거하여 안전하고 원활한 교통을 확보하기 위한 것으로서 피해자의 피해를 회복시켜 주기 위한 것이 아니고, 이 경우 운전자가 취하여야 할 조치는 사고의 내용과 피해의 정도 등 구체적 상황에 따라 적절히 강구되어야 하고 그 정도는 건전한 양식에 비추어 통상 요구되는 정도의 조치를 말한다(대법원",0.0,,,0.0,,,0.0,,,0.0,,,0.0,,,2016,hit_run_injury,True,사건번호의 연도를 공소연도 대용치로 사용; 시행월 경계사건은 검수 필요,8.0,18.0,,,,,,,0,0,0,선고형 자동추출 불일치; 병합·복수 죄명; 신뢰 가능한 양형이유 구간 없음,1
1225,P02-0435,435,208401,특정범죄가중처벌등에관한법률위반(도주치상)·도로교통법위반(사고후미조치)·도로교통법위반(음주운전),2019도4608,20190613,2019-06-13,대법원,400201,형사,400102,판결,선고,*,usable,third,legal_review,traffic,도주치상·사고후미조치·음주운전,multiple_charges,guilty,supreme_appeal_dismissed,not_stated,lower_court_maintained,,none,공소장에 기재된 것보다 무거운 음주운전 적용법조를 공소장변경 없이 적용할 수 없다고 본 원심의 유죄판단을 유지하여 피고인과 검사의 상고를 모두 기각함,"[1] 법원이 공소장변경절차 없이 공소사실과 일부 다른 사실을 인정하거나 적용법조를 수정하더라도 불고불리 원칙에 위배되지 않는 경우 및 이에 해당하는지 판단하는 기준
[2] 검사가 피고인을 도로교통법 위반(음주운전)으로 기소하면서 공소사실을 ‘술에 취한 상태에서의 운전금지의무를 2회 이상 위반한 사람으로서 다시 혈중알코올농도 0.132%의 술에 취한 상태로 자동차를 운전하였다’고 기재하고, 적용법조를 ‘도로교통법 제148조의2 제2항 제2호, 제44조 제1항’으로 기재한 사안에서, 법원이 공소장변경 없이 직권으로 그보다 형이 무거운 ‘도로교통법 제148조의2 제1항 제1호, 제44조 제1항’을 적용하여 처벌하는 것은 불고불리 원칙에 반하여 피고인의 방어권 행사에 실질적인 불이익을 초래한다고 한 사례","[1] 피고인의 방어권 행사에 실질적인 불이익을 초래할 염려가 없는 경우에는 법원이 공소장변경절차 없이 일부 다른 사실을 인정하거나 적용법조를 수정하더라도 불고불리의 원칙에 위배되지 않는다. 그러나 피고인의 방어권 행사에 실질적인 불이익을 초래하는지는 공소사실의 기본적 동일성이라는 요소와 함께 법정형의 경중과 그러한 경중의 차이에 따라 피고인이 자신의 방어에 들일 노력·시간·비용에 관한 판단을 달리할 가능성이 뚜렷한지 여부 등 여러 요소를 종합하여 판단하여야 한다.
[2] 검사가 피고인을 도로교통법 위반(음주운전)으로 기소하면서 공소사실을 ‘도로교통법 위반(음주운전)죄로 소년보호사건 송치처분 및 벌금 150만 원의 약식명령을 받아 술에 취한 상태에서의 운전금지의무를 2회 이상 위반한 사람으로서 다시 혈중알코올농도 0.132%의 술에 취한 상태로 자동차를 운전하였다’고 기재하고, 적용법조를 ‘도로교통법 제148조의2 제2항 제2호, 제44조 제1항’으로 기재한 사안에서, 도로교통법 제44조 제1항은 술에 취한 상태에서 자동차 등의 운전을 금지하고, 도로교통법 제148조의2 제1항 제1호는 ‘제44조 제1항을 2회 이상 위반한 사람’으로서 다시 같은 조 제1항을 위반하여 술에 취한 상태에서 자동차 등을 운전한 사람을 무겁게 처벌하고 있으나, 검사가 도로교통법 제148조의2 제1항 제1호를 적용하지 않고 형이 가벼운 ‘도로교통법 제148조의2 제2항 제2호, 제44조 제1항’을 적용하여 공소를 제기하였으므로 법원이 공소장변경 없이 직권으로 그보다 형이 무거운 ‘도로교통법 제148조의2 제1항 제1호, 제44조 제1항’을 적용하여 처벌하는 것은 불고불리의 원칙에 반하여 피고인의 방어권 행사에 실질적인 불이익을 초래하며, 위 공소사실에 관하여 ‘도로교통법 제148조의2 제1항 제1호, 제44조 제1항’과 ‘도로교통법 제148조의2 제2항 제2호, 제44조 제1항’이 모두 적용될 수 있는지 여부는 위와 같은 결론에 영향을 미치지 않는다고 한 사례.","[1] 형사소송법 제254조 제3항, 제298조 / [2] 구 도로교통법(2018. 3. 27. 법률 제15530호로 개정되기 전의 것) 제44조 제1항, 제148조의2 제1항 제1호, 제2항 제2호, 형사소송법 제254조 제3항, 제298조","[1] 대법원 2007. 12. 27. 선고 2007도4749 판결(공2008상, 176), 대법원 2011. 2. 10. 선고 2010도14391, 2010전도119 판결(공2011상, 606)","【피 고 인】 
【상 고 인】 피고인 및 검사
【변 호 인】 변호사 박혜준
【원심판결】 수원지법 2019. 3. 20. 선고 2019노363 판결
【주 문】
상고를 모두 기각한다.
【이 유】 상고이유를 판단한다.
1. 검사의 상고이유에 관한 판단
가. 사건의 경과
원심판결 이유와 기록에 따르면 다음 사실을 알 수 있다.
(1) 검사는 2018. 10. 19. 이 사건 공소를 제기하면서, 도로교통법 위반(음주운전) 부분 공소사실을 “피고인은 2009. 10. 20. 수원지방검찰청에서 도로교통법 위반(음주운전)죄로 소년보호사건 송치처분을 받고, 2018. 3. 30. 수원지방법원에서 같은 죄로 벌금 150만 원의 약식명령을 받았다. 피고인은 위와 같이 술에 취한 상태에서의 운전금지의무를 2회 이상 위반한 사람으로, 혈중알코올농도 0.132%의 술에 취한 상태로 승용차를 운전하였다.”라고 기재하고, 적용법조를 “도로교통법 제148조의2 제2항 제2호, 제44조 제1항”이라고 기재하였다.
(2) 제1심은 2019. 1. 15. 도로교통법 위반(음주운전) 부분을 유죄로 판단하면서 공소장에 기재된 적용법조와 달리 “도로교통법 제148조의2 제1항 제1호, 제44조 제1항”을 적용하였다. 피고인은 항소를 하였다.
(3) 원심은 2019. 3. 20. 이 사건 공소사실 중 도로교통법 위반(음주운전) 부분에 관하여 다음과 같은 이유로 직권으로 제1심판결을 파기하고 공소장에 기재된 “도로교통법 제148조의2 제2항 제2호, 제44조 제1항”을 적용하여 유죄로 판단하였다. 경찰 의견서를 비롯하여 경찰과 검찰의 수사가 도로교통법 제148조의2 제2항 제2호, 제44조 제1항에 근거하여 진행되었고, 검사는 위 조항에 정한 도로교통법 위반(음주운전)죄로 공소를 제기했는데도, 제1심이 공소장에 기재된 적용법조와 다른 법률조항을 적용한 것은 불고불리의 원칙에 반하여 판결에 영향을 미친 잘못이 있다.
나. 판단
(1) 피고인의 방어권 행사에 실질적인 불이익을 초래할 염려가 없는 경우에는 법원이 공소장변경절차 없이 일부 다른 사실을 인정하거나 적용법조를 수정하더라도 불고불리의 원칙에 위배되지 않는다. 그러나 피고인의 방어권 행사에 실질적인 불이익을 초래하는지는 공소사실의 기본적 동일성이라는 요소와 함께 법정형의 경중과 그러한 경중의 차이에 따라 피고인이 자신의 방어에 들일 노력·시간·비용에 관한 판단을 달리할 가능성이 뚜렷한지 여부 등 여러 요소를 종합하여 판단하여야 한다(대법원 2007. 12. 27. 선고 2007도4749 판결, 대법원 2011. 2. 10. 선고 2010도14391, 2010전도119 판결 등 참조).
(2) 도로교통법 제44조 제1항은 술에 취한 상태에서 자동차 등의 운전을 금지하고, 도로교통법 제148조의2 제1항 제1호는 ‘제44조 제1항을 2회 이상 위반한 사람’으로서 다시 같은 조 제1항을 위반하여 술에 취한 상태에서 자동차 등을 운전한 사람을 무겁게 처벌하고 있다. 그러나 이 사건에서 검사는 도로교통법 제148조의2 제1항 제1호를 적용하지 않고 형이 가벼운 “도로교통법 제148조의2 제2항 제2호, 제44조 제1항”을 적용하여 공소를 제기하였다. 따라서 법원이 공소장변경 없이 직권으로 그보다 형이 무거운 “도로교통법 제148조의2 제1항 제1호, 제44조 제1항”을 적용하여 처벌하는 것은 불고불리의 원칙에 반하여 피고인의 방어권 행사에 실질적인 불이익을 초래한다. 이 사건 공소사실 중 도로교통법 위반(음주운전) 부분에 관하여 “도로교통법 제148조의2 제1항 제1호, 제44조 제1항”과 “도로교통법 제148조의2 제2항 제2호, 제44조 제1항”이 모두 적용될 수 있는지 여부는 위와 같은 결론에 영향을 미치지 않는다.
결국 원심이 도로교통법 위반(음주운전) 부분에 관하여 공소장에 기재된 대로 “도로교통법 제148조의2 제2항 제2호, 제44조 제1항”을 적용한 것은 정당하다. 원심의 판단에 상고이유 주장과 같이 불고불리의 원칙과 심판대상에 관한 법리를 오해한 잘못이 없다.
(3) 검사는 원심판결 전부에 대하여 상고하였으나, 나머지 부분에 대하여는 상고장과 상고이유서에 불복이유를 기재하지 않았다.
2. 피고인의 상고이유에 관한 판단
형사소송법 제383조 제4호에 따르면 사형, 무기 또는 10년 이상의 징역이나 금고가 선고된 사건에서만 양형부당을 이유로 상고할 수 있다. 따라서 피고인에 대하여 그보다 가벼운 형이 선고된 이 사건에서 형이 너무 무거워 부당하다는 주장은 적법한 상고이유가 아니다.
3. 결론
검사와 피고인의 상고는 이유 없어 이를 모두 기각하기로 하여, 대법관의 일치된 의견으로 주문과 같이 판결한다.
대법관 이동원(재판장) 조희대 김재형(주심) 민유숙",C:\Users\jeff4\OneDrive - 엔시스코리아\personal\school\3\여름\DSL\EDA\data/source/criminal_sentencing_cases_2015_2026\raw\law_api\body\208401.xml,2026-07-07T05:42:49.086239+00:00,lawyer,both,Guilty,True,True,False,2,hit_run_injury,True,2019.0,2019,상고를 모두 기각한다.,,full_text_screening_only,0,0.132,0.132,BAC_0.08_to_0.20,"부분 공소사실을 “피고인은 2009. 10. 20. 수원지방검찰청에서 도로교통법 위반(음주운전)죄로 소년보호사건 송치처분을 받고, 2018. 3. 30. 수원지방법원에서 같은 죄로 벌금 150만 원의 약식명령을 받았다. 피고인은 위와 같이 술에 취한 상태에서의 운전금지의무를 2회 이상 위반한 사람으로, 혈중알코올농도 0.132%의 술에 취한 상태로 승용차를 운전하였다.”라고 기재하고, 적용법조를 “도로교통법 제148조의2 제2항 제2호, 제44조 제1항”이라고 기재하였다. (2) 제1심은 2019. 1. 15. 도로교통법 위반(음주운전) 부분을 유죄로 판단하면서 공소장에 기재된 적용법조와 달리 “도로교통법 제148조의2 제1항",,,0,,1,0,0,fine,,1500000.0,full_text,0.0,False,"다음 사실을 알 수 있다. (1) 검사는 2018. 10. 19. 이 사건 공소를 제기하면서, 도로교통법 위반(음주운전) 부분 공소사실을 “피고인은 2009. 10. 20. 수원지방검찰청에서 도로교통법 위반(음주운전)죄로 소년보호사건 송치처분을 받고, 2018. 3. 30. 수원지방법원에서 같은 죄로 벌금 150만 원의 약식명령을 받았다. 피고인은 위와 같이 술에 취한 상태에서의 운전금지의무를 2회 이상 위반한 사람으로, 혈중알코올농도 0.132%의 술에 취한 상태로 승용차를 운전하였다.”라고 기재하고, 적용법조를 “도로교통법 제148조의2 제2항 제2호, 제44조 제1항”이라고 기재하였다. (2) 제1심은 2019","[{""kind"": ""fine"", ""months"": NaN, ""fine_won"": 1500000.0, ""region"": ""full_text"", ""score"": 0.0, ""snippet"": ""다음 사실을 알 수 있다. (1) 검사는 2018. 10. 19. 이 사건 공소를 제기하면서, 도로교통법 위반(음주운전) 부분 공소사실을 “피고인은 2009. 10. 20. 수원지방검찰청에서 도로교통법 위반(음주운전)죄로 소년보호사건 송치처분을 받고, 2018. 3. 30. 수원지방법원에서 같은 죄로 벌금 150만 원의 약식명령을 받았다. 피고인은 위와 같이 술에 취한 상태에서의 운전금지의무를 2회 이상 위반한 사람으로, 혈중""}]",0.0,,,0.0,,,0.0,,,0.0,,,0.0,,,0.0,,,0.0,,,2016,hit_run_injury,True,사건번호의 연도를 공소연도 대용치로 사용; 시행월 경계사건은 검수 필요,8.0,18.0,,,,0.0,,0.0,0,1,0,선고형 자동추출 불일치; 병합·복수 죄명; 신뢰 가능한 양형이유 구간 없음; 상해기간 미추출,1
1922,P03-0342,342,213439,"특정범죄가중처벌등에관한법률위반(위험운전치상), 도로교통법위반(음주운전)",2020노172,20200713,2020-07-13,서울서부지방법원,400202,형사,400102,판결,선고,*,usable,second,mixed,traffic,"특정범죄가중처벌등에관한법률위반(위험운전치상), 도로교통법위반(음주운전)",simple,mixed,reversal,multiple,current_order,T,none,,,,,,"【피 고 인】 피고인(영문 성명 1 생략)
【항 소 인】 피고인
【검 사】 최우혁(기소), 권동욱(공판)
【변 호 인】 법무법인 장강(담당변호사 김진동)
【원심판결】 서울서부지방법원 2020. 2. 6. 선고 2019고정69 판결
【주 문】
원심판결을 파기한다. 
피고인을 벌금 400만 원에 처한다. 
피고인이 위 벌금을 납입하지 아니하는 경우 10만 원을 1일로 환산한 기간 피고인을 노역장에 유치한다.
위 벌금 상당액의 가납을 명한다.
이 사건 공소사실 중 특정범죄가중처벌등에관한법률위반(위험운전치상)의 점은 무죄.
위 무죄부분 판결의 요지를 공시한다.
【이 유】1. 항소이유의 요지
가. 사실오인 및 법리오해
이 사건 공소사실 중 위험운전치상의 점(원심 판시 범죄사실 제2항)에 관하여, 이 사건 추돌 사고는 피고인 차량(차량번호 1 생략) 엔진의 시동이 꺼진 상태에서 피고인의 의사와 무관하게 위 차량이 경사면을 따라 후진하다 피해자의 택시를 충격하여 발생한 것으로, 당시 피고인이 위 차량을 운전하였다고 볼 수 없다. 그럼에도 피고인이 위 차량을 운전하였다고 보아 이 부분 공소사실에 관하여 유죄를 인정한 원심판결에는 사실오인 및 법리오해의 위법이 있다.
나. 양형부당
원심이 선고한 형(벌금 1,000만 원)은 너무 무거워서 부당하다. 
2. 사실오인 및 법리오해 주장에 관한 판단
가. 이 부분 공소사실의 요지
피고인은 (차량번호 1 생략) 아우디 승용차(이하 ‘이 사건 차량’이라 한다)의 운전업무에 종사하는 사람으로, 2018. 7. 17. 04:50경 서울 마포구 (주소 1 생략) 앞 도로에서, 위와 같이 술에 취한 상태로 이 사건 차량을 후진하게 되었다. 
당시는 야간이고, 이 사건 차량 후방에는 정차 중인 택시가 있었으므로, 자동차의 운전업무에 종사하는 사람에게는 전후방을 잘 살피고 차량의 조향 및 제동장치를 정확하게 조작하여 사고를 미리 방지하여야 할 업무상 주의의무가 있었다. 
그럼에도 피고인은 이를 게을리 한 채, 음주의 영향으로 정상적인 운전이 곤란한 상태에서 이 사건 차량을 운전한 과실로, 때마침 후방에 정차 중이던 피해자 공소외 2(54세)의 (차량번호 2 생략) 택시 앞부분을 이 사건 차량 뒷부분으로 그대로 들이받았다(이하 ‘이 사건 추돌 사고’라고 한다).
피고인은 위와 같은 업무상 과실로 피해자에게 약 2주간의 치료가 필요한 경추의 염좌 및 긴장 등의 상해를 입게 하였다.
나. 원심의 판단
원심은 이 부분 공소사실에 대하여 그 판시와 같은 사정들을 종합하여 피고인이 제동장치를 조작하면서 이 사건 차량을 운전하였다고 봄이 상당하다고 보아 피고인에게 유죄를 인정하였다. 
다. 당심의 판단
1) 관련 법리
자동차의 운전, 즉 자동차를 그 본래의 사용 방법에 따라 사용하는 것에 해당하기 위하여는 자동차의 원동기를 사용할 것을 요한다. 따라서 내리막길에 주차되어 있는 자동차의 핸드 브레이크를 풀어 타력주행을 하는 행위는 도로교통법상의 운전에 해당하지 아니한다(다만, 통상의 운전 중에 내리막길에 이르러 원동기를 일시적으로 정지하여 타력으로 주행시키는 것은 별론으로 한다). 그리고 자동차의 본래적 기능 및 도로교통법의 입법 취지에 비추어 볼 때, 주차 중의 자동차를 새로 발진시키려고 하는 경우에 자동차를 그 본래의 사용 방법에 따라 사용하였다고 하기 위하여는 단지 엔진을 시동시켰다는 것만으로는 부족하고 이른바 발진조작의 완료를 요하며, 또한 그로써 족하다. 이와 같은 ‘운전’은 자동차가 반드시 주행 상태에 있지 않더라도 주행의 전후단계로서 주·정차 상태에서 문을 열고 닫는 등 각종 부수적인 장치를 사용하는 것도 포함하는 자동차손해배상보장법상의 '운행'의 개념보다는 좁은 개념으로 해석된다(대법원 1999. 11. 12. 선고 98다30834 판결 등 참조). 
2) 판단
위와 같은 법리에 비추어 살피건대, 우선 피고인에 대하여 이 사건 위험운전치상죄를 유죄로 인정하기 위해서는 이 사건 추돌 사고 당시 피고인이 이 사건 차량을 ‘운전’한 점이 인정되어야 하고, 이를 인정하기 위해서는 피고인이 당시 이 사건 차량의 엔진을 시동시키고 발진조작(후진도 포함된다)을 완료하였거나 엔진 시동이 켜진 상태에서 발진조작을 완료하였다는 점이 인정되어야 할 것이다.
원심이 적법하게 채택하여 조사한 증거들 및 국립과학수사연구원의 각 감정서(공판기록 제110, 127쪽) 기재에 의하여 인정되는 다음과 같은 사실 및 사정, 즉 ① 이 사건 차량에는 이른바 STOP&GO 기능이 장착되어 있는데, 위 기능은 운전석 안전벨트 체결, 운전석 문 닫힘 등의 작동조건이 만족되지 않을 경우에는 자동 해제되는 점, ② 피고인은 원심 판시 범죄사실 1항과 같이 음주운전을 한 후 지인(知人)인 공소외 1(영문 성명 2 생략)에게 이 사건 차량의 운전을 맡기기 위하여 이 사건 사고 지점에 차량을 정차시키고 운전석 문을 열고 내렸고, 공소외 1이 운전석에 탑승한 사실, ③ 위와 같이 피고인이 이 사건 차량에서 내림으로써 위 STOP&GO 기능이 해제되어 이 사건 차량의 시동이 완전히 꺼진 것으로 보이는데, 공소외 1은 이전에 이 사건 차량을 운전해 본 경험이 없어 이러한 사실을 인지하지 못하고, 브레이크 페달 등을 조작하여 이 사건 차량을 운전하려 하였으나 오히려 이 사건 차량이 뒤로 밀린 점, ④ 이에 공소외 1이 이 사건 차량을 정차시키고 내린 후 다시 피고인이 운전석에 탑승하여 운전해 가려 하였으나 마찬가지로 이 사건 차량이 후진하면서 이 사건 추돌 사고를 야기한 사실, ⑤ 피해 택시에 설치된 블랙박스 영상에 의하면, 피고인이 재차 운전석에 탑승한 후 이 사건 차량이 뒤로 밀리면서 추돌 할 때까지 이 사건 차량의 후미 제동등 및 보조 제동등이 반복하여 점등 및 소등되는 장면이 확인되는데, 당시 피고인도 시동을 켜지 않은 상태에서 브레이크 페달을 조작한 것으로 보이는 점, ⑥ 사고현장의 CCTV 영상 및 위 블랙박스 영상에 관한 국립과학수사연구원의 감정서에 의하면, 감정인은 그 감정결과에서 ‘이 사건 차량이 후진할 시점에 피고인은 변속레버를 R(후진 기어)단에 놓지 않았던 것으로 판단되고, 피고인이 엔진이 꺼진 것을 인지하지 못하고 차량을 조작하던 중 차량이 경사로에서 뒤로 밀려 쏘나타 택시를 충돌하였을 가능성이 있다’는 의견을 제시한 사실, ⑦ 피고인이 제출한 증 제3호[(CD)사고현장 차량시험영상]에 의하면, 이 사건 사고 지점 도로에서 이 사건 차량과 동일한 차량에 앉은 사람이 시동을 켜지 않은 상태에서 브레이크 페달에서 발을 떼는 경우 차량이 뒤로 밀려 움직이는 모습이 확인되는 점 등을 종합하여 보면, 이 사건 추돌 사고 당시 이 사건 차량의 엔진 시동이 꺼진 상태였고, 이는 주행 중 위 STOP&GO 기능에 따른 일시적 상태가 아니었으므로, 이와 같이 엔진 시동이 꺼진 상황에서 비록 피고인이 이 사건 자동차를 운전해 가려고 브레이크 페달 등을 조작하다 이 사건 차량이 뒤로 진행하였다고 하더라도, 당시 변속레버를 후진기어에도 놓지 않은 점까지 보태어보면, 이는 피고인의 의지나 관여 없이 경사진 도로에서 이 사건 차량이 뒤로 움직인 것으로 ‘운전’에 해당한다고 볼 수는 없다. 달리 검사가 제출한 증거만으로 당시 피고인이 이 사건 차량의 엔진을 시동시키고 발진조작을 완료하였다거나 엔진 시동이 켜진 상태에서 발진조작을 완료하여 이 사건 차량을 운전하였다고 인정하기에 부족하다. 그렇다면 이 부분 공소사실은 범죄사실의 증명이 없는 경우에 해당하여 무죄를 선고하여야 할 것인바, 이를 유죄로 인정할 원심판결에는 사실오인 및 법리오해의 위법이 있다. 이 점을 지적한 피고인의 위 주장은 이유 있다. 
3. 결론
원심판결 중 위험운전치상의 점에 관한 피고인의 항소는 이유 있고, 원심판결은 이 부분에 해당하는 죄와 나머지 죄를 형법 제37조 전단의 경합범으로 처리하여 하나의 형을 선고하였으므로 원심판결은 전부 유지될 수 없게 되었다. 따라서 피고인의 양형부당 주장에 관한 판단을 생략한 채 형사소송법 제364조 제6항에 따라 원심판결을 파기하고 변론을 거쳐 다시 다음과 같이 판결한다.
【다시 쓰는 판결 이유】
범죄사실
피고인은 2018. 7. 17. 04:50경 서울 마포구 (주소 2 생략) 앞 도로부터 같은 구 (주소 3 생략) 앞 도로까지 약 100m 구간에서 혈중알코올농도 0.148%의 술에 취한 상태로 (차량번호 1 생략) 아우디 승용차를 운전하였다. 
증거의 요지
1. 피고인의 당심 법정진술
1. 음주운전단속사실 결과조회
1. 주취운전자정황진술보고서
법령의 적용
1. 범죄사실에 대한 해당법조 및 형의 선택
구 도로교통법(2018. 12. 24. 법률 제16037호로 개정되기 전의 것) 제148조의2 제2항 제2호, 제44조 제1항(벌금형 선택)
1. 노역장유치
형법 제70조 제1항, 제69조 제2항
1. 가납명령
형사소송법 제334조 제1항
양형의 이유
음주운전은 자신뿐 아니라 타인의 생명과 재산을 침해할 위험성이 매우 높은 범죄이므로 엄히 처벌할 필요성이 큰 점, 이 사건에서 피고인의 혈중알코올농도 수치가 상당히 높은 점은 피고인에게 불리한 정상이다. 
다만, 피고인이 이 사건 범행을 인정하고 반성하고 있는 점, 피고인에게 형사처벌 전력이 없는 점 등 피고인에게 유리한 정상이 있다. 
그 밖에 피고인의 나이, 성행, 범행의 동기, 결과 및 범행 후의 정황 등 여러 양형조건을 종합하여 주문과 같이 형을 정한다.
무죄부분
이 사건 공소사실 중 특정범죄가중처벌등에관한법률위반(위험운전치상)의 점의 요지는 위 제2의 가.항 기재와 같은바, 이는 위 제2의 다.항에서 본 바와 같이 범죄사실의 증명이 없는 경우에 해당하므로 형사소송법 제325조 후단에 의하여 피고인에게 무죄를 선고하고, 형법 제58조 제2항 본문에 의하여 이 부분 판결의 요지를 공시한다.
판사 황순교(재판장) 성지호 정계선",C:\Users\jeff4\OneDrive - 엔시스코리아\personal\school\3\여름\DSL\EDA\data/source/criminal_sentencing_cases_2015_2026\raw\law_api\body\213439.xml,2026-07-07T05:42:49.086239+00:00,lawfirm,fine,Guilty,True,False,True,15,drunk_driving,False,2020.0,2020,원심판결을 파기한다. 피고인을 벌금 400만 원에 처한다. 피고인이 위 벌금을 납입하지 아니하는 경우 10만 원을 1일로 환산한 기간 피고인을 노역장에 유치한다. 위 벌금 상당액의 가납을 명한다. 이 사건 공소사실 중 특정범죄가중처벌등에관한법률위반(위험운전치상)의 점은 무죄. 위 무죄부분 판결의 요지를 공시한다.,"음주운전은 자신뿐 아니라 타인의 생명과 재산을 침해할 위험성이 매우 높은 범죄이므로 엄히 처벌할 필요성이 큰 점, 이 사건에서 피고인의 혈중알코올농도 수치가 상당히 높은 점은 피고인에게 불리한 정상이다. 다만, 피고인이 이 사건 범행을 인정하고 반성하고 있는 점, 피고인에게 형사처벌 전력이 없는 점 등 피고인에게 유리한 정상이 있다. 그 밖에 피고인의 나이, 성행, 범행의 동기, 결과 및 범행 후의 정황 등 여러 양형조건을 종합하여 주문과 같이 형을 정한다. 무죄부분 이 사건 공소사실 중 특정범죄가중처벌등에관한법률위반(위험운전치상)의 점의 요지는 위 제2의 가.항 기재와 같은바, 이는 위 제2의 다.항에서 본 바와 같이 범죄사실의 증명이 없는 경우에 해당하므로 형사소송법 제325조 후단에 의하여 피고인에게 무죄를 선고하고, 형법 제58조 제2항 본문에 의하여 이 부분 판결의 요지를 공시한다. 판사 황순교(재판장) 성지호 정계선",sentencing_section,1,0.148,0.148,BAC_0.08_to_0.20,관한 판단을 생략한 채 형사소송법 제364조 제6항에 따라 원심판결을 파기하고 변론을 거쳐 다시 다음과 같이 판결한다. 【다시 쓰는 판결 이유】 범죄사실 피고인은 2018. 7. 17. 04:50경 서울 마포구 (주소 2 생략) 앞 도로부터 같은 구 (주소 3 생략) 앞 도로까지 약 100m 구간에서 혈중알코올농도 0.148%의 술에 취한 상태로 (차량번호 1 생략) 아우디 승용차를 운전하였다. 증거의 요지 1. 피고인의 당심 법정진술 1. 음주운전단속사실 결과조회 1. 주취운전자정황진술보고서 법령의 적용 1. 범죄사실에 대한 해당법조 및 형의 선택 구 도로교통법(2018. 12. 24. 법률 제16037호로 개정되기 전의,2.0,", 음주의 영향으로 정상적인 운전이 곤란한 상태에서 이 사건 차량을 운전한 과실로, 때마침 후방에 정차 중이던 피해자 공소외 2(54세)의 (차량번호 2 생략) 택시 앞부분을 이 사건 차량 뒷부분으로 그대로 들이받았다(이하 ‘이 사건 추돌 사고’라고 한다). 피고인은 위와 같은 업무상 과실로 피해자에게 약 2주간의 치료가 필요한 경추의 염좌 및 긴장 등의 상해를 입게 하였다. 나. 원심의 판단 원심은 이 부분 공소사실에 대하여 그 판시와 같은 사정들을 종합하여 피고인이 제동장치를 조작하면서 이 사건 차량을 운전하였다고 봄이 상당하다고 보아 피고인에게 유죄를 인정하였다. 다. 당심의 판단 1) 관련 법리 자동차의 운전",0,,1,0,0,fine,,4000000.0,order,185.0,False,원심판결을 파기한다. 피고인을 벌금 400만 원에 처한다. 피고인이 위 벌금을 납입하지 아니하는 경우 10만 원을 1일로 환산한 기간 피고인을 노역장에 유치한다. 위 벌금 상당액의 가납을 명한다. 이 사건 공소사실 중 특정범죄가중처벌등에관한법률위반(위험운전치상)의 점은 무죄. 위 무죄부분 판결의 요지를 공시한다.,"[{""kind"": ""fine"", ""months"": NaN, ""fine_won"": 4000000.0, ""region"": ""order"", ""score"": 185.0, ""snippet"": ""원심판결을 파기한다. 피고인을 벌금 400만 원에 처한다. 피고인이 위 벌금을 납입하지 아니하는 경우 10만 원을 1일로 환산한 기간 피고인을 노역장에 유치한다. 위 벌금 상당액의 가납을 명한다. 이 사건 공소사실 중 특정범죄가중처벌등에관한법률위반(위험운전치상)의 점은 무죄. 위 무죄부분 판결의 요지를 공시한다.""}, {""kind"": ""fine"", ""months"": NaN, ""fine_won"": 4000000.0, ""region"": ""full_text"", ""score"": 85.0, ""snippet"": ""【피 고 인】 피고인(영문 성명 1 생략) 【항 소 인】 피고인 【검 사】 최우혁(기소), 권동욱(공판) 【변 호 인】 법무법인 장강(담당변호사 김진동) 【원심판결】 서울서부지방법원 2020. 2. 6. 선고 2019고정69 판결 【주 문】 원심판결을 파기한다. 피고인을 벌금 400만 원에 처한다. 피고인이 위 벌금을 납입하지 아니하는 경우 10만 원을 1일로 환산한 기간 피고인을 노역장에 유치한다. 위 벌금 상당액의 가납을 ""}, {""kind"": ""fine"", ""months"": NaN, ""fine_won"": 10000000.0, ""region"": ""full_text"", ""score"": 85.0, ""snippet"": ""관하게 위 차량이 경사면을 따라 후진하다 피해자의 택시를 충격하여 발생한 것으로, 당시 피고인이 위 차량을 운전하였다고 볼 수 없다. 그럼에도 피고인이 위 차량을 운전하였다고 보아 이 부분 공소사실에 관하여 유죄를 인정한 원심판결에는 사실오인 및 법리오해의 위법이 있다. 나. 양형부당 원심이 선고한 형(벌금 1,000만 원)은 너무 무거워서 부당하다. 2. 사실오인 및 법리오해 주장에 관한 판단 가. 이 부분 공소사실의 요지 ""}]",0.0,0.0,,0.0,0.0,,1.0,1.0,"생명과 재산을 침해할 위험성이 매우 높은 범죄이므로 엄히 처벌할 필요성이 큰 점, 이 사건에서 피고인의 혈중알코올농도 수치가 상당히 높은 점은 피고인에게 불리한 정상이다. 다만, 피고인이 이 사건 범행을 인정하고 반성하고 있는 점, 피고인에게 형사처벌 전력이 없는 점 등 피고인에게 유리한 정상이 있다. 그 밖에 피고인의 나이, 성행, 범행의 동기, 결과 및 범행 후의 정황 등 여러 양형조건을 종합하여 주문과 같이 형을 정한다. 무죄부분",1.0,1.0,"매우 높은 범죄이므로 엄히 처벌할 필요성이 큰 점, 이 사건에서 피고인의 혈중알코올농도 수치가 상당히 높은 점은 피고인에게 불리한 정상이다. 다만, 피고인이 이 사건 범행을 인정하고 반성하고 있는 점, 피고인에게 형사처벌 전력이 없는 점 등 피고인에게 유리한 정상이 있다. 그 밖에 피고인의 나이, 성행, 범행의 동기, 결과 및 범행 후의 정황 등 여러 양형조건을 종합하여 주문과 같이 형을 정한다. 무죄부분 이 사건 공소사실 중 특정범죄가중처벌",0.0,0.0,,0.0,0.0,,0.0,0.0,,,,False,단순 음주운전 양형기준 시행(2023-07-01) 전 사건,,,,,,0.0,,0.0,1,1,1,병합·복수 죄명,1
2695,P04-0325,325,226689,도로교통법위반(음주운전)ㆍ도로교통법위반(무면허운전)ㆍ공문서부정행사ㆍ사서명위조ㆍ위조사서명행사ㆍ사문서위조ㆍ위조사문서행사,2020도14045,20201230,2020-12-30,대법원,400201,형사,400102,판결,선고,*,usable,third,legal_review,traffic,도로교통법(음주운전)ㆍ도로교,simple,guilty,supreme_appeal_dismissed,single,not_applicable,,none,,"[1] 사서명(私署名) 등 위조죄가 성립하려면 서명 등이 일반인으로 하여금 특정인의 진정한 서명 등으로 오신하게 할 정도에 이르러야 하는지 여부(적극) 및 일반인이 특정인의 진정한 서명 등으로 오신하기에 충분한 정도인지 판단하는 기준
[2] 피고인이 음주운전으로 단속되자 동생 甲의 이름을 대며 조사를 받다가 경찰관으로부터 음주운전 단속내역이 입력된 휴대용정보단말기(PDA)에 전자 서명할 것을 요구받자, 甲이라는 성명 옆에 서명을 하고 이를 경찰전산망에 전송하게 하여 사서명위조 및 위조사서명행사로 기소된 사안에서, 피고인이 휴대용정보단말기(PDA)에 표시된 음주운전단속결과통보 중 운전자 甲의 서명란에 甲의 이름 대신 의미를 알 수 없는 부호()를 기재한 행위가 甲의 서명을 위조한 것에 해당한다고 보아 공소사실을 유죄로 인정한 원심판단이 정당하다고 한 사례",,[1] 형법 제239조 / [2] 형법 제239조,"[1] 대법원 2005. 12. 23. 선고 2005도4478 판결, 대법원 2011. 3. 10. 선고 2011도503 판결","【피 고 인】 피고인
【상 고 인】 피고인
【변 호 인】 변호사 손금주
【원심판결】 울산지법 2020. 9. 17. 선고 2020노359 판결
【주 문】
상고를 기각한다.
【이 유】 상고이유를 판단한다.
사서명(私署名) 등 위조죄가 성립하려면 서명 등이 일반인으로 하여금 특정인의 진정한 서명 등으로 오신하게 할 정도에 이르러야 하고, 일반인이 특정인의 진정한 서명 등으로 오신하기에 충분한 정도인지 여부는 서명 등의 형식과 외관, 작성 경위뿐만 아니라 서명 등이 기재된 문서에 서명 등을 할 필요성, 문서의 작성 경위, 종류, 내용 그리고 일반거래에서 문서가 가지는 기능 등도 함께 고려하여 판단하여야 한다(대법원 2005. 12. 23. 선고 2005도4478 판결 참조).
원심은 이 사건 공소사실 중 사서명위조와 위조사서명행사 부분에 대하여, 피고인이 음주운전으로 단속되자 동생 공소외인의 이름을 대며 조사를 받다가 휴대용정보단말기(PDA)에 표시된 음주운전단속결과통보 중 운전자 공소외인의 서명란에 공소외인의 이름 대신 의미를 알 수 없는 부호()를 기재한 행위는 공소외인의 서명을 위조한 것에 해당한다고 판단하여, 이를 유죄로 판단한 제1심판결을 그대로 유지하였다. 원심판결 이유를 관련 법리와 적법하게 채택된 증거에 비추어 살펴보면, 원심판결에 논리와 경험의 법칙에 반하여 자유심증주의의 한계를 벗어나거나 사서명위조와 위조사서명행사죄의 성립에 관한 법리를 오해한 잘못이 없다.
형사소송법 제383조 제4호에 따르면 사형, 무기 또는 10년 이상의 징역이나 금고가 선고된 사건에서만 양형부당을 이유로 상고할 수 있다. 따라서 피고인에 대하여 그보다 가벼운 형이 선고된 이 사건에서 형이 너무 무거워 부당하다는 주장은 적법한 상고이유가 아니다. 
그러므로 상고를 기각하기로 하여, 대법관의 일치된 의견으로 주문과 같이 판결한다. 
대법관 이동원(재판장) 김재형(주심) 민유숙 노태악",C:\Users\jeff4\OneDrive - 엔시스코리아\personal\school\3\여름\DSL\EDA\data/source/criminal_sentencing_cases_2015_2026\raw\law_api\body\226689.xml,2026-07-07T05:42:49.086239+00:00,lawyer,imprisonment,Guilty,True,False,False,2,drunk_driving,False,2020.0,2020,상고를 기각한다.,,full_text_screening_only,0,,,unknown,,,,0,,1,0,0,,,,,,False,,,0.0,,,0.0,,,0.0,,,0.0,,,0.0,,,0.0,,,0.0,,,,,False,단순 음주운전 양형기준 시행(2023-07-01) 전 사건,,,,,,0.0,,0.0,0,1,0,선고형 자동추출 불일치; 병합·복수 죄명; 신뢰 가능한 양형이유 구간 없음; BAC 미추출,1
184,P01-0184,184,233049,사기·전자금융거래법위반·교통사고처리특례법위반(치상)·도로교통법위반(무면허운전)·도로교통법위반(음주운전),2020도16420,20221222,2022-12-22,대법원,400201,형사,400102,전원합의체 판결,선고,*,usable,third,legal_review,traffic,도로교통법위반(음주운전),simple,guilty,remand,not_stated,not_stated,FALSE,none,,"[1] 범죄의 성립과 처벌에 관하여 규정한 형벌법규 자체 또는 그로부터 수권 내지 위임을 받은 법령의 변경에 따라 범죄를 구성하지 아니하게 되거나 형이 가벼워진 경우, 종전 법령이 범죄로 정하여 처벌한 것이 부당하였다거나 과형이 과중하였다는 반성적 고려에 따라 변경된 것인지를 따지지 않고 원칙적으로 형법 제1조 제2항과 형사소송법 제326조 제4호가 적용되는지 여부(적극) / 이러한 법리는, 형벌법규가 고시 등 행정규칙·행정명령, 조례 등에 구성요건의 일부를 수권 내지 위임한 경우에도 그 고시 등 규정이 위임입법의 한계를 벗어나지 않는 한 마찬가지인지 여부(적극) / 해당 형벌법규 자체 또는 그로부터 수권 내지 위임을 받은 법령이 아닌 다른 법령이 변경된 경우, 형법 제1조 제2항과 형사소송법 제326조 제4호를 적용하기 위한 요건 / 스스로 유효기간을 구체적인 일자나 기간으로 특정하여 효력의 상실을 예정하고 있던 법령이 그 유효기간을 경과함으로써 더 이상 효력을 갖지 않게 된 경우가 형법 제1조 제2항과 형사소송법 제326조 제4호에서 말하는 ‘법령의 변경’에 해당하는지 여부(소극)
[2] 피고인이 도로교통법 위반(음주운전)죄로 처벌받은 전력이 있음에도 술에 취한 상태로 전동킥보드를 운전하였다고 하여 구 도로교통법 위반(음주운전)으로 기소되었는데, 구 도로교통법이 개정되어 원심판결 선고 후에 개정 도로교통법이 시행되면서 제2조 제19호의2 및 제21호의2에서 전동킥보드와 같은 ‘개인형 이동장치’와 이를 포함하는 ‘자전거 등’에 관한 정의규정을 신설함에 따라 개인형 이동장치 음주운전 행위는 자동차 등 음주운전 행위를 처벌하는 제148조의2의 적용 대상에서 제외되는 한편 자전거 등 음주운전 행위를 처벌하는 제156조 제11호가 적용되어 법정형이 종전보다 가볍도록 법률이 변경되고 별도의 경과규정은 두지 않은 사안에서, 이러한 법률 개정은 구성요건을 규정한 형벌법규 자체의 개정에 따라 형이 가벼워진 경우에 해당함이 명백하므로, 종전 법령이 반성적 고려에 따라 변경된 것인지를 따지지 않고 형법 제1조 제2항에 따라 신법인 도로교통법 제156조 제11호, 제44조 제1항으로 처벌할 수 있을 뿐이라는 이유로, 행위시법인 구 도로교통법 제148조의2 제1항, 도로교통법 제44조 제1항을 적용하여 공소사실을 유죄로 인정한 원심판결은 더 이상 유지될 수 없다고 한 사례","[1] [다수의견] 범죄 후 법률이 변경되어 그 행위가 범죄를 구성하지 아니하게 되거나 형이 구법보다 가벼워진 경우에는 신법에 따라야 하고(형법 제1조 제2항), 범죄 후의 법령 개폐로 형이 폐지되었을 때는 판결로써 면소의 선고를 하여야 한다(형사소송법 제326조 제4호). 이러한 형법 제1조 제2항과 형사소송법 제326조 제4호의 규정은 입법자가 법령의 변경 이후에도 종전 법령 위반행위에 대한 형사처벌을 유지한다는 내용의 경과규정을 따로 두지 않는 한 그대로 적용되어야 한다. 
따라서 범죄의 성립과 처벌에 관하여 규정한 형벌법규 자체 또는 그로부터 수권 내지 위임을 받은 법령의 변경에 따라 범죄를 구성하지 아니하게 되거나 형이 가벼워진 경우에는, 종전 법령이 범죄로 정하여 처벌한 것이 부당하였다거나 과형이 과중하였다는 반성적 고려에 따라 변경된 것인지 여부를 따지지 않고 원칙적으로 형법 제1조 제2항과 형사소송법 제326조 제4호가 적용된다. 형벌법규가 대통령령, 총리령, 부령과 같은 법규명령이 아닌 고시 등 행정규칙·행정명령, 조례 등(이하 ‘고시 등 규정’이라고 한다)에 구성요건의 일부를 수권 내지 위임한 경우에도 이러한 고시 등 규정이 위임입법의 한계를 벗어나지 않는 한 형벌법규와 결합하여 법령을 보충하는 기능을 하는 것이므로, 그 변경에 따라 범죄를 구성하지 아니하게 되거나 형이 가벼워졌다면 마찬가지로 형법 제1조 제2항과 형사소송법 제326조 제4호가 적용된다. 
그러나 해당 형벌법규 자체 또는 그로부터 수권 내지 위임을 받은 법령이 아닌 다른 법령이 변경된 경우 형법 제1조 제2항과 형사소송법 제326조 제4호를 적용하려면, 해당 형벌법규에 따른 범죄의 성립 및 처벌과 직접적으로 관련된 형사법적 관점의 변화를 주된 근거로 하는 법령의 변경에 해당하여야 하므로, 이와 관련이 없는 법령의 변경으로 인하여 해당 형벌법규의 가벌성에 영향을 미치게 되는 경우에는 형법 제1조 제2항과 형사소송법 제326조 제4호가 적용되지 않는다. 
한편 법령이 개정 내지 폐지된 경우가 아니라, 스스로 유효기간을 구체적인 일자나 기간으로 특정하여 효력의 상실을 예정하고 있던 법령이 그 유효기간을 경과함으로써 더 이상 효력을 갖지 않게 된 경우도 형법 제1조 제2항과 형사소송법 제326조 제4호에서 말하는 법령의 변경에 해당한다고 볼 수 없다. 
[대법관 조재연, 대법관 안철상의 별개의견] 종래 대법원판례의 법리는 기준이 불명확하고 판단이 자의적일 수 있다는 점에서, 다수의견이 이를 폐기하고 형법 제1조 제2항과 형사소송법 제326조 제4호에서 말하는 ‘법령의 변경’의 기준으로 ‘형사법적 관점의 변화’를 제시한 것은 기본적으로 타당하고, 이에 찬동할 수 있다. 그러나 다수의견이 형벌법규가 변경된 경우 원칙적으로 적용할 수 있는 기본 법리를 제시하는 데 그치지 않고 세분화된 유형별 법리를 구성한 후 각 유형별로 일률적인 결론을 정한 것은 다음과 같은 이유로 받아들이기 어렵다. 
첫째, 대법원은 형사법적 관점의 변화를 전제로 하는 법령의 변경이라고 해석할 수 있을 때 행위시법주의의 예외로서 형법 제1조 제2항을 적용할 수 있다는 취지로 종래 대법원판례를 대체하는 기본 법리를 제시하고, 이에 따라 사건을 해결할 수 있다면 이로써 충분하다. 이러한 기본 법리는 향후 개별 사건에서 구체적 공방을 거쳐 유형별로 또는 같은 유형이라도 달리 적용 내지 판단하는 등으로 발전하는 것이 바람직하고, 대법원으로서는 당해 사건 해결에 필요한 범위에서 기본 법리를 확인함으로써 새로운 길을 열어주는 역할을 하면 되는 것이다. 
둘째, 형사법의 근본적인 기능과 역할은 범죄를 처벌하고 예방함으로써 사회공동체의 질서를 유지하는 것이므로, 이를 지나치게 침해하지 않도록 행위시법주의의 예외를 적절한 범위에서 인정할 수 있는 균형 잡힌 해석이 필요하다. 다수의견은 유형별로 일률적인 결론을 정하고 있으나 형사법적 관점의 변화라는 상대적 가치를 지닌 관념이 특정한 유형에 항상 존재하거나 부존재한다고 볼 근거가 충분하지 않고, 또 구체적 개별 사건에서 균형 잡힌 해석의 가능성을 제한하는 결과가 되어 타당하다고 보기 어렵다. 
[대법관 노태악, 대법관 천대엽의 별개의견] 형법 제1조 제2항과 형사소송법 제326조 제4호에서 말하는 ‘법령의 변경’은 해당 형벌법규에 따른 범죄의 성립 및 처벌에 관한 형사법적 관점의 변화를 전제로 하여야 한다고 보아, 종전 법령에 따른 처벌이 부당하거나 과중하였다는 등 반성적 고려에 따라 변경된 것인지 여부를 따지지 않고, 형사법적 관점의 변화가 인정된다면 원칙적으로 형법 제1조 제2항과 형사소송법 제326조 제4호가 적용되어야 한다는 다수의견의 기본 입장은 타당하다. 
그러나 다수의견이 ‘유효기간을 구체적인 일자나 기간으로 특정하여 효력의 상실을 예정하고 있던 법령이 유효기간을 경과한 경우’를 형법 제1조 제2항과 형사소송법 제326조 제4호에서 말하는 법령의 변경에 해당하지 않는다고 보아 일률적으로 피고인에게 유리한 재판시법의 적용을 배제하고 행위시법의 추급효를 인정하여야 한다는 부분에는 동의할 수 없다. 
피고인에게 유리하게 형벌법규가 변경되었다는 관점에서 보면 법령이 개정·폐지된 경우와 법령의 유효기간이 경과된 경우는 본질적으로 차이가 없다. 형법 제1조 제2항과 형사소송법 제326조 제4호에서 말하는 ‘법령의 변경’이 범죄의 가벌성과 직접적으로 관련된 형사법적 관점의 변화를 전제로 하는 것이라면, 법령의 유효기간이 경과된 경우에도 추급효에 관한 경과규정을 두지 않은 이상 원칙적으로 피고인에게 유리한 재판시법이 적용되어야 한다. 
[2] 피고인이 도로교통법 위반(음주운전)죄로 4회 처벌받은 전력이 있음에도 술에 취한 상태로 전동킥보드를 운전하였다고 하여 구 도로교통법(2020. 6. 9. 법률 제17371호로 개정되어 2020. 12. 10. 시행되기 전의 것, 이하 같다) 위반(음주운전)으로 기소되었는데, 구 도로교통법이 2020. 6. 9. 개정되어 원심판결 선고 후인 2020. 12. 10. 개정 도로교통법이 시행되면서 제2조 제19호의2 및 제21호의2에서 전동킥보드와 같은 ‘개인형 이동장치’와 이를 포함하는 ‘자전거 등’에 관한 정의규정을 신설함에 따라 개인형 이동장치 음주운전 행위는 자동차 등 음주운전 행위를 처벌하는 제148조의2의 적용 대상에서 제외되는 한편 자전거 등 음주운전 행위를 처벌하는 제156조 제11호가 적용되어 법정형이 종전보다 가볍도록 법률이 변경되고 별도의 경과규정은 두지 않은 사안에서, 도로교통법 제44조 제1항 위반 전력이 있는 사람이 다시 술에 취한 상태로 전동킥보드를 운전한 행위는, 법률 개정 전에는 구 도로교통법 제148조의2 제1항이 적용되어 2년 이상 5년 이하의 징역이나 1천만 원 이상 2천만 원 이하의 벌금으로 처벌되었으나, 법률 개정 후에는 도로교통법 제156조 제11호가 적용되어 20만 원 이하의 벌금이나 구류 또는 과료로 처벌되게 되었고, 이러한 법률 개정은 구성요건을 규정한 형벌법규 자체의 개정에 따라 형이 가벼워진 경우에 해당함이 명백하므로, 종전 법령이 반성적 고려에 따라 변경된 것인지를 따지지 않고 형법 제1조 제2항에 따라 신법인 도로교통법 제156조 제11호, 제44조 제1항으로 처벌할 수 있을 뿐이라는 이유로, 행위시법인 구 도로교통법 제148조의2 제1항, 도로교통법 제44조 제1항을 적용하여 공소사실을 유죄로 인정한 원심판결은 더 이상 유지될 수 없다고 한 사례.","[1] 형법 제1조 제2항, 형사소송법 제326조 제4호 / [2] 형법 제1조 제2항, 구 도로교통법(2020. 6. 9. 법률 제17371호로 개정되기 전의 것) 제44조 제1항, 제148조의2 제1항, 도로교통법 제2조 제19호의2, 제21호의2, 제44조 제1항, 제148조의2 제1항, 제156조 제11호","[1] 대법원 1963. 1. 31. 선고 62도257 판결(집11-1, 형9)(변경), 대법원 1978. 2. 28. 선고 77도1280 판결(공1978, 10681)(변경), 대법원 1980. 7. 22. 선고 79도2953 판결(공1980, 13054)(변경), 대법원 1982. 10. 26. 선고 82도1861 판결(공1982, 71)(변경), 대법원 1984. 12. 11. 선고 84도413 판결(공1985, 184)(변경), 대법원 1997. 12. 9. 선고 97도2682 판결(공1998상, 353)(변경), 대법원 2003. 10. 10. 선고 2003도2770 판결(공2003하, 2211)(변경), 대법원 2010. 3. 11. 선고 2009도12930 판결(공2010상, 776)(변경), 대법원 2013. 7. 11. 선고 2013도4862, 2013전도101 판결(공2013하, 1553)(변경), 대법원 2016. 10. 27. 선고 2016도9954 판결(공2016하, 1867)(변경)","【피 고 인】 피고인 
【상 고 인】 피고인
【변 호 인】 변호사 조예경
【원심판결】 서울서부지법 2020. 11. 5. 선고 2020노868 판결 
【주 문】
원심판결을 파기하고, 사건을 서울서부지방법원에 환송한다. 
【이 유】 상고이유를 판단한다.
1. 사건의 개요와 쟁점
가. 이 사건 공소사실 중 도로교통법 위반(음주운전) 부분(이하 ‘이 부분 공소사실’이라고 한다)의 요지
피고인은 도로교통법 위반(음주운전)죄로 4회 처벌받은 전력이 있음에도 2020. 1. 5. 혈중알코올농도 0.209%의 술에 취한 상태로 전동킥보드를 운전하였다. 
나. 원심 판단
원심은 구 도로교통법(2020. 6. 9. 법률 제17371호로 개정되어 2020. 12. 10. 시행되기 전의 것, 이하 같다) 제148조의2 제1항, 도로교통법 제44조 제1항을 적용하여 이 부분 공소사실을 유죄로 판단하였다.
다. 이 사건 법률 개정
구 도로교통법이 2020. 6. 9. 법률 제17371호로 개정되어 원심판결 선고 후인 2020. 12. 10. 개정 도로교통법이 시행되면서 제2조 제19호의2 및 제21호의2에서 이 사건 전동킥보드와 같은 ‘개인형 이동장치’와 이를 포함하는 ‘자전거 등’에 관한 정의규정을 신설하였다. 이에 따라 개인형 이동장치는 자전거 등에 해당하게 되었으므로, 자동차 등 음주운전 행위를 처벌하는 제148조의2의 적용 대상에서 개인형 이동장치를 운전하는 경우를 제외하는 한편, 개인형 이동장치 음주운전 행위에 대하여 자전거 등 음주운전 행위를 처벌하는 제156조 제11호를 적용하도록 규정하였다(이하 ‘이 사건 법률 개정’이라고 한다). 
그 결과 이 부분 공소사실과 같이 도로교통법 제44조 제1항 위반 전력이 있는 사람이 다시 술에 취한 상태로 전동킥보드를 운전한 행위에 대하여, 이 사건 법률 개정 전에는 구 도로교통법 제148조의2 제1항을 적용하여 2년 이상 5년 이하의 징역이나 1천만 원 이상 2천만 원 이하의 벌금으로 처벌하였으나, 이 사건 법률 개정 후에는 도로교통법 제156조 제11호를 적용하여 20만 원 이하의 벌금이나 구류 또는 과료로 처벌하게 되었다. 이 사건 법률 개정은 이러한 내용의 신법 시행 전에 이루어진 구 도로교통법 제148조의2 제1항 위반행위에 대하여 종전 법령을 그대로 적용할 것인지에 관하여 별도의 경과규정을 두고 있지 아니하다. 
라. 이 사건의 쟁점
이 사건의 쟁점은 이 사건 법률 개정과 같이 범죄 후 법령의 변경에 의하여 그 행위가 범죄를 구성하지 아니하게 되거나 형이 가벼워진 경우 형법 제1조 제2항과 형사소송법 제326조 제4호를 적용하여 피고인에게 유리하게 변경된 신법에 따를 것인지 여부이다. 
종래 대법원은 이러한 쟁점의 해결을 위하여 법령의 변경에 관한 입법자의 동기를 고려하여 형법 제1조 제2항과 형사소송법 제326조 제4호의 적용 범위를 제한적으로 해석하는 입장을 견지해 왔다. 즉, 형벌법규 제정의 이유가 된 법률이념의 변경에 따라 종래의 처벌 자체가 부당하였다거나 또는 과형이 과중하였다는 반성적 고려에서 법령을 변경하였을 경우에만 형법 제1조 제2항과 형사소송법 제326조 제4호가 적용된다고 해석하여, 이러한 경우가 아니라 그때그때의 특수한 필요에 대처하기 위하여 법령을 변경한 것에 불과한 때에는 이를 적용하지 아니하고 행위 당시의 형벌법규에 따라 위반행위를 처벌하여야 한다는 판례 법리를 확립하여 오랜 기간 유지하여 왔다(대법원 1963. 1. 31. 선고 62도257 판결, 대법원 1978. 2. 28. 선고 77도1280 판결, 대법원 1980. 7. 22. 선고 79도2953 판결, 대법원 1982. 10. 26. 선고 82도1861 판결, 대법원 1984. 12. 11. 선고 84도413 판결, 대법원 1997. 12. 9. 선고 97도2682 판결, 대법원 2003. 10. 10. 선고 2003도2770 판결, 대법원 2010. 3. 11. 선고 2009도12930 판결, 대법원 2013. 7. 11. 선고 2013도4862, 2013전도101 판결, 대법원 2016. 10. 27. 선고 2016도9954 판결 등, 이하 ‘종래 대법원판례’라고 한다). 결국 이 사건의 쟁점은 이와 같은 종래 대법원판례 법리를 그대로 유지할 것인지에 관한 문제이다.
2. 이 사건의 쟁점에 관한 판단
가. 범죄 후 법률이 변경되어 그 행위가 범죄를 구성하지 아니하게 되거나 형이 구법보다 가벼워진 경우에는 신법에 따라야 하고(형법 제1조 제2항), 범죄 후의 법령 개폐로 형이 폐지되었을 때는 판결로써 면소의 선고를 하여야 한다(형사소송법 제326조 제4호). 이러한 형법 제1조 제2항과 형사소송법 제326조 제4호의 규정은 입법자가 법령의 변경 이후에도 종전 법령 위반행위에 대한 형사처벌을 유지한다는 내용의 경과규정을 따로 두지 않는 한 그대로 적용되어야 한다.
따라서 범죄의 성립과 처벌에 관하여 규정한 형벌법규 자체 또는 그로부터 수권 내지 위임을 받은 법령의 변경에 따라 범죄를 구성하지 아니하게 되거나 형이 가벼워진 경우에는, 종전 법령이 범죄로 정하여 처벌한 것이 부당하였다거나 과형이 과중하였다는 반성적 고려에 따라 변경된 것인지 여부를 따지지 않고 원칙적으로 형법 제1조 제2항과 형사소송법 제326조 제4호가 적용된다. 형벌법규가 대통령령, 총리령, 부령과 같은 법규명령이 아닌 고시 등 행정규칙·행정명령, 조례 등(이하 ‘고시 등 규정’이라고 한다)에 구성요건의 일부를 수권 내지 위임한 경우에도 이러한 고시 등 규정이 위임입법의 한계를 벗어나지 않는 한 형벌법규와 결합하여 법령을 보충하는 기능을 하는 것이므로, 그 변경에 따라 범죄를 구성하지 아니하게 되거나 형이 가벼워졌다면 마찬가지로 형법 제1조 제2항과 형사소송법 제326조 제4호가 적용된다. 
그러나 해당 형벌법규 자체 또는 그로부터 수권 내지 위임을 받은 법령이 아닌 다른 법령이 변경된 경우 형법 제1조 제2항과 형사소송법 제326조 제4호를 적용하려면, 해당 형벌법규에 따른 범죄의 성립 및 처벌과 직접적으로 관련된 형사법적 관점의 변화를 주된 근거로 하는 법령의 변경에 해당하여야 하므로, 이와 관련이 없는 법령의 변경으로 인하여 해당 형벌법규의 가벌성에 영향을 미치게 되는 경우에는 형법 제1조 제2항과 형사소송법 제326조 제4호가 적용되지 않는다.
한편 법령이 개정 내지 폐지된 경우가 아니라, 스스로 유효기간을 구체적인 일자나 기간으로 특정하여 효력의 상실을 예정하고 있던 법령이 그 유효기간을 경과함으로써 더 이상 효력을 갖지 않게 된 경우도 형법 제1조 제2항과 형사소송법 제326조 제4호에서 말하는 법령의 변경에 해당한다고 볼 수 없다.
나. 구체적인 이유는 아래와 같다.
1) 법문언에 따른 정당한 해석
가) 형법 제1조 제2항은 ""범죄 후 법률이 변경되어 그 행위가 범죄를 구성하지 아니하게 되거나 형이 구법보다 가벼워진 경우에는 신법에 따른다.""라고 규정하고, 형사소송법 제326조 제4호는 ""범죄 후의 법령 개폐로 형이 폐지되었을 때""는 판결로써 면소의 선고를 하여야 한다고 규정하고 있다. 이와 같이 형법 제1조 제2항과 형사소송법 제326조 제4호는 범죄 후 피고인에게 유리하게 법령이 변경된 경우 행위시법이 아니라 피고인에게 유리한 재판시법을 적용한다는 취지임이 문언상 명백하다.
법은 원칙적으로 불특정 다수인에 대하여 동일한 구속력을 갖는 사회의 보편타당한 규범이므로 법의 표준적 의미를 밝혀 객관적 타당성이 있도록 해석하여야 하고, 가급적 모든 사람이 수긍할 수 있는 일관성을 유지함으로써 법적 안정성이 손상되지 않도록 하여야 한다. 그러기 위해서는 가능한 한 법률에 사용된 문언의 통상적인 의미에 충실하게 해석하는 것을 원칙으로 하여야 한다. 한편 법률의 문언 자체가 비교적 명확한 개념으로 구성되어 있다면 원칙적으로 더 이상 다른 해석방법은 활용할 필요가 없거나 제한될 수밖에 없고, 어떠한 법률의 규정에서 사용된 용어에 관하여 그 법률 및 규정의 입법취지와 목적을 중시하여 문언의 통상적 의미와 다르게 해석하려 하더라도 당해 법률 내의 다른 규정들 및 다른 법률과의 체계적 관련성 내지 전체 법체계와의 조화를 무시할 수 없으므로, 거기에는 일정한 한계가 있을 수밖에 없다(대법원 2021. 3. 18. 선고 2018두47264 전원합의체 판결 등 참조).
종래 대법원판례는 형법 제1조 제2항과 형사소송법 제326조 제4호의 적용 범위를 제한적으로 해석하여, 개별 사건에서 해당 법령 변경의 동기를 두 가지 유형으로 준별하고 법령 변경의 동기가 종래의 처벌 자체가 부당하였다거나 또는 과형이 과중하였다는 반성적 고려에 따른 경우에만 재판시법을 적용하였다. 그러나 앞서 본 법리에 비추어 보면 형법 제1조 제2항과 형사소송법 제326조 제4호에서 말하는 법령의 변경에 관하여 문언의 명확한 개념과 다르게 종래 대법원판례와 같이 반성적 고려에 따른 것인지에 따라 그 해당 여부를 달리하여야 하는 근거를 찾기가 어렵다.
나) 법령 변경의 동기가 반성적 고려에 따른 경우에만 형법 제1조 제2항과 형사소송법 제326조 제4호를 적용하는 해석론은 결국 법문에 없는 추가적인 적용 요건을 설정하는 것으로서 목적론적 축소해석에 해당한다고 볼 수 있다. 
그러나 법문을 기초로 한 엄격해석의 원칙은 형사법 해석의 기본 원칙으로서 최대한 존중되어야 하고, 목적론적 해석도 문언의 통상적인 의미를 벗어나서는 아니 된다. 특히 형법 제1조 제2항과 형사소송법 제326조 제4호의 적용 여부는 개별 사건에서 해당 피고인에 대한 형사처벌 여부와 법정형을 곧바로 결정하는 중요한 문제이다. 피고인에게 유리한 형법 제1조 제2항과 형사소송법 제326조 제4호를 축소해석하는 것은 결국 처벌 범위의 확장으로 이어지게 되므로, 목적론적 관점에서 이를 제한적으로 해석하는 것에는 신중을 기하여야 한다. 
나아가 이 사건의 쟁점은 형벌법규의 시적 적용 범위에 관한 것으로서 행위시법과 재판시법 사이에서 형사재판의 적용법조를 결정하는 문제이므로, 형사절차의 명확성과 안정성, 예측가능성을 담보하기 위하여 가장 기초가 되는 사항이다. 따라서 형사법의 체계상으로도 법문에 충실한 해석의 필요성이 무엇보다 큰 영역에 해당하므로, 형법 제1조 제2항과 형사소송법 제326조 제4호에 관한 목적론적 축소해석은 법률문언의 가능한 의미를 기초로 하여 불가피하고 합리적인 범위 내로 최대한 제한되어야 한다.
다) 독일의 경우 독일 형법 제2조 제4항이 한시법에 대하여 원칙적으로 추급효를 인정하는 명문규정을 두고 있기 때문에 그 해석·적용과 관련하여 판례와 다수 학설이 종래 대법원판례와 유사한 태도를 취하고 있다. 그러나 우리 형법 제1조는 그와 같은 규정을 두고 있지 않아 법률해석의 기초가 되는 법문 자체가 상이하므로 독일에서의 논의를 우리 형사법의 해석에 그대로 원용하기는 어렵다.
2) 입법자의 의사를 실현하는 경과조치의 가능성
가) 범죄 후 피고인에게 유리하게 법령이 변경된 경우라도 입법자는 경과규정을 둠으로써 재판시법의 적용을 배제하고 행위시법을 적용하도록 할 수 있다. 피고인에게 유리하게 형벌법규를 개정하면서 부칙에서 신법 시행 전의 범죄에 대하여는 종전 형벌법규를 적용하도록 규정한다고 하여 헌법상의 형벌불소급의 원칙이나 신법우선주의에 반한다고 할 수 없다(대법원 1999. 7. 9. 선고 99도1695 판결, 대법원 2011. 7. 14. 선고 2011도1303 판결 등 참조). 
따라서 입법자가 법령의 변경 후에도 종전 법령 위반행위에 대한 처벌을 그대로 유지하고자 할 경우 이에 상응한 조치를 할 수 있는 법적 수단이 이미 마련되어 있다. 입법자는 구성요건을 규정한 형벌법규 자체의 부칙조항에 경과규정을 두거나, 형벌법규가 하위 법령에 구성요건의 일부를 수권 내지 위임한 경우 그 수권의 범위 내에서 하위 법령에 경과규정을 두는 등으로 위임입법의 한계를 벗어나지 않는 한 다양한 입법기술을 활용하여 경과조치를 할 수 있다.
나) 종래 대법원판례가 형법 제1조 제2항과 형사소송법 제326조 제4호의 적용 범위를 제한적으로 해석한 배경에는 형벌법규의 상당 부분이 하위 법령에 대한 수권 내지 위임을 통하여 규정되는 방대한 형벌법령 체계의 개폐 과정에서 적절한 경과규정이 누락되어 처벌의 공백이 발생할 수 있다는 현실적 고려도 있었다고 보인다. 
그러나 종래 대법원판례가 최초 판시된 1960년대 이후로 우리 사회 전반에 걸쳐 상당한 법제도적·기술적 발전이 있었고, 국회 또는 행정부의 입법절차와 입법환경에서 많은 개선과 정비가 이루어졌으며, 입법과정에서 법률전문가가 조력·관여할 수 있는 기회도 크게 확대됨으로써, 입법자가 종전 법령 위반행위에 대한 처벌의 유지 여부를 숙고하여 변경 대상 법령의 취지와 형식에 따라 적법하고 적절한 형태로 경과규정을 둘 수 있는 여건이 충분히 갖추어졌다고 보인다. 
다) 입법자는 형벌법규 자체 또는 그로부터 수권 내지 위임을 받은 법령을 변경하는 과정에서, 이로 인하여 해당 형벌법규에 따른 범죄를 구성하지 아니하게 되거나 형이 가벼워진 경우 형법 제1조 제2항과 형사소송법 제326조 제4호에 따라 피고인에게 유리한 신법이 적용되고, 결국 행위 시 범죄를 구성하는 행위였음에도 처벌을 받지 않게 되거나 가벼운 처벌을 받게 된다는 사정을 충분히 예견할 수 있다. 따라서 입법자는 법령의 변경 과정에서 종전 법령에 따른 처벌을 유지할 필요성이 있는지 여부를 스스로 면밀히 검토하여야 하고, 그러한 필요성이 인정된다면 법령의 변경과 동시에 적절한 경과조치를 취하여야 한다.
그럼에도 입법자가 별도의 경과규정을 두지 않았다면, 특별한 사정이 없는 한 입법자의 의사는 형법 제1조 제2항과 형사소송법 제326조 제4호의 명문규정에 따라 종전 법령 위반행위에 대하여 더 이상 처벌을 하지 않거나 형이 가벼워진 신법을 적용하려는 것이라고 해석할 수 있다.
3) ‘법령의 변경’의 의미
가) 형법 제1조 제1항은 ""범죄의 성립과 처벌은 행위 시의 법률에 따른다.""라고 하여 행위시법주의의 원칙을 규정하고, 형법 제1조 제2항은 ""범죄 후 법률이 변경되어 그 행위가 범죄를 구성하지 아니하게 되거나 형이 구법보다 가벼워진 경우에는 신법에 따른다.""라고 하여 행위시법주의의 예외로 재판시법주의를 규정하고 있다. 이러한 형법 제1조의 문언과 입법취지 등을 종합하여 보면, 형법 제1조 제2항과 형사소송법 제326조 제4호에서 말하는 법령의 변경은 해당 형벌법규에 따른 범죄의 성립 및 처벌과 직접 관련된 것이어야 하고, 이는 결국 해당 형벌법규의 가벌성에 관한 형사법적 관점의 변화를 전제로 한 법령의 변경을 의미하는 것이다. 
나) 구성요건을 규정한 형벌법규 자체 또는 그로부터 수권 내지 위임을 받은 법령의 변경에 따라 범죄를 구성하지 아니하게 되거나 형이 가벼워진 경우에는, 당연히 해당 형벌법규에 따른 범죄의 성립 및 처벌과 직접적으로 관련된 형사법적 관점의 변화에 근거한 것으로 인정할 수 있으므로, 형법 제1조 제2항과 형사소송법 제326조 제4호가 그대로 적용된다.
형벌법규가 헌법상 열거된 법규명령이 아닌 고시 등 규정에 구성요건의 일부를 수권 내지 위임한 경우에도 그 고시 등 규정이 위임입법의 한계를 벗어나지 않는 한 모법인 형벌법규와 결합하여 형사처벌의 근거가 되는 것이므로, 고시 등 규정이 변경되는 경우에도 마찬가지로 형법 제1조 제2항과 형사소송법 제326조 제4호에서 말하는 법령의 변경에 해당한다.
다) 그러나 해당 형벌법규 자체 또는 그로부터 수권 내지 위임을 받은 법령이 아닌 다른 법령이 변경되어 결과적으로 해당 형벌법규에 따른 범죄가 성립하지 아니하게 되거나 형이 가벼워진 경우에는, 문제 된 법령의 변경이 해당 형벌법규에 따른 범죄의 성립 및 처벌과 직접적으로 관련된 형사법적 관점의 변화를 주된 근거로 하는 것인지 여부를 면밀히 따져 보아야 한다.
해당 형벌법규의 가벌성과 직접적으로 관련된 형사법적 관점의 변화가 있는지 여부는 종래 대법원판례가 기준으로 삼은 반성적 고려 유무와는 구별되는 것이다. 이는 입법자에게 과거의 처벌이 부당하였다는 반성적 고려가 있었는지 여부를 추단하는 것이 아니라, 법령의 변경이 향후 문제 된 형사처벌을 더 이상 하지 않겠다는 취지의 규범적 가치판단을 기초로 한 것인지 여부를 판단하는 것이다. 이는 입법자의 내심의 동기를 탐지하는 것이 아니라, 객관적으로 드러난 사정을 기초로 한 법령해석을 의미한다. 
즉, 해당 형벌법규에 따른 범죄 성립의 요건과 구조, 형벌법규와 변경된 법령과의 관계, 법령 변경의 내용·경위·보호목적·입법취지 등을 종합적으로 고려하여, 법령의 변경이 해당 형벌법규에 따른 범죄의 성립 및 처벌과 직접적으로 관련된 형사법적 관점의 변화를 주된 근거로 한다고 해석할 수 있을 때 형법 제1조 제2항과 형사소송법 제326조 제4호를 적용할 수 있다. 따라서 해당 형벌법규와 수권 내지 위임관계에 있지 않고 보호목적과 입법취지를 달리하는 민사적·행정적 규율의 변경이나, 형사처벌에 관한 규범적 가치판단의 요소가 배제된 극히 기술적인 규율의 변경 등에 따라 간접적인 영향을 받는 것에 불과한 경우는 형법 제1조 제2항과 형사소송법 제326조 제4호에서 말하는 법령의 변경에 해당한다고 볼 수 없다. 
한편 입법자는 해당 형벌법규와 직접 관련이 없는 다른 법령을 변경할 때에도 해당 형벌법규에 따른 범죄의 성립 및 처벌에 대하여 신법을 적용한다는 취지의 경과규정을 둘 수 있다. 이로써 법령의 변경이 해당 형벌법규에 관한 형사법적 관점의 변화에 근거하는 것이라는 취지를 분명하게 밝혀 신법에 따르도록 할 수 있으므로, 입법자는 그 스스로도 입법 목적을 얼마든지 관철시킬 수 있다.
라) 법령 제정 당시부터 또는 폐지 이전에 스스로 유효기간을 구체적인 일자나 기간으로 특정하여 효력의 상실을 예정하고 있던 법령이 그 유효기간을 경과함으로써 더 이상 효력을 갖지 않게 된 경우도 형법 제1조 제2항과 형사소송법 제326조 제4호의 적용 대상인 법령의 변경에 해당한다고 볼 수 없다.
이러한 법령 자체가 명시적으로 예정한 유효기간의 경과에 따른 효력 상실은 일반적인 법령의 개정이나 폐지 등과 같이 애초의 법령이 변경되었다고 보기 어렵고, 어떠한 형사법적 관점의 변화 내지 형사처벌에 관한 규범적 가치판단의 변경에 근거하였다고 볼 수도 없다. 유효기간을 명시한 입법자의 의사를 보더라도 유효기간 경과 후에 형사처벌 등의 제재가 유지되지 않는다면 유효기간 내에도 법령의 규범력과 실효성을 확보하기 어려울 것이므로, 특별한 사정이 없는 한 유효기간 경과 전의 법령 위반행위는 유효기간 경과 후에도 그대로 처벌하려는 취지라고 보는 것이 합리적이다.
3. 판례의 변경
이와 달리 형법 제1조 제2항과 형사소송법 제326조 제4호는 형벌법규 제정의 이유가 된 법률이념의 변경에 따라 종래의 처벌 자체가 부당하였다거나 또는 과형이 과중하였다는 반성적 고려에서 법령을 변경하였을 경우에만 적용된다고 한 앞서 1.의 라.에서 본 대법원판결을 비롯한 같은 취지의 대법원판결들은 이 판결의 견해에 배치되는 범위 내에서 모두 변경하기로 한다. 
4. 이 사건에 대한 구체적 판단
앞서 본 법리에 비추어 원심의 판단을 살펴본다. 
이 부분 공소사실과 같이 도로교통법 제44조 제1항 위반 전력이 있는 사람이 다시 술에 취한 상태로 전동킥보드를 운전한 행위는, 이 사건 법률 개정 전에는 구 도로교통법 제148조의2 제1항이 적용되어 2년 이상 5년 이하의 징역이나 1천만 원 이상 2천만 원 이하의 벌금으로 처벌되었으나, 이 사건 법률 개정 후에는 도로교통법 제156조 제11호가 적용되어 20만 원 이하의 벌금이나 구류 또는 과료로 처벌되게 되었다.
이러한 이 사건 법률 개정은 구성요건을 규정한 형벌법규 자체의 개정에 따라 형이 가벼워진 경우에 해당함이 명백하므로, 종전 법령이 반성적 고려에 따라 변경된 것인지 여부를 따지지 않고 형법 제1조 제2항을 적용하여야 한다. 결국 이 부분 공소사실 기재 행위는 형법 제1조 제2항에 따라 행위시법인 구 도로교통법 제148조의2 제1항, 도로교통법 제44조 제1항으로 처벌할 수 없고, 원심판결 후 시행된 이 사건 법률 개정을 반영하여 신법인 도로교통법 제156조 제11호, 제44조 제1항으로 처벌할 수 있을 뿐이므로, 원심판결 중 이 부분 공소사실에 관한 부분은 형사소송법 제383조 제2호의 ""판결 후 형의 변경이 있는 때""에 해당하여 더 이상 유지될 수 없다.
따라서 원심판결 중 이 부분 공소사실에 관한 부분은 파기되어야 하는데, 이 부분은 유죄로 인정된 나머지 부분과 형법 제37조 전단의 경합범 관계에 있어 하나의 형이 선고되었으므로, 결국 원심판결은 전부 파기되어야 한다.
5. 결론
그러므로 나머지 상고이유에 관한 판단을 생략한 채 원심판결을 파기하고, 사건을 다시 심리·판단하도록 원심법원에 환송하기로 하여 주문과 같이 판결한다. 이 판결에는 대법관 조재연, 대법관 안철상의 별개의견, 대법관 노태악, 대법관 천대엽의 별개의견이 있는 외에는 관여 법관의 의견이 일치하였고, 다수의견에 대한 대법관 이동원의 보충의견이 있다.
6. 대법관 조재연, 대법관 안철상의 별개의견
가. 별개의견의 요지
종래 대법원판례의 법리는 기준이 불명확하고 판단이 자의적일 수 있다는 점에서, 다수의견이 이를 폐기하고 형법 제1조 제2항과 형사소송법 제326조 제4호에서 말하는 ‘법령의 변경’의 기준으로 ‘형사법적 관점의 변화’를 제시한 것은 기본적으로 타당하고, 이에 찬동할 수 있다. 그러나 다수의견이 이 사건의 쟁점과 같이 형벌법규가 변경된 경우 원칙적으로 적용할 수 있는 기본 법리를 제시하는 데 그치지 않고 이 사건의 쟁점이 아닌 유형들까지 포함하여 세분화된 유형별 법리를 구성한 후 각 유형별로 일률적인 결론을 정한 것은 다음과 같은 이유로 받아들이기 어렵다.
첫째, 대법원은 형사법적 관점의 변화를 전제로 하는 법령의 변경이라고 해석할 수 있을 때 행위시법주의의 예외로서 형법 제1조 제2항을 적용할 수 있다는 취지로 종래 대법원판례를 대체하는 기본 법리를 제시하고, 이에 따라 이 사건을 해결할 수 있다면 이로써 충분하다. 이러한 기본 법리는 향후 개별 사건에서 구체적 공방을 거쳐 유형별로 또는 같은 유형이라도 달리 적용 내지 판단하는 등으로 발전하는 것이 바람직하고, 대법원으로서는 당해 사건 해결에 필요한 범위에서 기본 법리를 확인함으로써 새로운 길을 열어주는 역할을 하면 되는 것이다.
둘째, 형사법의 근본적인 기능과 역할은 범죄를 처벌하고 예방함으로써 사회공동체의 질서를 유지하는 것이므로, 이를 지나치게 침해하지 않도록 행위시법주의의 예외를 적절한 범위에서 인정할 수 있는 균형 잡힌 해석이 필요하다. 다수의견은 유형별로 일률적인 결론을 정하고 있으나 형사법적 관점의 변화라는 상대적 가치를 지닌 관념이 특정한 유형에 항상 존재하거나 부존재한다고 볼 근거가 충분하지 않고, 또 구체적 개별 사건에서 균형 잡힌 해석의 가능성을 제한하는 결과가 되어 타당하다고 보기 어렵다.
셋째, 이 사건은 형벌법규 자체가 변경된 가장 원칙적인 경우에 해당함에도 다수의견이 이 사건의 해결에 필요하지 않은 예외적 유형들을 방론으로 설시한 것은 적절하지 않다. 이는 향후 해당 쟁점이 문제 된 사건의 재판부가 충분한 심리를 거쳐 판단하여야 할 결론을 대법원이 미리 정하는 결과가 되어 타당하다고 할 수 없고, 특히 행정형벌의 영역에서 법질서의 실질적 규범력이 상실되는 불합리한 결과가 우려된다. 
나. 형사법의 보호적 기능과 형벌법규의 해석
1) 형사법의 가장 중요하고 근본적인 기능과 역할은 범죄를 처벌하고 예방함으로써 사회공동체의 질서를 유지하고 구성원들의 생명, 신체, 자유, 재산 등 법익을 보호하는 것이다. 따라서 형사법에 관한 해석론을 전개할 때에도 이러한 형사법의 근본적인 기능과 목적을 소홀히 여겨서는 안 된다. 가벌적 행위를 범하여 처벌을 받아야 할 자에 대해서는 이에 상응한 처벌이 이루어지고, 무고(無辜)한 자에 대해서는 처벌이 이루어지지 않도록 하여야 한다. 이는 사회적 공동생활의 질서를 유지하기 위한 형사법의 해석론이 견지하여야 할 가장 기본적인 태도이다.
형법의 시적 적용 범위에 관한 형법 제1조 제1항과 제2항의 해석에 관해서도 마찬가지이다. 형법 제1조 제1항은 ""범죄의 성립과 처벌은 행위 시의 법률에 따른다.""라고 규정하여 행위 시에 범죄를 구성하는 행위는 행위시법에 따라 처벌을 받는다는 행위시법주의의 원칙을 천명하고 있다. 어떠한 행위에 대하여 행위 당시 유효한 법령이 적용되어 이에 따라 법적 효과가 부여되는 것은 형사법뿐만 아니라 모든 법령과 규칙의 시적 적용 범위의 원칙적인 모습이고, 사회일반인의 건전한 법적 기대나 법관념도 이와 다르지 않다.
2) 한편 형벌법규의 해석은 엄격하여야 하고, 문언의 가능한 의미를 벗어나 피고인에게 불리한 방향으로 해석하는 것은 죄형법정주의의 내용인 확장해석금지에 따라 허용되지 않음은 형사법의 기본 원칙이다. 이러한 원칙과 형사법의 보호적 기능 사이에서 균형 잡힌 해석을 통하여 행위시법주의의 예외를 인정하는 형법 제1조 제2항에 대하여 다시 합리적인 범위에서 예외를 인정할 수 있을 것이고, 다수의견도 일정한 유형에 대하여는 이러한 예외를 인정하고 있다. 
즉, 다수의견은 형법 제1조 제2항과 형사소송법 제326조 제4호에서 말하는 ‘법령의 변경’은 해당 형벌법규의 가벌성에 관한 형사법적 관점의 변화를 전제로 한 법령의 변경을 의미하는 것이라고 하면서, 해당 형벌법규 자체 또는 그로부터 수권 내지 위임을 받은 법령이 아닌 다른 법령이 변경된 경우는 여기서 말하는 법령의 변경에 해당하는 경우와 그렇지 않은 경우가 있다고 한다. 나아가 법령 제정 당시부터 또는 폐지 이전에 스스로 유효기간을 구체적인 일자나 기간으로 특정하여 효력의 상실을 예정한 법령이 그 유효기간을 경과함으로써 더 이상 효력을 갖지 않게 된 경우는 여기서 말하는 법령의 변경에 해당하지 않는다고 한다. 반면에 형벌법규가 헌법상 열거된 법규명령이 아닌 고시 등 규정에 구성요건의 일부를 수권 내지 위임한 경우로서 고시 등 규정이 변경된 경우는 여기서 말하는 법령의 변경에 해당한다고 한다.
이러한 다수의견의 태도는 형법 제1조 제2항과 형사소송법 제326조 제4호의 적용 대상인 법령의 변경에 해당하는지 여부가 유형에 따라 달라지는 상대적인 것임을 의미한다.
3) 그러나 다수의견과 같이 각 유형별 처리 방법을 세부적·일률적으로 규정할 것이 아니라 형벌법규가 변경된 경우에 원칙적으로 적용할 수 있는 기본 법리를 제시하는 것이 타당하고, 이로써 충분하다. 즉, 범죄의 성립 및 처벌과 직접적으로 관련된 형사법적 관점의 변화를 주된 근거로 하는 법령의 변경이라고 해석할 수 있을 때 행위시법주의의 예외로서 형법 제1조 제2항을 적용할 수 있다는 취지로 종래 대법원판례를 대체하는 원칙적인 기본 법리를 제시하면 족하다. 이러한 기본 법리를 향후 개별 사건에서 문제 된 쟁점에 따라 변경 전후 법령 및 이와 관련한 형법 제1조 제2항과 형사소송법 제326조 제4호의 해석·적용을 통하여 구체화해 나가도록 하여야 한다.
형벌법규 자체의 변경에 따라 범죄를 구성하지 아니하게 되거나 형이 가벼워진 경우는 형사법적 관점이 변화된 가장 원칙적인 경우에 해당하므로, 당연히 형법 제1조 제2항과 형사소송법 제326조 제4호가 적용되어 재판시법이 적용되어야 한다. 이 사건 법률 개정은 형벌법규 자체의 변경에 해당함이 명백하므로, 이 사건의 쟁점은 이러한 원칙적인 기본 법리만으로 충분히 해결된다.
다. 행위시법주의의 예외에 관한 균형 잡힌 해석의 필요성
1) 형법 제1조 제2항이 ""범죄 후 법률이 변경되어 그 행위가 범죄를 구성하지 아니하게 되거나 형이 구법보다 가벼워진 경우에는 신법에 따른다.""라고 재판시법주의를 규정한 것은 원칙인 행위시법주의에 대한 예외라는 점을 유념하여야 한다. 즉, 형법 제1조 제2항의 적용을 배제하는 것은 행위시법주의의 예외인 재판시법주의에 대하여 다시 예외를 인정함으로써 원칙인 행위시법주의로 돌아가는 것을 의미하므로, 이러한 전제 없이 단순히 피고인에게 유리한 법령의 적용을 배제하는 일반적인 경우와는 성격을 달리한다. 
따라서 원칙인 형법 제1조 제1항을 적용하는 경우와 예외인 형법 제1조 제2항을 적용하는 경우를 구별하기 위한 법리를 제시할 때에도, 형법 제1조 제2항의 개별적인 문언만을 고려하여 이에 절대적으로 따라야 한다거나 재판시법주의가 적용되는 영역을 무조건 최대로 확장하여야 한다는 취지의 견해는 타당하지 않다. 형벌법규의 시적 적용 범위를 결정하는 중요한 문제에 관하여 형사법의 근본적인 목적인 보호적 기능을 무너뜨리지 않는 범위에서 피고인의 처벌 범위를 최소화할 수 있는 균형 잡힌 해석이 필요하기 때문이다.
2) 종래 대법원판례가 기준으로 제시한 반성적 고려 유무는 그 개념상의 한계와 판단의 어려움으로 인하여 행위시법주의의 예외가 인정되어야 하는 영역을 과도하게 위축시키고 행위시법과 재판시법 사이에서 어떤 법령이 적용되는지에 관한 수범자의 예측가능성을 저해하는 문제가 있었다. 따라서 다수의견이 반성적 고려 유무를 기준으로 삼은 종래 대법원판례 법리를 폐기하고, 형벌법규의 가벌성에 관한 형사법적 관점의 변화를 새로운 기준으로 제시한 것에는 동의할 수 있다. 
그러나 다수의견이 이른바 협의의 한시법 중 구체적인 일자나 기간으로 유효기간을 특정한 법령에 대해서는 추급효가 인정되는 것으로 보거나 형벌법규로부터 수권 내지 위임을 받은 하위 법령이나 고시 등 규정에 대해서는 피고인에게 유리하게 변경된 경우 무조건 재판시법이 적용되는 것으로 봄으로써, 유형별로 일률적·절대적인 결론을 제시하는 해석방법으로 형법 제1조 제2항의 설정 범위를 확대하거나 축소하는 것은 받아들이기 어렵다. 다수의견이 제시한 유형별 결론이 충분한 법리적 근거를 갖추고 있다고 볼 수 없고, 다수의견이 제시한 유형들이 법령의 변경과 관련하여 향후 발생 가능한 모든 사건들을 망라하고 있다고 볼 수도 없다. 특히 이는 다종다양한 사건에서 형사법의 보호적 기능을 고려한 해석으로 행위시법주의의 예외를 적정한 범위에서 인정할 수 있는 기본 법리로서의 기능과 역할을 배제하고, 각 유형별 결론을 일률적·절대적으로 정한 것이어서 동의하기 어렵다. 형사법적 관점의 변화라는 것은 개별 사안별로 적절하게 판단되어야 할 상대적 가치를 지닌 관념으로서, 같은 유형의 형벌법규 변경이라고 하더라도 당해 법규의 취지와 내용 등에 따라 형사법적 관점의 변화에 따른 변경인지 여부가 달리 판단될 수 있는 것이지, 유형별로 일률적·절대적으로 판단될 수 있는 것이 아니다. 
라. 예외적 유형들에 관한 방론 설시의 문제점
1) 형벌법규 자체의 변경 이외에 다수의견이 제시한 예외적 유형들, 즉 형벌법규로부터 수권 내지 위임을 받은 하위 법령이나 고시 등 규정이 변경된 경우, 이러한 수권 내지 위임관계에 있지 않은 다른 법령이 개정된 경우, 법령이 구체적인 일자나 기간으로 스스로 예정한 유효기간을 경과한 경우 등의 처리 방법에 관하여 다수의견이 제시한 법리는 이 사건의 해결과는 직접 관련이 없는 방론에 불과하다. 다수의견이 이 사건의 쟁점과 직접 관련되거나 이를 해결함에 있어 반드시 필요한 내용이 아님에도 방론을 통하여 예외적 유형들을 일일이 열거하며 구체적 결론을 미리 정하는 것은 적절하지 않다. 
판결의 효력은 원칙적으로 해당 사건의 쟁점과 직접 관련되거나 이를 해결하기 위해서 필요한 판단에 대하여 인정되는 것이지 이에 해당하지 않는 방론에까지 인정되는 것이 아니다. 이는 대법원 전원합의체 판결도 마찬가지이므로, 대법원 전원합의체 판결의 의견 중 해당 사건의 쟁점 또는 그 해결과 직접 관련이 없는 법리가 설시된 부분에 대하여는 엄격한 의미에서 판례의 효력이 인정된다고 할 수 없다. 
2) 구체적인 사건의 쟁점과 직접 관련되거나 그 해결에 필수불가결한 범위를 넘어 관련된 다른 쟁점에 관해서까지 미리 법리를 설시하는 것은 적절하지 않다. 대법원이 방론으로 설시한 법리는, 엄격한 의미에서 판례로서의 효력이 인정되지 않더라도, 그 사실상의 효력으로 향후 이에 해당하는 사건들에 대한 하급심의 처리에 영향을 미칠 수 있다. 따라서 대법원이 방론으로 설시한 법리는 향후 그 법리가 적용되는 사건의 재판부가 해당 쟁점에 관하여 정당하게 행사하여야 하는 판단 권한을 미리 제한하는 결과를 초래한다. 설령 대법원이 후속 사건을 처리하는 데 유용한 방안을 제시하기 위한 의도에서 방론을 설시하였다고 하더라도, 경우에 따라서는 해당 사건 재판부가 적절한 법리 구성과 결론에 도달하는 데 걸림돌이 될 가능성도 배제할 수 없다. 
다수의견이 설시한 예외적 유형들은 향후 해당 쟁점과 직접 관련된 사건의 각 심급에서 형법 제1조 제2항의 적용 여부 등에 관한 피고인과 검사의 주장 및 공방, 이를 토대로 한 하급심 재판부의 판단이 순차적으로 이루어진 후 최종적으로 그 원심판단에 대한 상고이유 주장과 이에 대한 대법원판결을 통하여 해당 사건의 쟁점을 해결하는 법리로서 판시되는 것이 바람직하다. 법리의 판시는 이처럼 해당 쟁점에 관한 재판당사자의 주장과 각 심급의 심리 및 판단이라는 절차를 거쳐야 그 정당성과 적절성을 충분히 확보할 수 있는 것이므로, 대법원이 최고법원이라고 하더라도 일방적으로 관련된 쟁점들을 미리 예측하여 방론의 설시를 통해 결론을 정하는 것은 타당하지 않다. 
3) 형사법적 관점의 변화라는 기준을 놓고 보더라도, 형벌법규로부터 수권 내지 위임을 받은 하위 법령이나 고시 등 규정이 피고인에게 유리하게 변경된 경우, 법령이 스스로 예정한 유효기간을 경과한 경우 등 다수의견이 제시한 유형들과 관련된 모든 사건에서 다수의견이 정한 바와 같은 일률적인 결론에 도달할 수 있는지 의문이다. 복잡하고 방대한 체계로 이루어진 행정법령과 고시 등 규정의 개폐 과정에서 행위시법주의에 대한 예외 영역이 과도하게 확장됨으로써 법질서의 실질적 규범력이 상실되고 사회일반의 법익이 침해될 여지는 없는지 우려된다.
특히 행정형벌의 영역에서 불합리하거나 논리모순적인 결과가 발생할 수 있다. 이른바 법정범에 해당하는 행정범은 살인·절도·강간 등과 같은 자연범과 달리 그 행위 자체가 반사회적·반도덕적이지는 않지만 행정상 목적을 달성하기 위한 법률의 제정에 따라 비로소 부과된 의무를 위반함으로써 범죄를 구성하는 것이다. 따라서 행정형벌은 일반적으로 의무규정이나 금지규정(이하 ‘의무규정’이라고만 한다)을 별도로 명시한 후 그 위반행위를 처벌하는 벌칙규정을 따로 두는 규정형식을 취하게 되므로, 행위규범인 의무규정과 형사처벌의 근거가 되는 벌칙규정이 분리되는 구조가 된다. 이러한 구조에서 행정상 목적을 달성하기 위하여 부과된 행위규범인 의무규정의 변경은 벌칙규정과 형식적인 법령체계상 위임 내지 수권관계에 놓여 있더라도 형사법적 관점의 변화에 근거하였다고 보기 어려운 경우가 많다. 의무규정이 하위 법령이나 고시 등 규정에 행정목적 달성을 위한 전문적·기술적 세부사항을 위임하여 정책상 필요에 따라 수시로 개폐가 이루어질 수 있도록 규정하였는데, 이러한 하위 법령이나 고시 등 규정이 변경된 경우라면 더욱 그러하다. 
행정입법의 구조와 특수성에 비추어 보면, 의무규정의 위임을 받아 세부사항을 규정하는 하위 법령이나 고시 등 규정을 개폐하면서 벌칙규정의 적용과 관련된 경과규정을 일일이 두기 어려운 경우가 많고, 특히 고시 등 규정의 경우에는 일반적인 법령의 형식을 벗어나 다양한 형태로 이루어질 수 있어 일반적인 법령을 전제로 한 경과규정과는 애초부터 친하지가 않다. 그럼에도 하위 법령이나 고시 등 규정의 변경과 동시에 경과규정을 두지 않았다는 이유로 일률적으로 재판시법을 적용하여 처벌을 면하게 하거나 가볍게 한다면, 이는 행정형벌의 영역에서 법질서 유지를 위한 형사법의 보호적 기능이 크게 훼손되는 결과로 이어진다. 나아가 이 문제에 관한 입법적 해결로 경과규정을 둔다고 하더라도 입법기술상 구체적인 사안에 맞는 세세한 규정을 두기 어려운 사정으로 인해 일률적인 추급효를 인정하는 경과조치를 하게 된다면, 그 입법형식의 경직성을 고려할 때 하위 법령이나 고시 등 규정의 변경이 문제 된 개별 사안에서 불합리한 결과를 초래하는 등 새로운 문제가 발생할 우려도 있다.
마. 소결론
대법원은 형벌법규 자체가 변경된 원칙적인 경우인 이 사건에서 형법 제1조 제2항을 적용할 수 있는지 여부에 관하여만 판시하면 족하다. 종래 대법원판례를 대체하는 새로운 법리를 판시하더라도 원칙적인 기본 법리를 제시하는 것으로 충분하고, 이를 넘어서는 예외적 유형들을 미리 방론으로 설시하는 것은 적절치 않다.
이 사건은 형벌법규 자체가 변경된 원칙적인 경우에 해당하므로 형법 제1조 제2항에 따라 재판시법이 적용되어야 한다. 따라서 이 부분 공소사실 기재 행위는 재판시법인 도로교통법 제156조 제11호, 제44조 제1항으로 처벌할 수 있을 뿐이므로, 변경 전 구법인 행위시법을 적용한 원심판결은 유지될 수 없다.
이상과 같은 이유로 원심판결을 파기한다는 점에서는 다수의견과 결론이 같지만 이 사건 결론에 이르는 구체적인 이유와 논거, 그리고 대법원판결의 적정한 판단 범위와 필요성에 관하여 의견을 달리하므로 별개의견을 밝힌다.
7. 대법관 노태악, 대법관 천대엽의 별개의견
가. 별개의견의 요지
형법 제1조 제2항과 형사소송법 제326조 제4호에서 말하는 ‘법령의 변경’은 해당 형벌법규에 따른 범죄의 성립 및 처벌에 관한 형사법적 관점의 변화를 전제로 하여야 한다고 보아, 종전 법령에 따른 처벌이 부당하거나 과중하였다는 등 반성적 고려에 따라 변경된 것인지 여부를 따지지 않고, 형사법적 관점의 변화가 인정된다면 원칙적으로 형법 제1조 제2항과 형사소송법 제326조 제4호가 적용되어야 한다는 다수의견의 기본 입장은 타당하다. 
그러나 다수의견이 ‘유효기간을 구체적인 일자나 기간으로 특정하여 효력의 상실을 예정하고 있던 법령이 유효기간을 경과한 경우’를 형법 제1조 제2항과 형사소송법 제326조 제4호에서 말하는 법령의 변경에 해당하지 않는다고 보아 일률적으로 피고인에게 유리한 재판시법의 적용을 배제하고 행위시법의 추급효를 인정하여야 한다는 부분에는 동의할 수 없다. 
피고인에게 유리하게 형벌법규가 변경되었다는 관점에서 보면 법령이 개정·폐지된 경우와 법령의 유효기간이 경과된 경우는 본질적으로 차이가 없다. 형법 제1조 제2항과 형사소송법 제326조 제4호에서 말하는 ‘법령의 변경’이 범죄의 가벌성과 직접적으로 관련된 형사법적 관점의 변화를 전제로 하는 것이라면, 법령의 유효기간이 경과된 경우에도 추급효에 관한 경과규정을 두지 않은 이상 원칙적으로 피고인에게 유리한 재판시법이 적용되어야 한다. 구체적 이유는 아래와 같다.
나. 법령이 개정·폐지된 경우와의 차별적 취급의 부당성
1) ‘법령의 변경’이라는 문언적 의미와 형사처벌할 수 있는 형벌법규가 실효되었다는 점에서 ‘법령이 개정·폐지된 경우’와 ‘법령의 유효기간이 경과된 경우’를 달리 볼 이유가 없다.
다수의견은 유효기간을 구체적인 일자·기간으로 특정한 법령의 경우 애초부터 효력의 상실이 예정되어 있었던 점에 주목하여 법령의 변경이 아니라고 본다. 그러나 법령에 유효기간을 특정한 것은 입법기술상 향후 발생할 법령의 변경을 미리 명시한 것에 불과하므로, 이러한 조치가 추급효를 긍정해야 할 근거가 될 수 없다.
2) 법령이 예정한 유효기간을 경과하여 실효됨에 따라 행위 당시 위반행위를 재판시법으로 처벌할 수 없게 되었다면, 이는 해당 형벌법규에 따른 처벌에 관한 형사법적 관점의 변화를 당연히 전제한 것으로 보아야 한다. 그렇지 않다면 유효기간이 지나더라도 처벌할 수 있다는 별도의 경과규정을 두는 것이 마땅하다.
3) 피고인의 입장에서 보더라도, 법령이 개정·폐지된 경우와 예정한 유효기간을 경과한 경우는 피고인이 위반한 형벌법규가 재판 시에 더 이상 적용될 수 없다는 점에서 아무런 차이가 없다. 위반행위 당시 형벌법규에 장래의 효력 상실이 미리 예정되어 있었다고 하여 피고인에 대한 비난가능성이나 행위의 반가치성을 더 무겁게 하는 요소가 될 수도 없다.
4) 학계의 다수 견해 또한 한시법을 형법 제1조 제2항과 형사소송법 제326조 제4호의 적용이 문제 되는 대표적 영역으로 다루면서, 재판시법주의를 적용할 경우의 부작용을 고려하더라도 추급효를 인정하는 명문규정이 없는 이상 실효된 법령을 재판규범으로 적용하여 처벌하는 것은 부당하다는 입장을 취하고 있다. 
그런데 다수의견은 별다른 이론적 배경이나 근거 없이 학계에서 논의된 ‘협의의 한시법’과 구별하여 ‘유효기간을 구체적인 일자나 기간으로 특정하여 효력의 상실을 예정하고 있던 법령’이라는 개념을 창설하였다. 이는 협의의 한시법 가운데 구체적인 일자로 효력의 소멸을 예정한 법령과 일정한 사건의 발생에 따라 효력의 소멸을 예정한 법령을 구분하여 전자에 대해서는 행위시법의 추급효를 긍정하는 취지로 보인다. 그러나 양자 모두 위반행위 이전부터 법령 자체가 효력의 상실을 예정하였다는 점에서 본질적으로 다를 바 없음에도, 전자에 대해서만 유독 추급효를 무조건 긍정하는 것은 논리적 일관성이 없고, 형법 제1조 제2항의 해석·적용 범위와 관련하여 처벌의 당위성만 중시한 채 입법의 흠결을 문제 삼지 않았던 종래 대법원판례의 입장과 다를 바 없다.
다. 판례 변경의 취지와 방향성
1) 대법원판례를 변경하는 주된 취지는 형법 제1조 제2항과 형사소송법 제326조 제4호를 피고인에게 불리하게 해석하지 않고 문언 그대로 해석·적용해야 하므로, 이에 대한 축소해석은 불가피하고 합리적인 범위에서 최소화되어야 한다는 것이다.
종래의 입장에 따르더라도, 법령이 스스로 예정한 유효기간을 경과한 경우에 ‘반성적 고려’라는 기준을 충족하면 형법 제1조 제2항과 형사소송법 제326조 제4호를 적용하여 재판시법에 따라 처벌을 면하는 것이 이론적으로 가능하였고, 이를 통해 법률과 현실, 피고인의 법익과 형사법적 질서의 유지 등 대립하는 가치 사이의 균형 및 구체적 타당성을 확보하는 긍정적 역할을 해 온 것으로 평가할 수 있다. 
그런데 다수의견은 입법기술적으로 구체적 일자·기간으로 유효기간을 특정하기만 하면, 형법 제1조 제2항과 형사소송법 제326조 제4호를 아예 적용하지 않고 행위시법의 추급효를 전면적으로 인정하는바, 종래 대법원판례에서도 부분적으로 인정한 재판시법 적용의 여지가 없어지고 오히려 종전보다 형사처벌의 범위를 확대시킴으로써 판례 변경의 방향성에 역행하는 결과를 낳는다.
2) 다수의견에 따르면, 입법자나 행정청은 경과규정을 둘 필요 없이 유효기간을 특정하기만 하면 손쉽게 행위시법의 추급효라는 강력한 효력을 부여할 수 있다. 이는 일정한 유효기간이 지난 다음에도 처벌의 필요성이 인정되는 경우에 원칙적으로 입법자로 하여금 처벌에 관한 명시적인 경과규정을 두도록 하여 재판규범으로 어느 법령이 적용되는지에 관한 국민의 예측가능성과 법적 안정성을 담보하려는 판례 변경의 취지에 맞지 않다. 
특히 행정청이 하위 법령이나 고시 등 규정의 형식으로 위반행위를 규제하는 영역에서 유효기간을 설정하는 방식만으로 형사처벌의 범위와 기간을 임의로 정할 수 있게 되므로, 궁극적으로 ‘법률에 의한 형사처벌’이라는 헌법적 가치를 침해하는 결과까지 초래하게 된다. 가령 행정청이 고시 등 규정에 단기의 유효기간을 설정했다가 이를 계속적으로 연장·갱신하는 등의 조치를 통해 유효기간을 장기화하거나 특정성을 희석시키는 경우에는 법원이 유효기간 경과 이후 해당 규정의 성격 및 유효기간 경과의 의미와 경과 전후의 상황 등을 따져 형법 제1조 제2항의 적용 여부를 판단할 필요가 있고, 그러한 해석이야말로 고시 등 규정의 본질 및 형법 제1조 제2항의 취지에 비추어 당연하다.
라. 법령이 유효기간을 예정한 경우의 합리적인 처리 방안
1) 입법자가 법령의 유효기간을 구체적 일자·기간으로 특정하였다면, 유효기간 경과 전에 위반행위를 하였더라도 재판 시 유효기간이 경과하면 처벌을 받지 않게 될 수 있다는 점을 누구나 예상할 수 있다. 따라서 입법자는 원칙적으로 유효기간 경과 후에도 그에 따른 처벌을 유지할 것인지 여부에 관한 분명한 경과규정을 두어야 한다.
법률 또는 대통령령, 총리령, 부령 등 법규명령이 변경되는 경우에는 이러한 경과규정을 둘 수 있고 여러 입법례에서 이미 활용되고 있다. 법규명령이 아닌 고시 등 규정이 변경되는 경우에도 근거가 되는 법령이나 고시 등 규정 자체에 형사처벌에 관한 경과규정을 두는 것에 관하여 종전의 학계와 실무에서 충분한 논의가 있지는 않았지만, 이론적으로 불가능하다고 볼 수 없는 이상 특별한 취급을 할 필요가 없다.
2) 다만 해당 법령이나 고시 등 규정의 유효기간의 설정 경위 및 그 장단, 긴급성과 중대성 등에 비추어 그 위반행위에 대해서 유효기간 경과 후에도 처벌할 필요성이 있고, 해당 법령이나 고시 등 규정의 문언과 취지가 그 위반에 따른 유효기간 경과 후의 강제력과 추급력의 인정에 관한 입법적·사회적 함의를 담고 있는 것으로 볼 수 있는 경우도 있다. 그러나 이와 같은 예외적인 사정이 존재한다고 하여 유효기간을 설정한 협의의 한시법령 전체에 걸쳐 일률적으로 형법 제1조 제2항과 형사소송법 제326조 제4호의 적용을 배제하는 것은 원칙과 예외를 뒤바꾸는 것이다. 이러한 경우에도 형사처벌에 관한 경과규정을 두어 해결하는 것을 원칙으로 하되, 형사법적 관점에 따라 이와 같은 예외적인 사정을 종합적으로 고려하여 협의의 한시법령이 갖는 특수성을 감안하여 행위시법주의를 적용할 수 있는 여지를 남겨두는 것으로 충분하다. 이러한 법리는 종래 대법원판례를 통하여 검증된 것임은 물론 이 사건을 통한 판례 변경의 주된 근거이자 다수의견 또한 ‘타법 개정의 영역’에서 여전히 유지하려는 관점이다.
마. 소결론
법령이 개정·폐지된 경우와 스스로 예정한 유효기간을 경과한 경우 모두 피고인의 입장에서는 법률상태가 유리하게 변경되었다는 점에서 동일함에도 이를 달리 취급할 근거가 없다. 그럼에도 형법 제1조 제2항과 형사소송법 제326조 제4호에서 말하는 법령의 변경의 범위에서 법령이 예정한 유효기간을 경과한 경우를 일률적으로 제외함으로써 결과적으로 처벌 범위를 부당하게 확장시키는 결과를 가져오는 다수의견은 찬성하기 어렵다. 
피고인에게 유리한 형법 제1조 제2항과 형사소송법 제326조 제4호의 적용 범위에 대한 축소해석은 불가피하고 합리적인 범위 내로 최대한 제한되어야 하므로, 유효기간을 예정한 법령이나 고시 등 규정의 경우에도 분명한 경과규정이 없다면 원칙적으로 형법 제1조 제2항과 형사소송법 제326조 제4호의 문언을 그대로 적용하고, 예외적으로 해당 법령이나 고시 등 규정을 형사법적 관점으로 평가하여 행위시법을 적용할 수 있는 예외를 인정하면 족하다.
이 사건은 유효기간을 예정한 법령이 문제 되는 경우에 해당하지 않고, 구성요건을 규정한 형벌법규 자체가 개정되어 형이 가벼워진 경우이므로 위와 같은 예외 법리를 적용할 필요도 없다. 따라서 이 부분 공소사실 기재 행위는 형법 제1조 제2항과 형사소송법 제326조 제4호에 따라 재판시법인 도로교통법 제156조 제11호, 제44조 제1항으로 처벌할 수 있을 뿐이므로, 이 사건 법률 개정 전 구 도로교통법 제148조의2 제1항, 도로교통법 제44조 제1항을 적용한 원심판결은 유지될 수 없다.
이상과 같은 이유로 다수의견과는 원심판결을 파기한다는 점에서 결론이 같지만 그 결론에 이르는 구체적인 이유와 논거가 다르므로 별개의견을 밝힌다.
8. 다수의견에 대한 대법관 이동원의 보충의견
종래 대법원판례를 변경하고 형법 제1조 제2항과 형사소송법 제326조 제4호의 해석에 관한 새로운 법리를 설시하는 취지에 관하여 다수의견의 논거를 보충하고, 두 개의 별개의견이 제시하는 논거와 견해에 대하여 의견을 밝히고자 한다(이하 대법관 조재연, 대법관 안철상의 별개의견을 ‘별개의견1’이라고 하고, 대법관 노태악, 대법관 천대엽의 별개의견을 ‘별개의견2’라고 하며, 두 개의 별개의견을 통칭하여 ‘별개의견’이라고 한다).
가. 종래 대법원판례를 변경하는 주된 취지
1) 종래 대법원판례는 1960년대 입법절차와 입법환경이 충분히 성숙하지 못한 상황에서 경과규정의 흠결로 인하여 입법의도와 다르게 처벌의 공백이 발생하는 것을 방지하기 위한 해석론으로 고안되어 그동안 법질서의 규범력을 유지하기 위한 역할을 수행하였다. 
그러나 문언의 명확한 개념과 다른 종래 대법원판례의 목적론적 축소해석을 더 이상 유지할 근거는 부족하다. 다수의견은 형법 제1조 제2항과 형사소송법 제326조 제4호의 법문을 최대한 존중하고 형법 제1조의 입법취지를 아울러 고려하여 이에 관한 바른 해석론을 전개하고자 하는 것이고, 별개의견도 이러한 판례 변경의 전체적인 취지에는 대체로 찬성하는 것으로 보인다.
2) 종래 대법원판례의 가장 큰 문제점은 실질적 법치주의의 관점에서 법령의 변경 이후 수범자의 법적 안정성과 예측가능성을 담보할 수 없다는 점이다. 헌법상 법치주의 원리는 법규범의 효력과 적용 여부 등에 관하여 수범자에게 분명한 예측가능성을 보장할 것을 요구한다. 수범자가 법규범의 효력과 적용 여부를 미리 분명하게 알 수 있도록 하여야 하고, 동시에 법을 집행하는 행정청이나 사법기관에도 이에 관한 객관적 판단지침을 주어야만 차별적이거나 자의적인 법해석과 집행을 방지하고 실질적 법치주의를 실현할 수 있다. 
그런데 종래 대법원판례가 형법 제1조 제2항과 형사소송법 제326조 제4호를 적용하기 위한 요건으로 제시한 ‘입법자의 법령 변경의 동기가 반성적 고려였는지’ 여부는 객관적으로 불명확하고 판단이 어려운 개념이었다. 입법자는 법령의 변경을 통하여 신법의 시행일을 기준으로 장래에 향하여 형사처벌을 하지 않거나 가볍게 처벌하기로 결정하였을 뿐인데, 구법에 따른 과거의 법률상태에 대하여 현재의 입법자가 가진 내심의 의사가 반성적인지 여부를 규명한다는 것은 매우 모호하고 어려운 일이었다. 
이로 인하여 수범자의 입장에서는 형벌법규 자체 또는 그로부터 수권 내지 위임을 받은 법령이나 고시 등 규정이 변경된 경우에도 형법 제1조 제1항에 따라 행위시법이 적용되는지, 제1조 제2항에 따라 재판시법이 적용되는지를 제대로 알기 어려웠고, 법원의 판단을 거쳐야만 비로소 알 수 있는 경우가 많았다. 더욱이 반성적 고려 유무에 관하여 하급심 재판부 사이에서도 판단이 엇갈림에 따라 대법원의 최종 판단이 나고 나서야 정리되는 경우도 적지 않았다. 이에 따라 학계의 다수 견해는 종래 대법원판례의 구별 기준이 상대적이고 모호하여 수범자의 법적 안정성을 훼손한다는 비판을 꾸준히 제기하여 왔다.
3) 다수의견은 이와 같이 종래 대법원판례가 가진 판단 기준과 방법의 불명확성에 관한 문제의식에 따라 법문에 기초하여 보다 분명하고 예측가능한 법리를 제시하고 있다. 형사처벌과 관련하여 행위시법과 재판시법 가운데 어느 법령이 재판규범으로 적용되는가는 수범자의 법적 안정성과 예측가능성의 근간을 이루는 문제로서 이에 관하여 명확한 법리를 정립하는 것은 실질적 법치주의 실현의 필수적인 전제가 되기 때문이다. 
나. 별개의견이 제시하는 견해에 관한 검토
1) 별개의견이 제시하는 견해는 형법 제1조 제2항과 형사소송법 제326조 제4호가 말하는 법령의 변경 해당 여부에 관하여 법원의 판단 여지를 보다 확보함으로써 개별 사건에서 구체적인 타당성을 기하고자 함에 있는 것으로 보이고, 거기에는 경청할 점이 없지 않으나, 결국 수범자의 예측가능성을 담보하기 어려운 불명확한 기준이 더 넓은 영역에서 여전히 남아 있게 된다는 점에서 찬성하기 어렵다. 
2) 가) 별개의견1은, 범죄의 성립 및 처벌과 직접적으로 관련된 형사법적 관점의 변화를 주된 근거로 하는 법령의 변경이라고 해석할 수 있을 때 형법 제1조 제2항과 형사소송법 제326조 제4호를 적용한다는 원칙적인 기본 법리만을 제시하여야 하고, 형벌법규 자체가 변경된 경우를 제외한 나머지 유형들은 추후 해당 사건에서 위와 같은 기본 법리를 기초로 한 균형 잡힌 해석에 따라 개별적으로 판단되어야 하며, 형사법적 관점의 변화는 개별 사안별로 적절하게 판단되어야 할 상대적 가치를 지닌 관념이므로 유형별로 일률적인 결론을 제시할 수 없다는 견해이다. 이는 결국 종전의 ‘반성적 고려 유무’라는 기준을 ‘형사법적 관점의 변화’로 대체할 뿐 종래 대법원판례 법리의 판단구조를 그대로 유지하는 결과가 되므로, 광범위한 영역에서 법리의 불명확성이 그대로 남아 있게 된다. 
별개의견1에 따르면 형벌법규 자체가 변경된 경우를 제외한 나머지 경우에 형사법적 관점의 변화에 근거한 것인지 여부에 관하여 개별 사건에서 법원의 판단을 거쳐야 하므로, 변경된 견해에 따른 구체적 판단 기준과 방법을 고려해 보더라도 법령의 변경이 문제 된 많은 영역에서 수범자는 구법과 신법 가운데 어느 법령이 재판규범으로 적용될지 예측할 수 없는 문제가 있다. 이로써 수범자의 법적 안정성과 예측가능성을 확보하고자 하는 판례 변경의 취지는 상당 부분 사라져 버리게 된다.
나) 별개의견1이 형벌법규 자체가 변경된 원칙적인 경우 외에 다수의견이 구체적으로 제시한 법리에 대하여 이 사건의 쟁점이 아닌 방론에 불과하다고 보아 적절하지 않다고 하는 것에도 동의하기 어렵다. 
법령의 변경과 관련하여 다수의견이 구체적 법리를 제시한 쟁점들, 즉 형벌법규로부터 수권 내지 위임을 받은 법령이나 고시 등 규정이 변경된 경우, 이러한 수권 내지 위임관계에 있지 않은 다른 법령이 변경된 경우, 법령이 구체적인 일자나 기간으로 스스로 예정한 유효기간을 경과한 경우는 종래 대법원판례 형성 과정에서도 여러 차례 문제가 되었을 뿐만 아니라, 현재에도 전국 법원에 그와 관련된 다수의 사건들이 계속 중인 사안들이다. 따라서 대법원이 종래 대법원판례를 변경하여 새로운 법리를 제시하는 상황에서, 이와 같이 법령의 변경이 문제 되는 대표적인 사안들에 적용될 구체적인 법리에 관한 의견을 밝히는 것은 판례 변경을 함에 있어서 필요한 논의이다. 즉, 이 사건 법률 개정이 형벌법규 자체의 변경에 해당하여 형법 제1조 제2항의 법률의 변경에 해당하는 것에는 의문이 없더라도, 새로운 법리를 선언하는 대법원으로서는 형법 제1조 제2항과 형사소송법 제326조 제4호에서 말하는 법령의 변경이 무엇인지에 관하여 적어도 대표적인 사안들에 관한 답을 줄 수 있는 정도의 기준을 제시하는 것이 필요하고, 이와 같은 법리의 제시는 단순한 방론에 그치는 것이 아니라 법리 그 자체를 선언하는 것으로 보아야 한다.
대법원이 법령의 변경과 관련된 법리의 틀을 새롭게 제시하는 상황에서 필연적으로 대두되는 대표적인 사안들에 관하여 구체적인 법리를 제시하지 않고 별개의견1이 주장하는 추상적인 법리의 선언에만 그친다면, 수범자와 사법기관은 법령의 변경이 문제 되는 많은 사안에서 구체적으로 어떠한 결론에 이르러야 하는지 혼란에 빠지게 된다. 대법원이 개별 사건 재판부의 판단에 일임한다거나 향후 이에 대한 상소절차를 거쳐야만 판단할 수 있다는 것은 상당 기간에 걸쳐 일어날 형사재판 실무의 혼란과 불안정을 그대로 방치하는 결과가 되므로 타당하지 않다. 대법원이 종래 대법원판례 법리를 변경하게 된 취지를 밝히고, 그 과정에서 검토하고 논의한 결과를 토대로 종래 대법원판례를 대체하는 새로운 법리의 구체적인 해석·적용에 관하여 분명한 의견을 밝히는 것이 최고법원인 대법원의 책무에 부합하는 것이라고 본다.
또한 이와 같이 종래 대법원판례를 변경하고 대법원이 새로 제시하는 법리는 법령의 해석·적용에 관한 의견으로서 법원조직법 제7조 제1항 제3호가 정한 판례 변경의 대상이 될 것이므로(대법원 2021. 12. 23. 선고 2017다257746 전원합의체 판결 참조), 별개의견1이 형벌법규 자체가 변경된 경우 외에 다수의견이 제시한 구체적 법리에 대하여 엄격한 의미에서 판례로서의 효력이 없다고 본 것에도 찬성하기 어렵다. 
3) 가) 별개의견2는 유효기간을 구체적인 일자나 기간으로 특정하여 효력의 상실을 예정하고 있던 법령이 그 유효기간을 경과한 경우에 대해서만 다수의견과 다른 입장을 보이고 있다. 별개의견2는 이러한 경우에 원칙적으로는 형법 제1조 제2항과 형사소송법 제326조 제4호에 따라 재판시법을 적용하되, 예외적으로 해당 법령이나 고시 등 규정을 형사법적 관점으로 평가하여 그 위반행위에 대하여 유효기간 경과 후에도 처벌할 필요성이 있고 이러한 강제력과 추급력의 인정에 관한 입법적·사회적 함의를 담고 있는 것으로 볼 수 있다면 행위시법을 적용할 수 있다는 취지이다. 
그러나 별개의견2가 제시하는 종합적 고려요소들을 살펴보아도 위와 같은 원칙과 예외 사이에 수범자가 명확하게 예측할 수 있는 판단 기준을 찾기가 쉽지 않다. 특히 별개의견2가 제시한 법리에 따르면 수범자는 위반행위 후 유효기간만 경과하면 자신이 원칙적으로 처벌받지 않을 것으로 예상하게 되는데, 재판 시 법원의 종합적 고려에 따른 판단으로 행위시법이 적용되어 결국 처벌이 이루어질 수 있으므로, 수범자의 입장에서 법적 안정성과 예측가능성이 더욱 침해되는 측면도 있다.
나) 한편 별개의견2는 다수의견의 이 부분 법리에 대하여 형사처벌의 범위를 부당하게 확대시키고 판례 변경의 방향성에 반한다는 취지의 비판도 하고 있으나 동의하기 어렵다. 종래 대법원판례에 따르면 유효기간을 특정하여 효력의 상실을 예정하고 있는 법령은 그때그때의 특수한 필요에 대처하기 위한 법령에 해당하는 전형적인 경우이므로, 이러한 법령이 스스로 예정한 유효기간을 경과한 것을 반성적 고려에 따른 법령의 변경으로 인정하는 것은 논리상 불가능하였다. 따라서 종래 대법원판례가 이에 대하여 부분적으로나마 형법 제1조 제2항과 형사소송법 제326조 제4호 적용의 여지를 인정하였다거나, 다수의견이 그보다 형사처벌의 범위를 확장시킨다는 지적은 적절하지 아니하다. 나아가 다수의견은 유효기간을 구체적인 일자나 기간으로 특정한 법령의 유효기간이 경과된 경우에 대하여도 법문에 기초하여 법적 안정성과 예측가능성을 최대한 확보할 수 있는 법리를 제시한 것이므로, 이와 같은 문제의식을 토대로 한 판례 변경의 취지 및 방향성과 어긋난다고 할 수도 없다.
다. ‘법령의 변경’의 구체적인 의미
1) 종래 대법원판례는 입법자의 반성적 고려 유무라는 추상적 요건을 중심으로 하여 형법 제1조 제2항과 형사소송법 제326조 제4호의 적용 여부를 판단하였으므로, 위 각 조항에서 말하는 법령의 변경이 가진 구체적인 의미를 정확하게 규명하거나 정립할 필요성이 적었다. 
그러나 다수의견은 형법 제1조 제2항과 형사소송법 제326조 제4호 자체에 대하여 종래 대법원판례와 같은 추가적인 적용 요건을 설정하는 것은 부당하나, 형법 제1조의 문언과 입법취지 등을 살펴 위 각 조항에서 말하는 법령의 변경은 해당 형벌법규에 따른 범죄의 성립 및 처벌과 직접적으로 관련된 형사법적 관점의 변화를 전제하여야 한다고 보는 취지이므로, 이에 해당하는 경우와 해당하지 않는 경우를 구별할 수 있는 보다 구체적이고 분명한 법리가 필요하게 된다.
2) 먼저 형벌법규 자체의 변경에 따라 범죄를 구성하지 아니하게 되거나 형이 가벼워진 경우는 당연히 해당 형벌법규의 가벌성과 직접 관련된 형사법적 관점의 변화에 근거한 것이다. 따라서 형법 제1조 제2항과 형사소송법 제326조 제4호에 따라 재판시법이 적용된다. 나아가 형벌법규로부터 수권 내지 위임을 받은 법령이나 고시 등 규정이 변경된 경우에도, 이는 해당 형벌법규의 가벌성과 직접 관련된 형사법적 관점의 변화에 근거한 것이므로 형법 제1조 제2항과 형사소송법 제326조 제4호에 따라 재판시법이 적용되어야 한다. 이러한 법령이나 고시 등 규정은 해당 형벌법규의 구성요건의 일부를 이루는 보충규범으로서 모법과 결합하여 형사처벌의 근거가 되는 것이므로, 법령의 체계 및 내용상 형벌법규의 일부가 변경된 것으로 분명하게 인정되는 경우이기 때문이다. 행정형벌의 경우 의무규정과 벌칙규정이 분리될 수 있다고 하더라도, 해당 벌칙규정이 의무규정을 구성요건의 일부로서 명시적으로 편입한 이상 의무규정 자체가 변경되었거나 의무규정으로부터 수권 내지 위임을 받은 법령이나 고시 등 규정이 변경되었다면 형벌법규의 일부가 변경된 경우로 보아야 한다.
이러한 경우 형사법의 보호적 기능은 입법자로 하여금 구법과 신법 사이에 어느 법령이 재판규범으로 적용되는지에 관하며 명시적인 경과규정을 두게 함으로써 수범자의 법적 안정성과 예측가능성을 보장하는 적정한 방법으로 충분히 달성될 수 있다. 입법자가 형벌법규 자체 또는 그로부터 수권 내지 위임을 받은 법령이나 고시 등 규정이 변경된 경우에 종전 법령에 따른 처벌을 유지할 필요성이 있다고 판단한다면 적절한 경과규정을 두면 된다. 변경된 법령이나 고시 등 규정이 형벌법규와 수권 내지 위임관계에 있다면 그 변경이 형벌법규의 가벌성에 직접적인 영향을 끼치게 된다는 점은 입법자가 당연히 예견할 수 있고, 이러한 경우 경과규정의 필요성을 스스로 검토하고 필요한 조치를 하는 것은 입법자의 의무이기도 하다. 
3) 그러나 해당 형벌법규로부터 수권 내지 위임을 받은 법령이 아닌 다른 법령이 변경된 경우에는 전체 법체계 안에서 해당 형벌법규와 변경된 법령의 관계가 매우 다양한 형태와 양상으로 나타날 수 있다. 법령의 변경은 여러 다종다양한 법규범의 영역에서 모두 일어날 수 있으므로, 형사법적 관점의 변화에 근거한 경우와 그렇지 않은 경우가 혼재되어 있다. 따라서 이때에는 다수의견에서 제시한 여러 판단요소들을 고려하여 법령의 변경이 해당 형벌법규의 가벌성과 직접 관련된 형사법적 관점의 변화를 주된 근거로 하는 것인지 여부를 개별적으로 살펴보는 것이 불가피하다. 
법령 변경의 내용이 기본적으로 형사법과 무관한 사항이고 해당 형벌법규로부터 수권 내지 위임을 받지 않은 타법 영역에서의 변경에 불과하다면 특별한 사정이 없는 한 형사법적 관점의 변화에 근거한 것으로 볼 수 없다. 가령 미성년자의 기준이나 재물의 소유권 귀속, 친족의 범위 등에 관한 민사법령의 변경으로 인하여 형사범죄의 구성요건 해당 여부나 소추조건 등이 달라지는 경우를 예로 들 수 있다. 나아가 어떠한 행정적 규율의 변경으로 인하여 이와 직접 관련이 없는 타법에 속한 형벌법규의 적용 가부가 달라지는 경우도 있을 수 있다. 
이처럼 다른 법령에서 생긴 어떠한 비형사적 규율의 변경이 결과적으로 형벌법규의 가벌성에 간접적인 영향을 미치게 되는 경우는 원칙적으로 형법 제1조 제2항과 형사소송법 제326조 제4호의 적용 대상인 형사법적 관점의 변화에 근거한 법령의 변경에 해당하지 않으므로, 형법 제1조 제1항에 따라 행위시법이 적용되어야 한다. 다만 변경된 법령이 타법이라고 하더라도 해당 형벌법규와 불가분적으로 결합되어 보호목적과 입법취지 등을 같이한다고 볼 만한 특별한 사정이 인정된다면 형사법적 관점의 변화에 근거하였다고 볼 수 있는 경우도 있을 것이다.
4) 가) 법령이 구체적인 일자나 기간으로 스스로 예정한 유효기간을 경과한 경우도 형법 제1조 제2항과 형사소송법 제326조 제4호가 말하는 범죄 후 법령이 변경되거나 개폐된 경우에 해당한다고 볼 수 없으므로, 행위시법이 적용되어야 한다. 
이 경우는 문언상 법령이 개정되거나 폐지된 경우에 해당하지 않음이 분명하고, 유효기간을 규정한 애초의 법령 및 이에 관한 입법자의 의사가 변경 없이 그대로 실현된 것에 불과하므로, 범죄 후에 어떠한 법령의 변경이나 형사법적 관점의 변화가 이루어진 것이 아니다. 따라서 법령이 스스로 예정한 유효기간을 경과한 경우를 형법 제1조 제2항과 형사소송법 제326조 제4호가 말하는 법령의 변경에 포함시키는 것은 일종의 유추해석에 해당하므로, 비록 피고인에게 불리하지 않은 것이라고 할지라도 법적 안정성의 관점에서 원칙적으로 바람직하지 않다. 
입법자의 의사도 유효기간 내의 법령 위반행위에 대해서는 유효기간 종료 이후에도 처벌을 한다는 기존의 형사법적 관점을 그대로 유지하는 것이라고 봄이 타당하다. 입법자는 특정한 일자나 기간으로 수범자 누구나 분명하게 알 수 있는 방법으로 법령의 유효기간을 특정하였고, 이로써 그 유효기간 내에 준수되어야 할 수범자의 행위규범이 명시되었다. 그럼에도 유효기간 종료와 동시에 유효기간 내 위반행위에 대해서 처벌이 이루어지지 않는다면, 그 법령은 실질적으로 유효기간 내 행위규범으로서 역할을 거의 수행할 수 없게 된다. 범죄의 인지 및 수사, 기소 후 각 심급을 거쳐 형사재판의 확정까지 소요되는 기간을 고려하면, 가령 법령이 약 1~2년 정도의 유효기간을 두고 있는 경우에도 상당수는 형사재판의 확정 이전에 법령의 효력이 상실됨으로써 처벌을 받지 않게 되기 때문이다. 실무상 형벌법규의 보충규범인 고시 등 규정에서 이보다 훨씬 짧은 수주일 내지 수개월 정도의 유효기간이 설정되는 경우가 적지 않다는 사정을 고려하면, 구체적인 일자나 기간으로 유효기간을 특정한 법령에 대하여 행위시법주의를 적용하는 해석의 필요성은 더욱 커진다.
나) 다만 유효기간을 구체적인 일자나 기간으로 특정하지 아니하고 일정한 사건의 발생에 따라 효력의 소멸을 예정한 법령이나, 그 내용과 목적이 일시적 사정에 대처하기 위하여 제정된 법령 전반에 대해서까지 이러한 행위시법주의가 적용된다고 볼 수는 없다. 이러한 법령은 그 효력의 종기가 명확하지 않아 특정된 기간 내의 위반행위에 대하여 처벌이 관철되어야 할 규범으로 명시되었다고 보기 어렵고, 해석 여하에 따라 이러한 법령에 포함될 수 있는 범위가 과도하게 확장되고 재판시법주의와 행위시법주의 사이의 경계가 불분명해져 또다시 수범자의 예측가능성이 문제 될 수 있기 때문이다. 따라서 이러한 경우에는 입법자가 행위시법을 적용한다는 분명한 경과규정을 두었을 때에만 행위시법주의에 따른다고 해석하는 것이 타당하다.
다) 기본적으로 입법자는 경과규정을 통하여 행위시법에 따른 처벌을 관철할 수 있으므로, 같은 목적을 위하여 유효기간 규정을 비정상적인 형태로 이용할 유인은 크지 않다고 보인다. 그러나 만약 입법자가 법령의 유효기간을 남용적으로 설정·운용한다거나 위임입법의 한계 또는 법령의 체계상 합당하지 않은 방식으로 유효기간 규정을 두는 사례가 발생한다면, 법원에 부여된 명령·규칙 등에 대한 심사권한을 통하여 그 적용을 배제할 수 있고, 본 대법원판결의 법리를 전제로 유효기간 규정이 남용된 예외적 사안을 해결하기 위하여 추가적인 법리를 제시할 수도 있을 것이다. 
라. 소결론
형사처벌을 위한 재판규범의 판단 기준에 관하여 명확한 법리를 정립하는 것은 실질적 법치주의 실현의 필수조건이다. 다수의견은 사회공동체의 질서와 법익을 보호하는 형사법의 기능을 약화시키는 것이 아니고, 실질적 법치주의의 토대 위에서 이를 달성하고자 하는 것이다. 수범자가 처벌과 불처벌을 간명하게 구별할 수 있어야만 법치주의 원리와 형사법의 기능이 실질적으로 구현될 수 있다. 다수의견은 법적 안정성과 예측가능성을 확보하기 위하여 어떤 법령이 재판규범인지 판단하는 기준에 관하여 보다 분명한 견해를 제시하여야 한다는 입장에서 종래 대법원판례를 변경하고, 관련 조항의 법문언과 입법취지를 살펴 법령의 변경의 범위를 보다 명확하고 합리적으로 제시하고 있는 것이다.
이상과 같이 다수의견에 대한 보충의견을 밝힌다.
대법원장 김명수(재판장) 조재연 박정화 안철상 민유숙 김선수 이동원(주심) 노정희 노태악 이흥구 천대엽 오경미",C:\Users\jeff4\OneDrive - 엔시스코리아\personal\school\3\여름\DSL\EDA\data/source/criminal_sentencing_cases_2015_2026\raw\law_api\body\233049.xml,2026-07-07T05:42:49.086239+00:00,lawyer,both,Guilty,True,False,False,2,drunk_driving,False,2020.0,2022,"원심판결을 파기하고, 사건을 서울서부지방법원에 환송한다.",,full_text_screening_only,0,0.209,0.209,BAC_0.20_plus,"파기하고, 사건을 서울서부지방법원에 환송한다. 【이 유】 상고이유를 판단한다. 1. 사건의 개요와 쟁점 가. 이 사건 공소사실 중 도로교통법 위반(음주운전) 부분(이하 ‘이 부분 공소사실’이라고 한다)의 요지 피고인은 도로교통법 위반(음주운전)죄로 4회 처벌받은 전력이 있음에도 2020. 1. 5. 혈중알코올농도 0.209%의 술에 취한 상태로 전동킥보드를 운전하였다. 나. 원심 판단 원심은 구 도로교통법(2020. 6. 9. 법률 제17371호로 개정되어 2020. 12. 10. 시행되기 전의 것, 이하 같다) 제148조의2 제1항, 도로교통법 제44조 제1항을 적용하여 이 부분 공소사실을 유죄로 판단하였다. 다. 이",,,0,,1,0,1,,,,,,False,,,0.0,,,0.0,,,0.0,,,0.0,,,1.0,,"서부지방법원에 환송한다. 【이 유】 상고이유를 판단한다. 1. 사건의 개요와 쟁점 가. 이 사건 공소사실 중 도로교통법 위반(음주운전) 부분(이하 ‘이 부분 공소사실’이라고 한다)의 요지 피고인은 도로교통법 위반(음주운전)죄로 4회 처벌받은 전력이 있음에도 2020. 1. 5. 혈중알코올농도 0.209%의 술에 취한 상태로 전동킥보드를 운전하였다. 나. 원심 판단 원심은 구 도로교통법(2020. 6. 9. 법률 제17371호로 개정되어 2020. 12. || 제19호의2 및 제21호의2에서 이 사건 전동킥보드와 같은 ‘개인형 이동장치’와 이를 포함하는 ‘자전거 등’에 관한 정의규정을 신설하였다. 이에 따라 개인형 이동장치는 자전거 등에 해당하게 되었으므로, 자동차 등 음주운전 행위를 처벌하는 제148조의2의 적용 대상에서 개인형 이동장치를 운전하는 경우를 제외하는 한편, 개인형 이동장치 음주운전 행위에 대하여 자전거 등 음주운전 행위를 처벌하는 제156조 제11호를 적용하도록 규정하였다(이하 ‘이 || 형 이동장치는 자전거 등에 해당하게 되었으므로, 자동차 등 음주운전 행위를 처벌하는 제148조의2의 적용 대상에서 개인형 이동장치를 운전하는 경우를 제외하는 한편, 개인형 이동장치 음주운전 행위에 대하여 자전거 등 음주운전 행위를 처벌하는 제156조 제11호를 적용하도록 규정하였다(이하 ‘이 사건 법률 개정’이라고 한다). 그 결과 이 부분 공소사실과 같이 도로교통법 제44조 제1항 위반 전력이 있는 사람이 다시 술에 취한 상태로 전동킥보드를",0.0,,,0.0,,,,,False,단순 음주운전 양형기준 시행(2023-07-01) 전 사건,,,,,,0.0,,0.0,0,1,0,선고형 자동추출 불일치; 병합·복수 죄명; 중대 비대상 죄명 병합; 신뢰 가능한 양형이유 구간 없음,1
1694,P03-0114,114,238891,도로교통법위반(음주운전),2020도6417,20231228,2023-12-28,대법원,400201,형사,400102,판결,선고,*,usable,third,legal_review,traffic,도로교통법위반(음주운전),simple,guilty,supreme_appeal_dismissed,single,lower_court_maintained,F,none,,위드마크(Widmark) 공식을 적용하여 수학적 방법에 따른 계산결과로 운전 당시의 혈중알코올농도를 추정할 때 사용되는 방식 및 이때 그 적용의 전제가 되는 개별적이고 구체적인 사실에 관하여 엄격한 증명을 요하는지 여부(적극) / 해당 운전자의 시간당 알코올분해량을 계산할 때 고려할 사항 / 시간당 알코올분해량에 관하여 알려져 있는 신빙성 있는 통계자료 중 피고인에게 가장 유리한 것을 대입하여 위드마크 공식을 적용하여 운전 당시의 혈중알코올농도를 추정한 계산결과를 유죄의 인정자료로 사용할 수 있는지 여부(적극),"음주하고 운전한 직후에 운전자의 혈액이나 호흡 등 표본을 검사하여 혈중알코올농도를 측정할 수 있는 경우가 아니라면 이른바 위드마크(Widmark) 공식을 사용하여 수학적 방법에 따른 계산결과로 운전 당시의 혈중알코올농도를 추정할 수 있다. 운전 시부터 일정한 시간이 경과한 후에 음주측정기 또는 혈액채취 등에 의하여 측정한 혈중알코올농도는 운전 시가 아닌 측정 시의 수치에 지나지 아니하므로 운전 시의 혈중알코올농도를 구하기 위하여는 여기에 운전 시부터 측정 시까지의 알코올분해량을 더하는 방식이 사용된다. 
일반적으로 범죄구성요건 사실의 존부를 알아내기 위하여 위와 같은 과학공식 등의 경험칙을 이용하는 경우에는 그 법칙 적용의 전제가 되는 개별적이고 구체적인 사실에 관하여 엄격한 증명을 요한다고 할 것이다. 시간의 경과에 의한 알코올의 분해소멸에 관해서는 평소의 음주정도, 체질, 음주속도, 음주 후 신체활동의 정도 등이 시간당 알코올분해량에 영향을 미칠 수 있으므로, 특별한 사정이 없는 한 해당 운전자의 시간당 알코올분해량이 평균인과 같다고 쉽게 단정할 것이 아니라 증거에 의하여 명확히 밝혀야 하고, 증명을 위하여 필요하다면 전문적인 학식이나 경험이 있는 사람들의 도움 등을 받아야 하며, 만일 공식을 적용할 때 불확실한 점이 남아 있고 그것이 피고인에게 불이익하게 작용한다면 그 계산결과는 합리적인 의심을 품게 하지 않을 정도의 증명력이 있다고 할 수 없다. 그러나 시간당 알코올분해량에 관하여 알려져 있는 신빙성 있는 통계자료 중 피고인에게 가장 유리한 것을 대입하여 위드마크 공식을 적용하여 운전 시의 혈중알코올농도를 계산하는 것은 피고인에게 실질적인 불이익을 줄 우려가 없으므로 그 계산결과는 유죄의 인정자료로 사용할 수 있다고 하여야 한다.","도로교통법 제44조, 제148조의2 제1항, 제3항, 형사소송법 제307조, 제308조","대법원 2000. 10. 24. 선고 2000도3145 판결, 대법원 2000. 10. 24. 선고 2000도3307 판결(공2000하, 2473), 대법원 2000. 12. 26. 선고 2000도2185 판결, 대법원 2001. 6. 26. 선고 99도5393 판결","【피 고 인】 피고인
【상 고 인】 검사
【원심판결】 전주지법 2020. 5. 7. 선고 2020노300 판결
【주 문】
상고를 기각한다.
【이 유】 상고이유를 판단한다.
1. 공소사실의 요지
피고인은 2019. 9. 10. 전주지방법원 정읍지원에서 도로교통법 위반(음주운전)죄로 징역 6월에 집행유예 2년을 선고받고, 같은 달 18일경 위 판결이 확정되었다. 피고인은 2019. 7. 20. 16:25경 정읍시 (주소 1 생략)에 있는 ○○고등학교에서부터 (주소 2 생략)에 있는 △△ 부근 삼거리에 이르기까지 약 60m 구간에서 혈중알코올농도 0.054%의 술에 취한 상태로 5t 화물차량을 운전하였다.
이로써 피고인은 술에 취한 상태에서 운전 금지 규정을 2회 이상 위반하였다.
2. 인정 사실
원심판결 이유 및 기록에 의하면 다음의 사실을 알 수 있다.
가. 피고인은 2019. 7. 20. 16:25경 공소사실 기재 장소에서 공소사실 기재의 화물차량을 운전하다가 맞은편에 있던 승용차를 충격하였다(이하 ‘이 사건 사고’라고 한다).
나. 경찰관은 2019. 7. 20. 16:53경 교통사고가 발생하였다는 112 신고를 받고 공소사실 기재 △△ 부근 삼거리에 도착하여, 같은 날 17:20경 피고인에게 호흡측정 방식으로 음주측정을 실시한 결과 피고인의 혈중알코올농도가 0.169%로 측정되었다.
다. 피고인은 이 사건 사고가 발생한 직후인 16:43경 사고현장을 이탈하여 소주(360㎖) 1병에 복숭아 음료 1캔을 섞어 마셨다(이하 ‘후행음주’라고 한다).
라. 수사기관은 2019. 9. 24. 피고인에게 후행음주와 동일한 방식으로 소주 1병에 복숭아 음료 1캔을 섞어 마시도록 한 뒤 음주측정을 실시한 결과 혈중알코올농도가 0.115%로 측정되었다. 
마. 피고인이 이 사건 사고 당일 차를 운전하기 전에 마신 음주량에 관한 자료는 없다.
3. 원심의 판단
원심은 후행음주로 인한 혈중알코올농도 증가분을 산정하기 위하여 위드마크 공식을 사용하였는데, 이미 알려진 신빙성 있는 체내흡수율과 위드마크 상수에 관한 통계자료 중 피고인에게 가장 유리한 수치인 체내흡수율 0.9, 위드마크 상수 0.52를 적용하여 계산된 결과인 0.141%[= (술의 양 360㎖ × 알코올농도 0.17 × 알코올비중 0.7894 × 체내흡수율 0.9) ÷ (피고인의 체중 59kg × 위드마크 상수 0.52 × 10)]와 2019. 9. 24. 측정된 음주수치인 0.115% 중 피고인에게 보다 더 유리한 0.141%를 후행음주로 인한 혈중알코올농도 증가분으로 추정하고, 이를 이 사건 사고 당시 측정치인 0.169%에서 공제하는 방법으로 이 사건 사고 당시 피고인의 혈중알코올농도 추정치는 0.028%(= 0.169% - 0.141%)가 된다고 본 다음, 이는 도로교통법상 음주운전 처벌기준치인 0.03%에 미치지 아니하므로 이 사건 공소사실은 범죄의 증명이 없는 경우에 해당한다고 보아 이 사건 공소사실을 유죄로 인정한 제1심판결을 파기하고 무죄로 판단하였다.
4. 대법원의 판단
1) 법리 
음주하고 운전한 직후에 운전자의 혈액이나 호흡 등 표본을 검사하여 혈중알코올농도를 측정할 수 있는 경우가 아니라면 이른바 위드마크(Widmark) 공식을 사용하여 수학적 방법에 따른 계산결과로 운전 당시의 혈중알코올농도를 추정할 수 있다. 운전 시부터 일정한 시간이 경과한 후에 음주측정기 또는 혈액채취 등에 의하여 측정한 혈중알코올농도는 운전 시가 아닌 측정 시의 수치에 지나지 아니하므로 운전 시의 혈중알코올농도를 구하기 위하여는 여기에 운전 시부터 측정 시까지의 알코올분해량을 더하는 방식이 사용된다. 
일반적으로 범죄구성요건 사실의 존부를 알아내기 위하여 위와 같은 과학공식 등의 경험칙을 이용하는 경우에는 그 법칙 적용의 전제가 되는 개별적이고 구체적인 사실에 관하여 엄격한 증명을 요한다고 할 것이다. 시간의 경과에 의한 알코올의 분해소멸에 관해서는 평소의 음주정도, 체질, 음주속도, 음주 후 신체활동의 정도 등이 시간당 알코올분해량에 영향을 미칠 수 있으므로, 특별한 사정이 없는 한 해당 운전자의 시간당 알코올분해량이 평균인과 같다고 쉽게 단정할 것이 아니라 증거에 의하여 명확히 밝혀야 하고, 증명을 위하여 필요하다면 전문적인 학식이나 경험이 있는 사람들의 도움 등을 받아야 하며, 만일 공식을 적용할 때 불확실한 점이 남아 있고 그것이 피고인에게 불이익하게 작용한다면 그 계산결과는 합리적인 의심을 품게 하지 않을 정도의 증명력이 있다고 할 수 없다(대법원 2000. 10. 24. 선고 2000도3145 판결, 대법원 2000. 10. 24. 선고 2000도3307 판결, 대법원 2000. 12. 26. 선고 2000도2185 판결 등 참조). 그러나 시간당 알코올분해량에 관하여 알려져 있는 신빙성 있는 통계자료 중 피고인에게 가장 유리한 것을 대입하여 위드마크 공식을 적용하여 운전 시의 혈중알코올농도를 계산하는 것은 피고인에게 실질적인 불이익을 줄 우려가 없으므로 그 계산결과는 유죄의 인정자료로 사용할 수 있다고 하여야 한다(대법원 2001. 6. 26. 선고 99도5393 판결 등 참조).
2) 이 사건의 경우
원심판결 이유를 관련 법리와 기록에 비추어 살펴보면, 그 판시와 같은 이유로 이 사건 공소사실을 무죄로 본 원심의 판단에 논리와 경험의 법칙을 위반하여 자유심증주의의 한계를 벗어나거나 도로교통법 위반(음주운전)죄의 성립에 관한 법리를 오해한 잘못이 없다.
이 사건의 경우와 같이, 형사처벌을 모면하기 위해 의도적인 추가음주를 하는 행위가 드물지 않게 발생하고 있다. 죄증을 인멸하기 위한 의도적인 추가음주행위를 통해 음주운전자가 정당한 형사처벌을 회피하게 되는 결과를 그대로 용인하는 것은 정의의 관념이나 음주운전에 대한 강력한 처벌을 통해 안전사회를 염원하는 국민적 공감대 및 시대적 흐름에 비추어 바람직하지 않다. 국민의 건강과 사회의 안전을 보호하고 의도적인 법질서교란행위에 대한 정당한 처벌이 이루어질 수 있는 방향으로 추가음주 사안의 현황과 문제점을 체계적으로 파악하여 이를 해결하기 위한 입법적 조치 등이 이루어질 필요가 있지만, 이러한 조치가 없는 현재의 상황에서는 죄형법정주의와 검사의 엄격한 증명책임이라는 형사법의 대원칙을 존중하여 판단할 수밖에 없다. 
5. 결론
그러므로 상고를 기각하기로 하여, 관여 대법관의 일치된 의견으로 주문과 같이 판결한다. 
대법관 이흥구(재판장) 안철상(주심) 노정희 오석준",C:\Users\jeff4\OneDrive - 엔시스코리아\personal\school\3\여름\DSL\EDA\data/source/criminal_sentencing_cases_2015_2026\raw\law_api\body\238891.xml,2026-07-07T05:42:49.086239+00:00,,suspended,Guilty,True,False,False,1,drunk_driving,False,2020.0,2023,상고를 기각한다.,,full_text_screening_only,0,0.054,0.054|0.169|0.115,BAC_0.03_to_0.08,"지방법원 정읍지원에서 도로교통법 위반(음주운전)죄로 징역 6월에 집행유예 2년을 선고받고, 같은 달 18일경 위 판결이 확정되었다. 피고인은 2019. 7. 20. 16:25경 정읍시 (주소 1 생략)에 있는 ○○고등학교에서부터 (주소 2 생략)에 있는 △△ 부근 삼거리에 이르기까지 약 60m 구간에서 혈중알코올농도 0.054%의 술에 취한 상태로 5t 화물차량을 운전하였다. 이로써 피고인은 술에 취한 상태에서 운전 금지 규정을 2회 이상 위반하였다. 2. 인정 사실 원심판결 이유 및 기록에 의하면 다음의 사실을 알 수 있다. 가. 피고인은 2019. 7. 20. 16:25경 공소사실 기재 장소에서 공소사실 기재의 화물차량을",,,0,,0,0,0,custodial,6.0,,full_text,135.0,True,"【피 고 인】 피고인 【상 고 인】 검사 【원심판결】 전주지법 2020. 5. 7. 선고 2020노300 판결 【주 문】 상고를 기각한다. 【이 유】 상고이유를 판단한다. 1. 공소사실의 요지 피고인은 2019. 9. 10. 전주지방법원 정읍지원에서 도로교통법 위반(음주운전)죄로 징역 6월에 집행유예 2년을 선고받고, 같은 달 18일경 위 판결이 확정되었다. 피고인은 2019. 7. 20. 16:25경 정읍시 (주소 1 생략)에 있는 ○○고등학교에서부터 (주소 2 생략)에 있는 △△ 부근 삼거리에 이르기까지 약 60m 구간에서 혈중알코올농도 0.054%의 술에 취한 상태로 5t 화물차량을","[{""kind"": ""custodial"", ""months"": 6.0, ""fine_won"": NaN, ""region"": ""full_text"", ""score"": 135.0, ""snippet"": ""【피 고 인】 피고인 【상 고 인】 검사 【원심판결】 전주지법 2020. 5. 7. 선고 2020노300 판결 【주 문】 상고를 기각한다. 【이 유】 상고이유를 판단한다. 1. 공소사실의 요지 피고인은 2019. 9. 10. 전주지방법원 정읍지원에서 도로교통법 위반(음주운전)죄로 징역 6월에 집행유예 2년을 선고받고, 같은 달 18일경 위 판결이 확정되었다. 피고인은 2019. 7. 20. 16:25경 정읍시 (주소 1 생략)""}]",0.0,,,0.0,,,0.0,,,0.0,,,1.0,,"추정하고, 이를 이 사건 사고 당시 측정치인 0.169%에서 공제하는 방법으로 이 사건 사고 당시 피고인의 혈중알코올농도 추정치는 0.028%(= 0.169% - 0.141%)가 된다고 본 다음, 이는 도로교통법상 음주운전 처벌기준치인 0.03%에 미치지 아니하므로 이 사건 공소사실은 범죄의 증명이 없는 경우에 해당한다고 보아 이 사건 공소사실을 유죄로 인정한 제1심판결을 파기하고 무죄로 판단하였다. 4. 대법원의 판단 1) 법리 음주하 || 주운전)죄의 성립에 관한 법리를 오해한 잘못이 없다. 이 사건의 경우와 같이, 형사처벌을 모면하기 위해 의도적인 추가음주를 하는 행위가 드물지 않게 발생하고 있다. 죄증을 인멸하기 위한 의도적인 추가음주행위를 통해 음주운전자가 정당한 형사처벌을 회피하게 되는 결과를 그대로 용인하는 것은 정의의 관념이나 음주운전에 대한 강력한 처벌을 통해 안전사회를 염원하는 국민적 공감대 및 시대적 흐름에 비추어 바람직하지 않다. 국민의 건강과 사회의 안전을 보호하고 의 || 모면하기 위해 의도적인 추가음주를 하는 행위가 드물지 않게 발생하고 있다. 죄증을 인멸하기 위한 의도적인 추가음주행위를 통해 음주운전자가 정당한 형사처벌을 회피하게 되는 결과를 그대로 용인하는 것은 정의의 관념이나 음주운전에 대한 강력한 처벌을 통해 안전사회를 염원하는 국민적 공감대 및 시대적 흐름에 비추어 바람직하지 않다. 국민의 건강과 사회의 안전을 보호하고 의도적인 법질서교란행위에 대한 정당한 처벌이 이루어질 수 있는 방향으로 추가음주 사안의 현황",0.0,,,0.0,,,,,False,단순 음주운전 양형기준 시행(2023-07-01) 전 사건,,,,,,1.0,1.0,1.0,1,0,0,신뢰 가능한 양형이유 구간 없음,1
337,P01-0337,337,213747,특정범죄가중처벌등에관한법률위반(도주치상)·도로교통법위반(사고후미조치),2020도8615,20200827,2020-08-27,대법원,400201,형사,400102,판결,선고,*,usable,third,procedural,traffic,"도주치상, 도로교통법위반",multiple_charges,mixed,remand,none,not_applicable,,none,,"검사가 일부 유죄, 일부 무죄로 판단한 제1심판결 전부에 대하여 항소하면서 항소장이나 항소이유서에 단순히 ‘양형부당’이라는 문구만 기재하였을 뿐 그 구체적인 이유를 기재하지 않은 경우, 항소심이 제1심판결의 유죄 부분의 형이 너무 가볍다는 이유로 파기하고 그보다 무거운 형을 선고할 수 있는지 여부(소극)",,"형사소송법 제361조의5 제15호, 형사소송규칙 제155조","대법원 2008. 1. 31. 선고 2007도8117 판결(공2008상, 342), 대법원 2017. 3. 15. 선고 2016도19824 판결","【피 고 인】 피고인
【상 고 인】 피고인
【원심판결】 수원지법 2020. 6. 12. 선고 2019노5905 판결
【주 문】
원심판결 중 유죄 부분을 파기하고, 이 부분 사건을 수원지방법원 본원 합의부에 환송한다.
【이 유】 상고이유를 판단한다.
1. 형사소송법 제361조의5는 제15호에서 ‘형의 양정이 부당하다고 인정할 사유가 있는 때’를 항소이유로 할 수 있는 사유로 규정하고, 형사소송규칙 제155조는 항소이유서에 항소이유를 구체적으로 간결하게 명시하도록 규정한다. 위 규정에 의하면, 검사가 제1심 유죄판결 또는 일부 유죄, 일부 무죄로 판단한 제1심판결 전부에 대하여 항소하면서, 항소장이나 항소이유서에 단순히 ‘양형부당’이라는 문구만 기재하였을 뿐 구체적인 이유를 기재하지 않았다면, 이는 적법한 항소이유의 기재라고 볼 수 없다. 한편 검사가 항소한 경우 양형부당의 사유는 직권조사사유나 직권심판사항에 해당하지도 않는다. 그러므로 위와 같은 경우 항소심은 검사의 항소에 의해서든 직권에 의해서든 제1심판결의 양형이 부당한지 여부에 관하여 심리·판단할 수 없고, 따라서 제1심판결의 유죄 부분의 형이 너무 가볍다는 이유로 파기하고 그보다 무거운 형을 선고하는 것은 허용되지 않는다(대법원 2008. 1. 31. 선고 2007도8117 판결, 대법원 2017. 3. 15. 선고 2016도19824 판결 등 참조).
2. 원심판결 이유와 기록에 의하면 다음 사실을 알 수 있다.
가. 이 사건 공소사실의 요지는, ① 피고인이 향정신성의약품인 졸피뎀타르타르산염과 클로나제팜 성분이 포함된 약물을 복용하고 승용차를 운전하였으며, ② 위 운전 당시 업무상 주의의무를 게을리한 과실로 피해자 공소외인이 운전하는 승용차를 충격하여 피해자 공소외인과 그 동승자 등에게 상해를 입게 함과 동시에 피해자 공소외인의 운전차를 손괴하고도 즉시 정차하여 피해자들을 구호하는 등의 조치를 취하지 않고 그대로 도주하였다는 것이다.
나. 제1심은 이 사건 공소사실 중 도로교통법 위반의 점에 대하여는 피고인이 약물의 영향에 의하여 정상적으로 운전하지 못할 우려가 있는 상태에 있었다는 점이 인정되지 않는다고 하여 무죄로 판단하고, 나머지에 대해서는 특정범죄 가중처벌 등에 관한 법률 위반(도주치상)죄와 도로교통법 위반(사고후미조치)죄를 유죄로 인정하여 벌금 500만 원을 선고하였다. 
다. 검사는 제1심판결 전부에 대하여 항소하였다. 그런데 검사가 제출한 항소장 중 ‘항소의 이유’란에는 “피고인의 교통사고 발생 직후의 진술에 비추어 볼 때 피고인은 교통사고 발생 당시 약물을 복용하여 그 효능이 미치는 상태에서 운전하였음이 충분히 인정되는바, 원심은 본건 공소사실 전부에 대하여 유죄를 선고하였어야 함에도 불구하고 사실을 오인하여 무죄를 선고한 위법이 있으므로 항소를 통해 이를 시정하고자 함(위 일부 무죄가 있으므로 결과적으로 전체의 양형도 부당함)”이라고 기재되어 있을 뿐, 양형부당에 관하여 구체적인 이유가 기재되어 있지 않다.
라. 검사가 법정기간 내에 제출한 항소이유서 제3항 제목 부분에 ‘항소이유’라고 기재되어 있는데, 제3항 본문의 내용 부분에는 주로 제1심판결 중 도로교통법 위반 부분에 대한 사실오인에 관한 이유가 기재되어 있고, 양형부당에 관해서는 “이상에서 살펴본 바와 같이 피고인이 약물의 영향에 의하여 정상적으로 운전하지 못할 우려가 있는 상태에 있었으므로 원심은 본건 공소사실에 대하여 전부 유죄를 선고하였어야 함에도 불구하고 사실을 오인하여 이를 그르친 위법이 있다고 할 것이며, 결국 그 죄질에 비해 1심의 선고형은 과경할 뿐만 아니라 위 사실오인에 따른 일부 무죄가 선고되었기에 결과적으로 전체의 양형도 부당합니다.”라고 기재되어 있을 뿐(이는 무죄 부분이 유죄로 인정될 것을 전제로 한 양형부당 주장에 불과하다), 제1심판결 중 유죄 부분에 대한 양형부당에 관하여는 구체적인 이유가 기재되어 있지 않다. 항소이유서 결론 부분에도 “위와 같은 이유에서 원심의 판결은 공소사실에 관한 사실을 오인하고, 이에 원심 선고형량이 지나치게 가벼우므로, 원심판결을 파기하고 피고인들에게 원심 검사 구형에 상응하는 형을 선고하여 주시기 바랍니다.”라고 기재되어 있을 뿐, 제1심판결 중 유죄 부분에 대한 양형부당에 관하여는 구체적인 이유가 기재되어 있지 않다. 
마. 검사는 항소이유서 제출기간이 지난 2019. 11. 27. 원심 제1회 공판기일에서 항소이유서를 진술한 다음, 항소이유의 요지로 ‘무죄 부분에 대한 사실오인 및 전체에 대한 양형부당을 항소이유로 주장한다.’고 진술하였다.
바. 원심은 제1심판결 무죄 부분에 대한 검사의 항소이유는 배척하고, 제1심판결 유죄 부분에 대한 검사의 양형부당 항소이유는 받아들여, 제1심판결 중 무죄 부분에 대한 검사의 항소를 기각하고 유죄 부분을 파기한 다음 피고인에 대하여 징역 6월 및 집행유예 2년을 선고하였다.
3. 위와 같은 사실관계를 앞에서 본 법리에 비추어 살펴본다.
가. 검사는 제1심판결 유죄 부분에 대하여 항소장이나 항소이유서에 ‘양형부당’이라고 기재하였을 뿐 구체적인 이유를 기재하지 않았으므로, 제1심판결 유죄 부분에 대하여 적법한 양형부당의 항소이유를 기재하였다고 볼 수 없다. 따라서 원심은 검사의 항소이유에 대한 판단으로든 직권으로든 제1심판결 유죄 부분의 양형이 부당한지 여부를 심리·판단할 수 없으므로, 제1심판결 무죄 부분에 대한 검사의 항소를 기각한 이상, 피고인에 대하여 제1심보다 무거운 형을 선고하는 것은 허용될 수 없다.
나. 그럼에도 원심은 제1심판결 중 유죄 부분에 대하여 검사가 적법한 양형부당의 항소이유를 제시하였음을 전제로 판시와 같은 사정을 들어 제1심판결의 양형이 가벼워 부당하다고 판단하여, 제1심판결을 파기하고 제1심보다 무거운 형을 선고하였다. 이러한 원심의 판단에는 검사의 적법한 항소이유 기재 방식, 항소심의 심판범위 등에 관한 법리를 오해하여 판결에 영향을 미친 잘못이 있다. 이 점을 지적하는 피고인의 상고이유 주장은 이유 있다.
4. 결론
그러므로 원심판결 중 유죄 부분을 파기하고, 이 부분 사건을 다시 심리·판단하게 하기 위하여 원심법원에 환송하기로 하여, 관여 대법관의 일치된 의견으로 주문과 같이 판결한다.
대법관 안철상(재판장) 박상옥 노정희 김상환(주심)",C:\Users\jeff4\OneDrive - 엔시스코리아\personal\school\3\여름\DSL\EDA\data/source/criminal_sentencing_cases_2015_2026\raw\law_api\body\213747.xml,2026-07-07T05:42:49.086239+00:00,,suspended,Guilty,False,True,False,1,hit_run_injury,False,2020.0,2020,"원심판결 중 유죄 부분을 파기하고, 이 부분 사건을 수원지방법원 본원 합의부에 환송한다.",,full_text_screening_only,0,,,unknown,,,,0,,1,0,0,custodial,6.0,,full_text,135.0,True,"실오인 및 전체에 대한 양형부당을 항소이유로 주장한다.’고 진술하였다. 바. 원심은 제1심판결 무죄 부분에 대한 검사의 항소이유는 배척하고, 제1심판결 유죄 부분에 대한 검사의 양형부당 항소이유는 받아들여, 제1심판결 중 무죄 부분에 대한 검사의 항소를 기각하고 유죄 부분을 파기한 다음 피고인에 대하여 징역 6월 및 집행유예 2년을 선고하였다. 3. 위와 같은 사실관계를 앞에서 본 법리에 비추어 살펴본다. 가. 검사는 제1심판결 유죄 부분에 대하여 항소장이나 항소이유서에 ‘양형부당’이라고 기재하였을 뿐 구체적인 이유를 기재하지 않았으므로, 제1심판결 유죄 부분에 대하여 적법한 양형부당의 항소이유를 기재하였다고","[{""kind"": ""custodial"", ""months"": 6.0, ""fine_won"": NaN, ""region"": ""full_text"", ""score"": 135.0, ""snippet"": ""실오인 및 전체에 대한 양형부당을 항소이유로 주장한다.’고 진술하였다. 바. 원심은 제1심판결 무죄 부분에 대한 검사의 항소이유는 배척하고, 제1심판결 유죄 부분에 대한 검사의 양형부당 항소이유는 받아들여, 제1심판결 중 무죄 부분에 대한 검사의 항소를 기각하고 유죄 부분을 파기한 다음 피고인에 대하여 징역 6월 및 집행유예 2년을 선고하였다. 3. 위와 같은 사실관계를 앞에서 본 법리에 비추어 살펴본다. 가. 검사는 제1심판""}, {""kind"": ""fine"", ""months"": NaN, ""fine_won"": 5000000.0, ""region"": ""full_text"", ""score"": 30.0, ""snippet"": ""사건 공소사실 중 도로교통법 위반의 점에 대하여는 피고인이 약물의 영향에 의하여 정상적으로 운전하지 못할 우려가 있는 상태에 있었다는 점이 인정되지 않는다고 하여 무죄로 판단하고, 나머지에 대해서는 특정범죄 가중처벌 등에 관한 법률 위반(도주치상)죄와 도로교통법 위반(사고후미조치)죄를 유죄로 인정하여 벌금 500만 원을 선고하였다. 다. 검사는 제1심판결 전부에 대하여 항소하였다. 그런데 검사가 제출한 항소장 중 ‘항소의 이유""}]",0.0,,,0.0,,,0.0,,,0.0,,,0.0,,,0.0,,,0.0,,,2020,hit_run_injury,True,사건번호의 연도를 공소연도 대용치로 사용; 시행월 경계사건은 검수 필요,8.0,30.0,,,1.0,1.0,1.0,1.0,1,0,0,병합·복수 죄명; 신뢰 가능한 양형이유 구간 없음; 상해기간 미추출,1
1057,P02-0267,267,227791,도로교통법위반(음주운전)·범인도피교사·보험사기방지특별법위반·범인도피,2021노1381,20211216,2021-12-16,서울동부지방법원,400202,형사,400102,판결,선고,*,usable,second,facts_sentencing,traffic,음주운전·범인도피교사·보험사기·범인도피,multiple_both,guilty,appeal_dismissed,multiple,lower_court_maintained,T,none,"피고인 2명의 유죄와 피고인 1 징역 1년 6개월, 피고인 2 징역 6개월·집행유예 2년 및 사회봉사를 유지하여 항소를 모두 기각함",,,,,"【피 고 인】 피고인 1 외 1인
【항 소 인】 피고인들
【검 사】 이정민(기소), 이승우(공판)
【변 호 인】 변호사 임태혁(피고인 모두를 위하여)
【원심판결】 서울동부지방법원 2021. 9. 8. 선고 2020고단3587 판결
【주 문】
피고인들의 항소를 모두 기각한다.
【이 유】1. 항소이유의 요지(양형부당)
원심의 형(피고인 1 : 징역 1년 6월, 피고인 2 : 징역 6월 집행유예 2년, 사회봉사 80시간)은 너무 무거워 부당하다. 
2. 판단
피고인들이 당심에 이르러 이 사건 범행을 자백하며 반성하고 있는 점, 피고인 2는 친구인 피고인 1의 부탁을 받고 이 사건 범행에 이르게 된 것으로 보이는 점, 피고인 1은 피해 보험사에 음주운전 면책금 100만 원을 지급한 점, 피고인들은 벌금형을 초과하는 범죄전력은 없는 점 등은 피고인들에게 유리한 정상이다. 
그에 반하여, 피고인 1의 혈중알콜농도 수치가 낮지 아니하고 사고까지 야기한 점, 피고인들은 공모하여 피고인 1의 음주운전 범행을 감추기 위하여 수사기관에 사고차량 운전자를 적극적으로 허위진술한 것인바 이는 국가 형벌권행사를 방해하는 범죄로서 그 죄질이 나쁜 점, 피고인 1은 2014년 도로교통법위반(음주측정거부)죄로 처벌받은 전력이 있는 점, 피고인 2는 보험사기 관련 전과가 있는 점 등은 피고인들에게 불리한 정상이다. 원심판결 선고 이후 양형에 참작할 만한 사정변경이 없다. 그 밖에 피고인들의 나이, 성행, 환경, 범행의 동기, 범행 후의 정황 등 이 사건 기록과 변론에 나타난 모든 양형 조건을 참작하면, 원심의 형이 너무 무거워서 재량의 합리적인 범위를 벗어나 부당하다고는 인정되지 않는다. 피고인들의 주장은 모두 이유 없다.
3. 결 론
그렇다면, 피고인들의 항소는 이유 없으므로 형사소송법 제364조 제4항에 따라 이를 모두 기각하기로 하여 주문과 같이 판결한다(다만, 원심 판결문 제4쪽 제21행 말미에 ‘형법 제31조’가 누락되었음이 분명하므로, 형사소송규칙 제25조 제1항에 따라 직권으로 이를 추가하는 것으로 경정한다). 
판사 한정훈(재판장) 명재권 김동현",C:\Users\jeff4\OneDrive - 엔시스코리아\personal\school\3\여름\DSL\EDA\data/source/criminal_sentencing_cases_2015_2026\raw\law_api\body\227791.xml,2026-07-07T05:42:49.086239+00:00,lawyer,suspended,Guilty,True,False,True,10,drunk_driving,False,2021.0,2021,피고인들의 항소를 모두 기각한다.,,tagged_sentencing_reason,1,,,unknown,,,,0,,1,1,1,custodial,18.0,,full_text,135.0,True,"소 인】 피고인들 【검 사】 이정민(기소), 이승우(공판) 【변 호 인】 변호사 임태혁(피고인 모두를 위하여) 【원심판결】 서울동부지방법원 2021. 9. 8. 선고 2020고단3587 판결 【주 문】 피고인들의 항소를 모두 기각한다. 【이 유】1. 항소이유의 요지(양형부당) 원심의 형(피고인 1 : 징역 1년 6월, 피고인 2 : 징역 6월 집행유예 2년, 사회봉사 80시간)은 너무 무거워 부당하다. 2. 판단 피고인들이 당심에 이르러 이 사건 범행을 자백하며 반성하고 있는 점, 피고인 2는 친구인 피고인 1의 부탁을 받고 이 사건 범행에 이르게 된 것으로 보이는 점, 피고인 1은 피해 보험사에 음주운전 면책금","[{""kind"": ""custodial"", ""months"": 18.0, ""fine_won"": NaN, ""region"": ""full_text"", ""score"": 135.0, ""snippet"": ""소 인】 피고인들 【검 사】 이정민(기소), 이승우(공판) 【변 호 인】 변호사 임태혁(피고인 모두를 위하여) 【원심판결】 서울동부지방법원 2021. 9. 8. 선고 2020고단3587 판결 【주 문】 피고인들의 항소를 모두 기각한다. 【이 유】1. 항소이유의 요지(양형부당) 원심의 형(피고인 1 : 징역 1년 6월, 피고인 2 : 징역 6월 집행유예 2년, 사회봉사 80시간)은 너무 무거워 부당하다. 2. 판단 피고인들이 당""}, {""kind"": ""custodial"", ""months"": 6.0, ""fine_won"": NaN, ""region"": ""full_text"", ""score"": 135.0, ""snippet"": ""정민(기소), 이승우(공판) 【변 호 인】 변호사 임태혁(피고인 모두를 위하여) 【원심판결】 서울동부지방법원 2021. 9. 8. 선고 2020고단3587 판결 【주 문】 피고인들의 항소를 모두 기각한다. 【이 유】1. 항소이유의 요지(양형부당) 원심의 형(피고인 1 : 징역 1년 6월, 피고인 2 : 징역 6월 집행유예 2년, 사회봉사 80시간)은 너무 무거워 부당하다. 2. 판단 피고인들이 당심에 이르러 이 사건 범행을 자""}]",0.0,0.0,,0.0,0.0,,1.0,1.0,"소이유의 요지(양형부당) 원심의 형(피고인 1 : 징역 1년 6월, 피고인 2 : 징역 6월 집행유예 2년, 사회봉사 80시간)은 너무 무거워 부당하다. 2. 판단 피고인들이 당심에 이르러 이 사건 범행을 자백하며 반성하고 있는 점, 피고인 2는 친구인 피고인 1의 부탁을 받고 이 사건 범행에 이르게 된 것으로 보이는 점, 피고인 1은 피해 보험사에 음주운전 면책금 100만 원을 지급한 점, 피고인들은 벌금형을 초과하는 범죄전력은 없는",0.0,0.0,,0.0,0.0,,0.0,0.0,,0.0,0.0,,,,False,단순 음주운전 양형기준 시행(2023-07-01) 전 사건,,,,,,1.0,1.0,1.0,1,1,0,병합·복수 죄명; 복수 피고인; 중대 비대상 죄명 병합; BAC 미추출,1
1050,P02-0260,260,221787,특정범죄가중처벌등에관한법률위반(운전자폭행등)(인정된죄명상해)·재물손괴·특정범죄가중처벌등에관한법률위반(도주치상)·도로교통법위반(사고후미조치)·도로교통법위반(음주운전)·도로교통법위반(무면허운전)·특정범죄가중처벌등에관한법률위반(위험운전치상),2021노393,20220113,2022-01-13,부산고등법원,400202,형사,400102,판결,선고,*,usable,second,mixed,traffic,상해·재물손괴·도주치상·사고후미조치·음주운전·무면허운전·위험운전치상,multiple_charges,mixed,reversal,single,current_order,T,none,원동기장치자전거 운전자 폭행은 특정범죄가중법상 운전자폭행에 해당하지 않아 이유무죄로 판단하고 상해 및 교통범죄를 유죄로 인정하여 징역 3년을 선고함,,,,,"【피 고 인】 피고인
【항 소 인】 피고인
【검 사】 박보경, 윤동환, 하재무, 이자영(기소), 김유철(공판)
【변 호 인】 변호사 김근수(국선)
【원심판결】 부산지방법원 2021. 9. 24. 선고 2021고합123, 136(병합), 168(병합), 217(병합) 판결 및 2021초기682 배상명령신청
【주 문】
원심판결 중 배상명령신청 각하 부분을 제외한 나머지를 파기한다.
피고인을 징역 3년에 처한다.
【이 유】1. 이 법원의 심판범위
원심은 배상신청인의 배상명령신청을 각하하였는데, 배상신청인은 소송촉진 등에 관한 특례법 제32조 제4항에 따라 배상명령신청을 각하한 재판에 대하여 불복을 신청할 수 없으므로, 위 배상명령신청 사건은 그 즉시 확정되었다. 따라서 원심판결 중 배상명령신청 각하 부분은 이 법원의 심판범위에서 제외된다. 
2. 항소이유의 요지
가. 법리오해
특정범죄가중처벌등에관한법률위반(운전자폭행등)의 점과 관련하여, 특정범죄 가중처벌 등에 관한 법률(이하 ‘특정범죄가중법’이라 한다) 제5조의10 제2항, 제1항은 운행 중인 ‘자동차’의 운전자를 폭행하여 상해에 이르게 한 경우에 3년 이상의 유기징역에 처하도록 정하고 있는데, 그 자동차의 범위에 도로교통법상의 원동기장치자전거(배기량 125시시 이하의 이륜자동차)는 포함되지 않고, 피고인이 피해자에게 이 부분 공소사실과 같이 상해를 가할 때 피해자가 특정범죄가중법 제5조의10의 적용대상이 되는 자동차를 운행 중인 것은 아니었으므로, 피고인에 대하여 특정범죄가중법위반(운전자폭행등)죄는 성립하지 않는다. 따라서 이 부분 공소사실을 유죄로 판단한 원심판결에는 법리를 오해하여 판결에 영향을 미친 잘못이 있다.
나. 양형부당
원심이 선고한 형(징역 4년)은 너무 무거워서 부당하다.
3. 직권판단
항소이유에 관한 판단에 앞서 직권으로 살피건대, 검사는 당심에서 이 사건 공소사실 중 각 도로교통법위반(음주운전)의 점과 관련하여 그 적용법조 중 ""도로교통법 제148조의2 제1항""을 ""도로교통법 제148조의2 제3항 제2호""로 변경하고, 2021고합217호 사건 범죄사실 마지막의 ""이로써 피고인은 음주운전 금지 규정을 2회 이상 위반하였다"" 부분을 삭제하는 내용의 공소장변경허가 신청을 하였고, 이 법원이 이를 허가함으로써 심판대상이 변경되었으므로 원심판결은 더 이상 유지될 수 없게 되었다[원심은 직권파기사유가 있는 각 도로교통법위반(음주운전)죄와 나머지 각 죄가 형법 제37조 전단의 경합범 관계에 있어 하나의 형을 선고하였으므로 원심판결이 전부 파기되어야 한다]. 
다만 위와 같은 직권파기사유가 있음에도 불구하고 특정범죄가중법위반(운전자폭행등)의 점에 대한 피고인의 법리오해 주장은 여전히 이 법원의 판단대상이 되므로 이에 대하여 아래에서 살펴보기로 한다. 
4. 특정범죄가중법위반(운전자폭행등)의 점에 대한 피고인의 법리오해 주장에 관한 판단
가. 이 부분 공소사실의 요지
피고인은 2021. 1. 20. 21:10경 부산 부산진구 (주소 생략)에 있는 '○○○' 앞길에서 아무런 이유 없이 술에 취하여, 오토바이를 운행하여 그곳을 지나가던 피해자 공소외인(남, 30세)을 밀친 다음 피해자의 멱살을 잡아 피해자로 하여금 위 오토바이에서 내리게 하고, 이에 피해자가 ""경찰에 신고하겠다.""고 하자 ""왜, 씨발놈아, 반말하지 마라.""며 욕설을 하면서 피해자의 멱살을 잡고 주먹으로 피해자의 복부를 1회, 얼굴 부위를 수 회 때렸다. 
이로써 피고인은 운행 중인 오토바이 운전자를 폭행하여 피해자에게 약 2주간의 치료가 필요한 좌측 손목의 염좌 및 턱의 염좌 등의 상해를 가하였다.
나. 원심의 판단
원심은, 피고인이 피해자에게 상해를 가할 때 피해자가 도로교통법상의 원동기장치자전거를 운행하고 있었다 하더라도 그 역시 특정범죄가중법 제5조의10이 정한 자동차에 해당하여 특정범죄가중법위반(운전자폭행등)죄가 성립한다고 판단하고, 이 부분 공소사실에 대하여 유죄를 선고하였다.
다. 당심의 판단
1) 관련 법리
죄형법정주의는 국가형벌권의 자의적인 행사로부터 개인의 자유와 권리를 보호하기 위하여 범죄와 형벌을 법률로 정할 것을 요구한다. 그러한 취지에 비추어 보면 형벌법규의 해석은 엄격하여야 하고, 명문의 형벌법규의 의미를 피고인에게 불리한 방향으로 지나치게 확장해석하거나 유추해석하는 것은 죄형법정주의의 원칙에 어긋나는 것으로서 허용되지 아니한다. 한편 형벌법규의 해석에서도 법률문언의 통상적인 의미를 벗어나지 않는 한 그 법률의 입법취지와 목적, 입법연혁 등을 고려한 목적론적 해석이 가능하다(대법원 2018. 7. 24. 선고 2018도3443 판결 등 참조).
2) 구체적인 판단
가) 검사가 이 부분 공소사실에 적용되어야 한다고 주장하는 특정범죄가중법 제5조의10 제2항, 제1항은 운행 중인 ‘자동차’의 운전자를 폭행하여 상해에 이르게 한 경우에 가중처벌을 하도록 정하고 있으면서, 자동차의 정의나 범위에 대하여 명시적인 규정을 두지 않았다. 이 사건에서는 도로교통법상의 원동기장치자전거(배기량 125시시 이하의 이륜자동차)가 위 법률이 정한 자동차에 포함되는지 여부가 문제되는데, 특정범죄가중법 제5조의10의 입법취지와 목적, 입법연혁 등을 고려하여 목적론적 방법으로 해석하면 특정범죄가중법 제5조의10이 정한 자동차의 범위에 도로교통법상의 원동기장치자전거는 포함되지 않는 것으로 해석하는 것이 타당하고, 그 자동차의 범위에 자동차관리법상의 자동차와 같이 도로교통법상의 원동기장치자전거가 포함되는 것으로 해석하는 것은 죄형법정주의의 원칙에 어긋나는 것으로서 허용되지 않는다고 할 것인바, 그 구체적인 이유는 아래와 같다.
① 우리 법제상 ‘자동차’에 대한 정의 규정을 두고 있는 대표적인 법률로는 자동차관리법과 도로교통법이 있다. 먼저 자동차관리법은 제2조 제1호에서 ""원동기에 의하여 육상에서 이동할 목적으로 제작한 용구 또는 이에 견인되어 육상을 이동할 목적으로 제작한 용구""를 자동차로 정의하면서 제3조 제1항 제5호에서 자동차의 종류 중 하나로 이륜자동차, 즉 ""총배기량 또는 정격출력의 크기와 관계없이 1인 또는 2인의 사람을 운송하기에 적합하게 제작된 이륜의 자동차 및 그와 유사한 구조로 되어 있는 자동차""를 포함시키고 있다. 즉 자동차관리법에 의하면 배기량 125시시 이하의 이륜자동차도 자동차에 해당한다. 반면 도로교통법은 제2조 제18호, 제19호에서 자동차의 범위에 ""자동차관리법 제3조에 따른 자동차 중 이륜자동차""를 포함시키면서도 별도로 ""자동차관리법 제3조에 따른 이륜자동차 가운데 배기량 125시시 이하(전기를 동력으로 하는 경우에는 최고정격출력 11킬로와트 이하)의 이륜자동차""를 ‘원동기장치자전거’라 정의하면서 이를 도로교통법상의 자동차의 범위에서 제외시키고 있다. 따라서 도로교통법에 의하면 배기량 125시시 이하의 이륜자동차, 즉 도로교통법상의 원동기장치자전거는 자동차에 해당하지 않는다. 
한편, 특정범죄가중법 제5조의10이 운행 중인 자동차 운전자에 대해 폭행 등의 범죄를 저질렀을 때에는 가중처벌을 하도록 한 입법취지와 목적은 운행 중인 자동차의 운전자에 대하여 폭행 등의 행위를 하여 운전자나 승객 또는 보행자 등의 안전을 위협하는 행위를 엄중하게 처벌함으로써 교통질서를 확립하고 시민의 안전을 도모하려는 것이다(대법원 2015. 3. 26. 선고 2014도13345 판결 등 참조). 즉 형법상의 폭행 등의 행위로 인한 특정 사람의 신체 등에 대한 위험발생이 문제되는 개인적 법익을 보호하는 것을 넘어 자동차 운전자에 대한 폭행 등의 행위로 인한 교통질서와 시민의 안전 등 공공의 안전에 대한 위험발생이 문제되는 사회적 법익을 함께 보호하려는 것이다. 이와 같은 법률의 취지와 목적은 ""자동차의 등록, 안전기준, 자기인증, 제작결함 시정, 점검, 정비, 검사 및 자동차관리사업 등에 관한 사항을 정하여 자동차를 효율적으로 관리하고 자동차의 성능 및 안전을 확보함""을 목적으로 하는 자동차관리법의 입법취지보다 ""도로에서 일어나는 교통상의 모든 위험과 장해를 방지하고 제거하여 안전하고 원활한 교통을 확보함""을 목적으로 하는 도로교통법의 입법취지에 더 부합한다.
② 특정범죄가중법에 따른 자동차 관련 범죄로는 이 사건에서 적용이 문제되는 특정범죄가중법위반(운전자폭행등)죄 외에도 특정범죄가중법 제5조의3에 의한 특정범죄가중법위반(도주치사상)죄, 같은 법 제5조의11에 의한 특정범죄가중법위반(위험운전치사상)죄, 같은 법 제5조의13에 의한 특정범죄가중법위반(어린이보호구역치사상)죄가 있다. 그 중 가장 먼저 도입된 특정범죄가중법위반(도주치사상)죄의 경우 특정범죄가중법 제5조의3이 1973. 2. 24. 신설될 때부터 ""자동차·원동기장치자전거 또는 궤도차의 교통으로 인하여 형법 제268조의 죄를 범한 당해 차량의 운전자가 사고 후 조치를 취하지 아니하고 도주한 때""에 위 죄로 처벌을 하도록 규정하여 자동차와 원동기장치자전거를 구별하고 그 양자의 운전자를 모두 규율 대상으로 삼고 있다. 반면 그 후 도입된 특정범죄가중법위반(운전자폭행등)죄의 경우 특정범죄가중법 제5조의10이 2007. 1. 3. 신설될 때부터 현재까지 ""운행 중인 자동차의 운전자를 폭행 또는 협박한 때 내지 그 죄를 범하여 상해 또는 사망에 이르게 한 때""에 가중처벌을 하도록 규정하면서 원동기장치자전거의 운전자에 대해서는 별다른 언급을 하지 않고 있다. 한편 그 후 순차로 도입된 특정범죄가중법위반(위험운전치사상)죄와 특정범죄가중법위반(어린이보호구역치사상)죄의 경우에는 ""음주 또는 약물의 영향으로 정상적인 운전이 곤란한 상태에서 자동차(원동기장치자전거를 포함한다)를 운전한 사람"" 또는 ""자동차(원동기장치자전거를 포함한다)의 운전자""를 규율 대상으로 규정함으로써 자동차와 원동기장치자전거를 구별하고 그 양자의 운전자를 모두 적용 대상에 명시적으로 포함시키고 있다. 
이와 같은 특정범죄가중법의 개정 경과와 내용 등에 비추어 보면, 특정범죄가중법은 자동차 관련 범죄와 관련하여 그 자동차의 범위에 자동차관리법과 같이 125시시 이하의 이륜자동차(도로교통법상의 원동기장치자전거)를 당연히 포함시키는 것이 아니라, 도로교통법과 같이 자동차와 원동기장치자전거를 분명하게 구별하고 원동기장치자전거 관련 범행도 그 처벌대상에 포함시키고자 할 때에만 원동기장치자전거를 포함시킨다는 내용의 명시적인 규정을 두고 있는 것으로 해석하는 것이 규정 체계에 부합한다. 
③ 특정범죄가중법 제5조의10은 ‘운행 중’의 의미와 관련하여 ""여객자동차 운수사업법 제2조 제3호에 따른 여객자동차 운송사업을 위하여 사용되는 자동차를 운행하는 중 운전자가 여객의 승차·하차 등을 위하여 일시 정차한 경우를 포함한다""고 규정하고 있는데, 위 규정이 인용하는 여객자동차 운수사업법은 제2조 제1호에서 자동차를 ""자동차관리법 제3조에 따른 승용자동차, 승합자동차 및 특수자동차""로 정의하고 있다. 즉, 특정범죄가중법 제5조의10이 명시적으로 언급한 여객자동차 운수사업법에서는 원동기장치자전거를 비롯한 이륜자동차를 자동차의 범위에서 제외시키고 있다.
④ 자동차관리법과 도로교통법의 입법연혁을 살펴보면, 자동차관리법의 전신으로 1962. 1. 10. 제정된 도로운송차량법은 제2조에서 ""본법에서 도로운송차량이라 함은 자동차와 원동기를 단 자전거를 말한다""(제1항), ""자동차라 함은 원동기에 의하여 육상(궤도와 가선을 사용하는 것을 제외한다)을 이동할 목적으로 제작한 용구를 말한다""(제2항), ""원동기를 단 자전거라 함은 교통부령의 정하는 총배기량 또는 정격출력을 가진 원동기에 의하여 육상(궤도와 가선을 사용하는 것을 제외한다)을 이동할 목적으로 제작한 용구를 말한다""(제3항)라고 정의하여 ‘자동차’와 ‘원동기를 단 자전거’를 구별하고 있었다. 
마찬가지로 1961. 12. 31. 제정된 도로교통법도 제2조에서 ""자동차라 함은 원동기를 사용하여 궤도 또는 가선에 의하지 아니하고 운전하는 차로서 도로운송차량법 제3조의 규정에 의하여 교통부령으로 정한 보통자동차, 소형자동차 및 특수자동차를 말한다""(10호), ""원동기장치자동차라 함은 도로운송차량법에 의하여 교통부령으로 정한 것을 말한다""(제11호)라고 정의하여 ‘자동차’와 ‘원동기장치자동차(이후 원동기장치자전거로 명칭이 변경되었다)’를 구별하였다.
그 후 도로운송차량법이 1986. 12. 31. 전부 개정되면서, 법률의 제명이 ‘자동차관리법’으로 변경되었고, 그 법률 제2조에서 ""자동차라 함은 원동기에 의하여 육상에서 이동할 목적으로 제작한 용구 또는 이에 견인되어 육상을 이동할 목적으로 제작한 용구를 말한다""(1호 본문)라고 정의함으로써 현재와 같이 자동차와 원동기장치자전거를 구별하지 않게 되었다. 그런데 자동차관리법은 자동차 등을 등록하고 관리하고자 하는 목적에서 만들어진 법률이고, 그 자동차 관리 행정의 목적 달성을 위해 기존의 자동차와 원동기장치자전거를 구별하는 규정을 삭제한 것으로 보일 뿐이다. 반면에 앞서 본 것처럼 교통안전 확보 등을 목적으로 하는 도로교통법은 현재까지도 여전히 자동차와 원동기장치자전거를 구별하고 있다. 
⑤ 원동기장치자전거를 운행 중인 운전자가 동승자 또는 진행 도로에 있던 행인 등으로부터 폭행 등을 당하는 경우 그로 인해 2차 교통사고가 발생하는 등으로 공중의 교통안전에 위험을 발생시킬 가능성이 상당한 점 등에 비추어 보면, 특정범죄가중법 제5조의10의 적용대상에 원동기장치자전거의 운전자를 포함시키도록 해석할 필요성이 전혀 없지는 않다. 그렇지만 다수의 동승자가 있고 차의 크기가 더 크며 더 큰 규모의 교통사고가 발생할 가능성이 높은 버스나 승용차 등의 운전자에 대한 폭행 등의 행위에 비교하면 원동기장치자전거의 운전자에 대한 폭행 등의 행위로 인하여 공중의 교통안전에 위험이 발생할 가능성과 그 위험의 정도는 상대적으로 낮아 보인다.
한편 자동차관리법상의 자동차에는 건설기계관리법에 따른 건설기계, 예를 들어 덤프트럭 등이 제외된다(자동차관리법 제2조 제1호, 동법 시행령 제2조). 따라서 특정범죄가중법 제5조의10에 따른 자동차의 의미를 자동차관리법상의 자동차로 해석하게 되면 운행 중인 원동기장치자전거의 운전자에 대한 폭행 등의 행위는 가중처벌 할 수 있는 반면에, 운행 중인 덤프트럭 등의 운전자에 대한 폭행 등의 행위를 가중처벌 하지 못하게 되고, 이는 위 특정범죄가중법 규정의 입법목적과 취지에 반하는 매우 불합리한 결과를 초래한다. 반면 도로교통법상의 자동차에는 덤프트럭 등과 같은 건설기계가 포함되므로(도로교통법 제2조 제18호 나.목), 특정범죄가중법 제5조의10에 따른 자동차의 의미를 도로교통법상의 자동차로 해석하게 되면 비록 원동기장치자전거의 운전자에 대한 폭행 등의 행위를 가중처벌 할 수는 없지만, 그보다 더 공중의 교통안전에 위험을 발생시킬 가능성과 그 위험의 정도가 높은 덤프트럭 등 건설기계의 운전자에 대한 폭행 등의 행위를 가중처벌 할 수 있게 되고, 이와 같은 해석을 통해 특정범죄가중법 제5조의10의 입법목적과 취지에 더 부합하는 결론을 도출할 수 있다.
⑥ 오늘날 기술의 발달에 따라 새로운 이동수단으로 널리 확산되고 있는 전동 킥보드나 전기자전거 등의 경우, 도로교통법의 정의 규정에 따르면 원동기장치자전거 내지 개인형 이동장치에 해당하여 자동차에 포함되지 않는다. 그러나 자동차관리법의 정의 규정에 따르면 위 이동수단들 역시 자동차에 포함되어 특정범죄가중법 제5조의10의 적용대상이 되는데, 이와 같은 해석론은 형벌 규정의 적용범위가 불명확해지거나 지나치게 확장되는 문제를 발생시킨다.
나) 이 사건의 경우 검사가 제출한 증거를 모두 모아 보더라도 피고인이 이 부분 공소사실과 같이 오토바이를 운행 중인 피해자 공소외인에게 상해를 가할 때 그 오토바이가 도로교통법상의 원동기장치자전거가 아니라 자동차였다는 점을 인정하기 어렵다. 따라서 이 부분 공소사실을 유죄로 판단한 원심판결에는 특정범죄가중법 제5조의10이 정한 자동차의 의미와 범위에 관한 법리를 오해하여 판결에 영향을 미친 잘못이 있고, 이 점을 지적하는 피고인의 주장은 이유 있다.
5. 결론
그렇다면 원심판결에는 위와 같은 직권파기사유가 있고, 피고인의 법리오해 주장도 이유 있으므로, 피고인의 양형부당 주장에 관한 판단을 생략한 채 형사소송법 제364조 제2항, 제6항에 따라 원심판결(배상명령신청 각하 부분 제외)을 파기하고 변론을 거쳐 다시 다음과 같이 판결한다. 
【다시 쓰는 판결 이유(배상명령신청 각하 부분 제외)】【범죄사실 및 증거의 요지】 이 법원이 인정하는 범죄사실과 그에 대한 증거의 요지는 원심판결을 아래와 같이 고치는 것 외에는 원심판결의 각 해당란 기재와 같으므로 형사소송법 제369조에 의하여 이를 그대로 인용한다.
○ 원심판결 제2면 제5 내지 8행의 ""피고인은 2006. 10. 10. 부산지방법원 동부지원에서 도로교통법위반(음주운전)죄로 벌금 400만 원의 약식명령을 받고, 2019. 8. 14. 부산지방법원에서 폭력행위등처벌에관한법률위반(공동상해)죄 등으로 징역 4월을 선고받고 2019. 12. 12. 부산교도소에서 그 형의 집행을 종료하였다.""를 ""피고인은 2016. 2. 25. 부산지방법원에서 상해죄 등으로 징역 8월, 집행유예 2년을 선고받고 2017. 2. 21. 부산지방법원에서 특수폭행죄 등으로 징역 10월을 선고받아 2017. 5. 26. 그 판결이 확정됨으로써 위 집행유예가 실효된 후 2018. 5. 21. 가석방되어 2018. 8. 17. 위 각 형의 집행을 종료하였고, 2019. 8. 14. 부산지방법원에서 폭력행위등처벌에관한법률위반(공동상해)죄 등으로 징역 4월을 선고받고 2019. 12. 12. 그 형의 집행을 종료하였다.""로 고친다.
○ 원심판결 제2면 제10행의 ""1. 특정범죄가중처벌등에관한법률위반(운전자폭행등)""을 ""1. 상해""로 고친다.
○ 원심판결 제2면 제17, 18행의 ""이로써 피고인은 운행 중인 오토바이 운전자를 폭행하여 피해자에게 약 2주간의 치료가 필요한 좌측 손목의 염좌 및 턱의 염좌 등의 상해를 가하였다.""를 ""이로써 피고인은 피해자에게 약 2주간의 치료가 필요한 좌측 손목의 염좌 및 턱의 염좌 등의 상해를 가하였다.""로 고친다.
○ 원심판결 제4면 제21행의 ""이로써 피고인은 음주운전 금지 규정을 2회 이상 위반하였다.""를 삭제한다.
【법령의 적용】1. 범죄사실에 대한 해당법조
형법 제257조 제1항(상해의 점), 형법 제366조(재물손괴의 점), 각 도로교통법 제148조의2 제3항 제2호, 제44조 제1항(음주운전의 점), 각 특정범죄 가중처벌 등에 관한 법률 제5조의3 제1항 제2호, 형법 제268조(업무상과실치상 후 도주의 점), 각 도로교통법 제148조, 제54조 제1항(사고 후 미조치의 점), 도로교통법 제152조 제1호, 제43조(무면허운전의 점), 특정범죄 가중처벌 등에 관한 법률 제5조의11 제1항(위험운전치상의 점)
1. 상상적 경합 
형법 제40조, 제50조[판시 제4항 기재 각 특정범죄가중처벌등에관한법률위반(도주치상)죄와 도로교통법위반(사고후미조치)죄 상호간, 형과 범정이 가장 무거운 피해자 공소외 2에 대한 특정범죄가중처벌등에관한법률위반(도주치상)죄에 정한 형으로 처벌, 판시 제5항 기재 도로교통법위반(음주운전)죄와 도로교통법위반(무면허운전)죄 상호간, 형이 더 무거운 도로교통법위반(음주운전)죄에 정한 형으로 처벌, 판시 제7항 기재 특정범죄가중처벌등에관한법률위반(도주치상)죄와 도로교통법위반(사고후미조치)죄 상호간, 형이 더 무거운 특정범죄가중처벌등에관한법률위반(도주치상)죄에 정한 형으로 처벌]
1. 형의 선택 
각 징역형 선택
1. 누범가중
형법 제35조[다만 각 특정범죄가중처벌등에관한법률위반(도주치상)죄에 대하여는 형법 제42조 단서의 제한 내에서]
1. 경합범가중
형법 제37조 전단, 제38조 제1항 제2호, 제50조[형과 범정이 가장 무거운 피해자 공소외 2에 대한 특정범죄가중처벌등에관한법률위반(도주치상)죄에 정한 형에 형법 제42조 단서의 제한 내에서 경합범가중]
【양형의 이유】1. 법률상 처단형의 범위 : 징역 1년 ~ 50년
2. 양형기준에 따른 권고형의 범위 : 일부 범죄가 상상적 경합 관계에 있어 양형기준이 적용되지 않는다.
3. 선고형의 결정 : 징역 3년
피고인은 오토바이를 타고 지나가던 피해자와 시비가 붙자 피해자를 때려 상해를 가하고 오토바이와 헬멧을 손괴하였고, 3차례 음주운전 내지 음주 및 무면허운전을 하였으며, 그 2차례의 음주운전 중에 교통사고를 발생시키고 구호 등의 조치 없이 도주하는 잘못을 하였다. 피고인은 과거에 폭력 범죄로 실형 등의 처벌을 받은 전력이 있는데도 출소 후 누범기간에 또 다시 이 사건 상해죄 등을 비롯한 여러 범죄를 저질렀다. 또 피고인은 과거에 음주운전 내지 뺑소니 범행으로 처벌받은 전력도 있는데 재차 이 사건 음주운전 등 범행을 저질렀고, 특히 음주운전으로 교통사고를 내고 도주한 잘못으로 수사를 받던 중에 동종의 음주운전 및 뺑소니 범행을 다시 저질렀을 뿐만 아니라, 그 후에도 음주 및 무면허운전을 한 것이어서, 죄질과 범정이 매우 불량하고 비난가능성이 크다. 피고인이 사고 발생 후 경찰의 추격을 피해 도주를 하는 과정에서 또 다른 사고가 발생할 위험성도 있었다. 피고인은 당심에 이르기까지 피해자들로부터 잘못을 용서받지 못하였다. 이러한 사정들을 고려하면 피고인에 대하여는 그 죄책에 상응하는 엄중한 처벌이 불가피하다.
다만, 피고인이 잘못을 인정하고 반성하는 모습을 보이는 점, 피고인이 발생시킨 교통사고의 피해 정도가 매우 중하지는 않은 점 등을 유리한 정상으로 참작하고, 그 밖에 피고인의 연령, 성행과 환경, 범행의 경위, 수단과 결과, 범행 후의 정황 등 이 사건 기록과 변론에 나타난 제반 양형요소를 종합하여 주문과 같은 형을 정한다.
【무죄 부분】 이 부분 공소사실[특정범죄가중처벌등에관한법률위반(운전자폭행등)의 점]의 요지는 위 제4의 가.항 기재와 같은데, 위 제4의 다.항에서 본 것과 같이 피고인이 운행 중인 자동차의 운전자를 폭행하여 상해를 가하였다는 점을 인정하기 어려우므로, 형사소송법 제325조 후단에 의하여 무죄를 선고하여야 할 것이나, 위 공소사실에 포함되어 있어 동일한 공소사실의 범위 내에 있는 판시 상해죄를 유죄로 인정하는 이상 주문에서 따로 무죄를 선고하지 아니한다.
판사 박종훈(재판장) 손태원 김웅재",C:\Users\jeff4\OneDrive - 엔시스코리아\personal\school\3\여름\DSL\EDA\data/source/criminal_sentencing_cases_2015_2026\raw\law_api\body\221787.xml,2026-07-07T05:42:49.086239+00:00,public,suspended,Guilty,True,True,True,15,hit_run_injury,True,2021.0,2022,원심판결 중 배상명령신청 각하 부분을 제외한 나머지를 파기한다. 피고인을 징역 3년에 처한다.,"1. 법률상 처단형의 범위 : 징역 1년 ~ 50년 2. 양형기준에 따른 권고형의 범위 : 일부 범죄가 상상적 경합 관계에 있어 양형기준이 적용되지 않는다. 3. 선고형의 결정 : 징역 3년 피고인은 오토바이를 타고 지나가던 피해자와 시비가 붙자 피해자를 때려 상해를 가하고 오토바이와 헬멧을 손괴하였고, 3차례 음주운전 내지 음주 및 무면허운전을 하였으며, 그 2차례의 음주운전 중에 교통사고를 발생시키고 구호 등의 조치 없이 도주하는 잘못을 하였다. 피고인은 과거에 폭력 범죄로 실형 등의 처벌을 받은 전력이 있는데도 출소 후 누범기간에 또 다시 이 사건 상해죄 등을 비롯한 여러 범죄를 저질렀다. 또 피고인은 과거에 음주운전 내지 뺑소니 범행으로 처벌받은 전력도 있는데 재차 이 사건 음주운전 등 범행을 저질렀고, 특히 음주운전으로 교통사고를 내고 도주한 잘못으로 수사를 받던 중에 동종의 음주운전 및 뺑소니 범행을 다시 저질렀을 뿐만 아니라, 그 후에도 음주 및 무면허운전을 한 것이어서, 죄질과 범정이 매우 불량하고 비난가능성이 크다. 피고인이 사고 발생 후 경찰의 추격을 피해 도주를 하는 과정에서 또 다른 사고가 발생할 위험성도 있었다. 피고인은 당심에 이르기까지 피해자들로부터 잘못을 용서받지 못하였다. 이러한 사정들을 고려하면 피고인에 대하여는 그 죄책에 상응하는 엄중한 처벌이 불가피하다. 다만, 피고인이 잘못을 인정하고 반성하는 모습을 보이는 점, 피고인이 발생시킨 교통사고의 피해 정도가 매우 중하지는 않은 점 등을 유리한 정상으로 참작하고, 그 밖에 피고인의 연령, 성행과 환경, 범행의 경위, 수단과 결과, 범행 후의 정황 등 이 사건 기록과 변론에 나타난 제반 양형요소를 종합하여 주문과 같은 형을 정한다.",sentencing_section,1,,,unknown,,2.0,"멱살을 잡아 피해자로 하여금 위 오토바이에서 내리게 하고, 이에 피해자가 ""경찰에 신고하겠다.""고 하자 ""왜, 씨발놈아, 반말하지 마라.""며 욕설을 하면서 피해자의 멱살을 잡고 주먹으로 피해자의 복부를 1회, 얼굴 부위를 수 회 때렸다. 이로써 피고인은 운행 중인 오토바이 운전자를 폭행하여 피해자에게 약 2주간의 치료가 필요한 좌측 손목의 염좌 및 턱의 염좌 등의 상해를 가하였다. 나. 원심의 판단 원심은, 피고인이 피해자에게 상해를 가할 때 피해자가 도로교통법상의 원동기장치자전거를 운행하고 있었다 하더라도 그 역시 특정범죄가중법 제5조의10이 정한 자동차에 해당하여 특정범죄가중법위반(운전자폭행등)죄가 성립한다고 판",0,,1,0,1,custodial,36.0,,order,185.0,False,원심판결 중 배상명령신청 각하 부분을 제외한 나머지를 파기한다. 피고인을 징역 3년에 처한다.,"[{""kind"": ""custodial"", ""months"": 36.0, ""fine_won"": NaN, ""region"": ""order"", ""score"": 185.0, ""snippet"": ""원심판결 중 배상명령신청 각하 부분을 제외한 나머지를 파기한다. 피고인을 징역 3년에 처한다.""}, {""kind"": ""custodial"", ""months"": 4.0, ""fine_won"": NaN, ""region"": ""full_text"", ""score"": 135.0, ""snippet"": ""형사소송법 제369조에 의하여 이를 그대로 인용한다. ○ 원심판결 제2면 제5 내지 8행의 \""피고인은 2006. 10. 10. 부산지방법원 동부지원에서 도로교통법위반(음주운전)죄로 벌금 400만 원의 약식명령을 받고, 2019. 8. 14. 부산지방법원에서 폭력행위등처벌에관한법률위반(공동상해)죄 등으로 징역 4월을 선고받고 2019. 12. 12. 부산교도소에서 그 형의 집행을 종료하였다.\""를 \""피고인은 2016. 2. 25.""}, {""kind"": ""custodial"", ""months"": 4.0, ""fine_won"": NaN, ""region"": ""full_text"", ""score"": 135.0, ""snippet"": ""부산지방법원에서 특수폭행죄 등으로 징역 10월을 선고받아 2017. 5. 26. 그 판결이 확정됨으로써 위 집행유예가 실효된 후 2018. 5. 21. 가석방되어 2018. 8. 17. 위 각 형의 집행을 종료하였고, 2019. 8. 14. 부산지방법원에서 폭력행위등처벌에관한법률위반(공동상해)죄 등으로 징역 4월을 선고받고 2019. 12. 12. 그 형의 집행을 종료하였다.\""로 고친다. ○ 원심판결 제2면 제10행의 \""1. ""}, {""kind"": ""custodial"", ""months"": 8.0, ""fine_won"": NaN, ""region"": ""full_text"", ""score"": 115.0, ""snippet"": ""통법위반(음주운전)죄로 벌금 400만 원의 약식명령을 받고, 2019. 8. 14. 부산지방법원에서 폭력행위등처벌에관한법률위반(공동상해)죄 등으로 징역 4월을 선고받고 2019. 12. 12. 부산교도소에서 그 형의 집행을 종료하였다.\""를 \""피고인은 2016. 2. 25. 부산지방법원에서 상해죄 등으로 징역 8월, 집행유예 2년을 선고받고 2017. 2. 21. 부산지방법원에서 특수폭행죄 등으로 징역 10월을 선고받아 2017""}, {""kind"": ""custodial"", ""months"": 10.0, ""fine_won"": NaN, ""region"": ""full_text"", ""score"": 115.0, ""snippet"": ""에서 폭력행위등처벌에관한법률위반(공동상해)죄 등으로 징역 4월을 선고받고 2019. 12. 12. 부산교도소에서 그 형의 집행을 종료하였다.\""를 \""피고인은 2016. 2. 25. 부산지방법원에서 상해죄 등으로 징역 8월, 집행유예 2년을 선고받고 2017. 2. 21. 부산지방법원에서 특수폭행죄 등으로 징역 10월을 선고받아 2017. 5. 26. 그 판결이 확정됨으로써 위 집행유예가 실효된 후 2018. 5. 21. 가석방되""}]",0.0,0.0,,0.0,0.0,,0.0,0.0,,0.0,0.0,,1.0,1.0,"구호 등의 조치 없이 도주하는 잘못을 하였다. 피고인은 과거에 폭력 범죄로 실형 등의 처벌을 받은 전력이 있는데도 출소 후 누범기간에 또 다시 이 사건 상해죄 등을 비롯한 여러 범죄를 저질렀다. 또 피고인은 과거에 음주운전 내지 뺑소니 범행으로 처벌받은 전력도 있는데 재차 이 사건 음주운전 등 범행을 저질렀고, 특히 음주운전으로 교통사고를 내고 도주한 잘못으로 수사를 받던 중에 동종의 음주운전 및 뺑소니 범행을 다시 저질렀을 뿐만 아니라, 그 후에도 음주 및 무면허운전 || 운전 내지 음주 및 무면허운전을 하였으며, 그 2차례의 음주운전 중에 교통사고를 발생시키고 구호 등의 조치 없이 도주하는 잘못을 하였다. 피고인은 과거에 폭력 범죄로 실형 등의 처벌을 받은 전력이 있는데도 출소 후 누범기간에 또 다시 이 사건 상해죄 등을 비롯한 여러 범죄를 저질렀다. 또 피고인은 과거에 음주운전 내지 뺑소니 범행으로 처벌받은 전력도 있는데 재차 이 사건 음주운전 등 범행을 저질렀고, 특히 음주운전으로 교통사고를",0.0,0.0,,1.0,1.0,": 징역 3년 피고인은 오토바이를 타고 지나가던 피해자와 시비가 붙자 피해자를 때려 상해를 가하고 오토바이와 헬멧을 손괴하였고, 3차례 음주운전 내지 음주 및 무면허운전을 하였으며, 그 2차례의 음주운전 중에 교통사고를 발생시키고 구호 등의 조치 없이 도주하는 잘못을 하였다. 피고인은 과거에 폭력 범죄로 실형 등의 처벌을 받은 전력이 있는데도 출소 후 누범기간에 또 다시 이 사건 상해죄 등을 비롯한 여러 범죄를 저질렀다. 또 피고인은 || 결정 : 징역 3년 피고인은 오토바이를 타고 지나가던 피해자와 시비가 붙자 피해자를 때려 상해를 가하고 오토바이와 헬멧을 손괴하였고, 3차례 음주운전 내지 음주 및 무면허운전을 하였으며, 그 2차례의 음주운전 중에 교통사고를 발생시키고 구호 등의 조치 없이 도주하는 잘못을 하였다. 피고인은 과거에 폭력 범죄로 실형 등의 처벌을 받은 전력이 있는데도 출소 후 누범기간에 또 다시 이 사건 상해죄 등을 비롯한 여러 범죄를 저질렀다. 또 피고인은 || 있어 양형기준이 적용되지 않는다. 3. 선고형의 결정 : 징역 3년 피고인은 오토바이를 타고 지나가던 피해자와 시비가 붙자 피해자를 때려 상해를 가하고 오토바이와 헬멧을 손괴하였고, 3차례 음주운전 내지 음주 및 무면허운전을 하였으며, 그 2차례의 음주운전 중에 교통사고를 발생시키고 구호 등의 조치 없이 도주하는 잘못을 하였다. 피고인은 과거에 폭력 범죄로 실형 등의 처벌을 받은 전력이 있는데도 출소 후 누범기간에 또 다시 이 사건",2020,hit_run_injury,True,사건번호의 연도를 공소연도 대용치로 사용; 시행월 경계사건은 검수 필요,8.0,30.0,,,0.0,1.0,1.0,1.0,1,1,0,병합·복수 죄명; 중대 비대상 죄명 병합,1
178,P01-0178,178,238249,교통사고처리특례법위반(치상)·도로교통법위반(음주운전),2021도16605,20230112,2023-01-12,대법원,400201,형사,400102,판결,선고,*,usable,third,legal_review,traffic,"교통사고처리특례법위반(치상), 도로교통법위반(음주운전)",multiple_charges,mixed,supreme_appeal_dismissed,single,lower_court_maintained,,none,,"범죄의 성립과 처벌에 관하여 규정한 형벌법규 자체 또는 그로부터 수권 내지 위임을 받은 법령의 변경에 따라 범죄를 구성하지 아니하게 되거나 형이 가벼워진 경우, 종전 법령이 범죄로 정하여 처벌한 것이 부당하였다거나 과형이 과중하였다는 반성적 고려에 따라 변경된 것인지를 따지지 않고 원칙적으로 형법 제1조 제2항과 형사소송법 제326조 제4호가 적용되는지 여부(적극)",,"형법 제1조 제2항, 형사소송법 제326조 제4호","대법원 2022. 12. 22. 선고 2020도16420 전원합의체 판결(공2023상, 318)","【피 고 인】 피고인
【상 고 인】 검사
【변 호 인】 법무법인 해랑 담당변호사 최종인 외 6인
【원심판결】 인천지법 2021. 11. 19. 선고 2021노1218 판결
【주 문】
상고를 기각한다.
【이 유】 상고이유를 판단한다.
1. 「교통사고처리 특례법」위반(치상)의 점에 관하여
원심은 그 판시와 같은 이유로 이 사건 공소사실 중 「교통사고처리 특례법」위반(치상)의 점에 관하여 범죄의 증명이 없다고 보아 이를 무죄로 판단하였다. 원심판결 이유를 관련 법리와 기록에 비추어 살펴보면, 원심의 판단에 상고이유 주장과 같이 필요한 심리를 다하지 않은 채 논리와 경험의 법칙을 위반하여 자유심증주의의 한계를 벗어나거나 상해의 개념에 관한 법리를 오해한 잘못이 없다.
2. 도로교통법위반(음주운전)죄에 관하여 
가. 범죄 후 법률이 변경되어 그 행위가 범죄를 구성하지 아니하게 되거나 형이 구법보다 가벼워진 경우에는 신법에 따라야 하고(형법 제1조 제2항), 범죄 후의 법령 개폐로 형이 폐지되었을 때는 판결로써 면소의 선고를 하여야 한다(형사소송법 제326조 제4호). 이러한 형법 제1조 제2항과 형사소송법 제326조 제4호의 규정은 입법자가 법령의 변경 이후에도 종전 법령 위반행위에 대한 형사처벌을 유지한다는 내용의 경과규정을 따로 두지 않는 한 그대로 적용되어야 한다. 따라서 범죄의 성립과 처벌에 관하여 규정한 형벌법규 자체 또는 그로부터 수권 내지 위임을 받은 법령의 변경에 따라 범죄를 구성하지 아니하게 되거나 형이 가벼워진 경우에는, 종전 법령이 범죄로 정하여 처벌한 것이 부당하였다거나 과형이 과중하였다는 반성적 고려에 따라 변경된 것인지 여부를 따지지 않고 원칙적으로 형법 제1조 제2항과 형사소송법 제326조 제4호가 적용된다(대법원 2022. 12. 22. 선고 2020도16420 전원합의체 판결 참조). 
나. 원심은 그 판시와 같은 이유로, 이 사건 공소사실 중 도로교통법위반(음주운전)의 점에 대하여 행위시법인 구 도로교통법(2020. 6. 9. 법률 제17371호로 개정되어 2020. 12. 10. 시행되기 전의 것) 제148조의2 제3항 제2호가 아닌 개정된 도로교통법 제156조 제11호를 적용하여 벌금 200,000원의 유죄를 선고하였다. 원심판결 이유를 앞서 본 법리와 기록에 비추어 살펴보면, 원심의 설시에 위 전원합의체 판결로 변경되기 전의 법리에 따른 일부 부적절한 부분이 있으나 그 결론은 정당한 것으로 받아들일 수 있고, 거기에 상고이유 주장과 같이 형법 제1조 제2항의 해석에 관한 법리를 오해하여 판결에 영향을 미친 잘못이 없다.
3. 결론
그러므로 상고를 기각하기로 하여, 관여 대법관의 일치된 의견으로 주문과 같이 판결한다.
대법관 이흥구(재판장) 안철상(주심) 노정희 오석준",C:\Users\jeff4\OneDrive - 엔시스코리아\personal\school\3\여름\DSL\EDA\data/source/criminal_sentencing_cases_2015_2026\raw\law_api\body\238249.xml,2026-07-07T05:42:49.086239+00:00,lawfirm,fine,Guilty,True,False,False,2,drunk_driving,False,2021.0,2023,상고를 기각한다.,,full_text_screening_only,0,,,unknown,,,,0,,1,0,0,fine,,200000.0,full_text,85.0,False,"나. 원심은 그 판시와 같은 이유로, 이 사건 공소사실 중 도로교통법위반(음주운전)의 점에 대하여 행위시법인 구 도로교통법(2020. 6. 9. 법률 제17371호로 개정되어 2020. 12. 10. 시행되기 전의 것) 제148조의2 제3항 제2호가 아닌 개정된 도로교통법 제156조 제11호를 적용하여 벌금 200,000원의 유죄를 선고하였다. 원심판결 이유를 앞서 본 법리와 기록에 비추어 살펴보면, 원심의 설시에 위 전원합의체 판결로 변경되기 전의 법리에 따른 일부 부적절한 부분이 있으나 그 결론은 정당한 것으로 받아들일 수 있고, 거기에 상고이유 주장과 같이 형법 제1조 제2항의 해석에 관한 법리를 오해하여 판결에 영","[{""kind"": ""fine"", ""months"": NaN, ""fine_won"": 200000.0, ""region"": ""full_text"", ""score"": 85.0, ""snippet"": ""나. 원심은 그 판시와 같은 이유로, 이 사건 공소사실 중 도로교통법위반(음주운전)의 점에 대하여 행위시법인 구 도로교통법(2020. 6. 9. 법률 제17371호로 개정되어 2020. 12. 10. 시행되기 전의 것) 제148조의2 제3항 제2호가 아닌 개정된 도로교통법 제156조 제11호를 적용하여 벌금 200,000원의 유죄를 선고하였다. 원심판결 이유를 앞서 본 법리와 기록에 비추어 살펴보면, 원심의 설시에 위 전원합의""}]",0.0,,,0.0,,,0.0,,,0.0,,,0.0,,,0.0,,,0.0,,,,,False,단순 음주운전 양형기준 시행(2023-07-01) 전 사건,,,,,,0.0,,0.0,1,1,0,병합·복수 죄명; 신뢰 가능한 양형이유 구간 없음; BAC 미추출,1
1755,P03-0175,175,238253,도로교통법위반(음주운전),2021도6508,20230112,2023-01-12,대법원,400201,형사,400102,판결,선고,*,usable,third,legal_review,traffic,도로교통법위반(음주운전),simple,guilty,supreme_appeal_dismissed,single,lower_court_maintained,F,none,,"범죄의 성립과 처벌에 관한 형벌법규 자체의 변경에 따라 범죄를 구성하지 아니하게 되거나 형이 가벼워진 경우, 종전 법령이 범죄로 정하여 처벌한 것이 부당하였다거나 과형이 과중하였다는 반성적 고려에 따라 변경된 것인지를 따지지 않고 원칙적으로 형법 제1조 제2항이 적용되는지 여부(적극)",,형법 제1조 제2항,"대법원 2022. 12. 22. 선고 2020도16420 전원합의체 판결(공2023상, 318)","【피 고 인】 피고인
【상 고 인】 검사
【원심판결】 서울서부지법 2021. 5. 6. 선고 2020노1304 판결
【주 문】
상고를 기각한다.
【이 유】 상고이유를 판단한다.
범죄 후 법률이 변경되어 그 행위가 범죄를 구성하지 아니하게 되거나 형이 구법보다 가벼워진 경우에는 신법에 따라야 하는바(형법 제1조 제2항), 이러한 형법 제1조 제2항의 규정은 입법자가 법령의 변경 이후에도 종전 법령 위반행위에 대한 형사처벌을 유지한다는 내용의 경과규정을 따로 두지 않는 한 그대로 적용된다. 따라서 범죄의 성립과 처벌에 관한 형벌법규 자체의 변경에 따라 범죄를 구성하지 아니하게 되거나 형이 가벼워진 경우에는, 종전 법령이 범죄로 정하여 처벌한 것이 부당하였다거나 과형이 과중하였다는 반성적 고려에 따라 변경된 것인지 여부를 따지지 않고 원칙적으로 형법 제1조 제2항이 적용된다(대법원 2022. 12. 22. 선고 2020도16420 전원합의체 판결 참조).
원심은 판시와 같은 이유로, 피고인이 술에 취한 상태에서 전동킥보드를 운전한 행위에 대하여 행위시법인 구 도로교통법(2020. 6. 9. 법률 제17371호로 개정되어 2020. 12. 10. 시행되기 전의 것) 제148조의2 제3항 제2호, 제44조 제1항이 아니라 형법 제1조 제2항에 따라 재판시법인 개정 도로교통법(2020. 6. 9. 법률 제17371호로 개정되어 2020. 12. 10. 시행된 것) 제156조 제11호, 제44조 제1항이 적용된다고 판단하였다.
원심판결 이유를 위 법리와 기록에 비추어 살펴보면, 이러한 원심의 판단에 다소 부적절한 부분이 없지 않으나, 형법 제1조 제2항에 관한 법리를 오해함으로써 판결에 영향을 미친 잘못이 없다.
그러므로 상고를 기각하기로 하여, 관여 대법관의 일치된 의견으로 주문과 같이 판결한다.
대법관 민유숙(재판장) 조재연 이동원 천대엽(주심)",C:\Users\jeff4\OneDrive - 엔시스코리아\personal\school\3\여름\DSL\EDA\data/source/criminal_sentencing_cases_2015_2026\raw\law_api\body\238253.xml,2026-07-07T05:42:49.086239+00:00,,,Guilty,True,False,False,0,drunk_driving,False,2021.0,2023,상고를 기각한다.,,full_text_screening_only,0,,,unknown,,,,0,,0,0,0,,,,,,False,,,0.0,,,0.0,,,0.0,,,0.0,,,0.0,,,0.0,,,0.0,,,,,False,단순 음주운전 양형기준 시행(2023-07-01) 전 사건,,,,,,,,,0,0,0,선고형 자동추출 불일치; 신뢰 가능한 양형이유 구간 없음; BAC 미추출,1
1021,P02-0231,231,237271,특정범죄가중처벌등에관한법률위반(도주치상)·마약류관리에관한법률위반(향정)·도로교통법위반(사고후미조치)·도로교통법위반(무면허운전),2022고단906,20220706,2022-07-06,서울북부지방법원,400202,형사,400102,판결,선고,*,usable,first,facts_sentencing,traffic,도주치상·사고후미조치·무면허운전·마약류관리법위반(향정),multiple_charges,mixed,none,single,current_order,T,none,교통 관련 범행은 유죄로 인정하여 징역 1년·집행유예 2년과 사회봉사·수강명령을 선고하고 필로폰 투약 부분은 무죄로 선고함,,,,,"【피 고 인】 피고인
【검 사】 이종민(기소), 김용선(공판)
【변 호 인】 법무법인 세중 담당변호사 박영일
【주 문】
피고인을 징역 1년에 처한다.
다만, 이 판결 확정일부터 2년간 위 형의 집행을 유예한다. 
피고인에게 120시간의 사회봉사 및 40시간의 준법운전강의 수강을 명한다.
이 사건 공소사실 중 마약류관리에관한법률위반(향정)의 점은 무죄.
【이 유】【범죄사실】1. 특정범죄가중처벌등에관한법률위반(도주치상), 도로교통법위반(사고후미조치)
피고인은 (차량번호 생략) 벤츠 S350L 승용차를 운전하는 업무에 종사하는 사람이다.
피고인은 2021. 8. 1. 16:18경 자동차운전면허를 받지 아니하고 위 승용차를 운전하여 서울 도봉구 도봉동에 있는 도봉1교 앞 편도 2차로의 도로를 노원교교차로 쪽에서 창포원 쪽으로 그 도로의 2차로를 따라 진행하게 되었다.
그곳은 황색 실선의 중앙선이 설치된 도로이므로, 이러한 경우 자동차의 운전업무에 종사하는 사람에게는 중앙선 오른쪽으로 진행하는 한편 전방 및 좌우를 주시하고 조향 및 제동장치를 정확히 조작하여 안전하게 운전하여야 할 업무상 주의의무가 있었다.
그럼에도 불구하고 피고인은 이를 게을리 한 채 중앙선을 침범하여 운전한 과실로, 피고인의 진행방향 맞은편 2차로에서 신호대기를 위해 정차 중이던 피해자 공소외 2(남, 59세)가 운전하는 (차량번호 2 생략) 스포티지 승용차의 왼쪽 부분을 피고인의 승용차의 왼쪽 앞부분으로 들이받았다.
이로써 피고인은 위와 같은 업무상의 과실로 피해자에게 약 3주간의 치료가 필요한 경추의 염좌 및 긴장 등의 상해를 입게 함과 동시에 수리비 4,278,195원 상당이 들도록 피해자의 승용차를 손괴하고도, 곧 정차하여 피해자를 구호하는 등 필요한 조치를 취하지 아니하고 그대로 도주하였다.
2. 도로교통법위반(무면허운전)
가. 2021. 7. 2.자 범행
피고인은 2021. 7. 2. 13:52경 서울 도봉구 덕릉로63길 20-26에 있는 효승빌라 앞 도로에서부터 같은 날 19:17경 대구 달성군 농공읍 농공중앙로22길 36에 있는 농공우방연합타운아파트 앞 도로에 이르기까지 약 426㎞ 구간에서 자동차운전면허를 받지 아니하고 위 벤츠 승용차를 운전하였다.
나. 2021. 7. 3.자 범행
피고인은 2021. 7. 3. 10:22경 위 농공우방연합타운아파트 앞 도로에서부터 같은 날 16:22경 서울 도봉구 덕릉로59아길 17에 있는 창동대우아파트 앞 도로에 이르기까지 약 358㎞ 구간에서 자동차운전면허를 받지 아니하고 위 벤츠 승용차를 운전하였다.
다. 2021. 8. 1.자 범행
피고인은 2021. 8. 1. 16:00경부터 같은 날 16:18경까지 사이에 서울 도봉구 도봉로150다길 42에 있는 ‘대성자동차공업사’ 앞 도로에서부터 제1항 기재 도봉1교 앞 도로에 이르기까지 약 2㎞ 구간에서 자동차운전면허를 받지 아니하고 위 벤츠 승용차를 운전하였다.
【증거의 요지】1. 피고인의 법정진술
1. 공소외 2에 대한 경찰진술조서
1. 진단서(공소외 2), 자동차 점검, 정비명세서(차량번호 2 생략)
1. 자동차운전면허 대장
1. 교통사고보고(실황조사서)
1. 수사보고서(피의자의 무면허운전 관련 증거 자료 첨부), 실시간 위치 추적 자료 사진
【법령의 적용】1. 범죄사실에 대한 해당법조 
특정범죄 가중처벌 등에 관한 법률 제5조의3 제1항 제2호, 형법 제268조(업무상과실치상 후 도주의 점), 도로교통법 제148조, 제54조 제1항(손괴 후 미조치의 점), 각 도로교통법 제152조 제1호, 제43조(무면허운전의 점)
1. 상상적 경합 
형법 제40조, 제50조[특정범죄가중처벌등에관한법률위반(도주치상)죄와 도로교통법위반(사고후미조치)죄 상호간]
1. 형의 선택
각 징역형 선택
1. 경합범가중
형법 제37조 전단, 제38조 제1항 제2호, 제50조
1. 집행유예
형법 제62조 제1항
1. 사회봉사명령 및 수강명령
형법 제62조의2
【양형의 이유】 피고인이 2020년경 교통사고처리특례법위반(치상)으로 1회, 무면허운전으로 2회 각 벌금형의 처벌을 받은 전력이 있는 점, 과실이 매우 크고 피해가 적지 않은 교통사고를 발생시키고도 아무런 조치 없이 도주한 점 등의 불리한 정상, 교통사고 피해자와 합의한 점, 동종 범죄로는 벌금형을 넘는 전과는 없는 점 등의 유리한 정상, 그 밖에 피고인의 나이, 성행, 환경, 범행에 이르게 된 동기와 경위, 범행의 방법과 내용, 범행 전후의 정황 등 변론에 나타난 여러 사정을 종합하여 주문과 같이 형을 정한다.
【무죄 부분】1. 공소사실의 요지
피고인은 마약류취급자가 아님에도 불구하고, 2021. 7. 하순경에서 2021. 8. 하순경까지 사이에 알 수 없는 장소에서 향정신성의약품인 메트암페타민(일명 ‘필로폰’) 약 0.03g 상당을 물에 희석하여 일회용 주사기에 넣고 팔 부분에 주사하는 방법으로 이를 투약하였다.
2. 판단
이 부분 공소사실에 부합하는 듯한 주요한 증거로는, 피고인이 운행한 차량에서 발견된 일회용 주사기 2개에서 필로폰 성분이 검출되었다는 감정서(수사기록 제1권 제216쪽), 2021년 8월 24일 압수된 피고인의 길이 6cm ~ 9cm 가량의 모발 중 모근 부위에서 길이 약 3cm까지의 절단 모발, 약 3cm에서 약 6cm까지의 절단 모발, 약 6cm에서 끝까지의 절단 모발에서 모두 필로폰 성분이 검출되었다는 감정서(수사기록 제1권 제426쪽)가 있으나, 위 각 증거와 검사가 제출한 증거들만으로는 이 부분 공소사실 기재 일시 무렵에 피고인이 필로폰을 투약하였다는 점이 합리적인 의심의 여지 없이 증명되었다고 할 수 없다.
3. 결론
그렇다면 이 부분 공소사실은 범죄사실의 증명이 없는 때에 해당하므로 형사소송법 제325조 후단에 따라 무죄를 선고하고, 형법 제58조 제2항 단서에 따라 판결의 요지를 공시하지 않기로 하여 주문과 같이 판결한다. 
판사 나우상",C:\Users\jeff4\OneDrive - 엔시스코리아\personal\school\3\여름\DSL\EDA\data/source/criminal_sentencing_cases_2015_2026\raw\law_api\body\237271.xml,2026-07-07T05:42:49.086239+00:00,lawfirm,suspended,Guilty,False,True,True,20,hit_run_injury,False,2022.0,2022,"피고인을 징역 1년에 처한다. 다만, 이 판결 확정일부터 2년간 위 형의 집행을 유예한다. 피고인에게 120시간의 사회봉사 및 40시간의 준법운전강의 수강을 명한다. 이 사건 공소사실 중 마약류관리에관한법률위반(향정)의 점은 무죄.","피고인이 2020년경 교통사고처리특례법위반(치상)으로 1회, 무면허운전으로 2회 각 벌금형의 처벌을 받은 전력이 있는 점, 과실이 매우 크고 피해가 적지 않은 교통사고를 발생시키고도 아무런 조치 없이 도주한 점 등의 불리한 정상, 교통사고 피해자와 합의한 점, 동종 범죄로는 벌금형을 넘는 전과는 없는 점 등의 유리한 정상, 그 밖에 피고인의 나이, 성행, 환경, 범행에 이르게 된 동기와 경위, 범행의 방법과 내용, 범행 전후의 정황 등 변론에 나타난 여러 사정을 종합하여 주문과 같이 형을 정한다.",sentencing_section,1,,,unknown,,3.0,"리 한 채 중앙선을 침범하여 운전한 과실로, 피고인의 진행방향 맞은편 2차로에서 신호대기를 위해 정차 중이던 피해자 공소외 2(남, 59세)가 운전하는 (차량번호 2 생략) 스포티지 승용차의 왼쪽 부분을 피고인의 승용차의 왼쪽 앞부분으로 들이받았다. 이로써 피고인은 위와 같은 업무상의 과실로 피해자에게 약 3주간의 치료가 필요한 경추의 염좌 및 긴장 등의 상해를 입게 함과 동시에 수리비 4,278,195원 상당이 들도록 피해자의 승용차를 손괴하고도, 곧 정차하여 피해자를 구호하는 등 필요한 조치를 취하지 아니하고 그대로 도주하였다. 2. 도로교통법위반(무면허운전) 가. 2021. 7. 2.자 범행 피고인은 2021.",0,,1,0,1,custodial,12.0,,order,165.0,False,"피고인을 징역 1년에 처한다. 다만, 이 판결 확정일부터 2년간 위 형의 집행을 유예한다. 피고인에게 120시간의 사회봉사 및 40시간의 준법운전강의 수강을 명한다. 이 사건 공소사실 중 마약류관리에관한법률위반(향정)의 점은 무죄.","[{""kind"": ""custodial"", ""months"": 12.0, ""fine_won"": NaN, ""region"": ""order"", ""score"": 165.0, ""snippet"": ""피고인을 징역 1년에 처한다. 다만, 이 판결 확정일부터 2년간 위 형의 집행을 유예한다. 피고인에게 120시간의 사회봉사 및 40시간의 준법운전강의 수강을 명한다. 이 사건 공소사실 중 마약류관리에관한법률위반(향정)의 점은 무죄.""}, {""kind"": ""custodial"", ""months"": 12.0, ""fine_won"": NaN, ""region"": ""full_text"", ""score"": 65.0, ""snippet"": ""【피 고 인】 피고인 【검 사】 이종민(기소), 김용선(공판) 【변 호 인】 법무법인 세중 담당변호사 박영일 【주 문】 피고인을 징역 1년에 처한다. 다만, 이 판결 확정일부터 2년간 위 형의 집행을 유예한다. 피고인에게 120시간의 사회봉사 및 40시간의 준법운전강의 수강을 명한다. 이 사건 공소사실 중 마약류관리에관한법률위반(향정)의 점은 무죄. 【이 유】【범죄사실】1. 특정범죄가중처벌등에관한법률위반(도주치상), 도로교통법""}]",1.0,1.0,"사고처리특례법위반(치상)으로 1회, 무면허운전으로 2회 각 벌금형의 처벌을 받은 전력이 있는 점, 과실이 매우 크고 피해가 적지 않은 교통사고를 발생시키고도 아무런 조치 없이 도주한 점 등의 불리한 정상, 교통사고 피해자와 합의한 점, 동종 범죄로는 벌금형을 넘는 전과는 없는 점 등의 유리한 정상, 그 밖에 피고인의 나이, 성행, 환경, 범행에 이르게 된 동기와 경위, 범행의 방법과 내용, 범행 전후의 정황 등 변론에 나타난 여러 사정을",0.0,0.0,,0.0,0.0,,0.0,0.0,,0.0,0.0,,0.0,0.0,,1.0,1.0,"피고인이 2020년경 교통사고처리특례법위반(치상)으로 1회, 무면허운전으로 2회 각 벌금형의 처벌을 받은 전력이 있는 점, 과실이 매우 크고 피해가 적지 않은 교통사고를 발생시키고도 아무런 조치 없이 도주한 점 등의 불리한 정상, 교통사고 피해자와 합의한 점, 동종 범죄로는 벌금형을 넘는 전과는 없는 점 등의 유리한 정상, 그 밖에 피고인의 나이, 성행, 환경, 범행에 이르게 된 동기와 || 피고인이 2020년경 교통사고처리특례법위반(치상)으로 1회, 무면허운전으로 2회 각 벌금형의 처벌을 받은 전력이 있는 점, 과실이 매우 크고 피해가 적지 않은 교통사고를 발생시키고도 아무런 조치 없이 도주한 점 등의 불리한 정상, 교통사고 피해자와 합의한 점, 동종 범죄로는 벌금형을",2020,hit_run_injury,True,사건번호의 연도를 공소연도 대용치로 사용; 시행월 경계사건은 검수 필요,8.0,30.0,,,0.0,1.0,1.0,1.0,1,1,0,병합·복수 죄명; 중대 비대상 죄명 병합,1
3330,P05-0170,170,237255,특정범죄가중처벌등에관한법률위반(도주치상)·마약류관리에관한법률위반(향정)·도로교통법위반(사고후미조치)·도로교통법위반(무면허운전),2022노1130,20230526,2023-05-26,서울북부지방법원,400202,형사,400102,판결,선고,*,usable,second,mixed,traffic,특정범죄가중처벌등에관한법률위반(도주치상),multiple_charges,mixed,reversal,single,current_order,T,none,,,,,,"【피 고 인】 피고인
【항 소 인】 검사
【검 사】 이종민(기소), 정인혜(공판)
【변 호 인】 변호사 이상률(국선)
【원심판결】 서울북부지방법원 2022. 7. 6. 선고 2022고단906 판결
【주 문】
원심판결을 파기한다.
피고인을 징역 1년 2월에 처한다.
피고인에게 40시간의 약물중독 재활교육 프로그램의 이수를 명한다.
압수된 증 제2호 몰수한다.
피고인으로부터 100,000원을 추징한다.
위 추징금에 상당한 금액의 가납을 명한다.
【이 유】1. 항소이유의 요지
가. 사실오인, 법리오해[마약류관리에관한법률위반(향정) 부분]
피고인이 이 부분 공소사실 기재와 같이 필로폰을 투약한 사실이 인정된다.
나. 양형부당
원심이 선고한 형(징역 1년, 집행유예 2년 등)이 너무 가벼워서 부당하다.
2. 직권판단
항소이유에 대한 판단에 앞서 직권으로 살피건대, 검사는 당심에서 마약류관리에관한법률위반(향정) 부분의 공소사실 중 ‘2021. 7. 하순경에서 2021. 8. 하순경까지 사이에’를 ‘2021. 7. 4.경부터 2021. 8. 5.경까지 사이에’로 변경하는 내용의 공소장변경허가신청을 하였고, 이 법원이 이를 허가함으로써 그 심판대상이 변경되었으므로, 원심판결은 더 이상 그대로 유지될 수 없게 되었다.
다만, 위와 같은 직권파기사유에도 불구하고 피고인의 사실오인, 법리오해 주장은 여전히 변경된 공소사실과 관련된 범위 내에서 이 법원의 심판대상이 되므로, 아래에서 이에 대해 살펴본다. 
3. 사실오인, 법리오해 주장에 대한 판단
가. 변경된 공소사실의 요지
피고인은 마약류취급자가 아님에도 불구하고, 2021. 7. 4.경부터 2021. 8. 5.경까지 사이에 알 수 없는 장소에서 향정신성의약품인 메트암페타민(일명 ‘필로폰’) 약 0.03g 상당을 물에 희석하여 일회용 주사기에 넣고 팔 부분에 주사하는 방법으로 이를 투약하였다.
나. 관련 법리
1) 형사소송법 제254조 제4항이 “공소사실의 기재는 범죄의 시일, 장소와 방법을 명시하여 사실을 특정할 수 있도록 하여야 한다.”라고 규정한 취지는, 심판의 대상을 한정함으로써 심판의 능률과 신속을 꾀함과 동시에 방어의 범위를 특정하여 피고인의 방어권 행사를 쉽게 해주기 위한 것이므로, 검사로서는 위 세 가지 특정요소를 종합하여 다른 사실과의 식별이 가능하도록 범죄구성요건에 해당하는 구체적 사실을 기재하여야 하는바, 이는 마약류취급자가 아니면서도 마약류를 투약하였음을 내용으로 하는 마약류관리에 관한 법률 위반죄의 공소사실에 관한 기재에 있어서도 마찬가지라고 할 것이다(대법원 2007. 1. 25. 선고 2006도7342 판결, 대법원 2008. 11. 27. 선고 2008도8178 판결 등 참조). 피고인이 필로폰 투약사실을 부인하고 있음에도 모발감정 결과에 기초하여 그 투약 가능 기간을 추정한 다음 개괄적으로만 그 범행시기를 적시하여 공소사실을 기재하게 되면 감정의 정확성을 신뢰하기 어렵다는 문제와 감정 결과에 기초한 투약 가능 기간이 오랜 기간 걸쳐 있는 경우가 많다는 마약류 투약범죄의 특성상 그 기간에 여러 차례 투약했을 가능성이 있다는 점 때문에 피고인의 방어권 행사에 지장을 초래할 수 있고 이중기소 여부나 일사부재리의 효력 범위를 판단함에 있어 곤란한 문제가 발생할 수 있어 그 공소내용이 특정되었다고 볼 것인지는 매우 신중히 판단하여야 한다(대법원 2014. 10. 30. 선고 2014도6107 판결 등 참조).
2) 다만 마약류관리에 관한 법률 위반사건의 피고인 모발에서 메스암페타민 성분이 검출되었다는 국립과학수사연구소장의 감정의뢰회보가 있는 경우, 그 회보의 기초가 된 감정에 있어서 실험물인 모발이 바뀌었다거나 착오나 오류가 있었다는 등의 구체적인 사정이 없는 한 피고인으로부터 채취한 모발에서 메스암페타민 성분이 검출되었다고 인정하여야 하고, 따라서 논리와 경험의 법칙상 피고인은 감정의 대상이 된 모발을 채취하기 이전 언젠가에 메스암페타민을 투약한 사실이 있다고 인정하여야 한다(대법원 2008. 2. 14. 선고 2007도10937 판결 등 참조). 검사가 모발을 성장기간 별로 구분하여 투약시기를 세분하여 감정한 모발감정결과에 기초하거나 피고인의 행적 등 다른 증거들에 의하여 모발감정에서 성분이 검출될 수 있는 기간의 범위 내에서 투약시기를 가능한 한 최단기간으로 특정하고, 장소도 피고인의 행적에 대한 수사 등을 통해 토지관할의 구분이 가능할 정도로 특정하고 있다면, 그 시기·장소·방법·투약량 등의 상세한 내용 중 일부를 구체적으로 기재하지 않거나 불상으로 기재하더라도 공소사실이 특정되었다고 보아야 할 것이다(대법원 2001. 1. 30. 선고 2000도3111 판결, 대법원 2005. 6. 24. 선고 2005도2667 판결 등 참조).
다. 구체적 판단
1) 원심 및 당심이 조사한 증거들에 의하여 아래 사실 인정할 수 있다. 
㉮ 서울관악경찰서는 ‘피고인이 2020. 1.경, 4.경 및 6.경 불상 양의 필로폰을 각 투약하였다’라는 등 마약류관리에관한법률위반(향정)의 피의사실로 수사를 하였다. 
경찰은 2021. 7. 3. 피고인의 차량(차량번호 생략)과 주거지를 수색하였으나 마약류관리에관한법률위반(향정)의 피의사실을 증명할 만한 증거를 발견하지 못하였다.
다만 경찰은 당일 피고인의 소변과 모발을 압수하였는바, 피고인의 소변에서는 ‘메트암페타민 등’이 검출되지 아니하였고(2021. 7. 12. 자 국립과학수사연구원 감정서), 피고인의 모발(4~7㎝)에서는 ‘메트암페타민 등’이 검출되었다(2021. 8. 3. 자 감정서). 
한편 경찰은 2021. 7. 4. 피고인의 상대로 ‘2021. 7. 2. 자 및 7. 3. 자 도로교통법위반(무면허운전)’의 피의사실을 조사하였고, 2021. 7. 8. 도로교통법위반(무면허운전)‘의 피의사실(여죄)을 인지하였다.
㉯ 피고인은 2021. 8. 1. 위 차량(차량번호 생략)을 운전하다가 피해자 공소외 2에게 상해 등을 입게 하였음에도 구호조치 없이 위 차량을 그대로 둔 채 도주하였다.
서울도봉경찰서는 2021. 8. 5. 피고인에 대한 특정범죄가중처벌등에관한법률위반(도주치상), 도로교통법위반(사고후미조치), 도로교통법위반(무면허운전)의 피의사실 인지하였다.
서울도봉경찰서는 2021. 8. 5. 피고인의 차량에 대한 수색을 실시하였는바, 차량 트렁크에서 소형주사기 9개(그 중 2개가 사용 추정), 알루미늄 호일, 고무호스가 발견되었는바, 소형주사기 2개에서 ‘메트암페타민’ 성분이 검출되었고(2021. 8. 12. 자 감정서), ‘인혈반응 양성’이 나왔다(2021. 12. 3. 자 대검찰청 대엔에이·화학분석과).
서울도봉경찰서는 2021. 8. 24. 피고인에 대한 소변과 모발(6~9㎝)을 압수하였는바, 피고인의 소변에서는 ‘메트암페타민 등’이 검출되지 아니하였으나(2021. 9. 1. 자 감정서), 피고인의 모발(모근부위에서 길이 약 3㎝까지의 절단모발, 모근부위 길이 약 3㎝에서 길이 약 6㎝까지의 절단모발, 모근부위 길이 약 6㎝에서 끝까지의 절단모발)에서 ‘메트암페타민 등’이 검출되었다.
㉰ 피고인이 과거에도 1회용 주사기에 필로폰을 넣어 물로 희석한 다음 팔에 주사하는 방식으로 투약한 적이 있다. 
2) 피고인이 변경된 공소사실을 부인하고 있는 이 사건에서, 위 사실을 기초로 판단한다.
㉮ 검사는 ‘필로폰 투약 일시’를 서울관악경찰서의 2021. 7. 3. 경 피고인의 소변과 모발 압수일 이후부터 서울도봉경찰서의 2021. 8. 5. 경 피고인의 차량에 대한 수색일까지로 특정하였다. 
㉯ 개인의 연령, 성별, 인종, 영양상태, 개체차 등에 따라 차이가 있으나 모발이 평균적으로 한 달에 1㎝ 정도 자란다고 알려져 있다. 그런데 별건의 마약류관리에관한법률위반(향정)의 피의사건 중 최종 필로폰 투약일은 ‘2021. 6.경’이고, 이 사건 피의사실로 피고인 모발이 2021. 8. 24. 압수되었는바, 피고인의 모발에서 검출된 ‘메트암페타민 등’ 성분이 검사가 특정한 일시가 아닌 별건의 ‘2020. 1.경, 4.경 및 6.경’일 가능성을 배제할 수 없다. 
㉰ 그러나 2021. 8. 24. 압수된 피고인 모발 중 ‘모근부위에서 길이 약 3㎝까지의 절단모발’에서 ‘메트암페타민 등’ 성분이 검출된 점, 피고인은 별건인 ‘2020. 1.경, 4.경 및 6.경 필로폰 각 투약’의 피의사실에 대하여 기소되지 않았고, 당시 함께 수사받던 ‘2021. 7. 2. 자 및 7. 3. 자 도로교통법위반(무면허운전)’의 피의사실만 이 사건으로 기소된 점, 피고인은 늦어도 2021. 7. 2. 경부터 2021. 8. 1. 경까지는 위 차량을 운행하였는바, 위 기간 내에 소형주사기 9개가 위 차량의 트렁크에 보관된 것으로 추정할 수 있는 점에 비추어 보면, 피고인은 변경된 공소사실의 일시에 일회용 주사기를 이용한 투약의 방식으로 필로폰을 투약하였다고 볼 수 있다. 
4. 결론
그렇다면 원심판결 중 마약류관리에관한법률위반(향정) 부분에는 위와 같은 직권파기사유가 있고, 위 부분에 관한 검사의 사실오인, 법리오해 항소도 이유 있는데, 위 부분과 나머지 죄는 형법 제37조 전단의 경합범 관계에 있어 형법 제38조 제1항에 따라 경합범가중을 한 형기의 범위 내에서 하나의 형을 선고하여야 하므로, 검사의 양형부당 주장에 대한 판단을 생략한 채 형사소송법 제364조 제2항, 6항에 따라 원심판결을 전부 파기하고 변론을 거쳐 다시 다음과 같이 판결한다.
【다시 쓰는 판결 이유】【범죄사실 및 증거의 요지】 이 법원이 인정하는 범죄사실과 이에 관한 증거의 요지는 원심판결의 각 해당란 기재와 같으므로 형사소송법 제369조에 의하여 이를 그대로 인용한다.
단, 범죄사실에 제3의 가.항을 추가한다.
또 증거의 요지 중 ‘1. 피고인의 법정진술’을 ‘1. 피고인의 당심 법정진술 일부’로 변경하고, ‘1. 각 압수조서, 각 압수목록, 압수품 사진, 수사보고서(피의자 향전신성의약품관리법위반 판결문), 각 감정서, 수색조서, 수색증명서, 감정의뢰회보, 추징금 산정보고’를 추가한다.
【법령의 적용】1. 범죄사실에 대한 해당법조 
특정범죄 가중처벌 등에 관한 법률 제5조의3 제1항 제2호, 형법 제268조(업무상과실치상 후 도주의 점), 도로교통법 제148조, 제54조 제1항(손괴 후 미조치의 점), 각 도로교통법 제152조 제1호, 제43조(무면허운전의 점), 마약류 관리에 관한 법률 제60조 제1항 제2호, 제4조 제1항 제1호, 제2조 제3호 나목(필로폰 투약의 점)
1. 상상적 경합 
형법 제40조, 제50조[특정범죄가중처벌등에관한법률위반(도주치상)죄와 도로교통법위반(사고후미조치)죄 상호간]
1. 형의 선택
각 징역형 선택
1. 경합범가중
형법 제37조 전단, 제38조 제1항 제2호, 제50조
1. 이수명령
마약류 관리에 관한 법률 제40조의2 제2항 본문
1. 몰수
마약류 관리에 관한 법률 제67조 본문
1. 추징
마약류 관리에 관한 법률 제67조 단서
1. 가납명령
형사소송법 제334조 제1항
【양형의 이유】 피고인이 필로폰 투약으로 처벌받은 전력이 있음에도 불구하고 다시 이 사건 범행을 저지른 점, 교통사고 발생에 있어 피고인의 과실이 매우 크고 사고 발생 이후 아무런 조치 없이 도주하여 죄책이 무거운 점 등은 피고인에게 불리한 양형의 조건이다.
반면, 교통사고의 피해자와 합의한 점 등은 피고인에게 유리한 양형의 조건이다. 
위 각 양형의 조건, 그 밖에 피고인의 연령, 성행과 환경, 범행의 동기, 수단과 결과, 범행 후의 정황 등 양형의 조건을 종합하여, 주문과 같이 형을 정한다.
판사 강영훈(재판장) 시용재 권지은",C:\Users\jeff4\OneDrive - 엔시스코리아\personal\school\3\여름\DSL\EDA\data/source/criminal_sentencing_cases_2015_2026\raw\law_api\body\237255.xml,2026-07-07T05:42:49.086239+00:00,public,suspended,Guilty,False,True,True,15,hit_run_injury,False,2022.0,2023,"원심판결을 파기한다. 피고인을 징역 1년 2월에 처한다. 피고인에게 40시간의 약물중독 재활교육 프로그램의 이수를 명한다. 압수된 증 제2호 몰수한다. 피고인으로부터 100,000원을 추징한다. 위 추징금에 상당한 금액의 가납을 명한다.","피고인이 필로폰 투약으로 처벌받은 전력이 있음에도 불구하고 다시 이 사건 범행을 저지른 점, 교통사고 발생에 있어 피고인의 과실이 매우 크고 사고 발생 이후 아무런 조치 없이 도주하여 죄책이 무거운 점 등은 피고인에게 불리한 양형의 조건이다. 반면, 교통사고의 피해자와 합의한 점 등은 피고인에게 유리한 양형의 조건이다. 위 각 양형의 조건, 그 밖에 피고인의 연령, 성행과 환경, 범행의 동기, 수단과 결과, 범행 후의 정황 등 양형의 조건을 종합하여, 주문과 같이 형을 정한다. 판사 강영훈(재판장) 시용재 권지은",sentencing_section,1,,,unknown,,,,0,,1,0,1,custodial,14.0,,order,185.0,False,"원심판결을 파기한다. 피고인을 징역 1년 2월에 처한다. 피고인에게 40시간의 약물중독 재활교육 프로그램의 이수를 명한다. 압수된 증 제2호 몰수한다. 피고인으로부터 100,000원을 추징한다. 위 추징금에 상당한 금액의 가납을 명한다.","[{""kind"": ""custodial"", ""months"": 14.0, ""fine_won"": NaN, ""region"": ""order"", ""score"": 185.0, ""snippet"": ""원심판결을 파기한다. 피고인을 징역 1년 2월에 처한다. 피고인에게 40시간의 약물중독 재활교육 프로그램의 이수를 명한다. 압수된 증 제2호 몰수한다. 피고인으로부터 100,000원을 추징한다. 위 추징금에 상당한 금액의 가납을 명한다.""}, {""kind"": ""custodial"", ""months"": 12.0, ""fine_won"": NaN, ""region"": ""full_text"", ""score"": 135.0, ""snippet"": ""제2호 몰수한다. 피고인으로부터 100,000원을 추징한다. 위 추징금에 상당한 금액의 가납을 명한다. 【이 유】1. 항소이유의 요지 가. 사실오인, 법리오해[마약류관리에관한법률위반(향정) 부분] 피고인이 이 부분 공소사실 기재와 같이 필로폰을 투약한 사실이 인정된다. 나. 양형부당 원심이 선고한 형(징역 1년, 집행유예 2년 등)이 너무 가벼워서 부당하다. 2. 직권판단 항소이유에 대한 판단에 앞서 직권으로 살피건대, 검사는""}, {""kind"": ""custodial"", ""months"": 14.0, ""fine_won"": NaN, ""region"": ""full_text"", ""score"": 85.0, ""snippet"": ""【피 고 인】 피고인 【항 소 인】 검사 【검 사】 이종민(기소), 정인혜(공판) 【변 호 인】 변호사 이상률(국선) 【원심판결】 서울북부지방법원 2022. 7. 6. 선고 2022고단906 판결 【주 문】 원심판결을 파기한다. 피고인을 징역 1년 2월에 처한다. 피고인에게 40시간의 약물중독 재활교육 프로그램의 이수를 명한다. 압수된 증 제2호 몰수한다. 피고인으로부터 100,000원을 추징한다. 위 추징금에 상당한 금액의 ""}]",1.0,1.0,"도 불구하고 다시 이 사건 범행을 저지른 점, 교통사고 발생에 있어 피고인의 과실이 매우 크고 사고 발생 이후 아무런 조치 없이 도주하여 죄책이 무거운 점 등은 피고인에게 불리한 양형의 조건이다. 반면, 교통사고의 피해자와 합의한 점 등은 피고인에게 유리한 양형의 조건이다. 위 각 양형의 조건, 그 밖에 피고인의 연령, 성행과 환경, 범행의 동기, 수단과 결과, 범행 후의 정황 등 양형의 조건을 종합하여, 주문과 같이 형을 정한다. 판사",0.0,0.0,,0.0,0.0,,0.0,0.0,,0.0,0.0,,0.0,0.0,,0.0,0.0,,2020,hit_run_injury,True,사건번호의 연도를 공소연도 대용치로 사용; 시행월 경계사건은 검수 필요,8.0,30.0,,,0.0,1.0,1.0,1.0,1,1,0,병합·복수 죄명; 중대 비대상 죄명 병합; 상해기간 미추출,1
1000,P02-0210,210,232825,도로교통법위반(음주운전),2022노1406,20221103,2022-11-03,서울고법,400202,형사,400102,판결 : 확정,선고,*,usable,second,mixed,traffic,도로교통법위반(음주운전),simple,guilty,reversal,single,current_order,T,none,임의채혈 혈액과 혈중알코올감정서의 증거능력을 인정하여 주위적 공소사실을 유죄로 판단하고 벌금 800만 원을 선고함,"甲이 운전 중 다른 차량을 들이받고 사고 직후 출동한 경찰관으로부터 호흡측정기에 의한 음주측정을 요구받아 음주측정을 하였고, 음주측정 결과에 이의를 제기하며 혈액채취를 요구하여 ‘채혈동의 및 확인서’에 서명을 하고 병원에서 경찰 입회 아래 혈액을 채취하였는데, 임의제출서, 압수조서(임의제출) 및 소유권포기서에 날인하지 않고 압수목록을 교부받지 않은 채 곧바로 귀가하여, 경찰이 같은 날 오후 甲의 주소지로 찾아가 임의제출서, 압수조서(임의제출) 및 소유권포기서에 날인을 요구하자 이를 거부하였고, 위와 같이 채취한 혈액 감정에 따른 혈중알코올농도를 기초로 도로교통법 위반(음주운전)으로 기소된 사안에서, 위와 같이 채취한 甲의 혈액은 위법수집증거에 해당하지 않고, 위 혈액을 기초로 하여 획득한 2차 증거인 혈중알코올감정서 역시 증거능력이 있다고 한 사례","甲이 운전 중 다른 차량을 들이받고 사고 직후 출동한 경찰관으로부터 호흡측정기에 의한 음주측정을 요구받아 음주측정을 하였고, 음주측정 결과에 이의를 제기하며 혈액채취를 요구하여 ‘채혈동의 및 확인서’에 서명을 하고 병원에서 경찰 입회 아래 혈액을 채취하였는데, 임의제출서, 압수조서(임의제출) 및 소유권포기서에 날인하지 않고 압수목록을 교부받지 않은 채 곧바로 귀가하여, 경찰이 같은 날 오후 甲의 주소지로 찾아가 임의제출서, 압수조서(임의제출) 및 소유권포기서에 날인을 요구하자 이를 거부하였고, 위와 같이 채취한 혈액 감정에 따른 혈중알코올농도를 기초로 도로교통법 위반(음주운전)으로 기소된 사안이다. 
甲은 ‘임의제출서, 소유권포기서 작성 자체를 강요하는 것 같아 날인을 거부한 것이고, 혈액채취 및 제출 자체는 임의로 이루어진 것이 맞다.’는 취지로 진술하고 있는 점에 비추어 혈액채취 및 제출에는 임의성이 있다고 보이고, 혈중알코올농도 측정은 채취한 혈액을 수사기관이 제출받아 국립과학수사연구원 등에 감정을 의뢰하는 방식으로 이루어지며, 甲은 이러한 측정 방식을 충분히 인식하고도 채취한 혈액에 의한 혈중알코올농도 측정에까지 동의하였으므로, 채취한 혈액을 수사기관에 제출하는 것에 대하여도 동의한 것으로 보이는 점, 압수조서의 작성이 압수에 있어서 본질적이고 필수적인 절차라고 보기 어려우므로 압수조서를 작성하지 않았다는 이유만으로 압수물이 위법수집증거에 해당된다고 볼 수는 없는 점, 임의제출서, 소유권포기서의 작성은 제출의 임의성을 확인하기 위한 방편에 불과한 것으로, 형사소송법, 군사법원법 등에서 따로 그 작성을 요구하고 있지도 않아, 제출의 임의성이 인정되는 이상 임의제출서, 소유권포기서를 작성하지 않았다는 이유만으로 압수물이 위법수집증거에 해당된다고 볼 수는 없고, 혈액채취를 완료하여 수사기관이 甲의 혈액에 관한 점유를 취득한 이상 압수절차는 종료된 것으로, 이후에는 따로 甲이 압수절차에 참여할 개재도 없는 점 등을 종합하면, 위와 같이 채취한 甲의 혈액은 위법수집증거에 해당하지 않고, 위 혈액을 기초로 하여 획득한 2차 증거인 혈중알코올감정서 역시 증거능력이 있다고 한 사례이다.","도로교통법 제44조 제1항, 제148조의2 제3항 제2호",,"【피 고 인】 피고인
【항 소 인】 피고인 및 군검사
【군 검 사】 조성운 외 1인
【변 호 인】 법무법인 민주 담당변호사 김경돈
【원심판결】 제2함대사령부 보통군사법원 2021. 6. 17. 선고 2020고13 판결
【주 문】
원심판결을 파기한다.
피고인을 벌금 800만 원에 처한다.
피고인이 위 벌금을 납입하지 아니한 경우 10만 원을 1일로 환산한 기간 피고인을 노역장에 유치한다.
【이 유】 1. 항소이유의 요지
가. 군검사
1) 사실오인·법리오해
피고인의 혈액을 채취하여 제출하는 과정에서 수사기관의 강제 등 위법이 없었다. 압수조서의 작성과 압수목록의 교부와 관련하여 피고인은 자신의 혈액이 임의제출된다는 사실을 알고 있어서 적법절차의 실질적인 내용을 침해하지도 않았다. 압수조서의 작성과 압수목록의 수령을 거부하였더라도 임의제출 이후에는 제출자가 이를 임의로 회수할 수는 없다. 따라서 혈액검사와 관련된 혈중알코올감정서 등은 그 수집과정에서 적법절차의 실질적인 내용을 침해하는 위법이 없다.
혈액검사에 의한 음주측정 결과가 호흡측정기에 의한 음주측정 결과보다 측정 당시의 혈중알코올농도에 더 근접한 음주측정치라고 보는 것이 경험칙에 부합하므로, 혈액검사에 의한 음주측정 결과를 기초로 한 주위적 공소사실을 유죄로 판단하여야 한다. 
그럼에도 혈액검사와 관련된 혈중알코올감정서 등을 위법수집증거로서 증거능력이 없다고 판단하고, 주위적 공소사실을 무죄로 판단한 원심판결에는 사실을 오인하거나 관련 법리를 오해한 잘못이 있다.
2) 양형부당
원심의 형(벌금 800만 원)은 너무 가벼워서 부당하다.
나. 피고인
1) 사실오인
피고인이 호흡측정기에 의한 음주측정 후 적법한 절차에 따라 혈액검사를 요구하여 혈액채취를 한 경우, 혈액검사 결과로 확인된 음주측정치로 범죄사실을 구성하여야 한다. 이 경우 호흡측정기에 의한 음주측정 결과는 위법수집증거로서 증거능력이 없고, 오류가능성을 고려하면 증명력 또한 없으므로, 이를 근거로 피고인의 음주측정치를 특정해서는 아니 된다. 그럼에도 피고인의 호흡측정기에 의한 음주측정 결과를 근거로 예비적 공소사실을 유죄로 판단한 원심판결에는 사실을 오인한 잘못이 있다.
2) 양형부당
원심의 형은 너무 무거워서 부당하다.
2. 군검사의 사실오인·법리오해 주장에 관한 판단
가. 주위적 공소사실의 요지
[별지] 범죄사실 기재와 같다.
나. 원심의 판단
원심은, 피고인이 임의제출서, 압수조서(임의제출), 소유권포기서의 각 서류에 서명·날인을 거부하였고, 내사보고(출동경위 및 현장상황 등)에 의하면 임의제출 및 소유권포기서에 날인·간인할 것을 요구하는 경찰에게 피고인은 날인하면 불리할 것 같아 날인하지 않겠다고 진술하였다는 사실이 기재된 점 등에 비추어 보았을 때, 혈액의 제출에 임의성이 있다는 점에 관하여 합리적 의심을 배제할 수 있을 정도로 증명이 되었다고 보기 어렵고, 혈액을 채취하는 것과 채취한 혈액을 제출하는 것은 별개의 행위로 각각에 대하여 그 의사를 확인하는 절차가 별도로 존재하므로, 피고인이 채혈동의서에 서명하였더라도 피고인이 명시적으로 임의제출서의 날인을 거부한 이상 혈액을 임의로 제출할 의사가 있었다고 단정하기 어려우며, 이미 적법하게 채혈한 혈액을 병원에서 보관하고 있었으므로, 압수·수색·검증영장을 발부받아 수사를 진행할 수 있었던 점 등을 고려하면 임의제출 의사의 인정의 필요성 또한 납득하기 어렵다면서, 피고인이 날인을 거부한 임의제출서, 압수조서(임의제출), 압수목록, 소유권포기서, 압수증명 및 이에 기초한 혈중알코올농도 감정의뢰, 감정의뢰(일반감정), 혈중알코올농도 감정의뢰, 혈중알코올감정서, 음주운전단속결과통보(증거순번 24)는 위법수집증거로서 증거능력이 없다고 판단하였다.
또한 원심은 채혈동의 및 확인서와 내사보고(출동경위 및 현장상황 등)만으로는 피고인의 혈액제출 임의성 및 주위적 공소사실을 인정하기에 부족하고, 달리 이를 인정할 만한 증거가 없다면서, 주위적 공소사실을 무죄로 판단하였다.
다. 이 법원의 판단
1) 관련 법리
수사기관은 임의제출을 받아 증거를 수집하는 경우 법원으로부터 압수·수색·검증영장을 발부받을 필요가 없다. 이러한 임의제출 절차는 수사기관이 신속하고 효율적으로 증거를 수집할 수 있도록 하여 적법절차의 원칙과 실체적 진실 규명의 요청을 조화시키고, 형사 사법 정의를 실현하려는 목적으로 보인다. 다만 수사기관은 피의자에 비해 우월한 지위에 있으므로 수사기관의 요청에 따라 임의제출이 이루어진 경우 임의제출의 명목으로 실질적으로 강제적인 압수가 행하여질 수 있으므로, 그 제출에 임의성이 있다는 점에 관하여는 검사가 합리적 의심을 배제할 수 있을 정도로 증명하여야 하고, 임의로 제출된 것이라고 볼 수 없는 경우에는 그 증거능력을 인정할 수 없다(대법원 2016. 3. 10. 선고 2013도11233 판결 참조).
수사기관이 헌법과 형사소송법이 정한 절차에 따르지 아니하고 수집한 증거는 물론이거니와 이를 기초로 획득한 2차적 증거 또한 기본적 인권 보장을 위해 마련된 적법한 절차에 따르지 않은 것으로서 원칙적으로 유죄 인정의 증거로 삼을 수 없고, 다만 수사기관의 절차 위반행위가 적법절차의 실질적인 내용을 침해하는 경우에 해당하지 아니하고, 그 증거의 증거능력을 배제하는 것이 오히려 헌법과 형사소송법이 적법절차의 원칙과 실체적 진실 규명의 조화를 통하여 형사 사법 정의를 실현하려고 한 취지에 반하는 결과를 초래하는 것으로 평가되는 예외적인 경우라면 법원은 그 증거를 유죄 인정의 증거로 사용할 수 있다(대법원 2011. 5. 26. 선고 2011도1902 판결 등 참조).
압수목록은 피압수자 등이 압수물에 대한 환부·가환부 신청을 하거나 압수처분에 대한 준항고를 하는 등 권리행사절차를 밟는 가장 기초적인 자료가 되므로, 이러한 권리행사에 지장이 없도록 압수 직후 현장에서 바로 작성하여 교부해야 하는 것이 원칙이기는 하다(대법원 2009. 3. 12. 선고 2008도763 판결 등 참조). 그러나 대법원은 위 2011도1902 판결에서 형사소송법 제218조에 의하여 영장 없이 압수할 수 있는 유류물의 경우 공소사실과의 관련성 및 그 내용, 기타 수사의 개시 및 진행 과정 등에 비추어, 유류물의 압수 후 압수조서의 작성 및 압수목록의 작성·교부 절차가 제대로 이행되지 아니한 잘못이 있다 하더라도, 그것이 적법절차의 실질적인 내용을 침해하는 경우에 해당한다거나 앞서 본 위법수집증거의 배제법칙에 비추어 그 증거능력의 배제가 요구되는 경우에 해당한다고 볼 수는 없다고 판시하였다. 또한 대법원은 2022. 2. 17. 선고 2019도4938 판결에서 수사기관이 피의자로부터 범죄혐의사실과 관련된 전자정보와 그렇지 않은 전자정보가 섞인 매체를 임의제출 받아 사무실 등지에서 정보를 탐색·복제·출력하는 경우 피의자나 변호인에게 참여의 기회를 보장하고 압수된 전자정보가 특정된 목록을 교부해야 하나, 그러한 조치를 하지 않았더라도 절차 위반행위가 이루어진 과정의 성질과 내용 등에 비추어 피의자의 절차상 권리가 실질적으로 침해되지 않았다면 압수·수색이 위법하다고 볼 것은 아니라고 하면서, 임의제출한 휴대전화에 담긴 영상이 피고인신문 과정에서 제시되었고, 피고인이 그 영상을 언제 어디에서 찍은 것인지 쉽게 알아보고 그에 관해 구체적으로 진술하였다면, 피고인에게 압수된 전자정보가 특정된 목록이 교부되지 않았더라도, 절차 위반행위가 이루어진 과정의 성질과 내용 등에 비추어 절차상 권리가 실질적으로 침해되었다고 보기 어렵다고 보아, 그 증거능력을 인정하였다.
2) 인정 사실
원심이 적법하게 채택하여 조사한 증거에 의하면 다음의 사실이 인정된다.
① 피고인은 2020. 2. 16. 01:53경 평택시 (주소 1 생략) 앞 도로에서부터 (차량번호 1 생략) 코란도C 승용차를 운전하여 평택시 (주소 2 생략)에 위치한 ○○○○○○ 오피스텔 앞 노상 도로에 이르러, △△공단 방면에서 □□근린공원 방면으로 편도2차선 중 1차로로 진행하던 중 위 승용차 오른쪽 앞 범퍼로 (차량번호 2 생략) 푸조 승용차 앞부분과 (차량번호 3 생략) 봉고3 화물차 뒤 범퍼를 들이받았다.
② 피고인은 사고 직후 출동한 경찰관으로부터 호흡측정기에 의한 음주측정을 요구받아 물로 입을 헹구고 같은 날 02:07경 음주측정을 하였고 혈중알코올농도가 0.091%라는 결과가 나왔다. 피고인은 위 음주측정 결과가 출력된 ‘음주운전단속결과통보’(증거기록 33쪽)에 서명을 하였다.
③ 피고인은 같은 날 02:20경 위 음주측정 결과에 이의를 제기하고 혈액채취를 요구하였다. 피고인은 ‘주취운전자 정황진술보고서’(증거기록 69쪽) 중 ‘운전자 의견진술’란에 “본인은 위 기재사항이 사실임을 확인하고 주취운전으로 면허가 취소됨을 고지받았으며 측정결과를 인정하지 않고 혈액채취를 원합니다.”라고 기재하였다. 피고인은 ‘채혈동의 및 확인서’(증거기록 34쪽)에도 인적사항을 기재하고, ‘요구사유’란에 “채혈 여부 확인 후 채혈 요구함.”이라고 기재하였으며, “상기와 같은 사유로 채혈에 의한 혈중알코올농도 측정에 동의합니다.”라고 출력된 부분 바로 아래에 이름을 기재하고 그 옆에 서명을 하였다.
④ 간호사는 같은 날 02:45경 평택시 (주소 3 생략)에 있는 ◇◇◇◇병원에서 경찰 입회 아래 피고인의 혈액을 채취하였다. 위 ‘채혈동의 및 확인서’에는 채혈의 일시, 장소, 방법, 채취자, 입회경찰관이 기재되었고, 피고인은 “상기 피채혈자 본인은 위 내용이 이상 없음을 확인합니다.”라고 출력된 부분 아래에 이름을 기재하고 그 옆에 서명을 하였다.
⑤ 피고인은 혈액채취 이후 임의제출서, 압수조서(임의제출) 및 소유권포기서에 날인하지 않고, 압수목록을 교부받지도 않은 채 곧바로 귀가하였다. 경찰은 같은 날 15:46경 피고인의 주소지로 찾아가 임의제출서, 압수조서(임의제출) 및 소유권포기서에 날인해달라고 하였으나, 피고인은 날인을 거부하였다.
⑥ 국립과학수사연구원은 경찰의 의뢰를 받아 위와 같이 채취한 피고인의 혈액을 감정하였고, 혈중알코올농도가 0.154%라는 결과가 나왔다.
3) 혈중알코올감정서의 증거능력에 관한 판단
가) 혈액채취 및 제출의 임의성
우선 피고인의 혈액채취 및 제출이 임의로 이루어진 것인지 살피건대, 위 인정 사실 및 원심이 적법하게 채택하여 조사한 증거에 의하여 인정되는 사정, 즉 ① 피고인이 호흡측정기에 의한 음주측정 결과에 이의를 제기하면서 혈액검사에 의한 음주측정을 요구하여 혈액채취 등을 하게 된 것이고, 경찰의 요청에 의하여 혈액채취 등이 이루어진 것은 아닌 것으로 보이는 점, ② 피고인은 ‘주취운전자 정황진술보고서’와 ‘채혈동의 및 확인서’에 자필로 혈액채취와 혈액검사에 의한 음주측정을 원한다고 명시적으로 기재한 점, ③ 피고인은 군경찰에서 “너무 높게 나온 것 같아 혈액측정을 요구하였다.”(증거기록 51쪽)라고 하였고, 군검찰에서 “경찰이 강요하지 않았고 제가 채혈을 원하여 음주측정을 하였다.”(증거기록 11쪽)라고 하였으며, 원심에서도 혈액채취 및 혈액검사에 동의하였고 어떠한 강제도 없었다고 진술하고 있는 점(공판기록 56~57쪽), ④ 피고인은 임의제출서, 소유권포기서의 작성을 거부한 이유에 관하여, 군경찰에서는 “별다른 이유는 없었다. 강제로 받으려고 하는 것 같아서 하지 않았다.”(증거기록 53쪽)라고 하였고, 군검찰에서 “경찰이 혈액채취 당시에는 강제로 한 것은 아니지만, 임의제출 조서는 강압적으로 작성하려는 것 같아서 날인을 거부했다. 경찰에 집으로 오지 말라고 했는데 집으로 와서 강압적으로 느껴졌다. 변호사와 연락을 하였는데 사후에 협조할 의무가 없다고 하여 날인을 거부하였다.”(증거기록 13쪽)라고 하였으며, 원심에서는 “경찰관이 온 것이 무서워서 전부터 아버지께서 아는 변호사 분이 계셔가지고 상담을 했는데, 그 절차에 대해서는 동의하지 않아도 된다고 하여 동의하지 않았다.”(공판기록 51~52쪽)라고 하였는바, 임의제출서, 소유권포기서 작성 자체를 강요하는 것 같아 이를 거부한 것이고, 혈액채취 및 제출 자체는 임의로 이루어진 것이 맞다는 취지로 진술하고 있는 점 등을 종합하면, 혈액채취 및 제출에는 임의성이 있다고 봄이 상당하다.
한편 피고인은 혈액채취에만 동의하였을 뿐이지 그 제출에 대하여는 따로 동의한 바가 없다는 취지의 주장도 한다. 그러나 혈중알코올농도 측정은 채취한 혈액을 수사기관이 제출받아 국립과학수사연구원 등에 감정을 의뢰하는 방식으로 이루어지는바, 피고인은 이러한 측정 방식을 충분히 인식하고도 채취한 혈액에 의한 혈중알코올농도 측정에까지 동의하였으므로, 채취한 혈액을 수사기관에 제출하는 것에 대하여도 동의한 것으로 봄이 상당하다.
나) 압수조서의 작성
피고인은 압수조서를 확인한 바가 없다면서, 피고인의 혈액을 압수하는 과정에 위법이 있다고 주장한다.
그러나 형사소송법과 군사법원법은 압수조서의 작성에 관하여, 법원에 의한 압수·수색에 관한 부분(형사소송법 제1편 제10장, 군사법원법 제2편 제1장 제8절)이 아닌 법원의 서류 작성에 관한 부분(형사소송법 제1편 제6장, 군사법원법 제2편 제1장 제4절)에서 규정하면서, 수사기관의 압수·수색에 관하여 법원에 의한 압수·수색에 관한 각 규정을 준용하도록 하고 있는 형사소송법 제219조, 군사법원법 제258조에서는 압수조서의 작성에 관한 형사소송법 제49조, 제50조 또는 군사법원법 제83조, 제84조를 준용하고 있지 않을 뿐 아니라, 검찰사건사무규칙 제50조 제1항, 군검찰 사건사무규칙 제24조 제1항은 검사 내지 군검사가 압수한 경우 압수조서를 작성하도록 하면서도 그 단서에 ‘피의자신문조서 또는 진술조서에 압수의 취지를 기재함으로써 압수조서의 작성에 갈음할 수 있다.’고 규정하고 있으므로, 압수조서의 작성이 압수에 있어서 본질적이고 필수적인 절차라고 보기 어렵다. 따라서 압수조서를 작성하지 않았다는 이유만으로 그 압수물이 위법수집증거에 해당된다고 볼 수는 없다.
다) 임의제출된 혈액 압수절차에 대한 참여 
피고인은 혈액채취에 의한 음주측정을 마친 후 임의제출서, 소유권포기서 등을 작성하지 않았다면서, 음주측정 후 압수절차에 참여하지 못하였다고 주장한다.
그러나 임의제출서, 소유권포기서의 작성은 그 제출의 임의성을 확인하기 위한 방편에 불과한 것으로, 형사소송법, 군사법원법 등에서 따로 그 작성을 요구하고 있지도 않다. 앞서 본 바와 같이 그 제출의 임의성이 인정되는 이상 임의제출서, 소유권포기서를 작성하지 않았다는 이유만으로 그 압수물이 위법수집증거에 해당된다고 볼 수는 없다.
또한 혈액채취를 완료하여 수사기관이 피고인의 혈액에 관한 점유를 취득한 이상 압수절차는 종료된 것으로, 그 이후에는 따로 피고인이 압수절차에 참여할 개재도 없다.
라) 압수목록의 교부
피고인은 압수목록을 교부받지 않았다면서 절차 위반행위가 있었다고 주장한다.
그런데 내사보고(출동경위 및 현장상황 등)에 경찰은 이 사건 범행 당일 04:00경 임의제출 압수서류 등을 가지고 위 ◇◇◇◇병원으로 갔으나 피고인이 현장을 이탈하였고, 같은 날 15:46경 압수서류 등에 날인 및 간인을 받고자 피고인의 주소지에 찾아가던 중 피고인을 만났으나 피고인이 날인을 거부하였다고 기재되어 있는바(증거기록 36쪽), 당시 경찰은 피고인에게 압수목록도 같이 교부하려고 했으나 피고인이 그 수령을 거부하였던 것으로 보인다. 사정이 그러하다면 압수목록을 교부하지 않았다는 절차 위반행위가 있다고 보기는 어렵다.
설령 경찰이 피고인에게 압수목록을 교부하려고도 하지 않아 절차 위반행위가 있었다고 보더라도, ① 피고인은 ‘채혈동의 및 확인서’를 작성하여 혈액채취와 이를 이용한 음주측정에 동의하였고, 혈액채취의 일시, 장소, 방법 등을 확인하였으므로, 범죄혐의와 관련 있는 압수 정보를 충분히 알고 있던 것으로 보이는 점, ② 압수한 피고인의 혈액은 혈중알코올농도를 측정하기 위한 것으로, 감정 이후에는 전량 폐기될 것이라고 예상할 수 있었고, 실제로도 전량 폐기되었으므로, 위 혈액에 대한 환부·가환부 신청을 할 가능성은 적은 점, ③ 압수목록이 없어도 위 ‘채혈동의 및 확인서’를 자료로 하여 압수처분에 대한 준항고를 하는 등 권리행사절차를 밟을 수 있는 점, 그밖에 압수목록이 교부되지 않게 된 경위와 내용 등을 종합하면 적법절차의 실질적인 내용을 침해하였거나 피고인의 절차상 권리가 실질적으로 침해되었다고 보기도 어렵다.
마) 소결
따라서 위와 같이 채취한 피고인의 혈액은 위법수집증거에 해당하지 않고, 위 혈액을 기초로 하여 획득한 2차 증거인 혈중알코올감정서 역시 증거능력이 있다.
4) 주위적 공소사실에 관한 판단
피고인은 수사기관에서부터 이 법정에 이르기까지 술을 마신 후 [별지] 범죄사실 기재 일시, 장소에서 승용차를 운전한 사실은 인정하고 있고, 내사보고(출동경위 및 현장상황 등), 사고메모, 주취운전자 정황진술보고서, 수사보고(주취운전자 정황보고)도 위 진술에 부합한다. 한편 혈액의 채취 또는 검사과정에서 인위적인 조작이나 관계자의 잘못이 개입되는 등 혈액채취에 의한 검사결과를 믿지 못할 특별한 사정이 없는 한, 혈액검사에 의한 음주측정치가 호흡측정기에 의한 음주측정치보다 측정 당시의 혈중알코올농도에 더 근접한 음주측정치라고 보는 것이 경험칙에 부합하는바(대법원 2004. 2. 13. 선고 2003도6905 판결 참조), 혈중알코올감정서에 의하면 당시 혈액채취를 하여 검사한 피고인의 혈중알코올농도는 0.154%인 사실이 인정된다. 따라서 위 각 증거에 의하여 주위적 공소사실은 유죄로 인정된다.
3. 결론
그렇다면 군검사의 사실오인·법리오해 주장은 이유 있으므로 양형부당의 주장에 관한 판단은 생략한 채 군사법원법 제431조, 제414조에 따라 원심판결을 파기하고, 그 소송기록과 원심 또는 이 법원이 조사한 증거에 따라 판결하기 충분하다고 인정되므로 군사법원법 제435조에 따라 변론을 거쳐 다시 아래와 같이 판결한다(군검사의 항소를 받아들여 주위적 공소사실을 유죄로 인정하고 원심판결을 파기하는 이상, 예비적 공소사실에 관한 피고인의 항소는 이유 없지만 주문에서 따로 이를 기각하지는 아니한다).
【다시 쓰는 판결 이유】【범죄사실】 [별지] 범죄사실 기재와 같다.
【증거의 요지】 1. 피고인의 일부 법정진술
1. 교통사고보고, 채혈동의 및 확인서, 내사보고(출동경위 및 현장상황 등), 사고메모, 주취운전자 정황진술보고서, 수사보고(주취운전자 정황보고), 혈중알코올감정서
【법령의 적용】 1. 범죄사실에 대한 해당법조 및 형의 선택
도로교통법 제148조의2 제3항 제2호, 제44조 제1항, 벌금형 선택
2. 노역장 유치
형법 제70조 제1항, 제69조 제2항
【양형의 이유】 이 사건 범행은 피고인이 혈중알코올농도 0.154%의 술에 취한 상태로 약 705m 구간을 운전하였다는 것으로, 범행의 수단과 결과 등에 비추어 죄질이 좋지는 않다. 
다만 피고인이 초범인 점 등을 비롯하여 피고인의 나이, 성행, 환경, 가족 관계, 범행의 동기와 경위, 수단과 결과, 범행 후의 정황 등 이 사건 변론에 나타난 모든 양형요소를 종합적으로 고려하여 주문과 같이 형을 정한다.
판사 박연욱(재판장) 박원철 이희준",C:\Users\jeff4\OneDrive - 엔시스코리아\personal\school\3\여름\DSL\EDA\data/source/criminal_sentencing_cases_2015_2026\raw\law_api\body\232825.xml,2026-07-07T05:42:49.086239+00:00,lawfirm,fine,Guilty,True,False,True,15,drunk_driving,False,2022.0,2022,원심판결을 파기한다. 피고인을 벌금 800만 원에 처한다. 피고인이 위 벌금을 납입하지 아니한 경우 10만 원을 1일로 환산한 기간 피고인을 노역장에 유치한다.,"이 사건 범행은 피고인이 혈중알코올농도 0.154%의 술에 취한 상태로 약 705m 구간을 운전하였다는 것으로, 범행의 수단과 결과 등에 비추어 죄질이 좋지는 않다. 다만 피고인이 초범인 점 등을 비롯하여 피고인의 나이, 성행, 환경, 가족 관계, 범행의 동기와 경위, 수단과 결과, 범행 후의 정황 등 이 사건 변론에 나타난 모든 양형요소를 종합적으로 고려하여 주문과 같이 형을 정한다. 판사 박연욱(재판장) 박원철 이희준",sentencing_section,1,0.091,0.091|0.154|0.154|0.154,BAC_0.08_to_0.20,도2차선 중 1차로로 진행하던 중 위 승용차 오른쪽 앞 범퍼로 (차량번호 2 생략) 푸조 승용차 앞부분과 (차량번호 3 생략) 봉고3 화물차 뒤 범퍼를 들이받았다. ② 피고인은 사고 직후 출동한 경찰관으로부터 호흡측정기에 의한 음주측정을 요구받아 물로 입을 헹구고 같은 날 02:07경 음주측정을 하였고 혈중알코올농도가 0.091%라는 결과가 나왔다. 피고인은 위 음주측정 결과가 출력된 ‘음주운전단속결과통보’(증거기록 33쪽)에 서명을 하였다. ③ 피고인은 같은 날 02:20경 위 음주측정 결과에 이의를 제기하고 혈액채취를 요구하였다. 피고인은 ‘주취운전자 정황진술보고서’(증거기록 69쪽) 중 ‘운전자 의견진술’란에 “본인은 위,,,0,,0,0,0,fine,,8000000.0,order,185.0,False,원심판결을 파기한다. 피고인을 벌금 800만 원에 처한다. 피고인이 위 벌금을 납입하지 아니한 경우 10만 원을 1일로 환산한 기간 피고인을 노역장에 유치한다.,"[{""kind"": ""fine"", ""months"": NaN, ""fine_won"": 8000000.0, ""region"": ""order"", ""score"": 185.0, ""snippet"": ""원심판결을 파기한다. 피고인을 벌금 800만 원에 처한다. 피고인이 위 벌금을 납입하지 아니한 경우 10만 원을 1일로 환산한 기간 피고인을 노역장에 유치한다.""}, {""kind"": ""fine"", ""months"": NaN, ""fine_won"": 8000000.0, ""region"": ""full_text"", ""score"": 85.0, ""snippet"": ""【피 고 인】 피고인 【항 소 인】 피고인 및 군검사 【군 검 사】 조성운 외 1인 【변 호 인】 법무법인 민주 담당변호사 김경돈 【원심판결】 제2함대사령부 보통군사법원 2021. 6. 17. 선고 2020고13 판결 【주 문】 원심판결을 파기한다. 피고인을 벌금 800만 원에 처한다. 피고인이 위 벌금을 납입하지 아니한 경우 10만 원을 1일로 환산한 기간 피고인을 노역장에 유치한다. 【이 유】 1. 항소이유의 요지 가. 군""}, {""kind"": ""fine"", ""months"": NaN, ""fine_won"": 8000000.0, ""region"": ""full_text"", ""score"": 55.0, ""snippet"": ""혈액검사에 의한 음주측정 결과를 기초로 한 주위적 공소사실을 유죄로 판단하여야 한다. 그럼에도 혈액검사와 관련된 혈중알코올감정서 등을 위법수집증거로서 증거능력이 없다고 판단하고, 주위적 공소사실을 무죄로 판단한 원심판결에는 사실을 오인하거나 관련 법리를 오해한 잘못이 있다. 2) 양형부당 원심의 형(벌금 800만 원)은 너무 가벼워서 부당하다. 나. 피고인 1) 사실오인 피고인이 호흡측정기에 의한 음주측정 후 적법한 절차에 따""}]",0.0,0.0,,0.0,0.0,,0.0,0.0,,1.0,1.0,"이 사건 범행은 피고인이 혈중알코올농도 0.154%의 술에 취한 상태로 약 705m 구간을 운전하였다는 것으로, 범행의 수단과 결과 등에 비추어 죄질이 좋지는 않다. 다만 피고인이 초범인 점 등을 비롯하여 피고인의 나이, 성행, 환경, 가족 관계, 범행의 동기와 경위, 수단과 결과, 범행 후의 정황 등 이 사건 변론에 나타난 모든 양형요소를 종합적으로 고려하여 주문과 같이 형을 정한다. 판사 박연",0.0,0.0,,0.0,0.0,,0.0,0.0,,,,False,단순 음주운전 양형기준 시행(2023-07-01) 전 사건,,,,,,0.0,,0.0,1,1,1,,0
2581,P04-0211,211,236905,특정범죄가중처벌등에관한법률위반(위험운전치상)·도로교통법위반(음주운전),2022노189,20220929,2022-09-29,서울동부지방법원,400202,형사,400102,판결,선고,*,usable,second,mixed,traffic,특정범죄가중처벌등에관한법률(,multiple_charges,guilty,appeal_dismissed,single,lower_court_maintained,F,none,,,,,,"【피 고 인】 피고인
【항 소 인】 피고인
【검 사】 원민영(기소), 김상범(공판)
【변 호 인】 법무법인 법승 담당변호사 안지성
【원심판결】 서울동부지방법원 2022. 2. 11. 선고 2020고정1182 판결
【주 문】
피고인의 항소를 기각한다.
【이 유】1. 이 법원의 심판범위
검사는 ‘피고인이 2020. 10. 9. 19:41경 혈중알콜농도 0.144%의 술에 취한 상태로 전동킥보드를 운전하였다’는 범행에 대해 ‘2020. 6. 9. 법률 제17371호로 개정되기 전의 도로교통법 제148조의2 제3항, 제2호, 제44조 제1항’을 적용법조로 하여 공소를 제기하였다. 원심은 피고인의 위 범행에 대해 도로교통법 제156조 제11호, 제44조 제1항을 적용하여 유죄로 인정하면서, 위 개정 전 도로교통법을 적용한 공소에 대해서는 ‘범죄 후 법령의 개폐로 형이 폐지된 때에 해당하여 형사소송법 제326조 제4호에 의하여 면소를 선고하여야 할 것이나, 이와 일죄의 관계에 있는 판시 범죄사실의 도로교통법위반(음주운전)죄를 유죄로 인정한 이상 주문에서 따로 면소를 선고하지 아니한다’고 하면서 이유에서 면소판결하였다. 그 후 피고인만 유죄부분에 대하여 항소를 제기하고, 검사는 이유면소 부분에 대하여 항소를 제기하지 않았다. 원심이 피고인에 대하여 이유에서 면소로 판단한 부분은 상소불가분의 원칙에 따라 당심에 이심되기는 하나 공격·방어의 대상에서 벗어나 사실상 심판대상에서 이탈하게 되었으므로(대법원 2010. 1. 14. 선고 2009도12934 판결 등 참조), 원심판결 중 이유면소 부분은 다시 판단하지 않고 원심의 판단에 따르기로 한다.
2. 항소이유의 요지
가. 사실오인, 법리오해[특정범죄가중처벌등에관한법률위반(위험운전치상) 부분]
1) ‘전기자전거’ 및 ‘자전거’의 운전자는 특정범죄가중처벌등에관한법률위반(위험운전치상)죄(이하 ‘특정범죄가중법’이라 한다)의 주체가 될 수 없는 점, 개정 도로교통법에 따라 ‘전동킥보드’는 ‘개인형 이동장치’로 규정되며, 전동킥보드를 음주운전하는 경우 개정 도로교통법 제156조 제11호가 적용되어 자전거에 준하여 처벌하는 것으로 변경된 점 등을 종합하면, 전동킥보드의 운전자는 특정범죄가중법위반(위험운전치상)죄의 주체가 되지 아니한다.
2) 원심 증인 공소외인이 ‘걸음걸이에는 이상이 없다고 판단하였다’거나 ‘마스크를 내리고 피고인의 얼굴을 확인한 적이 없다’고 증언한 점, 피고인이 사고 직전 전동킥보드를 완전 정차하는 등 운전장치를 제대로 조작하였던 것으로 보이는 점, 피고인이 사고 후 직접 119에 신고하거나 피해자를 구급차에 태워 보내는 등 후속조치를 취한 점 등에 비추어 보면, 피고인은 이 사건 범행 당시 ‘정상적인 운전이 곤란한 상태’에 있었다고 할 수 없다.
3) 원심의 서울대학교병원에 대한 사실조회회신 결과, 피해자가 무릎 등의 엑스레이 검사를 거부한 점, 진료가 대부분 문진 방식으로 이루어진 점, 진단된 ‘왼쪽두피혈종’은 자연적으로 치유되는 점, 피해자의 원심 증언 등에 비추어 보면, 피해자가 제출한 진단서는 신빙성이 없다. 이 사건 사고로 인하여 피해자가 상처를 입었다고 단정할 수 없고, 피해자에게 발생한 상처는 신체의 완전성을 훼손하거나 생리적 기능에 장애를 초래할 정도가 아니어서 상해에 해당하지 아니한다.
4) 그럼에도 원심은 특정범죄가중법위반(위험운전치상)의 점에 대한 공소사실을 유죄로 인정하였으니 원심에는 사실을 오인하거나 법리를 오해한 위법이 있다.
나. 양형부당
원심의 형(벌금 700만 원)이 지나치게 무거워 부당하다. 
3. 사실오인, 법리오해 주장에 대한 판단
가. 전동킥보드 운전자가 특정범죄가중법위반(위험운전치상)의 주체가 될 수 없다는 주장에 대하여
관계법령과 이 사건 기록을 통해 알 수 있는 다음 사정들을 종합하면, 피고인이 운전한 ‘전동킥보드’가 개인형 이동장치로서 ‘원동기장치자전거’에 해당하고 그 운전자가 자전거 운전자에 준하여 개정 도로교통법 제156조 제11호의 적용대상이 된다고 하더라도 ‘전동킥보드의 운전자’는 여전히 특정범죄가중법위반(위험운전치상)의 주체에 해당한다고 봄이 상당하다. 
① 특정범죄가중법 제5조의11은 ‘음주 또는 약물의 영향으로 정상적인 운전이 곤란한 상태에서 자동차(원동기장치자전거를 포함한다)를 운전하여 사람을 상해에 이르게 한 사람은 처벌한다’라는 취지로 규정하고 있다. 개정 도로교통법 제2조 제19의2호는 『“개인형 이동장치”란 제19호 나목의 원동기장치자전거 중 시속 25킬로미터 이상으로 운행할 경우 전동기가 작동하지 아니하고 차체 중량이 30킬로그램 미만인 것으로서 행정안전부령으로 정하는 것을 말한다』라고 규정하고 있다. 특정범죄가중법 제5조의11은 원동기장치자전거를 운전하는 행위자를 행위주체로 명시하면서 원동기장치자전거 중 ‘개인형 이동장치’ 운전자를 적용대상에서 제외하고 있지 않으며, 도로교통법 제2조 제19의2호는 개인형 이동장치가 원동기장치자전거의 일종임을 전제하고 이를 명시하고 있다. 
② 도로교통법위반(음주운전)죄는 구체적으로 정상적인 운전이 곤란한지 여부와 상관 없이 운전자의 혈줄 알코올 농도의 최저기준치를 초과한 주취상태에서 자동차 등을 운전하는 경우 처벌대상으로 삼고 있고, 특정범죄가중법위반(위험운전치사상)죄는 사람을 상해나 사망에 이르게 하여야만 처벌대상으로 삼고 있어 양 죄는 구성요건이 다르다. 특정범죄가중법위반(위험운전치사상)죄는 주취상태에서의 자동차 운전으로 인한 교통사고가 빈발하고 그로 인한 피해자의 생명·신체에 대한 피해가 중대할 뿐만 아니라 사고발생 전 상태로의 회복이 불가능하거나 쉽지 않은 점 등의 사정을 고려하여, 형법 제268조에서 규정하는 업무상과실치사상죄의 특례를 규정하여 가중처벌함으로써 피해자의 생명·신체 안전이라는 개인적 법익을 보호하기 위하여 도입되었다. 반면 도로교통법위반(음주운전)죄는 주취상태에서의 운전으로 인한 교통상의 위험과 장해를 방지하고 제거하여 안전하고 원활한 교통을 확보하는데 그 목적이 있다. 위 양 죄는 입법 취지와 보호법익도 다르다. 개정 도로교통법이 ‘전동킥보드’는 ‘개인형 이동장치’로 규정하고, 전동킥보드를 음주운전하는 경우 개정 도로교통법 제156조 제11호가 적용되어 자전거에 준하여 처벌되는 것으로 변경되었다고 하여 전동킥보드의 운전자가 당연히 특정범죄가중법위반(위험운전치상)죄의 주체에서 배제된다고 할 수는 없다.
③ 개정 도로교통법 제2조 제19호 나목은 ‘「자전거 이용 활성화에 관한 법률」 제2조 제1호의2에 따른 전기자전거는 원동기장치자전거에서 제외한다’는 취지를 명시적으로 규정하고 있다. 개정 도로교통법은 제17조 제1항, 제42조 제1항, 제43조, 제45조, 제46조 제1항, 제47조 제1항, 제49조 제1항 제5호, 제80조 제1항 등에서는 ‘개인형 이동장치는 제외한다’는 문구를 명시적으로 포함시켰다. 특히 같은 법 제50조 제3항은 ‘이륜자동차와 원동기장치자전거(개인형 이동장치는 제외한다)의 운전자는 행정안전부령으로 정하는 인명보호 장구를 착용하고 운행하여야 하며, 동승자에게도 착용하도록 하여야 한다’고 변경하여 개별 조항 별로 개인형 이동장치를 배제하도록 관련 규정을 개정하였다. 위와 같은 명시적 규정과 개정 내역 등에 비추어 보면, 개인형 이동장치를 원동기장치자전거에서 배제하는 일반 규정이 없다거나 특정범죄가중법 제5조의11의 적용대상에서 배제하는 특별한 규정이 없는 것이 입법정책에 따른 결과가 아니라 입법의 불비라고 볼 것도 아니다.
④ 전동킥보드와 같은 개인형 이동장치의 운전자의 가벌성이 그 위험성 정도 등을 고려할 때 통상의 자동차 운전자에 비하여 상대적으로 낮다고 하더라도, 특정범죄가중법위반(위험운전치상)죄는 특정범죄가중법 제5조의11 제1항에서 그 법정형을 ‘1년 이상 15년 이하의 징역 또는 1천만원 이상 3천만원 이하의 벌금’으로 폭넓게 규정하고 있으므로, 개인형 이동장치의 운전자에 대하여는 양형 단계에서 처벌의 수위를 고려할 수 있다. 
나. 피고인이 ‘정상적인 운전이 곤란한 상태’가 아니었다는 주장에 대하여
1) 원심의 판단
가) 피고인은 원심에서도 비슷한 취지의 주장을 하였다.
나) 원심은, 사고 당시 피고인의 혈줄 알코올 농도가 상당히 높았고, 피고인의 주장에 의하더라도 최종 음주 시점으로부터 1시간 정도 지난 시각에 음주 측정이 이뤄져 시간 간격이 길지 않은 점, 피고인의 과실로 인하여 사고가 발생한 점, 수사보고(주취운전자 정황보고)에 기재된 피고인의 사건 당시 혈색(‘매우 붉음’) 및 언동 기재 등에 비추어 피고인이 음주의 영향으로 정상적인 운전이 곤란한 상태에서 전동킥보드를 운전한 사실을 인정하였다.
2) 당심의 판단
가) 특정범죄가중법위반(위험운전치사상)죄로 처벌하기 위하여는 형식적으로 혈중알코올농도의 법정 최저기준치를 초과하였는지 여부와는 상관없이 운전자가 ‘음주의 영향으로 실제 정상적인 운전이 곤란한 상태’에 있어야만 한다(대법원 2018. 1. 25. 선고 2017도15519 판결 등 참조). 특정범죄가중법 제5조의11이 가중 처벌의 근거로 삼고 있는 “음주의 영향으로 정상적인 운전이 곤란한 상태에서 자동차를 운전하여”란 음주로 인하여 운전자가 현실적으로 전방주시력, 운동능력이 저하되고 판단력이 흐려짐으로써 도로교통법상 운전에 요구되는 주의의무를 다할 수 없거나, 자동차의 운전에 필수적인 조향 및 제동장치, 등화장치 등의 기계장치의 조작방법 등을 준수하지 못하게 되는 경우를 의미하는데, 이에 해당되는지 여부는 구체적인 교통사고에 관하여 운전자의 주취정도 뿐만 아니라 알코올 냄새, 말할 때 혀가 꼬부라졌는지 여부, 똑바로 걸을 수 있는지 여부, 교통사고 전후의 행태 등과 같은 운전자의 상태 및 교통사고의 발생 경위, 교통상황에 대한 주의력·반응속도·운동능력이 저하된 정도, 자동차 운전장치의 조작을 제대로 조절했는지 여부 등을 종합하여 판단하여야 한다(헌법재판소 2009. 5. 28. 선고 2008헌가11 전원재판부 결정 등 참조). 
나) 위 법리와 함께 원심이 적법하게 채택하여 조사한 증거들에 의하여 인정되는 원심 설시와 같은 사정들에다가 이들 증거에 의하여 인정되는 다음과 같은 사정들을 종합하여 보면, 피고인은 이 사건 범행 당시 음주로 인하여 전방주시력, 판단력이 흐려져 도로교통법상의 주의의무를 다할 수 없거나, 운전에 필수적인 기계장치의 조작방법을 준수하지 못한 상태였다고 봄이 상당하므로, 피고인이 이 사건 범행 당시 정상적인 운전이 곤란한 상태에 있었음이 인정된다. 
① 피고인을 주취운전자로 적발하였던 원심 증인 공소외인은 ‘마스크 위로 많이 붉었다, 마스크를 굳이 내리지 않아도 많이 붉었다고 판단할 수 있었다’고 증언하였다. 실제로 이 사건 사고 발생 장소의 근처에 상가 조명이 확인되고 있어 피고인의 혈색을 확인하기 용이하였으므로, 공소외인의 원심 증언이나 수사보고(주취운전자 정황보고) 상의 ‘운전자 혈색 많이 붉음’이라는 판단은 신빙성이 있다. 
② CCTV 영상의 노상 상황 상 피고인이 왼쪽으로 움직이거나 기존 진행방향을 유지하더라도 마주 오는 피해자와 충돌하였을 것으로 보이지 않는다. 그런데 피고인은 사고 직전 오른쪽으로 비틀거리던 모습이 확인되는데, 피고인은 이 사건 범행 당시 판단력이 흐려졌거나 전동킥보드의 통제력을 상실하였다고 봄이 상당하다.
③ 이 사건 사고 장소는 근처에 상가가 있어 비교적 밝은 곳이었고, 전방 시야를 확보하는데 달리 장애물이 보이지도 않아 피고인은 피해자를 발견하기 용이하였던 것으로 보임에도 사고를 야기하였다.
④ 원심 증인 공소외인이 ‘걸음걸이는 이상이 없었다고 판단하였다’고 증언한 사실, 수사보고(주치운전자 정황보고) 상 보행상태에 ‘양호’라고 기재된 사실, 피고인이 직접 119에 신고한 사실은 각 인정되나, 위 사실들만으로 앞서 한 판단을 뒤집기에는 부족하다.
다. 인과관계가 없거나 상처가 상해에 해당하지 않는다는 주장에 대하여
1) 원심의 판단
가) 피고인은 원심에서도 비슷한 취지의 주장을 하였다. 
나) 원심은, 사고 장면 CCTV 영상에 비추어 피해자가 상당한 충격을 받았을 것으로 보이는 점, 사고 이후 피해자가 수사기관에 제출한 서면에는 피해 경위 및 상해 부분에 관하여 구체적으로 기재되어 있는 점, 피해자는 피고인과의 합의 이후에도 법정 진술 당시 사고 당시 통증이 있었다는 취지로 증언한 점, 피고인이 비교적 고령이고, 진단서상 진단 내역이 불합리하다고 볼만한 특별한 사정도 존재하지 아니한 점 등에 비추어 피해자가 사고로 인하여 상해를 입은 점을 인정하였다. 
2) 당심의 판단
가) 관련법리
(1) 상해죄의 상해는 피해자의 신체의 완전성을 훼손하거나 생리적 기능에 장애를 초래하는 것을 의미한다. 폭행에 수반된 상처가 극히 경미한 것으로서 굳이 치료할 필요가 없어서 자연적으로 치유되며 일상생활을 하는데 아무런 지장이 없는 경우에는 상해죄의 상해에 해당되지 아니한다고 할 수 있을 터이나, 이는 폭행이 없어도 일상생활 중 통상 발생할 수 있는 상처와 같은 정도임을 전제로 하는 것이므로 그러한 정도를 넘는 상처가 폭행에 의하여 생긴 경우라면 상해에 해당된다고 할 것이며, 피해자의 신체의 완전성을 훼손하거나 생리적 기능에 장애를 초래하였는지는 객관적, 일률적으로 판단할 것이 아니라 피해자의 연령, 성별, 체격, 신체, 정신상의 구체적 상태 등을 기준으로 판단하여야 한다(대법원 2008. 11. 13. 선고 2007도9794 판결 등 참조).
(2) 상해죄의 피해자가 제출하는 상해진단서는 일반적으로 의사가 당해 피해자의 진술을 토대로 상해의 원인을 파악한 후 의학적 전문지식을 동원하여 관찰·판단한 상해의 부위와 정도 등을 기재한 것으로서 거기에 기재된 상해가 곧 피고인의 범죄행위로 인하여 발생한 것이라는 사실을 직접 증명하는 증거가 되기에 부족한 것이지만, 그 상행에 대한 진단일자 및 상해진단서 작성일자가 상해 발생지점과 시간상으로 근접하고 상해진단서 발급 경위에 특별히 신빙성을 의심할만한 사정이 없으며 거기에 기재된 상해 부위의 정도가 피해자가 주장하는 상해의 원인 내지 경위와 일치하는 경우에는, 그 무렵 피해자가 제3자로부터 폭행을 당하는 등으로 달리 상해를 입을 만한 정황이 발견되거나 의사가 허위로 진단서를 작성한 사실이 밝혀지는 등의 특별한 사정이 없는 한, 그 상해진단서는 피해자의 진술과 더불어 피고인의 상해 사실에 대한 유력한 증거가 되고, 합리적인 근거 없이 그 증명력을 함부로 배척할 수 없다(대법원 2011. 1. 27. 선고 2010도12728 판결 등 참조).
나) 구체적 판단
앞서 본 관련 법리와 함께 원심이 설시한 사정과 원심이 적법하게 채택·조사한 증거에 의하여 인정되는 다음과 같은 사정들을 보태어 보면, 피해자는 피고인이 야기한 사고로 엉덩이에 타박상 등을 입었으며 이는 신체의 완전성을 훼손하거나 생리적 기능에 장애를 초래하는 것으로 ‘상해’에 해당한다고 봄이 상당하다. 
① 피해자가 작성한 사고경위서에는 ‘아파트 약 300m 전 도로에 자전거로 오른쪽 갓길 도로 논두렁호프 집 앞을 막 지나가려는 순간, 앞 저편에서 속도를 내며 내려오는 전자 킥보드를 타고 속도 바람을 즐기려고 소리를 내며 내려오는 것을 보았다, 순간 오른쪽에서 왼쪽으로 핸들을 틀며 힘있게 밟았으나 쏜살같이 내려오는 킥보드가 내 자전거 뒷바퀴를 치면서 넘어지면서 머리를 찧었다’, ‘가해자가 나를 보며 일으켜줄 생각을 하지 않았다’, ‘사람이 자전거랑 누워있으니 앞에 논두렁 호프집에 있는 사람들이 나오고 몇몇 아주머니 소리도 들렸다’는 취지의 사고 경위에 관한 진술이 기재되어 있다. 이와 같은 내용은 직접 경험하지 않고서는 묘사하기 어려울 정도로 구체적일뿐더러, 중요 부분이 일관되며 CCTV 영상에 촬영된 사고 전후 상황과 대체로 일치하고 있다. 또한 ‘넘어지면서 머리를 찧었다, 머리가 부풀어 오르면서 부어올랐다’는 취지의 진술은 상해진단서 등의 상처의 발생 부위 및 원인과 부합한다. 위 사고경위서의 사고 발생 및 상해발생에 관한 내용은 그 신빙성이 인정된다.
② 피고인은 음주상태로 킥보드를 운전하며 비틀거리다 피고인의 진행방향 맞은편에서 마주보며 진행하던 67세 가량의 여성인 피해자가 운전하는 자전거의 오른쪽 옆 부분을 전동킥보드 오른쪽으로 들이받아 피해자를 땅바닥에 넘어지게 하였다. 피해자는 위 사고 직후 119 차량으로 건국대학교병원 응급실로 가 CT 촬영을 받는 등 진료를 받았고 약을 처방받기도 하였다.
③ 피해자를 진료한 ○○○내과의원 의사가 발급한 진단서에는 주상병으로 ‘엉덩이의 타박상, 기타 머리부분의 표재성 손상, 타박상’, 치료 내용 및 향후 치료에 대한 소견으로 ‘자전거 타고 가다 넘어져 좌측 어깨, 둔부 타박으로 2주간의 안정 가료 및 약물 치료 요한다’라는 취지로 각 기재되어 있다. 위 진단서는 피해자를 진료한 의사가 피해자의 사고 직후 진술을 토대로 상해의 원인을 파악한 후 의학적 전문지식을 동원하여 관찰·판단하여 그 상해의 부위와 정도 등을 기재한 것으로 작성일자가 사고일로부터 4일 후인 2020. 10. 13.로 시간상 근접하고 그 발급 경위에 특별히 신빙성을 의심할만한 사정이 없으며 상해 부위와 정도, 발생 경위가 피해자의 사고 직후 진술 등 다른 증거와도 일치하여 그 신빙성이 인정된다. 
④ 피해자는 원심 법정에서 ‘하룻밤 자고 나니 머리 부어오른 것이 2/3 가라앉았는데 팔을 들어올리기가 너무 아팠다’, ‘엉덩이뼈 있는 데가 불편했다’라는 취지로 상해 부위와 정도에 대해 구체적으로 진술하기도 하였다. 
⑤ 한편 피해자는 원심 법정에서 ‘처방약을 먹지 않았다’, ‘아파서 진단을 받은 것이 아니라 형사가 치료비를 받으려면 진단서를 떼어 와야 한다고 해서 진단서를 뗐다’는 취지로 증언하였다. 그러나 피해자의 위 진술이 사실이라고 하더라도 피해자가 입은 상처가 상해임을 인정하는데에는 지장이 없다. 
⑥ 피해자가 왼쪽 어깨, 무릎에 대한 X-ray 촬영을 거부한 사실, 피해자가 사고 이전인 2020. 9. 30.경 서울대학교병원에 내원하였고 신경과 퇴원기록 상 입원사유 및 병력요약에 ‘내원 1개월 전부터 Lt. side로 뻐근한 기분 있어 내원함, 9월 초부터 4회 정도 1~2분 정도로 상기한 증상 반복되었으며, 기운이 빠지거나 감각이 둔해지는 건 아니라고 호소하였음’이라 기재된 사실, 서울대학교병원에 2019. 10. 13. 재차 내원하였을 때 사고에 관하여 별도로 진료받지 아니한 것으로 보이는 사실 등은 인정되나, 이와 같은 점들로는 앞서 한 판단을 뒤집기에 부족하다.
라. 소결론
원심이 이 부분 공소사실을 유죄로 인정한 것은 수긍되고, 여기에 사실오인이나 법리오해의 위법이 있다고 할 수 없다. 피고인의 위 주장은 이유 없다.
4. 양형부당 주장에 대한 판단
제1심과 비교하여 양형의 조건에 변화가 없고 제1심의 양형이 재량의 합리적인 범위를 벗어나지 아니하는 경우에는 이를 존중함이 타당하다(대법원 2015. 7. 23. 선고 2015도3260 전원합의체 판결 참조). 
피고인이 음주로 인해 정상적인 운전이 곤란한 상태에서 전동킥보드를 운전하다 교통사고를 야기하여 피해자에게 상해를 가한 점, 음주운전 당시 알코올농도 수치가 비교적 높은 점, 음주운전 등 동종 범행으로 형사처벌을 받은 전력이 있는 점 등은 피고인에게 불리한 정상이다.
그에 반하여 피고인이 도로교통법위반(음주운전)에 관한 범행을 인정하고 반성하는 태도를 보이는 점, 피해자와 합의하였으며 피해자가 피고인에 대한 처벌을 원하지 아니하는 의사를 표시한 점, 피해자가 입은 상해가 비교적 중하지 아니한 점 등은 피고인에게 유리한 정상이다.
그 밖에 피고인의 나이, 성행, 환경, 건강상태, 범행의 동기, 수단 및 결과, 범행 후의 정황 등 이 사건 기록 및 변론에 나타난 제반 양형 조건들을 종합하여 보면, 원심의 형이 너무 무거워 재량의 합리적인 범위를 벗어났다고 볼 수 없다. 
피고인의 위 주장은 이유 없다.
5. 결론
그렇다면 피고인의 항소는 이유 없으므로 형사소송법 제364조 제4항에 의하여 이를 기각하기로 하여 주문과 같이 판결한다.
판사 소병석(재판장) 명재권 김동현",C:\Users\jeff4\OneDrive - 엔시스코리아\personal\school\3\여름\DSL\EDA\data/source/criminal_sentencing_cases_2015_2026\raw\law_api\body\236905.xml,2026-07-07T05:42:49.086239+00:00,lawfirm,both,Guilty,True,False,False,2,drunk_driving,False,2022.0,2022,피고인의 항소를 기각한다.,,full_text_screening_only,0,,,unknown,,,,0,,1,0,0,fine,,7000000.0,full_text,0.0,False,", 피해자에게 발생한 상처는 신체의 완전성을 훼손하거나 생리적 기능에 장애를 초래할 정도가 아니어서 상해에 해당하지 아니한다. 4) 그럼에도 원심은 특정범죄가중법위반(위험운전치상)의 점에 대한 공소사실을 유죄로 인정하였으니 원심에는 사실을 오인하거나 법리를 오해한 위법이 있다. 나. 양형부당 원심의 형(벌금 700만 원)이 지나치게 무거워 부당하다. 3. 사실오인, 법리오해 주장에 대한 판단 가. 전동킥보드 운전자가 특정범죄가중법위반(위험운전치상)의 주체가 될 수 없다는 주장에 대하여 관계법령과 이 사건 기록을 통해 알 수 있는 다음 사정들을 종합하면, 피고인이 운전한 ‘전동킥보드’가 개인형 이동장치로서 ‘원동기장치","[{""kind"": ""fine"", ""months"": NaN, ""fine_won"": 7000000.0, ""region"": ""full_text"", ""score"": 0.0, ""snippet"": "", 피해자에게 발생한 상처는 신체의 완전성을 훼손하거나 생리적 기능에 장애를 초래할 정도가 아니어서 상해에 해당하지 아니한다. 4) 그럼에도 원심은 특정범죄가중법위반(위험운전치상)의 점에 대한 공소사실을 유죄로 인정하였으니 원심에는 사실을 오인하거나 법리를 오해한 위법이 있다. 나. 양형부당 원심의 형(벌금 700만 원)이 지나치게 무거워 부당하다. 3. 사실오인, 법리오해 주장에 대한 판단 가. 전동킥보드 운전자가 특정범죄가""}]",0.0,,"으로 형사처벌을 받은 전력이 있는 점 등은 피고인에게 불리한 정상이다. 그에 반하여 피고인이 도로교통법위반(음주운전)에 관한 범행을 인정하고 반성하는 태도를 보이는 점, 피해자와 합의하였으며 피해자가 피고인에 대한 처벌을 원하지 아니하는 의사를 표시한 점, 피해자가 입은 상해가 비교적 중하지 아니한 점 등은 피고인에게 유리한 정상이다. 그 밖에 피고인의 나이, 성행, 환경, 건강상태, 범행의 동기, 수단 및 결과, 범행 후의 정황 등 이",0.0,,,0.0,,,0.0,,,1.0,,"전원합의체 판결 참조). 피고인이 음주로 인해 정상적인 운전이 곤란한 상태에서 전동킥보드를 운전하다 교통사고를 야기하여 피해자에게 상해를 가한 점, 음주운전 당시 알코올농도 수치가 비교적 높은 점, 음주운전 등 동종 범행으로 형사처벌을 받은 전력이 있는 점 등은 피고인에게 불리한 정상이다. 그에 반하여 피고인이 도로교통법위반(음주운전)에 관한 범행을 인정하고 반성하는 태도를 보이는 점, 피해자와 합의하였으며 피해자가 피고인에 대한 || 15도3260 전원합의체 판결 참조). 피고인이 음주로 인해 정상적인 운전이 곤란한 상태에서 전동킥보드를 운전하다 교통사고를 야기하여 피해자에게 상해를 가한 점, 음주운전 당시 알코올농도 수치가 비교적 높은 점, 음주운전 등 동종 범행으로 형사처벌을 받은 전력이 있는 점 등은 피고인에게 불리한 정상이다. 그에 반하여 피고인이 도로교통법위반(음주운전)에 관한 범행을 인정하고 반성하는 태도를 보이는 점, 피해자와 합의하였으며 피해자가 피고인에 대한 처벌을 원하지 아니하는 의",0.0,,,1.0,,"의 통제력을 상실하였다고 봄이 상당하다. ③ 이 사건 사고 장소는 근처에 상가가 있어 비교적 밝은 곳이었고, 전방 시야를 확보하는데 달리 장애물이 보이지도 않아 피고인은 피해자를 발견하기 용이하였던 것으로 보임에도 사고를 야기하였다. ④ 원심 증인 공소외인이 ‘걸음걸이는 이상이 없었다고 판단하였다’고 증언한 사실, 수사보고(주치운전자 정황보고) 상 보행상태에 ‘양호’라고 기재된 사실, 피고인이 직접 119에 신고한 사실은 각 인정되나, || 위를 벗어나지 아니하는 경우에는 이를 존중함이 타당하다(대법원 2015. 7. 23. 선고 2015도3260 전원합의체 판결 참조). 피고인이 음주로 인해 정상적인 운전이 곤란한 상태에서 전동킥보드를 운전하다 교통사고를 야기하여 피해자에게 상해를 가한 점, 음주운전 당시 알코올농도 수치가 비교적 높은 점, 음주운전 등 동종 범행으로 형사처벌을 받은 전력이 있는 점 등은 피고인에게 불리한 정상이다. 그에 반하여 피고인이 도로교통법위반(음 || 범위를 벗어나지 아니하는 경우에는 이를 존중함이 타당하다(대법원 2015. 7. 23. 선고 2015도3260 전원합의체 판결 참조). 피고인이 음주로 인해 정상적인 운전이 곤란한 상태에서 전동킥보드를 운전하다 교통사고를 야기하여 피해자에게 상해를 가한 점, 음주운전 당시 알코올농도 수치가 비교적 높은 점, 음주운전 등 동종 범행으로 형사처벌을 받은 전력이 있는 점 등은 피고인에게 불리한 정상이다. 그에 반하여 피고인이 도로교통법위반(음",,,False,단순 음주운전 양형기준 시행(2023-07-01) 전 사건,,,,,,0.0,,0.0,0,1,1,선고형 자동추출 불일치; 병합·복수 죄명; 신뢰 가능한 양형이유 구간 없음; BAC 미추출,1
2519,P04-0149,149,240781,교통사고처리특례법위반(치상)·도로교통법위반(음주운전),2022노2137,20230907,2023-09-07,대전지방법원,400202,형사,400102,판결,선고,*,usable,second,facts_sentencing,traffic,교통사고처리특례법(치상),multiple_charges,guilty,appeal_dismissed,single,lower_court_maintained,T,none,,,,,,"【피 고 인】 피고인
【항 소 인】 피고인
【검 사】 김지은(기소), 천재영(공판)
【변 호 인】 변호사 곽예주
【원심판결】 대전지방법원 2022. 7. 22. 선고 2022재고단74 판결
【주 문】
피고인의 항소를 기각한다. 
【이 유】1. 항소이유의 요지(양형부당)
원심이 선고한 형(징역 1년에 집행유예 2년)은 너무 무거워서 부당하다. 
2. 판단
제1심과 비교하여 양형의 조건에 변화가 없고 제1심의 양형이 재량의 합리적인 범위를 벗어나지 아니하는 경우에는 이를 존중함이 타당하다(대법원 2015. 7. 23. 선고 2015도3260 전원합의체 판결 참조).
원심은, 피고인이 음주운전을 하다 교통사고를 야기하여 피해자에게 상해를 입게 한 점, 운전 당시의 음주수치, 피고인이 잘못을 인정하고 반성하는 점, 피해자의 상해 정도가 중하지 않은 점, 피고인의 차량이 종합보험에 가입되어 있는 점, 피해자가 피고인의 처벌을 원하지 않는 점, 피고인에게 벌금형을 초과하는 전과가 없는 점 등을 주요 양형요소로 참작하고, 그 밖에 피고인의 나이, 성행, 환경, 범행의 동기 및 경위, 범행 전후 정황 등 제반 양형조건을 종합하여 피고인에 대한 형을 정하였다. 
피고인이 이 법원에서 주장하는 양형부당 사유는 원심이 피고인에 대한 형을 정하면서 이미 충분히 고려한 사정들이고, 달리 항소심에서 양형에 반영할 새로운 정상이나 사정변경도 없다. 그 밖에 이 사건 기록과 변론에 나타난 양형조건과 원심판결의 양형이유를 대조하여 보면, 원심의 위와 같은 양형 판단이 재량의 합리적인 한계를 벗어나 너무 무거워서 부당하다고 보이지 않는다{피고인은 재심대상판결에서 정한 집행유예의 기간이 이미 경과한 사정을 감안하여 재심에 있어서의 불이익변경금지원칙의 취지에 따라 이 판결에 따른 집행유예기간의 시기를 ‘재심대상판결확정일’로 지정해야 한다고 주장하나, 재심판결에서 피고인에게 또 다시 집행유예를 선고할 경우 그 집행유예기간의 시기는 재심대상판결 확정일이 아니라 재심판결의 확정일로 보아야 하고 이는 재심판결이 확정되면 재심대상판결은 효력을 잃게 되는 재심의 본질상 당연한 결과이므로, 이로써 불이익변경금지원칙이나 이익재심원칙에 반하는 것은 아니다(대법원 2019. 2. 28. 선고 2018도13382 판결 참조)}. 피고인의 주장은 받아들이지 않는다. 
3. 결론
그렇다면 피고인의 항소는 이유 없으므로, 형사소송법 제364조 제4항에 따라 이를 기각하기로 하여 주문과 같이 판결한다. 
판사 최형철(재판장) 권종현 박지원",C:\Users\jeff4\OneDrive - 엔시스코리아\personal\school\3\여름\DSL\EDA\data/source/criminal_sentencing_cases_2015_2026\raw\law_api\body\240781.xml,2026-07-07T05:42:49.086239+00:00,lawyer,suspended,Guilty,True,False,True,10,drunk_driving,False,2022.0,2023,피고인의 항소를 기각한다.,,tagged_sentencing_reason,1,,,unknown,,,,0,,1,0,0,custodial,12.0,,full_text,135.0,True,"【피 고 인】 피고인 【항 소 인】 피고인 【검 사】 김지은(기소), 천재영(공판) 【변 호 인】 변호사 곽예주 【원심판결】 대전지방법원 2022. 7. 22. 선고 2022재고단74 판결 【주 문】 피고인의 항소를 기각한다. 【이 유】1. 항소이유의 요지(양형부당) 원심이 선고한 형(징역 1년에 집행유예 2년)은 너무 무거워서 부당하다. 2. 판단 제1심과 비교하여 양형의 조건에 변화가 없고 제1심의 양형이 재량의 합리적인 범위를 벗어나지 아니하는 경우에는 이를 존중함이 타당하다(대법원 2015. 7. 23. 선고 2015도3260 전원합의체 판결 참조). 원심은, 피고인이 음주운전을 하다","[{""kind"": ""custodial"", ""months"": 12.0, ""fine_won"": NaN, ""region"": ""full_text"", ""score"": 135.0, ""snippet"": ""【피 고 인】 피고인 【항 소 인】 피고인 【검 사】 김지은(기소), 천재영(공판) 【변 호 인】 변호사 곽예주 【원심판결】 대전지방법원 2022. 7. 22. 선고 2022재고단74 판결 【주 문】 피고인의 항소를 기각한다. 【이 유】1. 항소이유의 요지(양형부당) 원심이 선고한 형(징역 1년에 집행유예 2년)은 너무 무거워서 부당하다. 2. 판단 제1심과 비교하여 양형의 조건에 변화가 없고 제1심의 양형이 재량의 합리적인 ""}]",0.0,0.0,"사고를 야기하여 피해자에게 상해를 입게 한 점, 운전 당시의 음주수치, 피고인이 잘못을 인정하고 반성하는 점, 피해자의 상해 정도가 중하지 않은 점, 피고인의 차량이 종합보험에 가입되어 있는 점, 피해자가 피고인의 처벌을 원하지 않는 점, 피고인에게 벌금형을 초과하는 전과가 없는 점 등을 주요 양형요소로 참작하고, 그 밖에 피고인의 나이, 성행, 환경, 범행의 동기 및 경위, 범행 전후 정황 등 제반 양형조건을 종합하여 피고인에 대한 형",1.0,1.0,"참조). 원심은, 피고인이 음주운전을 하다 교통사고를 야기하여 피해자에게 상해를 입게 한 점, 운전 당시의 음주수치, 피고인이 잘못을 인정하고 반성하는 점, 피해자의 상해 정도가 중하지 않은 점, 피고인의 차량이 종합보험에 가입되어 있는 점, 피해자가 피고인의 처벌을 원하지 않는 점, 피고인에게 벌금형을 초과하는 전과가 없는 점 등을 주요 양형요소로 참작하고, 그 밖에 피고인의 나이, 성행, 환경, 범행의 동기 및 경위, 범행 전후 정황",0.0,0.0,,0.0,0.0,,0.0,0.0,,0.0,0.0,,1.0,1.0,"가 없고 제1심의 양형이 재량의 합리적인 범위를 벗어나지 아니하는 경우에는 이를 존중함이 타당하다(대법원 2015. 7. 23. 선고 2015도3260 전원합의체 판결 참조). 원심은, 피고인이 음주운전을 하다 교통사고를 야기하여 피해자에게 상해를 입게 한 점, 운전 당시의 음주수치, 피고인이 잘못을 인정하고 반성하는 점, 피해자의 상해 정도가 중하지 않은 점, 피고인의 차량이 종합보험에 가입되어 있는 점, 피해자가 피고인의 처벌을 원하 || 변화가 없고 제1심의 양형이 재량의 합리적인 범위를 벗어나지 아니하는 경우에는 이를 존중함이 타당하다(대법원 2015. 7. 23. 선고 2015도3260 전원합의체 판결 참조). 원심은, 피고인이 음주운전을 하다 교통사고를 야기하여 피해자에게 상해를 입게 한 점, 운전 당시의 음주수치, 피고인이 잘못을 인정하고 반성하는 점, 피해자의 상해 정도가 중하지 않은 점, 피고인의 차량이 종합보험에 가입되어 있는 점, 피해자가 피고인의 처벌을 원하",,,False,단순 음주운전 양형기준 시행(2023-07-01) 전 사건,,,,,,1.0,1.0,1.0,1,1,1,병합·복수 죄명; BAC 미추출,1
2526,P04-0156,156,235561,특정범죄가중처벌등에관한법률위반(위험운전치상)·도로교통법위반(음주운전)[전동킥보드와 같은 개인형 이동장치가 구「특정범죄 가중처벌 등에 관한 법률」제5조의11 제1항의 ‘원동기장치자전거’에 해당하는지 여부가 문제된 사건],2022도13430,20230629,2023-06-29,대법원,400201,형사,400102,판결,선고,*,usable,third,legal_review,traffic,특정범죄가중처벌등에관한법률(,multiple_charges,guilty,supreme_appeal_dismissed,single,not_applicable,,none,,구 특정범죄 가중처벌 등에 관한 법률 제5조의11 제1항에서의 ‘원동기장치자전거’에 전동킥보드와 같은 개인형 이동장치가 포함되는지 여부(적극) 및 2020. 6. 9. 법률 제17371호로 개정되어 2020. 12. 10. 시행된 도로교통법이 전동킥보드와 같은 개인형 이동장치에 관한 규정을 신설하면서 이를 ‘자동차 등’이 아닌 ‘자전거 등’으로 분류한 것이 형법 제1조 제2항의 ‘범죄 후 법률이 변경되어 그 행위가 범죄를 구성하지 아니하게 된 경우’에 해당하는지 여부(소극),"구 특정범죄 가중처벌 등에 관한 법률(2022. 12. 27. 법률 제19104호로 개정되기 전의 것, 이하 ‘구 특정범죄가중법’이라 한다) 제5조의3 제1항, 제5조의11 제1항은 음주 또는 약물의 영향으로 정상적인 운전이 곤란한 상태에서 도로교통법 제2조에 규정된 자동차 또는 원동기장치자전거를 운전하여 사람을 상해에 이르게 한 사람을 처벌하도록 규정하고 있다. 구 도로교통법(2020. 6. 9. 법률 제17371호로 개정되기 전의 것, 이하 ‘구 도로교통법’이라 한다) 제2조 제19호 (나)목은 ‘배기량 50시시 미만(전기를 동력으로 하는 경우에는 정격출력 0.59킬로와트 미만)의 원동기를 단 차(자전거 이용 활성화에 관한 법률 제2조 제1호의2에 따른 전기자전거는 제외한다)’를 원동기장치자전거 중 일부로 규정하였고, 전동킥보드는 위 규정에 따라 원동기장치자전거에 해당하였다. 그런데 구 도로교통법이 2020. 6. 9. 법률 제17371호로 개정되어 2020. 12. 10. 개정 도로교통법이 시행되면서 제2조 제19호의2 및 제21호의2에서 전동킥보드와 같은 ""개인형 이동장치""와 이를 포함하는 ""자전거 등""에 관한 정의규정을 신설하였다. 이에 따라 개인형 이동장치는 개정 도로교통법 제2조 제21호의 ""자동차 등""이 아닌 같은 조 제21호의2의 ""자전거 등""에 해당하게 되었다. 
그러나 개정 도로교통법 제2조 제19호의2는 ""개인형 이동장치""란 제19호 (나)목의 원동기장치자전거 중 시속 25킬로미터 이상으로 운행할 경우 전동기가 작동하지 아니하고 차체 중량이 30킬로그램 미만인 것으로서 행정안전부령으로 정하는 것을 말한다고 규정함으로써 그 문언상 원동기장치자전거 내에 개인형 이동장치가 포함되어 있음을 알 수 있다. 또한 개정 도로교통법 제17조 제1항, 제50조 제3항 등 여러 규정을 보더라도 개인형 이동장치가 원동기장치자전거 내에 포함됨을 전제로 이를 위 각 규정의 적용 대상에서 제외하는 방식을 취하고 있고, 개정 도로교통법 제13조의2, 제15조의2 등 기존의 자전거의 통행방법 등에 관한 규정에 개인형 이동장치까지 포함하도록 정하고 있다. 이러한 점을 고려하면 전동킥보드와 같은 개인형 이동장치는 원동기장치자전거와는 다른 별개의 개념이 아니라 원동기장치자전거에 포함되고, 다만 개정 도로교통법은 통행방법 등에 관하여 개인형 이동장치를 자전거에 준하여 규율하면서 입법기술상의 편의를 위해 이를 ""자전거 등""으로 분류하였다고 보는 것이 타당하다. 
이러한 개정 도로교통법의 문언·내용·체계에다가 도로교통법 및 특정범죄가중법의 입법 목적과 보호법익, 전동킥보드와 같은 개인형 이동장치에 대한 특정범죄가중법상의 규율 및 처벌의 필요성 등을 고려해 보면, 구 특정범죄가중법 제5조의11 제1항에서의 ‘원동기장치자전거’에는 전동킥보드와 같은 개인형 이동장치도 포함된다고 판단되고, 비록 개정 도로교통법이 전동킥보드와 같은 개인형 이동장치에 관한 규정을 신설하면서 이를 ""자동차 등""이 아닌 ""자전거 등""으로 분류하였다고 하여 이를 형법 제1조 제2항의 ‘범죄 후 법률이 변경되어 그 행위가 범죄를 구성하지 아니하게 된 경우’라고 볼 수는 없다.","형법 제1조 제2항, 구 특정범죄 가중처벌 등에 관한 법률(2022. 12. 27. 법률 제19104호로 개정되기 전의 것) 제5조의3 제1항, 제5조의11 제1항, 구 도로교통법(2020. 6. 9. 법률 제17371호로 개정되기 전의 것) 제2조 제19호 (나)목, 제21호, 도로교통법 제2조 제19호 (나)목, 제19호의2, 제21호, 제21호의2, 제13조의2, 제15조의2, 제17조 제1항, 제50조 제3항",,"【피 고 인】 피고인
【상 고 인】 피고인
【변 호 인】 법무법인 법승 담당변호사 이승우 외 4인
【원심판결】 서울동부지법 2022. 9. 29. 선고 2022노189 판결
【주 문】
상고를 기각한다. 
【이 유】 상고이유를 판단한다. 
1. 「특정범죄 가중처벌 등에 관한 법률」위반(위험운전치상)죄의 주체에 관한 상고이유에 대하여 
가. 구 「특정범죄 가중처벌 등에 관한 법률」(2022. 12. 27. 법률 제19104호로 개정되기 전의 것, 이하 ‘구 특정범죄가중법’이라 한다) 제5조의3 제1항, 제5조의11 제1항은 음주 또는 약물의 영향으로 정상적인 운전이 곤란한 상태에서 도로교통법 제2조에 규정된 자동차 또는 원동기장치자전거를 운전하여 사람을 상해에 이르게 한 사람을 처벌하도록 규정하고 있다. 구 도로교통법(2020. 6. 9. 법률 제17371호로 개정되기 전의 것, 이하 ‘구 도로교통법’이라 한다) 제2조 제19호 (나)목은 ‘배기량 50시시 미만(전기를 동력으로 하는 경우에는 정격출력 0.59킬로와트 미만)의 원동기를 단 차(「자전거 이용 활성화에 관한 법률」 제2조 제1호의2에 따른 전기자전거는 제외한다)’를 원동기장치자전거 중 일부로 규정하였고, 이 사건 전동킥보드는 위 규정에 따라 원동기장치자전거에 해당하였다. 그런데 구 도로교통법이 2020. 6. 9. 법률 제17371호로 개정되어 이 사건 범행 이후인 2020. 12. 10. 개정 도로교통법이 시행되면서 제2조 제19호의2 및 제21호의2에서 이 사건 전동킥보드와 같은 ""개인형 이동장치""와 이를 포함하는 ""자전거 등""에 관한 정의규정을 신설하였다. 이에 따라 개인형 이동장치는 개정 도로교통법 제2조 제21호의 ""자동차 등""이 아닌 같은 조 제21호의2의 ""자전거 등""에 해당하게 되었다. 
그러나 개정 도로교통법 제2조 제19호의2는 ""개인형 이동장치""란 제19호 (나)목의 원동기장치자전거 중 시속 25킬로미터 이상으로 운행할 경우 전동기가 작동하지 아니하고 차체 중량이 30킬로그램 미만인 것으로서 행정안전부령으로 정하는 것을 말한다고 규정함으로써 그 문언상 원동기장치자전거 내에 개인형 이동장치가 포함되어 있음을 알 수 있다. 또한 개정 도로교통법 제17조 제1항, 제50조 제3항 등 여러 규정을 보더라도 개인형 이동장치가 원동기장치자전거 내에 포함됨을 전제로 이를 위 각 규정의 적용 대상에서 제외하는 방식을 취하고 있고, 개정 도로교통법 제13조의2, 제15조의2 등 기존의 자전거의 통행방법 등에 관한 규정에 개인형 이동장치까지 포함하도록 정하고 있다. 이러한 점을 고려하면 전동킥보드와 같은 개인형 이동장치는 원동기장치자전거와는 다른 별개의 개념이 아니라 원동기장치자전거에 포함되고, 다만 개정 도로교통법은 통행방법 등에 관하여 개인형 이동장치를 자전거에 준하여 규율하면서 입법기술상의 편의를 위해 이를 ""자전거 등""으로 분류하였다고 보는 것이 타당하다.
이러한 개정 도로교통법의 문언·내용·체계에다가 도로교통법 및 특정범죄가중법의 입법 목적과 보호법익, 전동킥보드와 같은 개인형 이동장치에 대한 특정범죄가중법상의 규율 및 처벌의 필요성 등을 고려해 보면, 구 특정범죄가중법 제5조의11 제1항에서의 ‘원동기장치자전거’에는 전동킥보드와 같은 개인형 이동장치도 포함된다고 판단되고, 비록 개정 도로교통법이 전동킥보드와 같은 개인형 이동장치에 관한 규정을 신설하면서 이를 ""자동차 등""이 아닌 ""자전거 등""으로 분류하였다고 하여 이를 형법 제1조 제2항의 ‘범죄 후 법률이 변경되어 그 행위가 범죄를 구성하지 아니하게 된 경우’라고 볼 수는 없다.
나. 원심은 판시와 같은 이유로 피고인이 운전한 ‘전동킥보드’가 개인형 이동장치로서 ""원동기장치자전거""에 해당하므로 ‘전동킥보드의 운전자’는 여전히 특정범죄가중법 위반(위험운전치상)죄의 주체에 해당한다고 보아 이 사건 공소사실(이유 면소 부분 제외)을 유죄로 판단한 제1심판결을 유지하였다. 
다. 원심판결 이유를 관련 법리와 적법하게 채택된 증거에 비추어 살펴보면, 이러한 원심의 판단에 논리와 경험의 법칙을 위반하여 자유심증주의의 한계를 벗어나거나 구 특정범죄가중법 제5조의11 제1항의 ‘자동차(원동기장치자전거를 포함한다)’에 관한 법리를 오해한 잘못이 없다.
2. 나머지 상고이유에 대하여 
나머지 상고이유 주장은 결국 사실심인 원심의 증거선택과 사실인정을 다투는 취지에 불과하여 적법한 상고이유가 되지 못한다. 나아가 원심판결 이유를 적법하게 채택된 증거에 비추어 살펴보더라도, 원심의 판단에 논리와 경험의 법칙을 위반하여 자유심증주의의 한계를 벗어나거나 구 특정범죄가중법 제5조의11 제1항의 ‘정상적인 운전이 곤란한 상태’, ‘상해’에 관한 법리를 오해한 잘못이 없다.
3. 결론
그러므로 상고를 기각하기로 하여, 관여 대법관의 일치된 의견으로 주문과 같이 판결한다.
대법관 노태악(재판장) 박정화(주심) 김선수 오경미",C:\Users\jeff4\OneDrive - 엔시스코리아\personal\school\3\여름\DSL\EDA\data/source/criminal_sentencing_cases_2015_2026\raw\law_api\body\235561.xml,2026-07-07T05:42:49.086239+00:00,lawfirm,,Guilty,True,False,False,1,drunk_driving,False,2022.0,2023,상고를 기각한다.,,full_text_screening_only,0,,,unknown,,,,0,,1,0,0,,,,,,False,,,0.0,,,0.0,,,0.0,,,0.0,,,0.0,,,0.0,,,0.0,,,,,False,단순 음주운전 양형기준 시행(2023-07-01) 전 사건,,,,,,,,,0,0,0,선고형 자동추출 불일치; 병합·복수 죄명; 신뢰 가능한 양형이유 구간 없음; BAC 미추출,1
3295,P05-0135,135,599715,도로교통법위반(음주운전)·도로교통법위반(무면허운전),2022도16436,20240312,2024-03-12,대법원,400201,형사,400102,판결,선고,*,usable,third,legal_review,traffic,도로교통법위반(음주운전),multiple_charges,guilty,supreme_appeal_dismissed,not_stated,lower_court_maintained,T,none,,"국어에 의한 일상적 의사소통에 상당한 지장이 있는 피고인에게 변호인이 선임되지 않은 경우, 국선변호인 선정을 적극적으로 고려하여야 하는지 여부(한정 적극)",,"헌법 제12조, 형사소송법 제33조 제2항, 제3항",,"【피 고 인】 피고인
【상 고 인】 피고인
【변 호 인】 변호사 황세현
【원심판결】 인천지법 2022. 11. 25. 선고 2021노3610 판결
【주 문】
상고를 기각한다. 
【이 유】 상고이유를 판단한다. 
헌법 제12조가 보장하는 변호인의 조력을 받을 권리와 형사소송법 제33조가 규정한 국선변호인 제도의 취지 등에 비추어, 국어에 의한 일상적 의사소통에 상당한 지장이 있는 피고인에 대하여 법원은 피고인으로부터 형사소송법 제33조 제2항에 따른 국선변호인 선정청구가 있는 경우 또는 직권으로 피고인의 나이·지능·교육 정도 등을 참작하여 권리보호를 위하여 필요하다고 인정되는 경우에 피고인의 명시적 의사에 반하지 아니하는 범위 안에서 국선변호인 선정을 적극적으로 고려함이 바람직하다. 
기록에 따르면, 피고인은 모로코 국적의 외국인으로서 수사기관부터 원심법정에 이르기까지 지정된 통역인의 통역을 통하여 공소사실을 모두 인정하고 증거의견과 잘못을 반성하는 취지를 포함한 양형사유 등에 관하여 진술하였으며, 피해자들과의 합의서, 지인들의 탄원서 등 피고인에게 유리한 자료를 제출하였음을 알 수 있다. 이러한 사실에 이 사건 심리경과를 더하여 보면 국선변호인을 선정하지 아니한 원심의 조치에 상고이유 주장과 같이 형사소송법 제33조 제3항의 국선변호인 선정 및 항소이유서 제출기간 등에 관한 법리를 오해하여 피고인의 방어권을 침해하거나 필요한 심리를 다하지 아니하는 등으로 판결에 영향을 미친 잘못이 있다고 볼 수 없다. 
원심의 양형판단에 필요한 심리를 다하지 아니한 잘못이 있다는 취지의 주장은 양형부당 상고이유에 해당한다. 형사소송법 제383조 제4호에 따르면 사형, 무기 또는 10년 이상의 징역이나 금고가 선고된 사건에서만 양형부당을 사유로 한 상고가 허용되므로, 피고인에 대하여 그보다 가벼운 형이 선고된 이 사건에서 형이 너무 무거워 부당하다는 취지의 주장은 적법한 상고이유가 되지 못한다. 
그러므로 상고를 기각하기로 하여 관여 대법관의 일치된 의견으로 주문과 같이 판결한다.
대법관 서경환(재판장) 김선수 노태악(주심) 오경미",C:\Users\jeff4\OneDrive - 엔시스코리아\personal\school\3\여름\DSL\EDA\data/source/criminal_sentencing_cases_2015_2026\raw\law_api\body\599715.xml,2026-07-07T05:42:49.086239+00:00,public,imprisonment,Guilty,True,False,True,5,drunk_driving,False,2022.0,2024,상고를 기각한다.,,tagged_sentencing_reason,1,,,unknown,,,,0,,1,0,0,,,,,,False,,,0.0,0.0,,0.0,0.0,,1.0,1.0,"범위 안에서 국선변호인 선정을 적극적으로 고려함이 바람직하다. 기록에 따르면, 피고인은 모로코 국적의 외국인으로서 수사기관부터 원심법정에 이르기까지 지정된 통역인의 통역을 통하여 공소사실을 모두 인정하고 증거의견과 잘못을 반성하는 취지를 포함한 양형사유 등에 관하여 진술하였으며, 피해자들과의 합의서, 지인들의 탄원서 등 피고인에게 유리한 자료를 제출하였음을 알 수 있다. 이러한 사실에 이 사건 심리경과를 더하여 보면 국선변호인을 선정하지",0.0,0.0,,0.0,0.0,,0.0,0.0,,0.0,0.0,,,,False,단순 음주운전 양형기준 시행(2023-07-01) 전 사건,,,,,,0.0,,0.0,0,1,1,선고형 자동추출 불일치; 병합·복수 죄명; BAC 미추출,1
215,P01-0215,215,223347,도로교통법위반(음주운전)·범인도피교사·보험사기방지특별법위반·범인도피,2022도32,20220630,2022-06-30,대법원,400201,형사,400102,판결,선고,*,usable,third,legal_review,traffic,도로교통법위반(음주운전),multiple_defendants,guilty,remand,not_stated,lower_court_referenced,,none,,"도로교통법 위반(음주측정거부)죄로 형사처벌을 받은 전력이 있는 피고인이 술에 취한 상태에서 자동차를 운전하였다는 공소사실에 대하여, 원심이 도로교통법 제148조의2 제1항, 제44조 제1항을 적용하여 유죄를 선고한 제1심판결을 유지하였는데, 원심판결 선고 후 헌법재판소가 도로교통법 제148조의2 제1항 중 ‘제44조 제1항 또는 제2항을 1회 이상 위반한 사람으로서 다시 같은 조 제1항을 위반한 사람’에 관한 부분에 대하여 위헌결정을 선고한 사안에서, 공소사실은 구 도로교통법 제148조의2 제1항 중 ‘제44조 제2항을 위반한 사람으로서 다시 같은 조 제1항을 위반한 사람’에 관한 부분이 적용되는 경우로서, 원심으로서는 공소사실에 적용되어야 하는 법률조항을 명확히 하고, 그 위헌 여부, 공소장 변경절차의 필요 유무 등에 관하여 심리·판단하였어야 한다고 한 사례","도로교통법 위반(음주측정거부)죄로 형사처벌을 받은 전력이 있는 피고인이 2020. 5. 19. 술에 취한 상태에서 자동차를 운전하였다는 공소사실에 대하여, 원심이 2020. 6. 9. 법률 제17371호로 개정된 도로교통법(이하 ‘도로교통법’이라 한다) 제148조의2 제1항, 제44조 제1항을 적용하여 유죄를 선고한 제1심판결을 유지하였는데, 원심판결 선고 후 헌법재판소가 도로교통법 제148조의2 제1항 중 ‘제44조 제1항 또는 제2항을 1회 이상 위반한 사람으로서 다시 같은 조 제1항을 위반한 사람’에 관한 부분에 대하여 위헌결정을 선고한 사안에서, 공소사실은 2018. 12. 24. 법률 제16037호로 개정되고, 2020. 6. 9. 법률 제17371호로 개정되기 전의 도로교통법(이하 ‘구 도로교통법’이라 한다) 제148조의2 제1항 중 ‘제44조 제2항을 위반한 사람으로서 다시 같은 조 제1항을 위반한 사람’에 관한 부분이 적용되는 경우로서, 원심이 피고인에 대하여 적용한 도로교통법 제148조의2 제1항 중 도로교통법 제44조 제1항의 위반만을 구성요건으로 하는 부분은 헌법재판소법 제47조 제3항 본문에 따라 소급하여 그 효력을 상실하였으므로 더 이상 유죄판결의 근거가 될 수 없고, 구 도로교통법 제148조의2 제1항 중 ‘제44조 제2항을 위반한 사람으로서 다시 같은 조 제1항을 위반한 사람’에 관한 부분은 위헌결정의 심판대상이 되지 않았지만 이와 동일한 내용을 규정하는 도로교통법 조항에 대한 위헌결정 이유와 같은 이유에서 책임과 형벌 사이의 비례원칙에 어긋날 여지가 있으므로, 원심으로서는 공소사실에 적용되어야 하는 법률조항을 명확히 하고, 구 도로교통법 제148조의2 제1항을 적용할 것이라면 그 위헌 여부 또는 그 적용에 따른 위헌적 결과를 피하기 위한 공소장 변경절차 등의 필요 유무 등에 관하여 심리·판단하였어야 하는데, 이와 같은 심리에 이르지 않은 채 제1심판결을 유지한 원심판결에 잘못이 있다고 한 사례.","구 도로교통법(2020. 6. 9. 법률 제17371호로 개정되기 전의 것) 제44조 제1항, 제2항, 제148조의2 제1항, 도로교통법 제44조 제1항, 제2항, 제148조의2 제1항, 헌법재판소법 제47조 제3항, 형사소송법 제325조",,"【피 고 인】 피고인 1 외 1인
【상 고 인】 피고인들
【변 호 인】 법무법인 유준 담당변호사 김동익 외 1인
【원심판결】 서울동부지법 2021. 12. 16. 선고 2021노1381 판결
【주 문】
원심판결 중 피고인 1에 대한 부분을 파기하고, 이 부분 사건을 서울동부지방법원에 환송한다. 피고인 2의 상고를 기각한다.
【이 유】 1. 피고인 1
가. 도로교통법 위반(음주운전) 부분에 대하여 직권으로 판단한다.
(1) 2018. 12. 24. 법률 제16037호로 개정되고, 2020. 6. 9. 법률 제17371호로 개정되기 전의 도로교통법(이하 ‘구 도로교통법’이라 한다) 제148조의2 제1항은 ""제44조 제1항 또는 제2항을 2회 이상 위반한 사람(자동차 등 또는 노면전차를 운전한 사람으로 한정한다)은 2년 이상 5년 이하의 징역이나 1천만 원 이상 2천만 원 이하의 벌금에 처한다.""라고 정하였다. 이후 2020. 6. 9. 법률 제17371호로 개정된 도로교통법(이하 ‘도로교통법’이라 한다) 제148조의2 제1항은 ""제44조 제1항 또는 제2항을 2회 이상 위반한 사람(자동차 등 또는 노면전차를 운전한 사람으로 한정한다. 다만 개인형 이동장치를 운전하는 경우는 제외한다. 이하 이 조에서 같다)은 2년 이상 5년 이하의 징역이나 1천만 원 이상 2천만 원 이하의 벌금에 처한다.""라고 정한다.
헌법재판소는 2022. 5. 26. 선고 2021헌가30, 31, 2022헌가9 사건에서 ""도로교통법(2020. 6. 9. 법률 제17371호로 개정된 것) 제148조의2 제1항 중 ‘제44조 제1항 또는 제2항을 1회 이상 위반한 사람으로서 다시 같은 조 제1항을 위반한 사람’에 관한 부분""이 헌법에 위반된다는 위헌결정을 선고하였다(이하 위 결정을 ‘이 사건 위헌결정’, 위헌결정이 선고된 법률조항을 ‘이 사건 법률조항’이라 한다). 이 사건 위헌결정 이유는 다음과 같다.
이 사건 법률조항은 가중요건이 되는 과거의 위반행위와 처벌대상이 되는 재범 음주운전 금지규정 위반행위 또는 음주측정거부행위 사이에 아무런 시간적 제한을 두지 않고 있다. 또한 음주치료나 음주운전 방지장치 도입과 같은 비형벌적 수단에 대한 충분한 고려 없이 음주운전 당시의 혈중알코올농도 수준 또는 음주측정거부 당시의 음주 의심 정도와 발생한 위험 등을 고려할 때 비난가능성이 상대적으로 낮은 음주운전 또는 음주측정거부 재범행위까지도 법정형의 하한인 2년 이상의 징역 또는 1천만 원 이상의 벌금을 기준으로 처벌하도록 하고 있어 책임과 형벌 사이의 비례원칙에 위반된다.
(2) 이 부분 공소사실 요지는 도로교통법 위반(음주측정거부)죄로 형사처벌을 받은 전력이 있는 피고인이 2020. 5. 19. 술에 취한 상태에서 자동차를 운전하였다는 것이다. 이는 ""구 도로교통법 제148조의2 제1항 중 ‘제44조 제2항을 위반한 사람으로서 다시 같은 조 제1항을 위반한 사람’에 관한 부분""이 적용되는 경우에 해당한다. 제1심은 이 부분 공소사실을 유죄로 인정하면서 ‘법령의 기재’란에 ‘도로교통법 제148조의2 제1항, 제44조 제1항’만을 기재하였고, 원심은 이러한 제1심판결을 그대로 유지하였다.
그런데 원심이 피고인에 대하여 적용한 도로교통법 제148조의2 제1항 중 도로교통법 제44조 제1항의 위반만을 구성요건으로 하는 부분은 이 사건 위헌결정의 대상으로서 헌법재판소법 제47조 제3항 본문에 따라 소급하여 그 효력을 상실하였으므로 더 이상 유죄판결의 근거가 될 수 없다. 한편 ""구 도로교통법 제148조의2 제1항 중 ‘제44조 제2항을 위반한 사람으로서 다시 같은 조 제1항을 위반한 사람’에 관한 부분""은 이 사건 위헌결정의 심판대상이 되지 않았지만 이와 동일한 내용을 규정하는 이 사건 법률조항에 대한 이 사건 위헌결정 이유와 같은 이유에서 책임과 형벌 사이의 비례원칙에 어긋날 여지가 있다.
원심으로서는 이 부분에 적용되어야 하는 법률조항을 명확히 하고, ""구 도로교통법 제148조의2 제1항 중 ‘제44조 제2항을 위반한 사람으로서 다시 같은 조 제1항을 위반한 사람’에 관한 부분""을 적용할 것이라면 그 위헌 여부 또는 그 적용에 따른 위헌적 결과를 피하기 위한 공소장 변경절차 등의 필요 유무 등에 관하여 심리·판단했어야 한다. 그런데도 원심은 이와 같은 심리에 이르지 않은 채 이 부분 공소사실에 대하여 도로교통법 제148조의2 제1항, 제44조 제1항을 적용하여 유죄를 선고한 제1심판결을 유지함으로써 판결에 영향을 미친 잘못이 있다.
나. 파기 범위
원심판결 중 피고인 1에 대한 도로교통법 위반(음주운전) 부분은 파기되어야 하는데, 원심은 이 부분과 피고인 1에 대한 나머지 유죄 부분이 형법 제37조 전단의 경합범 관계에 있다는 이유로 하나의 형을 선고하였으므로 원심판결 중 피고인 1에 대한 부분은 전부 파기되어야 한다.
2. 피고인 2
원심의 양형판단에 채증법칙 위반, 심리미진의 위법이 있다는 주장은 양형부당 주장에 해당한다. 형사소송법 제383조 제4호에 따르면 사형, 무기 또는 10년 이상의 징역이나 금고가 선고된 사건에서만 양형부당을 이유로 상고할 수 있다. 따라서 피고인 2에 대하여 그보다 가벼운 형이 선고된 이 사건에서 위와 같은 주장이나 형이 너무 무거워 부당하다는 주장은 적법한 상고이유가 아니다.
3. 결론
원심판결 중 피고인 1에 대한 부분을 파기하고 상고이유에 관한 판단을 생략한 채 이 부분 사건을 다시 심리·판단하도록 원심법원에 환송하며, 피고인 2의 상고는 이유 없어 이를 기각하기로 하여, 대법관의 일치된 의견으로 주문과 같이 판결한다.
대법관 노정희(재판장) 김재형(주심) 안철상 이흥구",C:\Users\jeff4\OneDrive - 엔시스코리아\personal\school\3\여름\DSL\EDA\data/source/criminal_sentencing_cases_2015_2026\raw\law_api\body\223347.xml,2026-07-07T05:42:49.086239+00:00,lawfirm,both,Guilty,True,False,False,2,drunk_driving,False,2022.0,2022,"원심판결 중 피고인 1에 대한 부분을 파기하고, 이 부분 사건을 서울동부지방법원에 환송한다. 피고인 2의 상고를 기각한다.",,full_text_screening_only,0,,,unknown,,,,0,,1,1,1,,,,,,False,,,0.0,,,0.0,,,0.0,,,0.0,,,0.0,,,0.0,,,0.0,,,,,False,단순 음주운전 양형기준 시행(2023-07-01) 전 사건,,,,,,0.0,,0.0,0,1,0,선고형 자동추출 불일치; 병합·복수 죄명; 복수 피고인; 중대 비대상 죄명 병합; 신뢰 가능한 양형이유 구간 없음; BAC 미추출,1
172,P01-0172,172,238233,도로교통법위반(음주운전),2022도6643,20230202,2023-02-02,대법원,400201,형사,400102,판결,선고,*,usable,third,legal_review,traffic,도로교통법위반(음주운전),simple,guilty,supreme_appeal_dismissed,not_stated,lower_court_maintained,,none,,"[1] 범죄의 성립과 처벌에 관하여 규정한 형벌법규 자체의 변경에 따라 범죄를 구성하지 아니하게 되거나 형이 가벼워진 경우, 종전 법령이 범죄로 정하여 처벌한 것이 부당하였다거나 과형이 과중하였다는 반성적 고려에 따라 변경된 것인지를 따지지 않고 원칙적으로 형법 제1조 제2항과 형사소송법 제326조 제4호가 적용되는지 여부(적극)
[2] 피고인이 술에 취한 상태로 개인형 이동장치인 전동킥보드를 운전하여 도로교통법 위반(음주운전)으로 기소된 사안에서, 피고인에 대하여 행위 당시의 법률인 구 도로교통법 제148조의2 제3항 제2호를 적용하지 아니하고, 그 후 형벌법규 자체의 변경으로 인하여 형이 가벼워진 법률 개정을 반영하여 형법 제1조 제2항에 따라 제156조 제11호을 적용하여 유죄로 인정한 원심판단을 수긍한 사례",,"[1] 형법 제1조 제2항, 형사소송법 제326조 제4호 / [2] 구 도로교통법(2020. 6. 9. 법률 제17371호로 개정되기 전의 것) 제148조의2 제3항 제2호, 도로교통법 제44조 제1항, 제156조 제11호","[1] 대법원 2022. 12. 22. 선고 2020도16420 전원합의체 판결(공2023상, 318)","【피 고 인】 피고인
【상 고 인】 검사
【원심판결】 대전지법 2022. 5. 18. 선고 2022노627 판결
【주 문】
상고를 기각한다.
【이 유】 상고이유를 판단한다.
범죄 후 법률이 변경되어 그 행위가 범죄를 구성하지 아니하게 되거나 형이 구법보다 가벼워진 경우에는 신법에 따라야 하고(형법 제1조 제2항), 범죄 후의 법령 개폐로 형이 폐지되었을 때는 판결로써 면소의 선고를 하여야 한다(형사소송법 제326조 제4호). 이러한 형법 제1조 제2항과 형사소송법 제326조 제4호의 규정은 입법자가 법령의 변경 이후에도 종전 법령 위반행위에 대한 형사처벌을 유지한다는 내용의 경과규정을 따로 두지 않는 한 그대로 적용되어야 한다. 따라서 범죄의 성립과 처벌에 관하여 규정한 형벌법규 자체의 변경에 따라 범죄를 구성하지 아니하게 되거나 형이 가벼워진 경우에는, 종전 법령이 범죄로 정하여 처벌한 것이 부당하였다거나 과형이 과중하였다는 반성적 고려에 따라 변경된 것인지 여부를 따지지 않고 원칙적으로 형법 제1조 제2항과 형사소송법 제326조 제4호가 적용된다(대법원 2022. 12. 22. 선고 2020도16420 전원합의체 판결 참조). 
원심은, 술에 취한 상태로 개인형 이동장치인 전동킥보드를 운전한 피고인에 대하여, 행위 당시의 법률인 구 도로교통법(2020. 6. 9. 법률 제17371호로 개정되어 2020. 12. 10. 시행되기 전의 것, 이하 위 법률 제17371호 개정을 ‘이 사건 법률 개정’이라 한다) 제148조의2 제3항 제2호, 도로교통법 제44조 제1항을 적용하지 아니하고, 그 후 형벌법규 자체의 변경으로 인하여 형이 가벼워진 이 사건 법률 개정을 반영하여 형법 제1조 제2항에 따라 도로교통법 제156조 제11호, 제44조 제1항을 적용하여 유죄로 인정하였다. 원심판결 이유를 앞서 본 법리와 기록에 비추어 살펴보면, 원심의 이유 설시에 일부 부적절한 부분이 있기는 하나, 원심의 판단에 형법 제1조 제2항의 적용 등에 관한 법리를 오해하여 판결에 영향을 미친 잘못이 없다.
그러므로 상고를 기각하기로 하여, 관여 대법관의 일치된 의견으로 주문과 같이 판결한다.
대법관 노정희(재판장) 안철상 이흥구 오석준(주심)",C:\Users\jeff4\OneDrive - 엔시스코리아\personal\school\3\여름\DSL\EDA\data/source/criminal_sentencing_cases_2015_2026\raw\law_api\body\238233.xml,2026-07-07T05:42:49.086239+00:00,,,Guilty,True,False,False,0,drunk_driving,False,2022.0,2023,상고를 기각한다.,,full_text_screening_only,0,,,unknown,,,,0,,0,0,0,,,,,,False,,,0.0,,,0.0,,,0.0,,,0.0,,,0.0,,,0.0,,,0.0,,,,,False,단순 음주운전 양형기준 시행(2023-07-01) 전 사건,,,,,,,,,0,0,0,선고형 자동추출 불일치; 신뢰 가능한 양형이유 구간 없음; BAC 미추출,1
2554,P04-0184,184,238241,도로교통법위반(음주운전)·도로교통법위반(무면허운전),2022도7536,20230112,2023-01-12,대법원,400201,형사,400102,판결,선고,*,usable,third,legal_review,traffic,도로교통법(음주운전),multiple_charges,guilty,supreme_appeal_dismissed,single,not_applicable,,none,,"범죄의 성립과 처벌에 관하여 규정한 형벌법규 자체 또는 그로부터 수권 내지 위임을 받은 법령의 변경에 따라 범죄를 구성하지 아니하게 되거나 형이 가벼워진 경우, 종전 법령이 범죄로 정하여 처벌한 것이 부당하였다거나 과형이 과중하였다는 반성적 고려에 따라 변경된 것인지를 따지지 않고 원칙적으로 형법 제1조 제2항과 형사소송법 제326조 제4호가 적용되는지 여부(적극)",,"형법 제1조 제2항, 형사소송법 제326조 제4호","대법원 2022. 12. 22. 선고 2020도16420 전원합의체 판결(공2023상, 318)","【피 고 인】 피고인
【상 고 인】 피고인 및 검사
【원심판결】 인천지법 2022. 6. 10. 선고 2021노798 판결
【주 문】
상고를 모두 기각한다.
【이 유】 상고이유를 판단한다.
1. 검사의 상고에 관한 판단
가. 범죄 후 법률이 변경되어 그 행위가 범죄를 구성하지 아니하게 되거나 형이 구법보다 가벼워진 경우에는 신법에 따라야 하고(형법 제1조 제2항), 범죄 후의 법령 개폐로 형이 폐지되었을 때는 판결로써 면소의 선고를 하여야 한다(형사소송법 제326조 제4호). 이러한 형법 제1조 제2항과 형사소송법 제326조 제4호의 규정은 입법자가 법령의 변경 이후에도 종전 법령 위반행위에 대한 형사처벌을 유지한다는 내용의 경과규정을 따로 두지 않는 한 그대로 적용되어야 한다. 따라서 범죄의 성립과 처벌에 관하여 규정한 형벌법규 자체 또는 그로부터 수권 내지 위임을 받은 법령의 변경에 따라 범죄를 구성하지 아니하게 되거나 형이 가벼워진 경우에는, 종전 법령이 범죄로 정하여 처벌한 것이 부당하였다거나 과형이 과중하였다는 반성적 고려에 따라 변경된 것인지 여부를 따지지 않고 원칙적으로 형법 제1조 제2항과 형사소송법 제326조 제4호가 적용된다(대법원 2022. 12. 22. 선고 2020도16420 전원합의체 판결 참조).
나. 원심은 그 판시와 같은 이유로, 이 사건 공소사실 중 도로교통법위반(무면허운전)의 점에 대하여 형사소송법 제326조 제4호의 ‘범죄 후의 법령 개폐로 형이 폐지되었을 때’에 해당한다고 보아 이유에서 이를 면소로 판단하였다. 원심판결 이유를 앞서 본 법리와 기록에 비추어 살펴보면, 원심의 설시에 위 전원합의체 판결로 변경되기 전의 법리에 따른 일부 부적절한 부분이 있으나 그 결론은 정당한 것으로 받아들일 수 있고, 거기에 상고이유 주장과 같이 개정 도로교통법이나 형법 제1조 제2항의 해석에 관한 법리를 오해하여 판결에 영향을 미친 잘못이 없다. 
2. 피고인의 상고에 관한 판단
피고인은 상고이유서 제출기간 내에 상고이유서를 제출하지 않았고 상고장에도 불복이유의 기재가 없다.
3. 결론
그러므로 상고를 모두 기각하기로 하여, 관여 대법관의 일치된 의견으로 주문과 같이 판결한다.
대법관 이흥구(재판장) 안철상(주심) 노정희 오석준",C:\Users\jeff4\OneDrive - 엔시스코리아\personal\school\3\여름\DSL\EDA\data/source/criminal_sentencing_cases_2015_2026\raw\law_api\body\238241.xml,2026-07-07T05:42:49.086239+00:00,,,Guilty,True,False,False,0,drunk_driving,False,2022.0,2023,상고를 모두 기각한다.,,full_text_screening_only,0,,,unknown,,,,0,,1,0,0,,,,,,False,,,0.0,,,0.0,,,0.0,,,0.0,,,0.0,,,0.0,,,1.0,,"법 제1조 제2항과 형사소송법 제326조 제4호가 적용된다(대법원 2022. 12. 22. 선고 2020도16420 전원합의체 판결 참조). 나. 원심은 그 판시와 같은 이유로, 이 사건 공소사실 중 도로교통법위반(무면허운전)의 점에 대하여 형사소송법 제326조 제4호의 ‘범죄 후의 법령 개폐로 형이 폐지되었을 때’에 해당한다고 보아 이유에서 이를 면소로 판단하였다. 원심판결 이유를 앞서 본 법리와 기록에 비추어 살펴보면, 원심의 설시",,,False,단순 음주운전 양형기준 시행(2023-07-01) 전 사건,,,,,,,,,0,0,0,선고형 자동추출 불일치; 병합·복수 죄명; 신뢰 가능한 양형이유 구간 없음; BAC 미추출,1
81,P01-0081,81,603395,특정범죄가중처벌등에관한법률위반(도주치상)·도로교통법위반(사고후미조치),2023노1354,20240822,2024-08-22,서울서부지법,400202,형사,400102,판결 : 상고,선고,*,usable,second,mixed,traffic,업무상과실치상,simple,guilty,appeal_dismissed,single,lower_court_maintained,TRUE,none,,"피고인이 차량을 운전하던 중 유턴 가능 구역이 아닌 곳에서 유턴을 하였는데, 甲이 피고인 차량 진행방향 전방의 횡단보도를 우측에서 좌측으로 오토바이를 운전하여 건너던 중 횡단보도가 끝날 무렵 좌회전을 하여 맞은편 도로의 3차로에 곧바로 진입한 후 약 40m를 달리다가, 유턴을 하면서 甲 앞으로 다가오는 피고인의 차량을 피하고자 급제동하면서 중심을 잃고 넘어졌으나, 피고인이 곧 정차하여 甲을 구호하는 등의 필요한 조치를 취하지 아니하고 그대로 도주하였다는 내용으로 기소된 사안에서, 피고인의 위와 같은 유턴 행위와 사고 사이에 상당인과관계가 있다고 본 원심판단을 수긍한 사례","피고인이 차량을 운전하던 중 유턴 가능 구역이 아닌 곳에서 유턴을 하였는데, 甲이 피고인 차량 진행방향 전방의 횡단보도를 우측에서 좌측으로 오토바이를 운전하여 건너던 중 횡단보도가 끝날 무렵 좌회전을 하여 맞은편 도로의 3차로에 곧바로 진입한 후 약 40m를 달리다가, 유턴을 하면서 甲 앞으로 다가오는 피고인의 차량을 피하고자 급제동하면서 중심을 잃고 넘어졌으나, 피고인이 곧 정차하여 甲을 구호하는 등의 필요한 조치를 취하지 아니하고 그대로 도주하였다는 내용으로 기소된 사안이다.
피고인이 사고 당시 전방의 차량 유턴 신호에 따라 피고인의 차량을 유턴하였다고 하더라도, 유턴 구역에 미치지 못한 중앙선 실선구간에서 1차로와 1차로 좌측에 설치된 유턴 전용 포켓 차로에 피고인의 차량이 비스듬히 걸쳐진 상태로 급하게 유턴을 한 이상, 피고인에게 과실이 없다고 볼 수는 없는 점, 피고인이 중앙선 실선구간에서 불법유턴을 하여 정상적으로 피고인의 차량을 유턴하였을 때보다 더 빨리 甲의 오토바이가 진행하던 맞은편 도로의 3차로로 진행하게 된 점, 위 사고는 피고인과 甲의 위와 같은 과실들이 경합하여 발생한 것으로 보이고, 비록 사고의 발생에 甲의 과실도 일부 영향을 미쳤다고 하더라도, 피고인의 업무상 주의의무가 전적으로 면제되지는 아니하는 점 등을 종합하면, 피고인의 위와 같은 유턴 행위와 사고 사이에 상당인과관계가 있다고 본 원심판단을 수긍한 사례이다.","형법 제268조, 특정범죄 가중처벌 등에 관한 법률 제5조의3 제1항 제2호, 도로교통법 제54조 제1항, 제148조",,"【피 고 인】 피고인
【항 소 인】 쌍방
【검 사】 김연주 외 1인
【변 호 인】 법무법인 대승 담당변호사 나상호
【원심판결】 서울서부지법 2023. 10. 12. 선고 2023고단1048 판결
【주 문】
피고인과 검사의 항소를 모두 기각한다.
【이 유】 1. 항소이유의 요지
가. 사실오인(피고인)
이 사건 사고는, 피고인이 적법하게 차량 유턴 신호에 따라 피고인 차량을 유턴하던 중 피해자가 신호를 위반하여 피고인 차량이 유턴하던 반대차로에서 직진을 하다가 피고인 차량을 뒤늦게 발견하고 놀라서 스스로 넘어져 발생한 것이므로, 피고인의 위와 같은 유턴 행위와 이 사건 사고 사이에는 상당인과관계가 없다. 그럼에도 불구하고 이 사건 각 공소사실을 모두 유죄로 인정한 원심판결에는 사실을 오인하여 판결에 영향을 미친 위법이 있다.
나. 양형부당(쌍방)
원심이 선고한 형(벌금 500만 원)에 관하여, 피고인은 너무 무거워서 부당하다고 주장하고, 검사는 너무 가벼워서 부당하다고 주장한다.
2. 사실오인 주장에 관한 판단
가. 원심의 판단
피고인은 원심에서도 같은 주장을 하였고, 이에 대하여 원심은 적법하게 채택하여 조사한 증거들에 의하여 인정되는 다음의 사실 및 사정들을 종합하여 보면, 피고인의 위와 같은 유턴 행위와 이 사건 사고 사이에 상당인과관계가 있다는 이유로, 피고인의 주장을 배척하였다. 
1) 피고인은 피고인 차량을 운전하여 서울 은평구 (주소 생략) 앞 편도 3차로를 불광시장 방면에서 역촌역 방면으로 진행하던 중 유턴을 하였는데, 그곳은 전방에 횡단보도와 신호등이 있고 횡단보도 직전의 1차로 좌측에 유턴 전용 포켓 차로가 설치되어 있었다. 피고인은 위 유턴 전용 포켓 차로에 피고인 차량을 완전히 진입시킨 다음 도로 중앙의 흰색 점선구간에서 유턴을 하여야 함에도 1차로와 위 유턴 전용 포켓 차로에 피고인 차량이 걸쳐진 상태에서 점선구간이 시작되기 전인 황색 실선구간에서 피고인 차량을 유턴하였다. 피해자는 피고인 차량의 진행방향 전방의 횡단보도를 우측에서 좌측으로 오토바이를 운전하여 건너던 중 횡단보도가 끝날 무렵 좌회전을 하여 맞은편 도로의 3차로에 곧바로 진입한 후 약 40m를 달리다가, 유턴을 하면서 피해자 앞으로 다가오는 피고인의 차량을 피하기 위하여 급제동하면서 중심을 잃고 넘어졌다. 위 사실관계에 비추어 보면, 피고인에게는 중앙선 실선구간에서 피고인 차량을 불법유턴한 과실이 인정된다.
2) 위와 같은 이 사건 사고 발생의 경위에 비추어 볼 때, 피고인의 위와 같은 과실과 피해자의 급제동으로 인한 이 사건 사고 및 피해자가 입은 상해 사이에는 상당인과관계가 인정되고, 설령 피해자에게 오토바이를 운전하여 횡단보도를 건너고 전방주시의무를 제대로 하지 않는 등의 과실이 있다고 하더라도 위 상당인과관계의 인정에 방해가 되지 않는다. 
나. 당심의 판단
원심의 이러한 판단에다가, 원심이 적법하게 채택하여 조사한 증거들에 의하여 인정되는 다음의 사정들, 즉 ① 피고인이 이 사건 사고 당시 전방의 차량 유턴 신호에 따라 피고인 차량을 유턴하였다고 하더라도, 유턴 구역에 미치지 못한 중앙선 실선구간에서 1차로와 위 유턴 전용 포켓 차로에 피고인 차량이 비스듬히 걸쳐진 상태로 급하게 유턴을 한 이상, 피고인에게 과실이 없다고 볼 수는 없는 점, ② 피고인이 중앙선 실선구간에서 불법유턴을 함에 따라, 정상적으로 피고인 차량을 유턴하였을 때보다 더 빨리 피해자의 오토바이가 진행하던 맞은편 도로의 3차로로 진행하게 된 점, ③ 이 사건 사고는 피고인과 피해자의 위와 같은 과실들이 경합하여 발생한 것으로 보이고, 비록 이 사건 사고의 발생에 피해자의 과실도 일부 영향을 미쳤다고 하더라도, 피고인의 업무상 주의의무가 전적으로 면제되지는 아니하는 점 등을 보태어 보면, 위와 같은 원심의 판단은 정당한 것으로 수긍이 되므로, 이러한 원심판결에 사실을 오인하여 판결에 영향을 미친 위법이 있다고 할 수 없다. 피고인의 사실오인 주장은 이유 없다.
3. 양형부당 주장에 관한 판단
피고인과 검사의 양형부당 주장을 함께 본다.
제1심과 비교하여 양형 조건에 변화가 없고, 제1심 양형이 재량의 합리적인 범위를 벗어나지 아니하는 경우에는 이를 존중함이 타당하다(대법원 2015. 7. 23. 선고 2015도3260 전원합의체 판결 참조).
위와 같은 법리를 기초로 살피건대, 원심은 그 판시와 같은 여러 정상을 종합하여 피고인에 대하여 위와 같은 형을 선고하였는데, 원심이 든 사정 이외에 당심에서 원심 형량을 변경할 만한 새로운 사정을 찾을 수 없고, 그 밖에 이 사건 사고의 발생 경위, 피고인의 범죄전력, 나이, 성행, 환경, 범행 동기와 수단, 범행 후 정황 등 이 사건 변론에 나타난 모든 양형요소를 참작하여 보더라도 원심의 양형이 너무 무겁거나 가벼워서 재량의 합리적인 범위를 벗어났다고 보이지 않는다. 피고인과 검사의 양형부당 주장도 모두 이유 없다.
4. 결론
그렇다면 피고인과 검사의 항소는 모두 이유 없으므로, 형사소송법 제364조 제4항에 따라 이를 모두 기각하기로 하여 주문과 같이 판결한다.
판사 이현우(재판장) 임기환 이주현",C:\Users\jeff4\OneDrive - 엔시스코리아\personal\school\3\여름\DSL\EDA\data/source/criminal_sentencing_cases_2015_2026\raw\law_api\body\603395.xml,2026-07-07T05:42:49.086239+00:00,lawfirm,fine,Guilty,False,True,True,5,hit_run_injury,False,2023.0,2024,피고인과 검사의 항소를 모두 기각한다.,,tagged_sentencing_reason,1,,,unknown,,,,0,,1,0,0,fine,,5000000.0,full_text,85.0,False,"차량을 뒤늦게 발견하고 놀라서 스스로 넘어져 발생한 것이므로, 피고인의 위와 같은 유턴 행위와 이 사건 사고 사이에는 상당인과관계가 없다. 그럼에도 불구하고 이 사건 각 공소사실을 모두 유죄로 인정한 원심판결에는 사실을 오인하여 판결에 영향을 미친 위법이 있다. 나. 양형부당(쌍방) 원심이 선고한 형(벌금 500만 원)에 관하여, 피고인은 너무 무거워서 부당하다고 주장하고, 검사는 너무 가벼워서 부당하다고 주장한다. 2. 사실오인 주장에 관한 판단 가. 원심의 판단 피고인은 원심에서도 같은 주장을 하였고, 이에 대하여 원심은 적법하게 채택하여 조사한 증거들에 의하여 인정되는 다음의 사실 및 사정들을 종합하여 보면,","[{""kind"": ""fine"", ""months"": NaN, ""fine_won"": 5000000.0, ""region"": ""full_text"", ""score"": 85.0, ""snippet"": ""차량을 뒤늦게 발견하고 놀라서 스스로 넘어져 발생한 것이므로, 피고인의 위와 같은 유턴 행위와 이 사건 사고 사이에는 상당인과관계가 없다. 그럼에도 불구하고 이 사건 각 공소사실을 모두 유죄로 인정한 원심판결에는 사실을 오인하여 판결에 영향을 미친 위법이 있다. 나. 양형부당(쌍방) 원심이 선고한 형(벌금 500만 원)에 관하여, 피고인은 너무 무거워서 부당하다고 주장하고, 검사는 너무 가벼워서 부당하다고 주장한다. 2. 사실""}]",0.0,0.0,,0.0,0.0,,0.0,0.0,,0.0,0.0,,0.0,0.0,,0.0,0.0,,0.0,0.0,,2023,hit_run_injury,True,사건번호의 연도를 공소연도 대용치로 사용; 시행월 경계사건은 검수 필요,10.0,30.0,,,,0.0,,0.0,1,1,1,병합·복수 죄명; 상해기간 미추출,1
2504,P04-0134,134,239383,특정범죄가중처벌등에관한법률위반(도주치사)·특정범죄가중처벌등에관한법률위반(어린이보호구역치사)·특정범죄가중처벌등에관한법률위반(위험운전치사)·도로교통법위반(음주운전),2023노1673,20231124,2023-11-24,서울고법,400202,형사,400102,판결 : 상고,선고,*,usable,second,facts_sentencing,traffic,특정범죄가중처벌등에관한법률(,multiple_charges,mixed,appeal_dismissed,single,lower_court_maintained,T,none,,"자동차 운전자인 피고인이 음주의 영향으로 정상적인 운전이 곤란한 상태에서 어린이 보호구역인 초등학교 후문 교차로에서 안전운전의무를 위반한 업무상과실로 어린이(9세)인 피해자 甲을 자동차로 충격 후 역과하여 甲을 사망에 이르게 하였다는 내용의 특정범죄 가중처벌 등에 관한 법률 위반(위험운전치사) 및 같은 법 위반(어린이보호구역치사) 공소사실이 유죄로 인정된 후 그 죄수관계가 문제 된 사안에서, 피고인의 행위는 1개의 운전행위로 한 번의 교통사고를 내어 1명의 피해자를 사망에 이르게 한 경우로서, 같은 법 위반(위험운전치사)죄와 같은 법 위반(어린이보호구역치사)죄가 각각 성립하고, 위 각 죄는 상상적 경합관계에 있다고 한 사례","자동차 운전자인 피고인이 음주의 영향으로 정상적인 운전이 곤란한 상태에서 어린이 보호구역인 초등학교 후문 교차로에서 안전운전의무를 위반한 업무상과실로 어린이(9세)인 피해자 甲을 자동차로 충격 후 역과하여 甲을 사망에 이르게 하였다는 내용의 특정범죄 가중처벌 등에 관한 법률(이하 ‘특정범죄가중법’이라 한다) 위반(위험운전치사) 및 특정범죄가중법 위반(어린이보호구역치사) 공소사실이 유죄로 인정된 후 그 죄수관계가 문제 된 사안이다. 
피고인의 행위는 1개의 운전행위로 한 번의 교통사고를 내어 1명의 피해자를 사망에 이르게 한 경우인데, ① 신호위반, 음주·무면허운전, 어린이 보호구역에서의 안전운전의무 위반 등 운전자의 여러 종류의 과실이 경합하여 하나의 교통사고를 낸 경우 하나의 교통사고처리 특례법 위반죄가 성립하고 각 과실마다 별개의 죄가 성립하지는 않으며, 또한 1개의 운전행위로 한 번의 교통사고를 내어 여러 명의 피해자를 사상한 경우 각 피해자별로 교통사고처리 특례법 위반죄가 성립하되 하나의 행위로 인한 것으로서 상상적 경합의 관계에 있는 점, ② 특정범죄가중법 제5조의11은 주취 상태에서 자동차를 운전하여 교통사고를 낸 경우 형법 제268조 업무상과실치사상죄의 특례를 규정하여 가중처벌하기 위한 것이고, 특정범죄가중법 제5조의13 역시 그 문언(어린이 보호구역에서 어린이에게 교통사고처리 특례법 제3조 제1항의 죄를 범한 경우 다음 각호의 구분에 따라 ‘가중처벌한다.’고 정한다)과 입법 취지에 비추어 어린이 보호구역에서 안전운전의무 위반으로 인한 업무상과실치사상죄를 가중처벌하는 특례 규정으로 이해되며, 모두 피해자의 생명·신체의 안전을 보호법익으로 하는 점, ③ 특정범죄가중법 위반(위험운전치사)죄와 특정범죄가중법 위반(어린이보호구역치사)죄는 법정형이 모두 ‘무기 또는 3년 이상의 징역’이고, 어느 하나의 가벌성이 다른 것에 포함되는 것으로 평가되지 않는 점 등을 종합하면, 이처럼 1개의 운전행위로 1명의 피해자를 사망에 이르게 한 경우 특정범죄가중법 위반(위험운전치사)죄와 특정범죄가중법 위반(어린이보호구역치사)죄가 각각 성립하되, 이는 하나의 행위가 여러 개의 죄에 해당하는 경우로서 형법 제40조의 상상적 경합관계에 있다는 이유로, 이와 달리 위 각 죄가 실체적 경합관계에 있다고 본 제1심판결에 죄수 판단에 관한 법리오해의 잘못이 있다고 한 사례이다.","특정범죄 가중처벌 등에 관한 법률 제5조의11 제1항, 제5조의13 제1호, 교통사고처리 특례법 제3조 제1항, 도로교통법 제12조 제3항, 형법 제40조, 제268조",,"【피 고 인】 피고인
【항 소 인】 쌍방
【검 사】 권재호 외 1인
【변 호 인】 법무법인(유한) 태평양 담당변호사 노영보 외 2인
【원심판결】 서울중앙지법 2023. 5. 31. 선고 2022고합1067 판결
【주 문】
원심판결 중 유죄 부분을 파기한다.
피고인을 징역 5년에 처한다.
원심판결 중 무죄 부분에 대한 검사의 항소를 기각한다.
【이 유】 1. 항소이유의 요지
가. 피고인(양형부당)
원심의 형(징역 7년)은 너무 무거워서 부당하다.
나. 검사
1) 사실오인 및 법리오해(무죄 부분)
피고인에게 도주의 범의가 있었다고 인정할 수 있음에도 「특정범죄 가중처벌 등에 관한 법률」 위반(도주치사)의 점을 무죄로 인정한 원심판결에는 사실오인 및 법리오해의 잘못이 있다.
2) 양형부당
원심의 형은 너무 가벼워서 부당하다.
2. 검사의 사실오인 및 법리오해 주장에 대한 판단 
가. 이 부분 공소사실의 요지
피고인은 원심 판시 범죄사실 제1항과 같이 이 사건 차량을 운전하여 피해자를 충격 후 역과하였음에도 불구하고 즉시 정차하여 피해자를 구호하는 등의 조치를 취하지 아니하고 그대로 진행하여 피고인의 주거지인 서울 강남구 (주소 생략) 건물 주차장까지 도주하여 피해자로 하여금 같은 날 18:14경 강남세브란스병원에서 사망에 이르게 하였다.
나. 원심의 판단(무죄)
원심은, ① 피고인이 이 사건 사고 현장으로부터 직선거리로 불과 16~21m 거리에 위치한 피고인의 주거지 내 주차장에 이 사건 차량을 주차하고 즉시 사고 현장으로 돌아온 점, ② 이 사건 사고 직후 피고인의 반응 및 태도, ③ 피고인이 현장을 이탈하여 이동한 거리(20~30m)와 이동에 소요된 시간(약 9초), ④ 피고인이 사고 현장에 돌아온 직후 주변에 있었던 사람들에게 자신이 사고를 낸 운전자라는 사실을 밝히고 인적사항 등을 알린 점, ⑤ 피고인이 소극적으로나마 피해자의 구호조치에 임하였고 현행범인으로 체포되기 전까지 계속 피해자의 주변에서 자리를 지키고 있었던 점 등 판시와 같은 이유로, 피고인이 도주의 범의로 사고 현장을 이탈하여 이 사건 주차장에 진입하였다는 점이 합리적 의심의 여지 없이 증명되었다고 보기 어렵다고 판단하였다. 
다. 당심의 판단(무죄)
원심이 적법하게 채택·조사한 증거(특히 사고현장의 CCTV 영상 및 이 사건 차량의 블랙박스 영상)에 비추어 보면, 이러한 원심의 판단은 정당하고 여기에 검사의 주장과 같은 사실오인 및 법리오해의 잘못이 없다. 검사의 이 부분 주장은 받아들이지 않는다.
3. 죄수에 대한 직권 판단
피고인은 음주의 영향으로 정상적인 운전이 곤란한 상태에서 어린이 보호구역을 운전하다가 안전운전의무를 위반하여 어린이인 피해자를 사망에 이르게 하였으므로, 피고인의 행위는 특정범죄가중법 위반(위험운전치사)죄와 특정범죄가중법 위반(어린이보호구역치사)죄의 구성요건에 각각 해당한다. 
그런데 ① 피고인의 행위는 1개의 운전행위로 한 번의 교통사고를 내어 1명의 피해자를 사망에 이르게 한 것이다. ② 신호위반, 음주·무면허운전, 어린이 보호구역에서의 안전운전의무 위반 등 운전자의 여러 종류의 과실이 경합하여 하나의 교통사고를 낸 경우 하나의 「교통사고처리 특례법」위반죄가 성립하고 각 과실마다 별개의 죄가 성립하지는 않는다(대법원 2008. 12. 11. 선고 2008도9182 판결). 또한 1개의 운전행위로 한 번의 교통사고를 내어 여러 명의 피해자를 사상한 경우 각 피해자별로 「교통사고처리 특례법」위반죄가 성립하되, 이는 하나의 행위로 인한 것으로서 상상적 경합의 관계에 있다(대법원 1972. 10. 31. 선고 72도2001 판결). ③ 특정범죄가중법 제5조의11은 주취 상태에서 자동차를 운전하여 교통사고를 낸 경우 형법 제268조 업무상과실치사상죄의 특례를 규정하여 가중처벌하기 위한 것이고(대법원 2008. 12. 11. 선고 2008도9182 판결), 특정범죄가중법 제5조의13 역시 그 문언(어린이 보호구역에서 어린이에게 「교통사고처리 특례법」 제3조 제1항의 죄를 범한 경우 다음 각호의 구분에 따라 ‘가중처벌한다.’고 정한다)과 입법 취지에 비추어 볼 때 어린이 보호구역에서 안전운전의무 위반으로 인한 업무상과실치사상죄를 가중처벌하는 특례 규정으로 이해되며, 모두 피해자의 생명·신체의 안전을 보호법익으로 한다. ④ 특정범죄가중법 위반(위험운전치사)죄와 특정범죄가중법 위반(어린이보호구역치사)죄는 법정형이 모두 ‘무기 또는 3년 이상의 징역’이고, 어느 하나의 가벌성이 다른 것에 포함되는 것으로 평가되지는 않는다.
이러한 점을 모두 고려하면, 이 사건과 같이 1개의 운전행위로 1명의 피해자를 사망에 이르게 한 경우 특정범죄가중법 위반(위험운전치사)죄와 특정범죄가중법 위반(어린이보호구역치사)죄가 각각 성립하되, 이는 하나의 행위가 여러 개의 죄에 해당하는 경우로서 형법 제40조의 상상적 경합관계에 있다고 보아야 한다.
그런데도 원심은 위 각 죄가 실체적 경합관계에 있다고 판단하였고 이로 인하여 처단형의 범위를 잘못 산정하였으므로, 원심판결에는 죄수 판단에 관한 법리를 오해하여 판결에 영향을 미친 잘못이 있다.
4. 결론
원심판결의 유죄 부분에는 직권파기 사유가 있으므로, 쌍방의 양형부당 주장에 관한 판단을 생략한 채 형사소송법 제364조 제2항에 따라 원심판결 중 유죄 부분을 파기하고 변론을 거쳐 다시 다음과 같이 판결하며, 원심판결 중 무죄 부분에 대한 검사의 항소는 이유 없으므로 형사소송법 제364조 제4항에 따라 이를 기각한다.
【유죄 부분에 관하여 다시 쓰는 판결 이유】【범죄사실 및 증거의 요지】 이 법원이 인정하는 범죄사실과 그에 대한 증거의 요지는 원심판결의 각 해당란에 기재되어 있는 바와 같으므로, 형사소송법 제369조에 의하여 이를 그대로 인용한다.
【법령의 적용】 1. 범죄사실에 대한 해당법조
특정범죄가중법 제5조의11 제1항(위험운전치사의 점), 특정범죄가중법 제5조의13 제1호, 도로교통법 제12조 제3항, 제1항, 「교통사고처리 특례법」 제3조 제1항, 형법 제268조(어린이보호구역치사의 점), 도로교통법 제148조의2 제3항 제2호, 제44조 제1항(음주운전의 점)
1. 상상적 경합 
형법 제40조, 제50조[특정범죄가중법 위반(위험운전치사)죄와 특정범죄가중법 위반(어린이보호구역치사)죄 상호 간, 죄질이 더 무거운 특정범죄가중법 위반(위험운전치사)죄에 정한 형으로 처벌]
1. 형의 선택
특정범죄가중법 위반(위험운전치사)죄에 대하여 유기징역형을, 도로교통법 위반(음주운전)죄에 대하여 징역형을 각 선택
1. 경합범가중
형법 제37조 전단, 제38조 제1항 제2호, 제50조[형이 더 무거운 특정범죄가중법 위반(위험운전치사)죄에 대하여 정한 형에 경합범 가중(위 두 죄의 장기형을 합산한 범위 내에서)] 
【양형의 이유】 1. 법률상 처단형의 범위: 징역 3년~32년
2. 양형기준에 따른 권고형의 범위: 판시 범죄사실 제1항은 상상적 경합관계에 있고, 양형기준은 상상적 경합범에 대하여 별도의 처리방식을 제시하고 있지 않다. 참고로 과형상 1죄를 기준으로 권고형의 범위를 살펴본다.
가. 제1범죄[특정범죄 가중처벌 등에 관한 법률 위반(위험운전치사)]
[유형의 결정] 교통범죄 〉 02. 위험운전 교통사고 〉 [제2유형] 위험운전 치사
[특별양형인자] 없음
[권고영역 및 권고형의 범위] 기본영역, 징역 2년~5년
나. 제2범죄[도로교통법 위반(음주운전)]: 양형기준 미설정
다. 다수범죄 처리기준에 따른 권고형의 범위: 징역 2년 이상(양형기준이 설정된 범죄와 양형기준이 설정되지 아니한 범죄가 형법 제37조 전단의 경합범 관계에 있으므로, 양형기준이 설정된 범죄의 권고형량 범위의 하한만을 준수함)
라. 처단형에 따라 수정된 권고형의 범위: 징역 3년 이상(양형기준에서 권고하는 형량범위의 하한이 법률상 처단형의 하한과 불일치하는 경우이므로 법률상 처단형의 하한에 따름)
3. 선고형의 결정: 징역 5년
이 사건 사고가 발생한 교차로는 초등학교 후문 바로 앞에 있어 어린이의 통행이 빈번한 도로로, 신호등이나 차도와 구분되는 인도가 설치되어 있지 않아 운전자의 주의가 더욱 요구되는 곳이다. 피고인은 사고 발생 장소 근처에 거주하면서 위 교차로를 자주 통행하여 이러한 사실을 잘 알고 있었다. 그럼에도 혈중알코올농도 0.128%의 주취 상태에서 차량을 운전하여 그곳을 진행하다가 그 앞을 걸어가던 9세의 피해자를 충격하여 사망에 이르게 하였다. 피고인은 피해자가 이 사건 차량 앞을 가로질러 걸어가는 것을 보고도 피해자가 있는 방향으로 위험하게 좌회전을 하여 피해자를 충격하고 2회에 걸쳐 피해자를 역과하였다. 피고인은 이 사건 사고 후 즉시 정차하여 필요한 조치를 하지 않고 사고 현장 앞 주거지에 주차를 한 뒤 현장에 돌아왔는데, 비록 짧은 시간이지만 피고인이 현장을 이탈한 사이 피해자에게 2차 사고가 발생할 가능성도 있었다. 
피해자는 이 사건 차량이 교차로 앞에서 감속한 것을 확인하고 안심하면서 교차로를 건너간 것으로 보이는데, 결과적으로 끔찍한 사고를 당하여 병원에 도착하기도 전에 생명을 잃었다. 어린 아들이 낮에 초등학교 앞에서 음주운전 차량에 치어 사망하는 사고를 겪은 피해자의 유족들은 헤아릴 수 없는 충격과 고통, 슬픔에 시달리고 있고, 이 사건과 같은 음주운전 사고가 더 이상 반복되지 않기를 누구보다 더 간절히 바라면서 피고인에 대한 엄벌을 탄원하고 있다. 
이 사건 이전부터 음주운전을 근절하기 위해 처벌을 강화하여야 한다는 점에 대하여 사회적 공감대가 형성되어 왔고 그러한 방향으로 법이 개정되어 왔다. 건전한 상식을 가진 평균적 사회인이라면 음주운전의 위험성과 사회적 해악을 충분히 알 수 있음에도 음주운전 사고가 여전히 발생하고 있다. 이는 운전이나 음주가 그 자체로 일상적인 행위이고, 특별히 범죄전력이 있는 사람이 아니어도 ‘술을 마셨지만 조심해서 운전하면 사고가 발생하지 않을 것이다.’는 안일하고 어리석은 생각으로 음주운전의 유혹에 빠질 수 있기 때문이다. 피고인도 이 사건 이전까지 아무런 범죄전력 없이 사업체를 운영하며 성실한 사회구성원으로 지내 오던 평범한 가장이었다. 피고인은 평소와 같이 집에서 술을 곁들여 점심식사를 하고 낮잠을 자던 중 자녀가 갑자기 학원에 데려다 달라며 깨우자 운전대를 잡았다. 피고인은 술을 마신 지 2시간가량 지났고 잠도 잤으며 거리가 가까워 괜찮을 것이라고 생각하였던 것으로 보인다. 피고인이 자신의 자녀를 태우고 운전하였고 사고 전까지는 좁은 골목길을 비교적 정상적으로 운전하였던 점은 인정되나, 앞서 본 사고 경위나 사고 후 정황, 피고인의 혈중알코올농도에 비추어 이 사건 사고는 음주로 인해 피고인의 판단력, 주의력, 조절능력이 저하되어 야기된 것으로 볼 수밖에 없다(교차로에 이르러 감속한 피고인이 정면에서 걸어가는 피해자를 보고서도 피해자에 그렇게 근접하여 좌회전을 할 어떤 이유도 찾을 수 없다). 이처럼 음주운전은 운전자가 본인의 생각이나 예상과 달리 스스로를 통제할 수 없고 그 결과 다른 사람의 사상이라는 중대한 결과를 야기할 수 있다는 점에서 매우 위험한 행위이다. 이러한 점에서 어린이 보호구역에서 음주운전 사고를 일으킨 피고인을 엄히 처벌하여 우리 사회에서 음주운전을 근절할 필요가 크다. 
한편 이러한 일반예방의 필요성을 충분히 고려하더라도, 양형은 피고인 개인의 죄책에 부합하는 합리적인 범위 내의 것이어야 한다. 음주운전에 대한 경각심을 높이기 위하여 특정범죄가중법 제5조의11이 2018. 12. 18. 개정되어 법정형이 상향되었고(치사의 경우 법정형이 ‘1년 이상의 유기징역’에서 ‘무기 또는 3년 이상의 징역’으로 변경되었다), 이에 ‘위험운전 교통사고’에 대한 양형기준이 마련되어 2020. 7. 1.부터 시행되었는데, 위험운전 치사 범죄의 권고형의 범위는 기본영역이 2~5년이다. 또한 어린이 보호구역에서 교통사고를 일으킨 행위를 가중처벌하기 위해 2019. 12. 24. 특정범죄가중법 제5조의13이 신설되었고 ‘어린이 교통사고’에 대한 양형기준이 마련되어 2023. 7. 1.부터 시행되었는데, 어린이 보호구역 치사 범죄의 권고형의 범위는 기본영역이 2~5년이다. 피고인에게 위 각 양형기준상 권고형의 범위를 상향할 특별양형인자는 존재하지 않고, 일반양형인자 중 가중요소(어린이 보호구역 안전운전의무 위반 등 「교통사고처리 특례법」 제3조 제2항 단서 사유의 존재)가 있지만, 감경요소(종합보험, 반성, 초범)도 여럿 존재한다. 어린이 교통사고에 대한 양형기준은 그 양형기준 시행 전에 기소된 이 사건에 적용되지는 않지만, 이러한 양형기준들이 최근 법이 개정된 취지(처벌 강화)를 고려하고 종전의 양형례뿐만 아니라 우리 사회 각계의 의견을 청취하여 국민의 건전한 인식을 반영한 규범적 조정을 거쳐 새롭게 마련되었다는 점에서, 위 각 권고형의 범위를 이 사건의 양형에 참고할 필요가 있다. 
피고인은 범죄 전력이 없는 초범이고, 이 사건 차량은 종합보험에 가입되어 있다. 한편 피고인은 사죄의 뜻을 밝히며 피해자의 유족에게 상당한 금액을 공탁하였다(원심에서 3억 5,000만 원을 공탁하고 당심에서도 1억 5,000만 원을 추가로 공탁하였다). 그런데 피해자의 일실수입 등 손해는 위 공탁금이 아니더라도 종합보험을 통해 상당 부분 보전될 것으로 보이고, 유족이 공탁금 수령 의사가 없음을 강하게 밝히며 피고인의 엄벌을 탄원하고 있는 이상 재산범죄도 아닌 이 사건에 있어 위 공탁 사실은 양형에 매우 제한적으로 고려할 수밖에 없다. 피고인은 순간의 잘못된 판단으로 피해자와 유족들에게 돌이킬 수 없는 피해를 입혔고 결과적으로 그들뿐만 아니라 본인과 자신의 가족들의 삶까지도 망쳐놓았는바, 자신의 잘못된 행동을 뼈저리게 후회하면서 반성하고 있음은 분명해 보인다. 피고인의 가족과 지인이 선처를 탄원하는 등 사회적 유대관계가 견고하고, 피고인의 범죄전력 등을 고려할 때 재범의 위험성이 낮다고 보인다. 피고인은 현재 혈액암으로 투병 중이고 구금기간 중 체중이 급격히 감소하는 등 건강상태가 나빠진 것으로 보인다. 
이상과 같은 이 사건 범행의 동기, 경위, 결과, 범죄 후 정황, 피해자 유족의 의사, 음주운전에 대한 처벌의 필요성과 처단형 및 양형기준을 비롯하여 피고인의 나이, 가족관계, 환경, 성행 등 이 사건 기록에 나타난 여러 양형조건을 모두 참작하여, 주문과 같이 형을 정한다. 
판사 이규홍(재판장) 이지영 김슬기",C:\Users\jeff4\OneDrive - 엔시스코리아\personal\school\3\여름\DSL\EDA\data/source/criminal_sentencing_cases_2015_2026\raw\law_api\body\239383.xml,2026-07-07T05:42:49.086239+00:00,lawfirm,imprisonment,Guilty,True,False,True,10,drunk_driving,False,2023.0,2023,원심판결 중 유죄 부분을 파기한다. 피고인을 징역 5년에 처한다. 원심판결 중 무죄 부분에 대한 검사의 항소를 기각한다.,"1. 법률상 처단형의 범위: 징역 3년~32년 2. 양형기준에 따른 권고형의 범위: 판시 범죄사실 제1항은 상상적 경합관계에 있고, 양형기준은 상상적 경합범에 대하여 별도의 처리방식을 제시하고 있지 않다. 참고로 과형상 1죄를 기준으로 권고형의 범위를 살펴본다. 가. 제1범죄[특정범죄 가중처벌 등에 관한 법률 위반(위험운전치사)] [유형의 결정] 교통범죄 〉 02. 위험운전 교통사고 〉 [제2유형] 위험운전 치사 [특별양형인자] 없음 [권고영역 및 권고형의 범위] 기본영역, 징역 2년~5년 나. 제2범죄[도로교통법 위반(음주운전)]: 양형기준 미설정 다. 다수범죄 처리기준에 따른 권고형의 범위: 징역 2년 이상(양형기준이 설정된 범죄와 양형기준이 설정되지 아니한 범죄가 형법 제37조 전단의 경합범 관계에 있으므로, 양형기준이 설정된 범죄의 권고형량 범위의 하한만을 준수함) 라. 처단형에 따라 수정된 권고형의 범위: 징역 3년 이상(양형기준에서 권고하는 형량범위의 하한이 법률상 처단형의 하한과 불일치하는 경우이므로 법률상 처단형의 하한에 따름) 3. 선고형의 결정: 징역 5년 이 사건 사고가 발생한 교차로는 초등학교 후문 바로 앞에 있어 어린이의 통행이 빈번한 도로로, 신호등이나 차도와 구분되는 인도가 설치되어 있지 않아 운전자의 주의가 더욱 요구되는 곳이다. 피고인은 사고 발생 장소 근처에 거주하면서 위 교차로를 자주 통행하여 이러한 사실을 잘 알고 있었다. 그럼에도 혈중알코올농도 0.128%의 주취 상태에서 차량을 운전하여 그곳을 진행하다가 그 앞을 걸어가던 9세의 피해자를 충격하여 사망에 이르게 하였다. 피고인은 피해자가 이 사건 차량 앞을 가로질러 걸어가는 것을 보고도 피해자가 있는 방향으로 위험하게 좌회전을 하여 피해자를 충격하고 2회에 걸쳐 피해자를 역과하였다. 피고인은 이 사건 사고 후 즉시 정차하여 필요한 조치를 하지 않고 사고 현장 앞 주거지에 주차를 한 뒤 현장에 돌아왔는데, 비록 짧은 시간이지만 피고인이 현장을 이탈한 사이 피해자에게 2차 사고가 발생할 가능성도 있었다. 피해자는 이 사건 차량이 교차로 앞에서 감속한 것을 확인하고 안심하면서 교차로를 건너간 것으로 보이는데, 결과적으로 끔찍한 사고를 당하여 병원에 도착하기도 전에 생명을 잃었다. 어린 아들이 낮에 초등학교 앞에서 음주운전 차량에 치어 사망하는 사고를 겪은 피해자의 유족들은 헤아릴 수 없는 충격과 고통, 슬픔에 시달리고 있고, 이 사건과 같은 음주운전 사고가 더 이상 반복되지 않기를 누구보다 더 간절히 바라면서 피고인에 대한 엄벌을 탄원하고 있다. 이 사건 이전부터 음주운전을 근절하기 위해 처벌을 강화하여야 한다는 점에 대하여 사회적 공감대가 형성되어 왔고 그러한 방향으로 법이 개정되어 왔다. 건전한 상식을 가진 평균적 사회인이라면 음주운전의 위험성과 사회적 해악을 충분히 알 수 있음에도 음주운전 사고가 여전히 발생하고 있다. 이는 운전이나 음주가 그 자체로 일상적인 행위이고, 특별히 범죄전력이 있는 사람이 아니어도 ‘술을 마셨지만 조심해서 운전하면 사고가 발생하지 않을 것이다.’는 안일하고 어리석은 생각으로 음주운전의 유혹에 빠질 수 있기 때문이다. 피고인도 이 사건 이전까지 아무런 범죄전력 없이 사업체를 운영하며 성실한 사회구성원으로 지내 오던 평범한 가장이었다. 피고인은 평소와 같이 집에서 술을 곁들여 점심식사를 하고 낮잠을 자던 중 자녀가 갑자기 학원에 데려다 달라며 깨우자 운전대를 잡았다. 피고인은 술을 마신 지 2시간가량 지났고 잠도 잤으며 거리가 가까워 괜찮을 것이라고 생각하였던 것으로 보인다. 피고인이 자신의 자녀를 태우고 운전하였고 사고 전까지는 좁은 골목길을 비교적 정상적으로 운전하였던 점은 인정되나, 앞서 본 사고 경위나 사고 후 정황, 피고인의 혈중알코올농도에 비추어 이 사건 사고는 음주로 인해 피고인의 판단력, 주의력, 조절능력이 저하되어 야기된 것으로 볼 수밖에 없다(교차로에 이르러 감속한 피고인이 정면에서 걸어가는 피해자를 보고서도 피해자에 그렇게 근접하여 좌회전을 할 어떤 이유도 찾을 수 없다). 이처럼 음주운전은 운전자가 본인의 생각이나 예상과 달리 스스로를 통제할 수 없고 그 결과 다른 사람의 사상이라는 중대한 결과를 야기할 수 있다는 점에서 매우 위험한 행위이다. 이러한 점에서 어린이 보호구역에서 음주운전 사고를 일으킨 피고인을 엄히 처벌하여 우리 사회에서 음주운전을 근절할 필요가 크다. 한편 이러한 일반예방의 필요성을 충분히 고려하더라도, 양형은 피고인 개인의 죄책에 부합하는 합리적인 범위 내의 것이어야 한다. 음주운전에 대한 경각심을 높이기 위하여 특정범죄가중법 제5조의11이 2018. 12. 18. 개정되어 법정형이 상향되었고(치사의 경우 법정형이 ‘1년 이상의 유기징역’에서 ‘무기 또는 3년 이상의 징역’으로 변경되었다), 이에 ‘위험운전 교통사고’에 대한 양형기준이 마련되어 2020. 7. 1.부터 시행되었는데, 위험운전 치사 범죄의 권고형의 범위는 기본영역이 2~5년이다. 또한 어린이 보호구역에서 교통사고를 일으킨 행위를 가중처벌하기 위해 2019. 12. 24. 특정범죄가중법 제5조의13이 신설되었고 ‘어린이 교통사고’에 대한 양형기준이 마련되어 2023. 7. 1.부터 시행되었는데, 어린이 보호구역 치사 범죄의 권고형의 범위는 기본영역이 2~5년이다. 피고인에게 위 각 양형기준상 권고형의 범위를 상향할 특별양형인자는 존재하지 않고, 일반양형인자 중 가중요소(어린이 보호구역 안전운전의무 위반 등 「교통사고처리 특례법」 제3조 제2항 단서 사유의 존재)가 있지만, 감경요소(종합보험, 반성, 초범)도 여럿 존재한다. 어린이 교통사고에 대한 양형기준은 그 양형기준 시행 전에 기소된 이 사건에 적용되지는 않지만, 이러한 양형기준들이 최근 법이 개정된 취지(처벌 강화)를 고려하고 종전의 양형례뿐만 아니라 우리 사회 각계의 의견을 청취하여 국민의 건전한 인식을 반영한 규범적 조정을 거쳐 새롭게 마련되었다는 점에서, 위 각 권고형의 범위를 이 사건의 양형에 참고할 필요가 있다. 피고인은 범죄 전력이 없는 초범이고, 이 사건 차량은 종합보험에 가입되어 있다. 한편 피고인은 사죄의 뜻을 밝히며 피해자의 유족에게 상당한 금액을 공탁하였다(원심에서 3억 5,000만 원을 공탁하고 당심에서도 1억 5,000만 원을 추가로 공탁하였다). 그런데 피해자의 일실수입 등 손해는 위 공탁금이 아니더라도 종합보험을 통해 상당 부분 보전될 것으로 보이고, 유족이 공탁금 수령 의사가 없음을 강하게 밝히며 피고인의 엄벌을 탄원하고 있는 이상 재산범죄도 아닌 이 사건에 있어 위 공탁 사실은 양형에 매우 제한적으로 고려할 수밖에 없다. 피고인은 순간의 잘못된 판단으로 피해자와 유족들에게 돌이킬 수 없는 피해를 입혔고 결과적으로 그들뿐만 아니라 본인과 자신의 가족들의 삶까지도 망쳐놓았는바, 자신의 잘못된 행동을 뼈저리게 후회하면서 반성하고 있음은 분명해 보인다. 피고인의 가족과 지인이 선처를 탄원하는 등 사회적 유대관계가 견고하고, 피고인의 범죄전력 등을 고려할 때 재범의 위험성이 낮다고 보인다. 피고인은 현재 혈액암으로 투병 중이고 구금기간 중 체중이 급격히 감소하는 등 건강상태가 나빠진 것으로 보인다. 이상과 같은 이 사건 범행의 동기, 경위, 결과, 범죄 후 정황, 피해자 유족의 의사, 음주운전에 대한 처벌의 필요성과 처단형 및 양형기준을 비롯하여 피고인의 나이, 가족관계, 환경, 성행 등 이 사건 기록에 나타난 여러 양형조건을 모두 참작하여, 주문과 같이 형을 정한다. 판사 이규홍(재판장) 이지영 김슬기",sentencing_section,1,0.128,0.128,BAC_0.08_to_0.20,"5년 이 사건 사고가 발생한 교차로는 초등학교 후문 바로 앞에 있어 어린이의 통행이 빈번한 도로로, 신호등이나 차도와 구분되는 인도가 설치되어 있지 않아 운전자의 주의가 더욱 요구되는 곳이다. 피고인은 사고 발생 장소 근처에 거주하면서 위 교차로를 자주 통행하여 이러한 사실을 잘 알고 있었다. 그럼에도 혈중알코올농도 0.128%의 주취 상태에서 차량을 운전하여 그곳을 진행하다가 그 앞을 걸어가던 9세의 피해자를 충격하여 사망에 이르게 하였다. 피고인은 피해자가 이 사건 차량 앞을 가로질러 걸어가는 것을 보고도 피해자가 있는 방향으로 위험하게 좌회전을 하여 피해자를 충격하고 2회에 걸쳐 피해자를 역과하였다. 피고인은 이 사건 사",,,0,,1,0,1,custodial,60.0,,order,185.0,False,원심판결 중 유죄 부분을 파기한다. 피고인을 징역 5년에 처한다. 원심판결 중 무죄 부분에 대한 검사의 항소를 기각한다.,"[{""kind"": ""custodial"", ""months"": 60.0, ""fine_won"": NaN, ""region"": ""order"", ""score"": 185.0, ""snippet"": ""원심판결 중 유죄 부분을 파기한다. 피고인을 징역 5년에 처한다. 원심판결 중 무죄 부분에 대한 검사의 항소를 기각한다.""}, {""kind"": ""custodial"", ""months"": 60.0, ""fine_won"": NaN, ""region"": ""full_text"", ""score"": 85.0, ""snippet"": ""【피 고 인】 피고인 【항 소 인】 쌍방 【검 사】 권재호 외 1인 【변 호 인】 법무법인(유한) 태평양 담당변호사 노영보 외 2인 【원심판결】 서울중앙지법 2023. 5. 31. 선고 2022고합1067 판결 【주 문】 원심판결 중 유죄 부분을 파기한다. 피고인을 징역 5년에 처한다. 원심판결 중 무죄 부분에 대한 검사의 항소를 기각한다. 【이 유】 1. 항소이유의 요지 가. 피고인(양형부당) 원심의 형(징역 7년)은 너무 ""}, {""kind"": ""custodial"", ""months"": 84.0, ""fine_won"": NaN, ""region"": ""full_text"", ""score"": 85.0, ""snippet"": ""담당변호사 노영보 외 2인 【원심판결】 서울중앙지법 2023. 5. 31. 선고 2022고합1067 판결 【주 문】 원심판결 중 유죄 부분을 파기한다. 피고인을 징역 5년에 처한다. 원심판결 중 무죄 부분에 대한 검사의 항소를 기각한다. 【이 유】 1. 항소이유의 요지 가. 피고인(양형부당) 원심의 형(징역 7년)은 너무 무거워서 부당하다. 나. 검사 1) 사실오인 및 법리오해(무죄 부분) 피고인에게 도주의 범의가 있었다고 인""}, {""kind"": ""custodial"", ""months"": 24.0, ""fine_won"": NaN, ""region"": ""full_text"", ""score"": -15.0, ""snippet"": ""리방식을 제시하고 있지 않다. 참고로 과형상 1죄를 기준으로 권고형의 범위를 살펴본다. 가. 제1범죄[특정범죄 가중처벌 등에 관한 법률 위반(위험운전치사)] [유형의 결정] 교통범죄 〉 02. 위험운전 교통사고 〉 [제2유형] 위험운전 치사 [특별양형인자] 없음 [권고영역 및 권고형의 범위] 기본영역, 징역 2년~5년 나. 제2범죄[도로교통법 위반(음주운전)]: 양형기준 미설정 다. 다수범죄 처리기준에 따른 권고형의 범위: 징""}, {""kind"": ""custodial"", ""months"": 36.0, ""fine_won"": NaN, ""region"": ""full_text"", ""score"": -45.0, ""snippet"": ""도로교통법 위반(음주운전)죄에 대하여 징역형을 각 선택 1. 경합범가중 형법 제37조 전단, 제38조 제1항 제2호, 제50조[형이 더 무거운 특정범죄가중법 위반(위험운전치사)죄에 대하여 정한 형에 경합범 가중(위 두 죄의 장기형을 합산한 범위 내에서)] 【양형의 이유】 1. 법률상 처단형의 범위: 징역 3년~32년 2. 양형기준에 따른 권고형의 범위: 판시 범죄사실 제1항은 상상적 경합관계에 있고, 양형기준은 상상적 경합범에""}]",0.0,0.0,,1.0,1.0,"서, 위 각 권고형의 범위를 이 사건의 양형에 참고할 필요가 있다. 피고인은 범죄 전력이 없는 초범이고, 이 사건 차량은 종합보험에 가입되어 있다. 한편 피고인은 사죄의 뜻을 밝히며 피해자의 유족에게 상당한 금액을 공탁하였다(원심에서 3억 5,000만 원을 공탁하고 당심에서도 1억 5,000만 원을 추가로 공탁하였다). 그런데 피해자의 일실수입 등 손해는 위 공탁금이 아니더라도 종합보험을 통해 상당 부분 보전될 것으로 보이고, 유 || 에 참고할 필요가 있다. 피고인은 범죄 전력이 없는 초범이고, 이 사건 차량은 종합보험에 가입되어 있다. 한편 피고인은 사죄의 뜻을 밝히며 피해자의 유족에게 상당한 금액을 공탁하였다(원심에서 3억 5,000만 원을 공탁하고 당심에서도 1억 5,000만 원을 추가로 공탁하였다). 그런데 피해자의 일실수입 등 손해는 위 공탁금이 아니더라도 종합보험을 통해 상당 부분 보전될 것으로 보이고, 유족이 공탁금 수령 의사가 없음을 강하게 밝히 || 초범이고, 이 사건 차량은 종합보험에 가입되어 있다. 한편 피고인은 사죄의 뜻을 밝히며 피해자의 유족에게 상당한 금액을 공탁하였다(원심에서 3억 5,000만 원을 공탁하고 당심에서도 1억 5,000만 원을 추가로 공탁하였다). 그런데 피해자의 일실수입 등 손해는 위 공탁금이 아니더라도 종합보험을 통해 상당 부분 보전될 것으로 보이고, 유족이 공탁금 수령 의사가 없음을 강하게 밝히며 피고인의 엄벌을 탄원하고 있는 이상 재산범죄도",1.0,1.0,"할 수밖에 없다. 피고인은 순간의 잘못된 판단으로 피해자와 유족들에게 돌이킬 수 없는 피해를 입혔고 결과적으로 그들뿐만 아니라 본인과 자신의 가족들의 삶까지도 망쳐놓았는바, 자신의 잘못된 행동을 뼈저리게 후회하면서 반성하고 있음은 분명해 보인다. 피고인의 가족과 지인이 선처를 탄원하는 등 사회적 유대관계가 견고하고, 피고인의 범죄전력 등을 고려할 때 재범의 위험성이 낮다고 보인다. 피고인은 현재 혈액암으로 투병 중이고 구금기간 중 체중이",1.0,1.0,"상 권고형의 범위를 상향할 특별양형인자는 존재하지 않고, 일반양형인자 중 가중요소(어린이 보호구역 안전운전의무 위반 등 「교통사고처리 특례법」 제3조 제2항 단서 사유의 존재)가 있지만, 감경요소(종합보험, 반성, 초범)도 여럿 존재한다. 어린이 교통사고에 대한 양형기준은 그 양형기준 시행 전에 기소된 이 사건에 적용되지는 않지만, 이러한 양형기준들이 최근 법이 개정된 취지(처벌 강화)를 고려하고 종전의 양형례뿐만 아니라 우리 사 || 례뿐만 아니라 우리 사회 각계의 의견을 청취하여 국민의 건전한 인식을 반영한 규범적 조정을 거쳐 새롭게 마련되었다는 점에서, 위 각 권고형의 범위를 이 사건의 양형에 참고할 필요가 있다. 피고인은 범죄 전력이 없는 초범이고, 이 사건 차량은 종합보험에 가입되어 있다. 한편 피고인은 사죄의 뜻을 밝히며 피해자의 유족에게 상당한 금액을 공탁하였다(원심에서 3억 5,000만 원을 공탁하고 당심에서도 1억 5,000만 원을 추가로 공탁하",1.0,1.0,"피해자의 유족들은 헤아릴 수 없는 충격과 고통, 슬픔에 시달리고 있고, 이 사건과 같은 음주운전 사고가 더 이상 반복되지 않기를 누구보다 더 간절히 바라면서 피고인에 대한 엄벌을 탄원하고 있다. 이 사건 이전부터 음주운전을 근절하기 위해 처벌을 강화하여야 한다는 점에 대하여 사회적 공감대가 형성되어 왔고 그러한 방향으로 법이 개정되어 왔다. 건전한 상식을 가진 평균적 사회인이라면 음주운전의 위험성과 사회적 해악을 충분히 알 수 있음에도 음주운전 사고가 || ). 이처럼 음주운전은 운전자가 본인의 생각이나 예상과 달리 스스로를 통제할 수 없고 그 결과 다른 사람의 사상이라는 중대한 결과를 야기할 수 있다는 점에서 매우 위험한 행위이다. 이러한 점에서 어린이 보호구역에서 음주운전 사고를 일으킨 피고인을 엄히 처벌하여 우리 사회에서 음주운전을 근절할 필요가 크다. 한편 이러한 일반예방의 필요성을 충분히 고려하더라도, 양형은 피고인 개인의 죄책에 부합하는 합리적인 범위 내의 것이어야 한다. 음주운전에 대한 경각심을 높이기 위하 || 낮다고 보인다. 피고인은 현재 혈액암으로 투병 중이고 구금기간 중 체중이 급격히 감소하는 등 건강상태가 나빠진 것으로 보인다. 이상과 같은 이 사건 범행의 동기, 경위, 결과, 범죄 후 정황, 피해자 유족의 의사, 음주운전에 대한 처벌의 필요성과 처단형 및 양형기준을 비롯하여 피고인의 나이, 가족관계, 환경, 성행 등 이 사건 기록에 나타난 여러 양형조건을 모두 참작하여, 주문과 같이 형을 정한다. 판사 이규홍(재판장) 이지영 김슬기",0.0,0.0,,0.0,0.0,,2023_uncertain,,False,2023년 사건: 정확한 공소제기일 확인 전에는 적용 여부 불확실,,,,,,0.0,,0.0,1,1,0,병합·복수 죄명; 중대 비대상 죄명 병합,1
905,P02-0115,115,240659,교통사고처리특례법위반(치상)·도로교통법위반(음주운전)[재심법원이 재심판결을 선고한 이후 재심청구의 취하가 허용되지 않는다고 한 사례],2023도13707,20240412,2024-04-12,대법원,400201,형사,400102,판결,선고,*,usable,third,procedural,traffic,교통사고처리특례법위반(치상)·음주운전,multiple_charges,guilty,supreme_appeal_dismissed,single,lower_court_maintained,,none,재심판결 선고 후에는 재심청구를 취하할 수 없다고 보아 징역 1년·집행유예 2년을 유지한 원심판결에 대한 상고를 기각함,재심청구인이 재심청구를 취하할 수 있는지 여부(적극) 및 재심법원이 재심판결을 선고한 이후에도 재심청구의 취하가 허용되는지 여부(소극),"재심청구인은 형사소송법 제429조 제1항에 따라 재심청구를 취하할 수 있으나, 재심법원이 재심판결을 선고한 이후에는 재심청구의 취하가 허용되지 않는다. 그 이유는 다음과 같다. 
(가) 형사소송절차에 있어서는 법적 안정성과 형식적 확실성이 요구되고, 절차유지의 원칙이 적용된다. 특히, 법원의 종국적 소송행위인 판결의 선고가 있는 경우 그 판결은 정식의 상소절차를 거쳐 상급심에서 번복되어 효력을 상실하기 전까지는 일응 정당한 것으로 추정되고, 판결을 선고한 법원 스스로도 그 판결을 취소·변경·철회할 수 없다. 마찬가지로, 당해 절차의 개시를 구한 당사자도 선고된 판결에 대하여 불복이 있는 경우 상소절차를 통하여 이를 다툴 수 있을 뿐, 절차 개시의 청구를 취소 내지 취하하는 방법으로 이미 선고된 판결의 효력을 소멸시킬 수는 없다고 보아야 한다. 
형사소송법이 검사의 공소 취소 시기, 정식재판청구인의 정식재판청구 취하 시기를 모두 제1심판결의 선고 전까지로 제한하는 것(제255조 제1항, 제454조)도 그와 같은 취지로 이해할 수 있다. 
(나) 재심이 청구되면 법원은 재심개시절차에서 재심사유의 존부를 판단하고, 재심심판절차를 통하여 그 심급에 따라 재심대상사건 자체를 처음부터 완전히 다시 심리하여 유무죄를 판단하고 형을 정하여 재심판결을 선고한다. 재심판결의 선고는 재심청구에 대한 법원의 종국적인 소송행위이고, 재심판결은 통상의 공판절차에서 법원이 선고하는 판결과 그 의미나 효력에 있어 차이가 없다. 따라서 재심판결이 선고된 이후 재심판결에 대하여 불복이 있으면 상소절차를 통하여 이를 다툴 수 있을 뿐, 재심청구를 취하하는 방법으로 재심판결의 효력을 소멸시킬 수는 없다.","형사소송법 제255조 제1항, 제420조, 제429조 제1항, 제435조, 제438조 제1항, 제454조","대법원 2019. 6. 20. 선고 2018도20698 전원합의체 판결(공2019하, 1485)","【피 고 인】 피고인
【상 고 인】 피고인
【변 호 인】 변호사 곽예주
【원심판결】 대전지법 2023. 9. 7. 선고 2022노2137 판결
【주 문】
상고를 기각한다. 
【이 유】 상고이유를 판단한다. 
1. 소송의 경과 
가. 피고인은 제1심법원에서 재심대상사건으로 징역 2년에 집행유예 3년 등을 선고받고, 위 판결이 2020. 5. 29. 확정되었다. 
나. 피고인은 2022. 5. 9. 제1심법원에 재심청구를 하였고, 2022. 5. 17. 자 재심개시결정이 2022. 5. 28. 확정되었다. 
다. 피고인은 2022. 7. 22. 제1심에서 징역 1년에 집행유예 2년을 선고받고, 양형부당을 이유로 항소한 뒤 2023. 7. 4. 재심청구취하서를 제출하였다. 
라. 원심은 2023. 9. 7. 피고인의 항소를 기각하였다. 
2. 대법원의 판단 
가. 재심청구인은 형사소송법 제429조 제1항에 따라 재심청구를 취하할 수 있으나, 재심법원이 재심판결을 선고한 이후에는 재심청구의 취하가 허용되지 않는다. 그 이유는 다음과 같다. 
1) 형사소송절차에 있어서는 법적 안정성과 형식적 확실성이 요구되고, 절차유지의 원칙이 적용된다. 특히, 법원의 종국적 소송행위인 판결의 선고가 있는 경우 그 판결은 정식의 상소절차를 거쳐 상급심에서 번복되어 효력을 상실하기 전까지는 일응 정당한 것으로 추정되고, 판결을 선고한 법원 스스로도 그 판결을 취소·변경·철회할 수 없다. 마찬가지로, 당해 절차의 개시를 구한 당사자도 선고된 판결에 대하여 불복이 있는 경우 상소절차를 통하여 이를 다툴 수 있을 뿐, 절차 개시의 청구를 취소 내지 취하하는 방법으로 이미 선고된 판결의 효력을 소멸시킬 수는 없다고 보아야 한다. 
형사소송법이 검사의 공소 취소 시기, 정식재판청구인의 정식재판청구 취하 시기를 모두 제1심판결의 선고 전까지로 제한하는 것(제255조 제1항, 제454조)도 그와 같은 취지로 이해할 수 있다. 
2) 재심이 청구되면 법원은 재심개시절차에서 재심사유의 존부를 판단하고, 재심심판절차를 통하여 그 심급에 따라 재심대상사건 자체를 처음부터 완전히 다시 심리하여 유무죄를 판단하고 형을 정하여 재심판결을 선고한다(대법원 2019. 6. 20. 선고 2018도20698 전원합의체 판결 참조). 재심판결의 선고는 재심청구에 대한 법원의 종국적인 소송행위이고, 재심판결은 통상의 공판절차에서 법원이 선고하는 판결과 그 의미나 효력에 있어 차이가 없다. 따라서 재심판결이 선고된 이후 재심판결에 대하여 불복이 있으면 상소절차를 통하여 이를 다툴 수 있을 뿐, 재심청구를 취하하는 방법으로 재심판결의 효력을 소멸시킬 수는 없다. 
나. 따라서 제1심판결 선고 후 피고인이 재심청구를 취하하였는데도 피고인의 항소를 기각한 원심의 판단에 재심사건에서 집행유예의 시기, 재심청구 취하의 종기에 관한 법리를 오해하여 판결에 영향을 미친 잘못이 없다. 
3. 결론
그러므로 상고를 기각하기로 하여, 관여 대법관의 일치된 의견으로 주문과 같이 판결한다.
대법관 신숙희(재판장) 이동원 김상환(주심) 권영준",C:\Users\jeff4\OneDrive - 엔시스코리아\personal\school\3\여름\DSL\EDA\data/source/criminal_sentencing_cases_2015_2026\raw\law_api\body\240659.xml,2026-07-07T05:42:49.086239+00:00,lawyer,suspended,Guilty,True,False,False,2,drunk_driving,False,2023.0,2024,상고를 기각한다.,,full_text_screening_only,0,,,unknown,,,,0,,1,0,0,custodial,24.0,,full_text,135.0,True,"【피 고 인】 피고인 【상 고 인】 피고인 【변 호 인】 변호사 곽예주 【원심판결】 대전지법 2023. 9. 7. 선고 2022노2137 판결 【주 문】 상고를 기각한다. 【이 유】 상고이유를 판단한다. 1. 소송의 경과 가. 피고인은 제1심법원에서 재심대상사건으로 징역 2년에 집행유예 3년 등을 선고받고, 위 판결이 2020. 5. 29. 확정되었다. 나. 피고인은 2022. 5. 9. 제1심법원에 재심청구를 하였고, 2022. 5. 17. 자 재심개시결정이 2022. 5. 28. 확정되었다. 다. 피고인은 2022. 7. 22. 제1심에서 징역 1년에 집행유예 2년을","[{""kind"": ""custodial"", ""months"": 24.0, ""fine_won"": NaN, ""region"": ""full_text"", ""score"": 135.0, ""snippet"": ""【피 고 인】 피고인 【상 고 인】 피고인 【변 호 인】 변호사 곽예주 【원심판결】 대전지법 2023. 9. 7. 선고 2022노2137 판결 【주 문】 상고를 기각한다. 【이 유】 상고이유를 판단한다. 1. 소송의 경과 가. 피고인은 제1심법원에서 재심대상사건으로 징역 2년에 집행유예 3년 등을 선고받고, 위 판결이 2020. 5. 29. 확정되었다. 나. 피고인은 2022. 5. 9. 제1심법원에 재심청구를 하였고, 202""}, {""kind"": ""custodial"", ""months"": 12.0, ""fine_won"": NaN, ""region"": ""full_text"", ""score"": 135.0, ""snippet"": ""재심대상사건으로 징역 2년에 집행유예 3년 등을 선고받고, 위 판결이 2020. 5. 29. 확정되었다. 나. 피고인은 2022. 5. 9. 제1심법원에 재심청구를 하였고, 2022. 5. 17. 자 재심개시결정이 2022. 5. 28. 확정되었다. 다. 피고인은 2022. 7. 22. 제1심에서 징역 1년에 집행유예 2년을 선고받고, 양형부당을 이유로 항소한 뒤 2023. 7. 4. 재심청구취하서를 제출하였다. 라. 원심은 ""}]",0.0,,,0.0,,,0.0,,,0.0,,,0.0,,,0.0,,,0.0,,,2023_uncertain,,False,2023년 사건: 정확한 공소제기일 확인 전에는 적용 여부 불확실,,,,,,1.0,1.0,1.0,1,1,0,병합·복수 죄명; 신뢰 가능한 양형이유 구간 없음; BAC 미추출,1
3337,P05-0177,177,234621,도로교통법위반(음주운전),2023재고단3,20230418,2023-04-18,대구지법 포항지원,400202,형사,400102,판결 : 항소,선고,*,usable,first,procedural,traffic,도로교통법위반(음주운전),simple,guilty,none,single,current_order,F,none,,"음주운전 전력이 있는 피고인이 술에 취한 상태로 자동차를 운전하여 음주운전 금지규정을 2회 이상 위반하였다는 공소사실에 대하여 구 도로교통법 제148조의2 제1항, 제44조 제1항을 적용하여 피고인에게 징역 1년과 집행유예 2년을 선고한 원판결(재심대상판결)이 확정되었는데, 그 후 헌법재판소가 구 도로교통법 제148조의2 제1항 중 ‘제44조 제1항을 2회 이상 위반한 사람’에 관한 부분에 대하여 위헌결정을 선고함에 따라 재심대상판결에 대한 재심이 개시된 사안에서, 재심판결의 효력발생일은 재심대상판결의 확정일로 해석하여야 한다는 이유로, 피고인에게 도로교통법 제148조의2 제3항 제2호, 제44조 제1항을 적용하여 징역 10월을 선고하면서 재심대상판결 확정일부터 2년간 형의 집행을 유예한 사례","음주운전 전력이 있는 피고인이 혈중알코올농도 0.177%의 술에 취한 상태로 자동차를 운전하여 음주운전 금지규정을 2회 이상 위반하였다는 공소사실에 대하여 구 도로교통법(2020. 6. 9. 법률 제17371호로 개정되고 2023. 1. 3. 법률 제19158호로 개정되기 전의 것, 이하 같다) 제148조의2 제1항, 제44조 제1항을 적용하여 피고인에게 징역 1년과 집행유예 2년을 선고한 원판결(이하 ‘재심대상판결’이라 한다)이 확정되었는데, 그 후 헌법재판소가 구 도로교통법 제148조의2 제1항 중 ‘제44조 제1항을 2회 이상 위반한 사람’에 관한 부분에 대하여 위헌결정을 선고함에 따라 재심대상판결에 대한 재심이 개시된 사안이다. 
형사소송법에 재심판결의 효력발생일에 대한 명문의 근거 규정이 없으므로 재심의 본질과 특성, 관련 규정 등에 근거하여 해석으로 정할 수 있는바, 재심재판은 통상의 형사재판과는 달리 재심사건을 관할하는 법원이 특정되어 있고(제423조), 사망자 등도 재심피고인이 되는 등 통상의 형사재판에 적용되는 규정이 일부 배제되는 등(제438조 제2항) 통상의 형사재판과는 구분되는 측면이 있으며, 특히 재심의 청구를 재심대상판결의 법원이 관할하는(제423조) 것은 재심판결의 효력발생일을 재심대상판결의 효력발생일로 보겠다는 입법자의 의지로 해석할 여지도 있는 점, 형사소송법 제439조에서 정한 불이익변경 금지 원칙은 재심에서 재심대상판결의 형보다 중한 형을 선고받을 수 있다는 우려로 말미암아 피고인의 재심청구권 행사가 위축되는 것을 막기 위한 정책적 고려의 결과로 입법자가 채택한 것인데, 집행유예가 선고된 사건에서 재심판결의 효력발생일을 재심판결의 확정일로 보면 집행유예기간이 사실상 재심판결에서 정한 기간보다 최대 2배 늘어나게 되어 이익재심만을 규정한 형사소송법의 기본원칙에도 반할 뿐만 아니라 사실상 피고인의 재심청구권을 박탈하게 되는 점, 재심대상판결에서 징역형의 집행유예를 선고받은 이후 유예기간 중 고의로 범한 죄로 금고 이상의 실형을 선고받아 그 판결이 확정된 피고인이 재심대상판결에 대하여 진행된 재심에서 다시 징역형의 집행유예를 선고받았을 때, 재심대상판결에서 정한 징역형의 집행유예가 실효된다고 보더라도 피고인 입장에서는 당초 실효되어 복역해야 할 형보다 같거나 짧은 기간만 복역하게 되므로 이를 불이익변경 금지 원칙(제439조)에 반한다고 단정할 수 없는 점 등 제반 사정을 종합하면, 재심의 본질은 확정된 판결에 중대한 하자가 있는 경우 구체적 정의를 실현하기 위하여 그 판결의 확정력으로 유지되는 법적 안정성을 후퇴시키고 사건 자체를 다시 심판하는 것이지만, 형사소송법이 피고인에게 이익이 되는 이른바 이익재심만을 허용하고 있고(제420조, 제421조 제1항 참조), 재심에는 재심대상판결의 형보다 중한 형을 선고하지 못하므로(제439조) 재심판결의 효력발생일은 가능한 한 피고인의 법적 안정성을 후퇴시키지 않는 방향으로 재심대상판결의 확정일로 해석하여야 한다는 이유로, 피고인에게 도로교통법 제148조의2 제3항 제2호, 제44조 제1항을 적용하여 징역 10월을 선고하면서 재심대상판결 확정일부터 2년간 형의 집행을 유예한 사례이다.","구 도로교통법(2023. 1. 3. 법률 제19158호로 개정되기 전의 것) 제44조 제1항, 제148조의2 제1항, 도로교통법 제44조 제1항, 제148조의2 제3항 제2호, 형사소송법 제420조, 제421조 제1항, 제423조, 제435조 제1항, 제438조 제1항, 제2항, 제439조, 제459조, 헌법재판소법 제47조 제3항, 제4항",,"【피 고 인】 피고인
【검 사】 김나연 외 1인
【재심대상판결】 대구지법 포항지원 2021. 8. 20. 선고 2021고단595 판결
【주 문】
피고인을 징역 10월에 처한다. 
다만 재심대상판결 확정일부터 2년간 위 형의 집행을 유예한다.
【이 유】【범죄사실】 피고인은 2021. 5. 15. 18:10경 포항시 (주소 생략)에 있는 남항 방파제 부근 공터에서 혈중알코올농도 0.177%의 술에 취한 상태로 (차량번호 생략) 쏘렌토 승용차를 50m가량 운전하였다.
【증거의 요지】 1. 피고인의 법정진술
1. 음주운전단속결과통보
【법령의 적용】 1. 범죄사실에 대한 해당법조 및 형의 선택
도로교통법 제148조의2 제3항 제2호, 제44조 제1항(징역형 선택) 
1. 정상참작감경
형법 제53조, 제55조 제1항 제3호(이 사건 음주운전으로 인적 피해가 발생하지 않은 점 등 참작)
1. 집행유예
형법 제62조 제1항(정상참작감경 사유 외에 피고인이 동종범죄로 집행유예 이상의 형을 선고받은 전력이 없는 점 등 참작) 
【재심판결의 효력발생일에 대한 직권 판단】 1. 형사소송법상 재심판결의 효력발생일에 대한 근거 규정 
가. 형사소송법 제438조 제1항
형사소송법 제438조 제1항은 ‘재심개시의 결정이 확정한 사건에 대하여는 제436조의 경우 외에는 법원은 그 심급에 따라 다시 심판을 하여야 한다.’고 규정하고 있다. 그러나 재심은 다시 ‘판결’하는 것이 아니라(제364조 제6항 참조) ‘확정된 사건’에 대하여 다시 ‘심판’하는 것에 불과한 점, 재심사건에 있어 재심대상판결의 확정력이 소멸하는 것과 재심판결의 효력발생일을 정하는 것은 별개라는 점 등에 비추어 보면, 제438조 제1항은 재심판결의 효력발생일에 대한 근거 규정이 되지 못한다. 
나. 형사소송법 제459조
형사소송법 제459조는 ‘재판은 이 법률에 특별한 규정이 없으면 확정한 후에 집행한다.’고 규정하고 있다. 그러나 제459조는 통상의 형사재판에 적용되는 규정으로 재심과 같은 특별소송절차에 적용된다고 보기는 어려운 점, 제459조는 형의 집행은 판결이 확정된 후에 하여야 한다는 재판의 집행 순서를 규정한 것에 불과한 점 등에 비추어 보면, 제459조 역시 재심판결의 효력발생일에 대한 근거 규정이라고 볼 수 없다.
다. 이처럼 형사소송법에는 재심판결의 효력발생일에 대한 명문의 근거 규정이 없다(대법원 2019. 2. 28. 선고 2018도13382 판결 참조). 따라서 재심판결의 효력발생일은 재심의 본질과 특성, 형사소송법 규정 등에 근거하여 해석으로 정할 수 있다.
2. 재심판결의 효력발생일에 대한 판단
재심의 본질은 확정된 판결에 중대한 하자가 있는 경우 구체적 정의를 실현하기 위하여 그 판결의 확정력으로 유지되는 법적 안정성을 후퇴시키고 사건 자체를 다시 심판하는 것으로 이해된다. 그러나 형사소송법이 피고인에게 이익이 되는 이른바 이익재심만을 허용하고 있고(제420조, 제421조 제1항 참조), 재심에는 원판결(이하 ‘재심대상판결’이라 한다)의 형보다 중한 형을 선고하지 못하므로(제439조), 재심판결의 효력발생일은 가능한 한 피고인의 법적 안정성을 후퇴시키지 않는 방향으로 해석하여야 한다. 즉, 재심판결의 효력발생일은 아래와 같은 이유로 재심대상판결의 확정일로 해석하여야 한다. 
① 재심재판은 통상의 형사재판과는 달리 재심사건을 관할하는 법원이 특정되어 있고(제423조), 사망자 등도 재심피고인이 되는 등 통상의 형사재판에 적용되는 규정이 일부 배제되는 등(제438조 제2항) 통상의 형사재판과는 구분되는 측면이 있다. 특히 재심의 청구는 재심대상판결의 법원이 관할하는데(제423조) 이는 재심판결의 효력발생일을 재심대상판결의 효력발생일로 보겠다는 입법자의 의지로 해석할 여지도 있다. 
② 제439조에서 정한 불이익변경의 금지 원칙은 재심에서 재심대상판결의 형보다 중한 형을 선고받을 수 있다는 우려로 말미암아 피고인의 재심청구권 행사가 위축되는 것을 막기 위한 정책적 고려의 결과로 입법자가 채택한 것이다(형사소송법 제368조에 관한 대법원 2021. 5. 6. 선고 2021도1282 판결 참조). 그런데 집행유예가 선고된 사건에 있어 재심판결의 효력발생일을 재심판결의 확정일로 보면 집행유예기간이 사실상 재심판결에서 정한 기간보다 최대 2배 늘어나게 된다. 이는 이익재심만을 규정하고 있는 형사소송법의 기본원칙에도 반할 뿐만 아니라 사실상 피고인의 재심청구권을 박탈하게 된다. 
재심대상판결에서 징역형의 집행유예를 선고받은 이후 유예기간 중 고의로 범한 죄로 금고 이상의 실형을 선고받아 그 판결이 확정된 피고인이 재심대상판결에 대하여 진행된 재심에서 다시 징역형의 집행유예를 선고받았을 때, 재심대상판결에서 정한 징역형의 집행유예가 실효된다고 보더라도 피고인 입장에서는 당초 실효되어 복역해야 할 형보다 같거나 짧은 기간만 복역하게 되므로 이를 불이익변경의 금지 원칙(제439조)에 반한다고 단정할 수 없다.
③ 피고인의 법적안정성이 유지될 수 있고, 법률관계가 명확해진다. 즉, 재심대상판결에서 선고된 실형을 복역하거나 집행유예기간을 경과한 자가 공무원 신분을 취득하였을 때 재심판결 여부에 상관없이 공무원 신분을 유지할 수 있다. 또한 재심판결에서 정한 형에 따라 형의 실효 등에 관한 법률에 의한 형의 실효 여부를 누구나 쉽게 판단할 수 있고, 특정범죄 가중처벌 등에 관한 법률 제5조의4 제5항의 ‘징역형을 받은 사람’ 또는 같은 조 제6항의 ‘실형을 선고받고’에 해당하는지 등도 누구나 쉽게 판단할 수 있다. 특히 형법 제37조 전단 경합범 관계에 있는 죄에 대하여 한 개의 형을 선고하였는데 그중 일부의 죄에만 재심사유가 있고 전부에 대하여 재심개시결정이 이루어 진 경우, 재심판결의 확정일을 효력발생일로 보면 피고인 입장에서는 재심판결의 확정일을 기준으로 법률관계가 다시 형성되어 각각 별개의 죄로 처벌받았을 경우와 비교했을 때 더 불리한 지위에 놓이게 된다.
④ 대법원 2019. 2. 28. 선고 2018도13382 판결은 재심판결의 효력발생일을 재심판결의 확정일로 보았다. 위 사건은 재심대상판결에서 징역형의 집행유예를 선고받은 이후 유예기간 중 고의로 범한 죄로 금고 이상의 실형을 선고받아 그 판결이 확정된 피고인이 재심대상판결에 대하여 진행된 재심에서 다시 징역형의 집행유예를 선고받은 사안으로, 재심판결의 효력발생일을 재심판결의 확정일로 해석하더라도 피고인에게 불이익하지 않으나, 위와 같은 해석이 다른 사안에 대해서까지 피고인에게 불이익하지 않다고 볼 수 없다(즉, 재심대상판결에서 정한 집행유예기간을 경과한 피고인의 법적 안정성을 희생하면서까지 집행유예기간 중에 죄를 저질러 비난 가능성이 더 큰 피고인을 보호할 필요가 있는지 의문이다). 
⑤ 독일의 경우 재심판결의 효력발생일을 재심판결의 확정일로 해석하고 있다. 그러나 독일은 우리나라와 달리 불이익재심을 인정하고 있으므로 위와 같은 해석이 가능할 수 있다고 본다. 따라서 독일의 해석론을 재심판결의 효력발생일을 해석하는 데 있어 참고할 것은 아니라고 본다. 오히려 우리나라와 같이 이익재심만을 인정하고 있는 일본의 경우 재심판결의 효력발생일을 재심판결의 확정일로 볼 경우 발생하는 문제점을 고려하여 재심대상판결에서 정한 형을 변경하는 형식의 주문을 사용하기도 했다(大阪高判平成4年1月22日判例時報1429?144頁).
판사 송병훈",C:\Users\jeff4\OneDrive - 엔시스코리아\personal\school\3\여름\DSL\EDA\data/source/criminal_sentencing_cases_2015_2026\raw\law_api\body\234621.xml,2026-07-07T05:42:49.086239+00:00,,suspended,Guilty,True,False,False,11,drunk_driving,False,2023.0,2023,피고인을 징역 10월에 처한다. 다만 재심대상판결 확정일부터 2년간 위 형의 집행을 유예한다.,,full_text_screening_only,0,0.177,0.177,BAC_0.08_to_0.20,"결】 대구지법 포항지원 2021. 8. 20. 선고 2021고단595 판결 【주 문】 피고인을 징역 10월에 처한다. 다만 재심대상판결 확정일부터 2년간 위 형의 집행을 유예한다. 【이 유】【범죄사실】 피고인은 2021. 5. 15. 18:10경 포항시 (주소 생략)에 있는 남항 방파제 부근 공터에서 혈중알코올농도 0.177%의 술에 취한 상태로 (차량번호 생략) 쏘렌토 승용차를 50m가량 운전하였다. 【증거의 요지】 1. 피고인의 법정진술 1. 음주운전단속결과통보 【법령의 적용】 1. 범죄사실에 대한 해당법조 및 형의 선택 도로교통법 제148조의2 제3항 제2호, 제44조 제1항(징역형 선택) 1. 정상참작감경 형법 제5",,,0,,0,0,0,custodial,10.0,,order,165.0,False,피고인을 징역 10월에 처한다. 다만 재심대상판결 확정일부터 2년간 위 형의 집행을 유예한다.,"[{""kind"": ""custodial"", ""months"": 10.0, ""fine_won"": NaN, ""region"": ""order"", ""score"": 165.0, ""snippet"": ""피고인을 징역 10월에 처한다. 다만 재심대상판결 확정일부터 2년간 위 형의 집행을 유예한다.""}, {""kind"": ""custodial"", ""months"": 10.0, ""fine_won"": NaN, ""region"": ""full_text"", ""score"": 65.0, ""snippet"": ""【피 고 인】 피고인 【검 사】 김나연 외 1인 【재심대상판결】 대구지법 포항지원 2021. 8. 20. 선고 2021고단595 판결 【주 문】 피고인을 징역 10월에 처한다. 다만 재심대상판결 확정일부터 2년간 위 형의 집행을 유예한다. 【이 유】【범죄사실】 피고인은 2021. 5. 15. 18:10경 포항시 (주소 생략)에 있는 남항 방파제 부근 공터에서 혈중알코올농도 0.177%의 술에 취한 상태로 (차량번호 생략) 쏘렌""}]",0.0,,,0.0,,,0.0,,,0.0,,,0.0,,,0.0,,,0.0,,,2023_uncertain,,False,2023년 사건: 정확한 공소제기일 확인 전에는 적용 여부 불확실,,,,,,1.0,1.0,1.0,1,0,0,신뢰 가능한 양형이유 구간 없음,1
2417,P04-0047,47,615829,도로교통법위반(음주운전),2024노1758,20250423,2025-04-23,청주지방법원,400202,형사,400102,판결,선고,*,usable,second,mixed,traffic,도로교통법(음주운전),simple,guilty,appeal_dismissed,single,lower_court_maintained,F,none,,,,,,"【피 고 인】 피고인 
【항 소 인】 검사
【검 사】 이승호(기소), 김종욱(공판)
【변 호 인】 법무법인 충주 담당변호사 성기배
【원심판결】 청주지방법원 충주지원 2024. 11. 27. 선고 2024고단323 판결 
【주 문】
검사의 항소를 기각한다.
【이 유】 1. 항소이유의 요지(사실오인 내지 법리오해) 
피고인은 음주운전의 현행범인 내지는 준현행범인에 해당하고, 경찰관들이 식당 종업원의 묵시적 승낙 하에 식당에 들어 가 피고인에게 음주측정을 요구한 행위는 위법한 수사에 해당하지 않는다.
2. 판단 
원심은, 피고인이 도로를 벗어나 식당으로 들어가 주문한 음식이 나오기를 기다리고 있었던 이상 피고인을 음주운전의 현행범인 또는 준현행범인이라고 보기 어렵고, 피고인에 대한 음주측정은 위법한 수색 상태에서 이루어진 것으로서 전체적으로 위법하고, 적법절차를 위반한 수사와 인과관계가 단절되지 않은 채 획득된 증거인 주취운전자 정황진술보고서, 음주운전단속사실결과통보는 위법수집증거로서 증거능력이 없고, 증거능력이 있는 나머지 증거들만으로는 이 사건 공소사실과 같이 피고인이 혈중알코올농도 0.03% 이상 0.078% 이하의 술에 취한 상태로 음주운전을 하였다고 인정하기 부족하다는 이유로 피고인에 대하여 무죄를 선고하였다. 원심 판단을 기록과 면밀히 대조하여 살펴보면 원심의 판단은 정당하다. 따라서 검사의 사실오인 내지 법리오해 주장은 이유 없다.
3. 결론 
그렇다면 검사의 항소는 이유 없으므로, 형사소송법 제364조 제4항에 따라 이를 기각하기로 하여 주문과 같이 판결한다.
판사 빈태욱(재판장) 이진용 윤중렬",C:\Users\jeff4\OneDrive - 엔시스코리아\personal\school\3\여름\DSL\EDA\data/source/criminal_sentencing_cases_2015_2026\raw\law_api\body\615829.xml,2026-07-07T05:42:49.086239+00:00,lawfirm,,Guilty,True,False,False,1,drunk_driving,False,2024.0,2025,검사의 항소를 기각한다.,,full_text_screening_only,0,0.03,0.030,BAC_0.03_to_0.08,"대한 음주측정은 위법한 수색 상태에서 이루어진 것으로서 전체적으로 위법하고, 적법절차를 위반한 수사와 인과관계가 단절되지 않은 채 획득된 증거인 주취운전자 정황진술보고서, 음주운전단속사실결과통보는 위법수집증거로서 증거능력이 없고, 증거능력이 있는 나머지 증거들만으로는 이 사건 공소사실과 같이 피고인이 혈중알코올농도 0.03% 이상 0.078% 이하의 술에 취한 상태로 음주운전을 하였다고 인정하기 부족하다는 이유로 피고인에 대하여 무죄를 선고하였다. 원심 판단을 기록과 면밀히 대조하여 살펴보면 원심의 판단은 정당하다. 따라서 검사의 사실오인 내지 법리오해 주장은 이유 없다. 3. 결론 그렇다면 검사의 항소는 이유 없으므로,",,,0,,0,0,0,,,,,,False,,,0.0,,,0.0,,,0.0,,,0.0,,,0.0,,,0.0,,,0.0,,,2023,drunk_BAC_0.03_to_0.08,True,사건번호 연도가 2024년 이후이고 BAC 자동추출에 성공,0.0,8.0,2000000.0,4000000.0,,,,,0,0,0,선고형 자동추출 불일치; 신뢰 가능한 양형이유 구간 없음,1
893,P02-0103,103,600321,도로교통법위반(음주운전)·도로교통법위반(무면허운전)·도로교통법위반·도로교통법위반(사고후미조치)·자동차손해배상보장법위반,2024노284,20240530,2024-05-30,제주지방법원,400202,형사,400102,판결,선고,*,usable,second,facts_sentencing,traffic,음주운전·무면허운전·사고후미조치·자동차손해배상보장법위반 등,multiple_charges,guilty,appeal_dismissed,multiple,lower_court_maintained,T,none,징역 3년 8개월과 구류 20일을 선고한 제1심의 유죄 및 양형 판단을 유지하여 피고인의 항소를 기각함,,,,,"【피 고 인】 피고인
【항 소 인】 피고인
【검 사】 김진영(기소), 김지혜(공판)
【변 호 인】 변호사 김정훈(국선)
【원심판결】 제주지방법원 2024. 4. 17. 선고 2023고단379, 1044(병합) 판결
【주 문】
피고인의 항소를 기각한다. 
【이 유】1. 항소이유의 요지
원심이 피고인에게 선고한 형(징역 3년 8개월, 구류 20일)은 너무 무거워서 부당하다.
2. 판단
피고인이 범행을 인정하며 반성하고 있는 점, 피고인의 건강상태가 좋지 않은 점, 동종범행으로 처벌받은 전력이 있는 점, 단기간에 반복적으로 음주운전을 하였고 혈중알코올농도 수치도 매우 높은 점 등을 비롯하여 피고인의 연령, 성행, 수단과 결과, 범행 후의 정황 등 양형의 조건이 되는 여러 사정을 종합하여 보면, 원심의 형이 너무 무거워서 부당하다고는 인정되지 않는다. 
3. 결론
그렇다면 피고인의 항소는 이유 없으므로 형사소송법 제364조 제4항에 따라 이를 기각하기로 하여, 주문과 같이 판결한다. 
판사 오창훈(재판장) 황방모 이황선",C:\Users\jeff4\OneDrive - 엔시스코리아\personal\school\3\여름\DSL\EDA\data/source/criminal_sentencing_cases_2015_2026\raw\law_api\body\600321.xml,2026-07-07T05:42:49.086239+00:00,public,imprisonment,Guilty,True,False,True,10,drunk_driving,False,2024.0,2024,피고인의 항소를 기각한다.,,tagged_sentencing_reason,1,,,unknown,,,,0,,1,0,0,custodial,44.0,,full_text,85.0,False,"인】 피고인 【항 소 인】 피고인 【검 사】 김진영(기소), 김지혜(공판) 【변 호 인】 변호사 김정훈(국선) 【원심판결】 제주지방법원 2024. 4. 17. 선고 2023고단379, 1044(병합) 판결 【주 문】 피고인의 항소를 기각한다. 【이 유】1. 항소이유의 요지 원심이 피고인에게 선고한 형(징역 3년 8개월, 구류 20일)은 너무 무거워서 부당하다. 2. 판단 피고인이 범행을 인정하며 반성하고 있는 점, 피고인의 건강상태가 좋지 않은 점, 동종범행으로 처벌받은 전력이 있는 점, 단기간에 반복적으로 음주운전을 하였고 혈중알코올농도 수치도 매우 높은 점 등을 비롯하여 피고인의 연령, 성행, 수단과 결과, 범행","[{""kind"": ""custodial"", ""months"": 44.0, ""fine_won"": NaN, ""region"": ""full_text"", ""score"": 85.0, ""snippet"": ""인】 피고인 【항 소 인】 피고인 【검 사】 김진영(기소), 김지혜(공판) 【변 호 인】 변호사 김정훈(국선) 【원심판결】 제주지방법원 2024. 4. 17. 선고 2023고단379, 1044(병합) 판결 【주 문】 피고인의 항소를 기각한다. 【이 유】1. 항소이유의 요지 원심이 피고인에게 선고한 형(징역 3년 8개월, 구류 20일)은 너무 무거워서 부당하다. 2. 판단 피고인이 범행을 인정하며 반성하고 있는 점, 피고인의 건""}]",0.0,0.0,,0.0,0.0,,1.0,1.0,"1. 항소이유의 요지 원심이 피고인에게 선고한 형(징역 3년 8개월, 구류 20일)은 너무 무거워서 부당하다. 2. 판단 피고인이 범행을 인정하며 반성하고 있는 점, 피고인의 건강상태가 좋지 않은 점, 동종범행으로 처벌받은 전력이 있는 점, 단기간에 반복적으로 음주운전을 하였고 혈중알코올농도 수치도 매우 높은 점 등을 비롯하여 피고인의 연령, 성행, 수단과 결과, 범행",0.0,0.0,,1.0,1.0,"1. 항소이유의 요지 원심이 피고인에게 선고한 형(징역 3년 8개월, 구류 20일)은 너무 무거워서 부당하다. 2. 판단 피고인이 범행을 인정하며 반성하고 있는 점, 피고인의 건강상태가 좋지 않은 점, 동종범행으로 처벌받은 전력이 있는 점, 단기간에 반복적으로 음주운전을 하였고 혈중알코올농도 수치도 매우 높은 점 등을 비롯하여 피고인의 연령, 성행, 수단과 결과, 범행 후의 정황 등 양형의 조건이 되는 여러 사정을 종합하",0.0,0.0,,0.0,0.0,,2023,,False,혈중알코올농도 미추출,,,,,,0.0,,0.0,1,1,1,병합·복수 죄명; BAC 미추출,1
59,P01-0059,59,599717,도로교통법위반(음주운전)·도로교통법위반(무면허운전)·도로교통법위반·도로교통법위반(사고후미조치)·자동차손해배상보장법위반,2024도9537,20241226,2024-12-26,대법원,400201,형사,400102,판결,선고,*,usable,third,legal_review,traffic,"도로교통법위반(음주운전·무면허운전), 도주차량, 사고후미조치",multiple_charges,guilty,remand,multiple,lower_court_referenced,TRUE,none,,"치료감호 등에 관한 법률상 치료감호청구 요구 여부가 법관의 재량인지 여부(적극) 및 그 내재적 한계 / 공소제기된 사건의 심리 결과 피고인의 재범 가능성과 아울러 일정한 강제력을 수반하는 감호 상태에서 치료받아야 할 필요성에 관한 구체적인 사정이 명백하게 확인되었는데도 그러한 요구 권한을 행사하지 아니한 것이 매우 불합리하다고 인정되는 경우, 그러한 권한의 불행사는 재량의 한계를 현저하게 벗어난 것으로 위법한지 여부(적극)","치료감호 등에 관한 법률(이하 ‘치료감호법’이라 한다)은 심신장애 상태, 마약류·알코올이나 그 밖의 약물중독 상태, 정신성적(精神性的) 장애가 있는 상태 등에서 범죄행위를 한 자로서 재범(再犯)의 위험성이 있고 특수한 교육·개선 및 치료가 필요하다고 인정되는 자에 대하여 적절한 보호와 치료를 함으로써 재범을 방지하고 사회복귀를 촉진하는 것을 목적으로 한다(제1조). 
치료감호법은 알코올을 섭취하는 습벽이 있거나 그에 중독된 자로서 금고 이상의 형에 해당하는 죄를 지은 자를 치료감호대상자라고 규정하고(제2조 제1항 제2호), 검사는 치료감호대상자가 치료감호를 받을 필요가 있는 경우 관할 법원에 치료감호를 청구할 수 있으며(제4조 제1항), 그 경우 정신건강의학과 등 전문의의 진단이나 감정(鑑定)을 참고하여야 하고(제4조 제2항 본문), 공소제기한 사건의 경우 항소심 변론종결 시까지 치료감호를 청구할 수 있다고(제4조 제5항) 규정하면서, 법원은 공소제기된 사건의 심리 결과 치료감호를 할 필요가 있다고 인정할 때에는 검사에게 치료감호청구를 요구할 수 있다고 규정한다(제4조 제7항). 이는 검사가 공소제기 당시 피고인의 치료감호 사유에 대한 의견을 달리하거나 그 판단에 필요한 고려요소를 간과하고 치료감호를 청구하지 않았으나 공소제기 후 재판과정에서 치료감호의 필요성이 충분히 드러나게 된 경우, 법원으로 하여금 검사에게 치료감호청구를 요구할 수 있도록 함으로써 검사가 치료감호청구 권한을 독점함에 따라 나타날 수 있는 폐해를 보완하고 치료감호대상자의 재범 방지를 위한 실질적인 조치가 가능할 수 있도록 직권주의적 요소를 가미한 것이다.
대법원은, 치료감호법 제4조 제1항, 제7항의 규정 형식과 내용 등에 비추어 볼 때 치료감호법 제4조 제7항이 법원에 대하여 치료감호청구 요구에 관한 의무를 부과하고 있는 것으로 볼 수 없다고 하면서도, 법원으로서는 심신장애의 정도가 불분명한 피고인에 대하여 정신감정을 하여야 하고, 그러한 피고인에 대하여 정신감정을 실시함에 있어 그 장애가 장차 사회적 행동에 있어서 미칠 영향 등에 관하여도 아울러 감정하게 하며, 그 감정의견을 참작하여 객관적으로 판단한 결과 정신질환이 계속되어 피고인을 치료감호에 처함이 상당하다고 인정될 때에는 치료 후의 사회복귀와 사회안전을 도모하기 위하여 별도로 보호처분이 실시될 수 있도록 검사에게 치료감호청구를 요구할 수 있다고 강조한 바 있다.
이러한 치료감호법의 목적, 치료감호대상자의 범위, 치료감호청구의 요건과 절차, 치료감호청구 요구 제도의 취지와 기능, 치료감호청구 요구에 관한 판례 법리 등을 종합하여 보면, 치료감호법이 법원에 대하여 치료감호청구 요구에 관한 의무를 부과하고 있는 것으로 볼 수 없어 치료감호청구 요구 여부가 법관의 재량에 맡겨져 있다고 하더라도, 거기에는 치료감호대상자의 재범 방지와 사회복귀 촉진이라는 치료감호법의 목적에 따른 재량의 내재적 한계가 있으므로, 공소제기된 사건의 심리 결과 피고인의 재범 가능성과 아울러 일정한 강제력을 수반하는 감호 상태에서 치료받아야 할 필요성에 관한 구체적인 사정이 명백하게 확인되었는데도 그러한 요구 권한을 행사하지 아니한 것이 매우 불합리하다고 인정되는 경우라면 그러한 권한의 불행사는 재량의 한계를 현저하게 벗어난 것으로 위법하다.","치료감호 등에 관한 법률 제1조, 제2조 제1항 제2호, 제4조 제1항, 제2항, 제5항, 제7항","대법원 1998. 4. 10. 선고 98도549 판결(공1998상, 1416), 대법원 2006. 9. 14. 선고 2006도4211 판결, 대법원 2020. 10. 15. 선고 2020도10690, 2020전도121 판결","【피 고 인】 피고인 
【상 고 인】 피고인
【변 호 인】 변호사 김현임 외 1인
【원심판결】 제주지법 2024. 5. 30. 선고 2024노284 판결 
【주 문】
원심판결 중 인적사항 미제공으로 인한 도로교통법 위반 부분을 제외한 나머지 부분을 모두 파기하고, 이 부분 사건을 제주지방법원에 환송한다. 
【이 유】 상고이유를 판단한다. 
1. 사안의 개요
가. 주요 공소사실의 요지 
피고인은 자동차 운전면허를 받지 아니하고 ① 2022. 11. 2. 20:24경 혈중알코올농도 0.250%의 술에 취한 상태로 승용차를 운전하고, ② 2022. 12. 8. 01:14경 혈중알코올농도 0.203%의 술에 취한 상태로 승용차를 운전하고, ③ 2023. 3. 1. 22:21경 혈중알코올농도 0.217%의 술에 취한 상태로 승용차를 운전하고 업무상과실로 신호대기 중이던 피해차량을 손괴한 후 도주하고, ④ 2023. 4. 6. 11:52경 승용차 운전 중 업무상과실로 주차되어 있던 피해차량을 손괴하고도 인적사항을 제공하지 아니하고 도주하였다. 
나. 소송의 경과 
피고인은 공소사실을 모두 인정하였고, 제1심은 이 사건 공소사실을 전부 유죄로 판단하면서 피고인을 징역 3년 8개월 및 구류 20일에 처하는 판결을 선고하였다. 제1심판결에 대하여 피고인은 양형부당 등을 이유로 항소하였고, 원심은 제1심의 형이 너무 무거워서 부당하다고는 인정되지 않는다고 판단하여 피고인의 항소를 기각하는 판결을 선고하였다. 이에 대해 피고인이 상고하였고, 상고이유로 원심이 검사에게 치료감호청구를 요구하지 아니한 것은 재범의 위험성을 방치한 행위로서 재량권을 일탈·남용한 잘못이 있다고 주장한다. 
2. 대법원의 판단 
가.「치료감호 등에 관한 법률」(이하 ‘치료감호법’이라 한다)은 심신장애 상태, 마약류·알코올이나 그 밖의 약물중독 상태, 정신성적(精神性的) 장애가 있는 상태 등에서 범죄행위를 한 자로서 재범(再犯)의 위험성이 있고 특수한 교육·개선 및 치료가 필요하다고 인정되는 자에 대하여 적절한 보호와 치료를 함으로써 재범을 방지하고 사회복귀를 촉진하는 것을 목적으로 한다(제1조). 
치료감호법은 알코올을 섭취하는 습벽이 있거나 그에 중독된 자로서 금고 이상의 형에 해당하는 죄를 지은 자를 치료감호대상자라고 규정하고(제2조 제1항 제2호), 검사는 치료감호대상자가 치료감호를 받을 필요가 있는 경우 관할 법원에 치료감호를 청구할 수 있으며(제4조 제1항), 그 경우 정신건강의학과 등 전문의의 진단이나 감정(鑑定)을 참고하여야 하고(제4조 제2항 본문), 공소제기한 사건의 경우 항소심 변론종결 시까지 치료감호를 청구할 수 있다고(제4조 제5항) 규정하면서, 법원은 공소제기된 사건의 심리 결과 치료감호를 할 필요가 있다고 인정할 때에는 검사에게 치료감호청구를 요구할 수 있다고 규정한다(제4조 제7항). 이는 검사가 공소제기 당시 피고인의 치료감호 사유에 대한 의견을 달리하거나 그 판단에 필요한 고려요소를 간과하고 치료감호를 청구하지 않았으나 공소제기 후 재판과정에서 치료감호의 필요성이 충분히 드러나게 된 경우, 법원으로 하여금 검사에게 치료감호청구를 요구할 수 있도록 함으로써 검사가 치료감호청구 권한을 독점함에 따라 나타날 수 있는 폐해를 보완하고 치료감호대상자의 재범 방지를 위한 실질적인 조치가 가능할 수 있도록 직권주의적 요소를 가미한 것이다. 
대법원은, 치료감호법 제4조 제1항, 제7항의 규정 형식과 내용 등에 비추어 볼 때 치료감호법 제4조 제7항이 법원에 대하여 치료감호청구 요구에 관한 의무를 부과하고 있는 것으로 볼 수 없다고 하면서도[대법원 2006. 9. 14. 선고 2006도4211 판결, 대법원 2020. 10. 15. 선고 2020도10690, 2020전도121(병합) 판결 등 참조], 법원으로서는 심신장애의 정도가 불분명한 피고인에 대하여 정신감정을 하여야 하고, 그러한 피고인에 대하여 정신감정을 실시함에 있어 그 장애가 장차 사회적 행동에 있어서 미칠 영향 등에 관하여도 아울러 감정하게 하며, 그 감정의견을 참작하여 객관적으로 판단한 결과 정신질환이 계속되어 피고인을 치료감호에 처함이 상당하다고 인정될 때에는 치료 후의 사회복귀와 사회안전을 도모하기 위하여 별도로 보호처분이 실시될 수 있도록 검사에게 치료감호청구를 요구할 수 있다고 강조한 바 있다(대법원 1998. 4. 10. 선고 98도549 판결 등 참조). 
이러한 치료감호법의 목적, 치료감호대상자의 범위, 치료감호청구의 요건과 절차, 치료감호청구 요구 제도의 취지와 기능, 치료감호청구 요구에 관한 판례 법리 등을 종합하여 보면, 치료감호법이 법원에 대하여 치료감호청구 요구에 관한 의무를 부과하고 있는 것으로 볼 수 없어 치료감호청구 요구 여부가 법관의 재량에 맡겨져 있다고 하더라도, 거기에는 치료감호대상자의 재범 방지와 사회복귀 촉진이라는 치료감호법의 목적에 따른 재량의 내재적 한계가 있으므로, 공소제기된 사건의 심리 결과 피고인의 재범 가능성과 아울러 일정한 강제력을 수반하는 감호 상태에서 치료받아야 할 필요성에 관한 구체적인 사정이 명백하게 확인되었는데도 그러한 요구 권한을 행사하지 아니한 것이 매우 불합리하다고 인정되는 경우라면 그러한 권한의 불행사는 재량의 한계를 현저하게 벗어난 것으로 위법하다. 
나. 원심판결 이유와 기록에 의하면 다음과 같은 사실 내지 사정을 알 수 있다. 
1) 피고인은 2021. 12. 5. 13:29경 혈중알코올농도 0.209%의 상태로 승용차를 운전하여, 도로교통법 위반(음주운전)죄로 벌금 1,000만 원의 약식명령을 받아 확정되었다. 
2) 피고인은 앞서 본 바와 같이 ① 2022. 11. 2. 혈중알코올농도 0.250% 상태에서 무면허로 약 3km를 운전하고 ② 2022. 12. 8. 혈중알코올농도 0.203% 상태에서 무면허로 약 17km를 운전하여 2023. 2. 27. 불구속 상태로 기소되었다(제주지방법원 2023고단379). 피고인은 다시 ③ 2023. 3. 1. 혈중알코올농도 0.217% 상태에서 무면허로 약 4km를 운전하다가 추돌사고를 내고 그대로 도주하였고, ④ 2023. 4. 6. 무면허 운전을 하다가 타인의 차량을 들이받고 그대로 도주하여 기소되었다(같은 법원 2023고단1044). 즉, 피고인은 네 달 사이에 혈중알코올농도 0.2%가 넘는 위험한 상태에서 세 번에 걸쳐 무면허로 운전을 하였고 급기야 교통사고를 내고 그대로 도주하기까지 하였다. 
3) 피고인은 기소된 이후인 2023. 11. 30. 형과 누나와 함께 ○○○병원에 내원하였다가 입원하였고 2023. 12. 29. 퇴원하였다. 피고인은 2024. 2. 28. 제1심 제3회 공판기일에 처음 출석하였고 제1심법원은 도망의 염려가 있다는 이유로 피고인을 구속하였다. 
4) 피고인의 변호인은 2024. 3. 18. 제1심법원에 의견서를 제출하고 다음 날 피고인 담당의사의 진단서와 진료기록부, 장기요양인정서 등을 참고자료로 제출하였는데, 담당의사는 피고인의 병명(주상병)을 ‘알코올 사용에 의한 상세불명의 정신 및 행동 장애’, ‘상세불명의 알츠하이머병에서의 치매’라고 하면서, 치료 내용 및 향후 치료에 대한 소견으로 ‘입원 당시 알코올 금단 증상 및 인지기능 저하, 지남력 장애 등이 심한 상태였으며 충분히 회복되지 않은 상태로 퇴원하였음. 자기 관리능력이 없는 상태이므로 보호 및 치료가 필요한 상태로 사료됨’이라는 의견을 밝혔다. 
피고인에 대한 ○○○병원의 의무기록과 진단서 등에 의하면, 피고인은 입원 전 1년 이상 매일 소주 2~3병을 마셨고, 입원 기간 심각한 인지기능 저하, 현실 검증력의 결핍, 부적절한 행동, 뚜렷한 사고의 장애, 거동의 불안정성 등을 보여 자기 관리가 어려운 상태였으며, 간병인의 도움을 받았다. 피고인에 대한 각종 평가 보고서는, 피고인이 고위험 음주군에 속하고, 중등도의 절망감, 중증의 인지기능 저하를 나타내며, 일상생활에서 상당한 어려움을 겪을 가능성을 시사한다. 피고인의 보호자인 피고인의 형 등은 피고인의 병원비와 간병비 부담으로 입원 유지의 어려움을 호소하였고, 이에 따라 피고인은 2023. 12. 29. 퇴원하였다. 
5) 제1심법원은 2024. 3. 20. 변론을 종결하고 2024. 4. 17. 피고인에 대해 징역 3년 8개월을 선고하였고, 원심법원은 제1회 공판기일에 피고인 측의 항소이유서를 진술하도록 하고 피고인의 알츠하이머병에서의 치매 등 정신병력과 정신병원 입원치료 등을 언급하며 선처를 구하는 변호인의 구술변론을 들은 후 변론을 종결하고 바로 피고인의 항소를 기각하는 판결을 선고하였다. 
6) 피고인은 음주운전 전과에서부터 이 사건으로 기소된 세 차례의 음주운전 범죄사실에 이르기까지 혈중알코올농도가 모두 0.2%가 넘는데, 이는 음주운전 범죄에 관하여 도로교통법이 정한 가장 중한 단계에 해당한다(2023. 7. 1. 이후 기소사건에 적용되는 대법원 양형위원회의 양형기준에 의하여도 가장 중한 권고형이 설정된 범죄유형에 해당한다). 피고인은 음주 및 무면허 운전으로 적발된 지 한 달 만에 다시 음주 및 무면허 운전을 하였고, 두 번의 음주 및 무면허 운전으로 기소된 이후 재차 음주 및 무면허 운전을 하여 사고를 내고 그대로 도주하기까지 하였다. 피고인은 이후에도 무면허 운전을 감행하다가 사고를 내고 다시 도주하는 이례적인 범행을 계속하였다. 이러한 피고인에 대하여 제1심 및 원심 공판과정에서 형법 제51조에서 정한 양형조건(피고인의 성행, 지능과 환경, 범행의 동기, 범행 후의 정황 등 참작할만한 정상)을 비롯하여 변호인이 주장하는 피고인의 정신병원 입원 병명(알코올 사용에 의한 상세불명의 정신 및 행동 장애 등)이나 피고인의 정신질환, 정신상태 및 징역형 복역 후 재범위험성과 관련된 양형조사도 이루어진 바가 없다. 
7) 한편 피고인은 구속 이후 제주교도소에 수감된 상태로 ○○○병원의 화상진료를 받고 있는데, 기억력 장애가 있고 자기 관리가 열악한 모습을 보이고 있다. 
다. 위와 같은 피고인의 범죄 전력, 이 사건 범행의 내용, 이 사건 범행과 입원기간 사이의 간격, 피고인의 건강상태와 담당의사의 의학적 소견 등을 종합하여 보면, 피고인은 알코올을 섭취하는 습벽이 있거나 그에 중독된 자로서 금고 이상의 형에 해당하는 죄를 범하였고 재범의 위험성과 치료의 필요성이 있다고 볼 여지가 충분하다. 
피고인은 제1심에서 구속된 이후 계속해서 외래 진료를 받았음에도 기억력 장애가 있고 자기 관리가 열악한 모습을 보였다. 정신질환자가 가족 등 지지환경이 열악한 경우 치료의 단절 가능성과 재범의 위험성이 증가할 수 있는데, 피고인은 동거 가족이 없는 것으로 보이고, 앞서 본 피고인의 퇴원 경위 등에 비추어 보면, 피고인의 가족 등에 의하여 충분한 지지환경이 조성되기는 쉽지 않아 보인다. 한편 국민건강보험공단은 2024. 1.경 피고인에 대하여 장기요양등급 4등급을 인정하고 장기요양급여의 종류 및 내용을 정하면서 재가급여 또는 노인요양시설에서의 시설급여를 이용할 수 있도록 결정한 바 있다. 이러한 사정을 종합하여 보면, 피고인에 대한 치료감호시설 밖에서의 치료보다는 치료감호시설에서의 치료가 치료의 목적 달성 가능성과 재범 방지 등의 측면에서 보다 적절하다고 평가할 수 있다. 
라. 피고인은 알코올을 섭취하는 습벽이 있거나 그에 중독된 자로서 금고 이상의 형에 해당하는 죄를 범하였고 재범의 위험성과 치료의 필요성이 인정될 여지가 충분한 점, 피고인에 대한 치료감호시설에서의 치료가 적절하다고 평가할 수 있는 점 등을 앞서 본 법리에 비추어 살펴보면, 원심으로서는 피고인의 알코올 섭취 습벽과 재범의 위험성 및 치료감호시설에서의 치료의 필요성에 관하여 정신감정을 실시하는 등으로 충실한 심리를 하여, 피고인에 대해 치료감호를 할 필요가 있는지 살펴보고 치료감호청구 요구 여부를 판단하였어야 한다. 
그럼에도 원심은 위와 같은 사정에 대해 충실하게 심리하지 아니한 채 소송절차를 진행하여 변론을 종결하고 원심판결을 선고하였다. 이러한 원심의 조치와 판단은 재량의 한계를 현저하게 벗어난 것으로서 원심판결에는 치료감호청구 요구에 관한 법리를 오해하여 판결에 영향을 미친 잘못이 있다. 
마. 한편 원심은 피고인에 대한 이 사건 공소사실을 모두 유죄로 인정한 다음 인적사항 미제공으로 인한 도로교통법 위반의 점을 제외한 나머지 죄에 대하여는 하나의 징역형을 선고하고 인적사항 미제공으로 인한 도로교통법 위반의 점에 대하여는 이와 별개로 구류형을 병과한 제1심판결을 유지하였다. 인적사항 미제공으로 인한 도로교통법 위반은 치료감호법 제2조 제1항 제2호에서 정한 ‘금고 이상의 형에 해당하는 죄’에 해당하지 아니하고, 별개의 구류형이 병과된 인적사항 미제공으로 인한 도로교통법 위반 부분은 소송상 별개로 분리 취급되어야 하므로, 이 부분은 파기 범위에 속하지 아니한다. 
3. 결론 
원심판결 중 인적사항 미제공으로 인한 도로교통법 위반 부분을 제외한 나머지 부분을 모두 파기하고, 이 부분 사건을 다시 심리·판단하도록 원심법원에 환송하기로 하여, 관여 대법관의 일치된 의견으로 주문과 같이 판결한다.
대법관 노태악(재판장) 서경환 신숙희(주심) 노경필",C:\Users\jeff4\OneDrive - 엔시스코리아\personal\school\3\여름\DSL\EDA\data/source/criminal_sentencing_cases_2015_2026\raw\law_api\body\599717.xml,2026-07-07T05:42:49.086239+00:00,lawyer,both,Guilty,True,True,True,5,drunk_driving,False,2024.0,2024,"원심판결 중 인적사항 미제공으로 인한 도로교통법 위반 부분을 제외한 나머지 부분을 모두 파기하고, 이 부분 사건을 제주지방법원에 환송한다.",,tagged_sentencing_reason,1,0.25,0.250|0.203|0.217|0.209|0.250|0.203|0.217|0.200,BAC_0.20_plus,"원심판결 중 인적사항 미제공으로 인한 도로교통법 위반 부분을 제외한 나머지 부분을 모두 파기하고, 이 부분 사건을 제주지방법원에 환송한다. 【이 유】 상고이유를 판단한다. 1. 사안의 개요 가. 주요 공소사실의 요지 피고인은 자동차 운전면허를 받지 아니하고 ① 2022. 11. 2. 20:24경 혈중알코올농도 0.250%의 술에 취한 상태로 승용차를 운전하고, ② 2022. 12. 8. 01:14경 혈중알코올농도 0.203%의 술에 취한 상태로 승용차를 운전하고, ③ 2023. 3. 1. 22:21경 혈중알코올농도 0.217%의 술에 취한 상태로 승용차를 운전하고 업무상과실로 신호대기 중이던 피해차량을 손괴한 후 도주하",,,0,,1,0,0,custodial,44.0,,full_text,85.0,False,"중이던 피해차량을 손괴한 후 도주하고, ④ 2023. 4. 6. 11:52경 승용차 운전 중 업무상과실로 주차되어 있던 피해차량을 손괴하고도 인적사항을 제공하지 아니하고 도주하였다. 나. 소송의 경과 피고인은 공소사실을 모두 인정하였고, 제1심은 이 사건 공소사실을 전부 유죄로 판단하면서 피고인을 징역 3년 8개월 및 구류 20일에 처하는 판결을 선고하였다. 제1심판결에 대하여 피고인은 양형부당 등을 이유로 항소하였고, 원심은 제1심의 형이 너무 무거워서 부당하다고는 인정되지 않는다고 판단하여 피고인의 항소를 기각하는 판결을 선고하였다. 이에 대해 피고인이 상고하였고, 상고이유로 원심이 검사에게 치료감호청구를 요","[{""kind"": ""custodial"", ""months"": 44.0, ""fine_won"": NaN, ""region"": ""full_text"", ""score"": 85.0, ""snippet"": ""중이던 피해차량을 손괴한 후 도주하고, ④ 2023. 4. 6. 11:52경 승용차 운전 중 업무상과실로 주차되어 있던 피해차량을 손괴하고도 인적사항을 제공하지 아니하고 도주하였다. 나. 소송의 경과 피고인은 공소사실을 모두 인정하였고, 제1심은 이 사건 공소사실을 전부 유죄로 판단하면서 피고인을 징역 3년 8개월 및 구류 20일에 처하는 판결을 선고하였다. 제1심판결에 대하여 피고인은 양형부당 등을 이유로 항소하였고, 원심은""}, {""kind"": ""custodial"", ""months"": 44.0, ""fine_won"": NaN, ""region"": ""full_text"", ""score"": 85.0, ""snippet"": ""에서 상당한 어려움을 겪을 가능성을 시사한다. 피고인의 보호자인 피고인의 형 등은 피고인의 병원비와 간병비 부담으로 입원 유지의 어려움을 호소하였고, 이에 따라 피고인은 2023. 12. 29. 퇴원하였다. 5) 제1심법원은 2024. 3. 20. 변론을 종결하고 2024. 4. 17. 피고인에 대해 징역 3년 8개월을 선고하였고, 원심법원은 제1회 공판기일에 피고인 측의 항소이유서를 진술하도록 하고 피고인의 알츠하이머병에서의""}, {""kind"": ""fine"", ""months"": NaN, ""fine_won"": 10000000.0, ""region"": ""full_text"", ""score"": 0.0, ""snippet"": ""는 경우라면 그러한 권한의 불행사는 재량의 한계를 현저하게 벗어난 것으로 위법하다. 나. 원심판결 이유와 기록에 의하면 다음과 같은 사실 내지 사정을 알 수 있다. 1) 피고인은 2021. 12. 5. 13:29경 혈중알코올농도 0.209%의 상태로 승용차를 운전하여, 도로교통법 위반(음주운전)죄로 벌금 1,000만 원의 약식명령을 받아 확정되었다. 2) 피고인은 앞서 본 바와 같이 ① 2022. 11. 2. 혈중알코올농도 0""}]",0.0,0.0,,0.0,0.0,,0.0,0.0,,0.0,0.0,,1.0,1.0,"하도록 하고 피고인의 알츠하이머병에서의 치매 등 정신병력과 정신병원 입원치료 등을 언급하며 선처를 구하는 변호인의 구술변론을 들은 후 변론을 종결하고 바로 피고인의 항소를 기각하는 판결을 선고하였다. 6) 피고인은 음주운전 전과에서부터 이 사건으로 기소된 세 차례의 음주운전 범죄사실에 이르기까지 혈중알코올농도가 모두 0.2%가 넘는데, 이는 음주운전 범죄에 관하여 도로교통법이 정한 가장 중한 단계에 해당한다(2023. 7. 1. 이후 기소",0.0,0.0,,0.0,0.0,,2023,drunk_BAC_0.20_plus,True,사건번호 연도가 2024년 이후이고 BAC 자동추출에 성공,18.0,36.0,10000000.0,17000000.0,0.0,0.0,,0.0,1,1,1,병합·복수 죄명,1
842,P02-0052,52,619283,도로교통법위반(음주운전)·전자장치부착등에관한법률위반,2025노688,20250429,2025-04-29,의정부지방법원,400202,형사,400102,판결,선고,*,usable,second,facts_sentencing,traffic,도로교통법위반(음주운전)·전자장치부착법위반,multiple_charges,guilty,appeal_dismissed,single,lower_court_maintained,T,none,피고인과 검사의 양형부당 항소를 모두 기각하여 제1심 징역 8개월을 유지함,,,,,"【피 고 인】 피고인 
【항 소 인】 쌍방
【검 사】 강민정, 오자연(기소), 정태성(공판)
【변 호 인】 법무법인(유한) 안팍 담당변호사 한석영
【원심판결】 의정부지방법원 남양주지원 2025. 2. 12. 선고 2024고단1335, 1356(병합) 판결 
【주 문】
피고인과 검사의 항소를 모두 기각한다.
【이 유】 1. 항소이유의 요지(각 양형부당) 
가. 피고인 
원심의 형(징역 8개월)은 너무 무거워서 부당하다.
나. 검사 
원심의 형은 너무 가벼워서 부당하다.
2. 판단 
제1심과 비교하여 양형의 조건에 변화가 없고 제1심의 양형이 재량의 합리적인 범위를 벗어나지 아니하는 경우에는 이를 존중함이 타당하다(대법원 2015. 7. 23. 선고 2015도3260 전원합의체 판결 등 참조).
원심은 피고인의 양형에 관한 여러 사정을 종합하여 형을 정하였고, 이 법원에서 원심의 형을 변경할 만한 새로운 사정을 찾을 수 없다. 그 밖에 이 사건 변론에 나타난 피고인의 나이, 성행, 환경, 범행의 동기, 수단과 결과, 범행 후의 정황 등 형법 제51조에서 정한 여러 양형조건을 종합하여 보더라도 원심의 형이 너무 무겁거나 가벼워서 재량의 합리적인 범위를 벗어났다고 보이지 않는다. 피고인과 검사의 양형부당 주장은 모두 이유 없다.
3. 결론 
그렇다면 피고인과 검사의 항소는 모두 이유 없으므로, 형사소송법 제364조 제4항에 따라 이를 모두 기각하기로 하여 주문과 같이 판결한다.
판사 이태영(재판장) 이준혁 정기하",C:\Users\jeff4\OneDrive - 엔시스코리아\personal\school\3\여름\DSL\EDA\data/source/criminal_sentencing_cases_2015_2026\raw\law_api\body\619283.xml,2026-07-07T05:42:49.086239+00:00,lawfirm,imprisonment,Guilty,True,False,True,10,drunk_driving,False,2025.0,2025,피고인과 검사의 항소를 모두 기각한다.,,tagged_sentencing_reason,1,,,unknown,,,,0,,1,0,0,custodial,8.0,,full_text,85.0,False,"정태성(공판) 【변 호 인】 법무법인(유한) 안팍 담당변호사 한석영 【원심판결】 의정부지방법원 남양주지원 2025. 2. 12. 선고 2024고단1335, 1356(병합) 판결 【주 문】 피고인과 검사의 항소를 모두 기각한다. 【이 유】 1. 항소이유의 요지(각 양형부당) 가. 피고인 원심의 형(징역 8개월)은 너무 무거워서 부당하다. 나. 검사 원심의 형은 너무 가벼워서 부당하다. 2. 판단 제1심과 비교하여 양형의 조건에 변화가 없고 제1심의 양형이 재량의 합리적인 범위를 벗어나지 아니하는 경우에는 이를 존중함이 타당하다(대법원 2015. 7. 23. 선고 2015도3260 전원합의체 판결 등 참조","[{""kind"": ""custodial"", ""months"": 8.0, ""fine_won"": NaN, ""region"": ""full_text"", ""score"": 85.0, ""snippet"": ""정태성(공판) 【변 호 인】 법무법인(유한) 안팍 담당변호사 한석영 【원심판결】 의정부지방법원 남양주지원 2025. 2. 12. 선고 2024고단1335, 1356(병합) 판결 【주 문】 피고인과 검사의 항소를 모두 기각한다. 【이 유】 1. 항소이유의 요지(각 양형부당) 가. 피고인 원심의 형(징역 8개월)은 너무 무거워서 부당하다. 나. 검사 원심의 형은 너무 가벼워서 부당하다. 2. 판단 제1심과 비교하여 양형의 조건에 ""}]",0.0,0.0,,0.0,0.0,,0.0,0.0,,0.0,0.0,,0.0,0.0,,0.0,0.0,,0.0,0.0,,2023,,False,혈중알코올농도 미추출,,,,,,0.0,,0.0,1,1,1,병합·복수 죄명; BAC 미추출,1
